Date,Open,High,Low,Close,Volume,Dividends,Stock Splits
1991-07-12 00:00:00-04:00,2.874309539794922,2.9102384090423583,2.8383806705474854,2.874309539794922,6450000,0.0,0.0
1991-07-15 00:00:00-04:00,2.8743098694601175,2.9461676161966204,2.8743098694601175,2.910238742828369,1151400,0.0,0.0
1991-07-16 00:00:00-04:00,2.946167278289795,3.1617404937744142,2.9102384090423583,3.0539538860321045,722800,0.0,0.0
1991-07-17 00:00:00-04:00,3.018026274304057,3.089884042739868,3.018026274304057,3.089884042739868,762800,0.0,0.0
1991-07-18 00:00:00-04:00,2.9820961475372316,3.089882755279541,2.9820961475372316,3.0539538860321045,876800,0.0,0.0
1991-07-19 00:00:00-04:00,2.946168581644694,3.089884122212728,2.946168581644694,3.018026351928711,496200,0.0,0.0
1991-07-22 00:00:00-04:00,3.018025016784668,3.018025016784668,2.874309539794922,2.874309539794922,153200,0.0,0.0
1991-07-23 00:00:00-04:00,2.9102384090423583,2.946167278289795,2.874309539794922,2.874309539794922,259600,0.0,0.0
1991-07-24 00:00:00-04:00,2.9102384090423583,2.9102384090423583,2.874309539794922,2.874309539794922,719600,0.0,0.0
1991-07-25 00:00:00-04:00,2.9461679458618164,2.9461679458618164,2.9102390684732575,2.9461679458618164,91200,0.0,0.0
1991-07-26 00:00:00-04:00,2.9820974667867026,3.018026351928711,2.946168581644694,3.018026351928711,548800,0.0,0.0
1991-07-29 00:00:00-04:00,3.018026271498347,3.018026271498347,2.9820973873138428,2.9820973873138428,215200,0.0,0.0
1991-07-30 00:00:00-04:00,3.018026274304057,3.089884042739868,2.982097390086152,3.089884042739868,403000,0.0,0.0
1991-07-31 00:00:00-04:00,3.1617404937744142,3.1617404937744142,3.0539538860321045,3.0539538860321045,534200,0.0,0.0
1991-08-01 00:00:00-04:00,3.1258130073547363,3.1258130073547363,2.9820974667867026,3.018026351928711,677400,0.0,0.0
1991-08-02 00:00:00-04:00,3.0539553225794926,3.0898842087274865,2.8383820056915283,2.8383820056915283,569000,0.0,0.0
1991-08-05 00:00:00-04:00,2.8743098694601175,2.9461676161966204,2.8743098694601175,2.910238742828369,492600,0.0,0.0
1991-08-06 00:00:00-04:00,2.874309539794922,2.946167278289795,2.874309539794922,2.874309539794922,148200,0.0,0.0
1991-08-07 00:00:00-04:00,2.874310191084699,2.9461679458618164,2.874310191084699,2.9461679458618164,238400,0.0,0.0
1991-08-08 00:00:00-04:00,2.874309539794922,2.9102384090423583,2.874309539794922,2.874309539794922,353200,0.0,0.0
1991-08-09 00:00:00-04:00,2.874310191084699,2.9461679458618164,2.874310191084699,2.9461679458618164,122800,0.0,0.0
1991-08-12 00:00:00-04:00,2.9461676161966204,2.9461676161966204,2.8743098694601175,2.910238742828369,23000,0.0,0.0
1991-08-13 00:00:00-04:00,2.9461679458618164,2.9461679458618164,2.9102390684732575,2.9461679458618164,173800,0.0,0.0
1991-08-14 00:00:00-04:00,2.9461679458618164,2.9820968232503753,2.9102390684732575,2.9461679458618164,599600,0.0,0.0
1991-08-15 00:00:00-04:00,2.9461679458618164,2.9820968232503753,2.9102390684732575,2.9461679458618164,79800,0.0,0.0
1991-08-16 00:00:00-04:00,3.018025700638934,3.018025700638934,2.9461679458618164,2.9461679458618164,93000,0.0,0.0
1991-08-19 00:00:00-04:00,2.8383820056915283,2.9102397779875164,2.694666461099552,2.8383820056915283,460400,0.0,0.0
1991-08-20 00:00:00-04:00,2.83838131369614,2.9461679458618164,2.83838131369614,2.9461679458618164,558600,0.0,0.0
1991-08-21 00:00:00-04:00,2.9102384090423583,3.0539538860321045,2.9102384090423583,3.0539538860321045,212200,0.0,0.0
1991-08-22 00:00:00-04:00,2.9820961475372316,3.089882755279541,2.9820961475372316,3.0539538860321045,471800,0.0,0.0
1991-08-23 00:00:00-04:00,3.089882708143914,3.1976693142419577,3.0180249707452185,3.1258115768432617,767600,0.0,0.0
1991-08-26 00:00:00-04:00,3.197669744491577,3.2695274915588035,3.1258119974243503,3.197669744491577,774800,0.0,0.0
1991-08-27 00:00:00-04:00,3.2695279324308357,3.413243445944279,3.197670175674114,3.377314567565918,373000,0.0,0.0
1991-08-28 00:00:00-04:00,3.413242926964393,3.808460529033954,3.3773140540489783,3.736602783203125,1031400,0.0,0.0
1991-08-29 00:00:00-04:00,3.844390545076537,3.844390545076537,3.592888359884614,3.7006750106811523,365400,0.0,0.0
1991-08-30 00:00:00-04:00,3.736603977524232,3.844390630722046,3.5928884399271457,3.844390630722046,327200,0.0,0.0
1991-09-03 00:00:00-04:00,3.8443892524355934,3.8443892524355934,3.6647448948451453,3.772531509399414,214200,0.0,0.0
1991-09-04 00:00:00-04:00,3.7366038942799986,3.7366038942799986,3.592888359884614,3.7006750106811523,219400,0.0,0.0
1991-09-05 00:00:00-04:00,3.7006737663632348,3.772531509399414,3.592887151808966,3.772531509399414,456600,0.0,0.0
1991-09-06 00:00:00-04:00,3.7725320739566155,3.8084609508514404,3.7366031970617906,3.8084609508514404,76600,0.0,0.0
1991-09-09 00:00:00-04:00,3.844389827746265,3.844389827746265,3.7366031970617906,3.8084609508514404,65000,0.0,0.0
1991-09-10 00:00:00-04:00,3.844389401949369,3.844389401949369,3.628816164456881,3.736602783203125,354400,0.0,0.0
1991-09-11 00:00:00-04:00,3.772531509399414,3.772531509399414,3.7006737663632348,3.772531509399414,100200,0.0,0.0
1991-09-12 00:00:00-04:00,3.7725320739566155,3.8084609508514404,3.7725320739566155,3.8084609508514404,10400,0.0,0.0
1991-09-13 00:00:00-04:00,3.7725320739566155,3.88031870464109,3.7725320739566155,3.8084609508514404,177400,0.0,0.0
1991-09-16 00:00:00-04:00,3.844389827746265,3.88031870464109,3.8084609508514404,3.8084609508514404,42200,0.0,0.0
1991-09-17 00:00:00-04:00,3.8803195151213177,3.8803195151213177,3.7725328619235032,3.844390630722046,486400,0.0,0.0
1991-09-18 00:00:00-04:00,3.88031870464109,3.88031870464109,3.8084609508514404,3.8084609508514404,72200,0.0,0.0
1991-09-19 00:00:00-04:00,3.772531498562206,3.9521758556365967,3.772531498562206,3.9521758556365967,445400,0.0,0.0
1991-09-20 00:00:00-04:00,3.952176591991323,4.095892104427372,3.844389957664287,4.059963226318359,124400,0.0,0.0
1991-09-23 00:00:00-04:00,4.059963075738204,4.131820829291093,4.02403419896176,4.095891952514648,181200,0.0,0.0
1991-09-24 00:00:00-04:00,4.1318210233159425,4.3473942940976436,4.1318210233159425,4.27553653717041,251200,0.0,0.0
1991-09-25 00:00:00-04:00,4.311465570482157,4.311465570482157,4.059963412204032,4.239607810974121,372600,0.0,0.0
1991-09-26 00:00:00-04:00,4.23960700401893,4.23960700401893,4.167749258188101,4.203678131103516,14200,0.0,0.0
1991-09-27 00:00:00-04:00,4.203678528467814,4.203678528467814,3.7366031364158347,3.8803186416625977,342200,0.0,0.0
1991-09-30 00:00:00-04:00,3.8803186416625977,3.8803186416625977,3.808460889039216,3.8803186416625977,233400,0.0,0.0
1991-10-01 00:00:00-04:00,3.88031870464109,3.916247581535915,3.8084609508514404,3.8084609508514404,9800,0.0,0.0
1991-10-02 00:00:00-04:00,3.8443892524355934,3.8443892524355934,3.7366026378813246,3.772531509399414,17400,0.0,0.0
1991-10-03 00:00:00-04:00,3.7366031970617906,3.8084609508514404,3.7366031970617906,3.8084609508514404,7400,0.0,0.0
1991-10-04 00:00:00-04:00,3.8084603699770843,4.059962469881231,3.8084603699770843,3.9521758556365967,261200,0.0,0.0
1991-10-07 00:00:00-04:00,3.988104738507952,4.024033610026041,3.772531509399414,3.772531509399414,195800,0.0,0.0
1991-10-08 00:00:00-04:00,3.8443892524355934,3.8443892524355934,3.6647448948451453,3.772531509399414,69000,0.0,0.0
1991-10-09 00:00:00-04:00,3.8084616614776907,3.8084616614776907,3.664746127082306,3.7006750106811523,201000,0.0,0.0
1991-10-10 00:00:00-04:00,3.7006750106811523,3.7006750106811523,3.6288172434834602,3.7006750106811523,158400,0.0,0.0
1991-10-11 00:00:00-04:00,3.772533016467313,3.9162485599517822,3.736604130596196,3.9162485599517822,159400,0.0,0.0
1991-10-14 00:00:00-04:00,3.9162469842217185,3.9521758556365967,3.8084603699770843,3.9521758556365967,47600,0.0,0.0
1991-10-15 00:00:00-04:00,3.952176656808939,3.988105535507202,3.880318899412413,3.988105535507202,161800,0.0,0.0
1991-10-16 00:00:00-04:00,4.024034348209347,4.059963226318359,3.9162477138823113,4.059963226318359,219000,0.0,0.0
1991-10-17 00:00:00-04:00,4.024034023284912,4.059962898492813,3.988105148077011,4.024034023284912,226400,0.0,0.0
1991-10-18 00:00:00-04:00,4.059963292903729,4.059963292903729,3.952176656808939,3.988105535507202,180600,0.0,0.0
1991-10-21 00:00:00-04:00,4.0240350527184034,4.0240350527184034,3.844390630722046,3.844390630722046,71800,0.0,0.0
1991-10-22 00:00:00-04:00,3.9521758556365967,3.9521758556365967,3.8443892413919625,3.9521758556365967,8600,0.0,0.0
1991-10-23 00:00:00-04:00,3.9521774458228993,3.9521774458228993,3.880319674080665,3.9162485599517822,20400,0.0,0.0
1991-10-24 00:00:00-04:00,3.9162485599517822,3.9521774458228993,3.8443907882095476,3.9162485599517822,69200,0.0,0.0
1991-10-25 00:00:00-04:00,3.916248399520589,3.916248399520589,3.7725328619235032,3.844390630722046,64800,0.0,0.0
1991-10-28 00:00:00-05:00,3.844390630722046,3.844390630722046,3.7725328619235032,3.844390630722046,17000,0.0,0.0
1991-10-29 00:00:00-05:00,3.844389765350907,3.8803186416625977,3.7725320127275257,3.8803186416625977,71200,0.0,0.0
1991-10-30 00:00:00-05:00,3.88031870464109,3.88031870464109,3.8084609508514404,3.8084609508514404,266200,0.0,0.0
1991-10-31 00:00:00-05:00,3.8803188357732994,4.131820982536383,3.844389957664287,4.059963226318359,1216800,0.0,0.0
1991-11-01 00:00:00-05:00,4.024035217565134,4.0599641034362515,3.8084619023384305,3.9162485599517822,718400,0.0,0.0
1991-11-04 00:00:00-05:00,3.916248399520589,3.916248399520589,3.8084617463227746,3.844390630722046,1764200,0.0,0.0
1991-11-05 00:00:00-05:00,3.8084617463227746,3.916248399520589,3.8084617463227746,3.844390630722046,474000,0.0,0.0
1991-11-06 00:00:00-05:00,3.9162485599517822,3.9162485599517822,3.8443907882095476,3.9162485599517822,117000,0.0,0.0
1991-11-07 00:00:00-05:00,3.9162469842217185,4.059962469881231,3.8443892413919625,3.9521758556365967,100400,0.0,0.0
1991-11-08 00:00:00-05:00,3.988104727051475,3.988104727051475,3.8803181128068407,3.9521758556365967,407200,0.0,0.0
1991-11-11 00:00:00-05:00,3.9881052705976696,3.9881052705976696,3.8803186416625977,3.8803186416625977,320800,0.0,0.0
1991-11-12 00:00:00-05:00,3.9521758556365967,3.9521758556365967,3.8803181128068407,3.9521758556365967,246600,0.0,0.0
1991-11-13 00:00:00-05:00,3.808460380917504,3.9162469954717727,3.772531509399414,3.772531509399414,102600,0.0,0.0
1991-11-14 00:00:00-05:00,3.772532361568791,3.844390120836768,3.5928879633988484,3.628816843032837,696400,0.0,0.0
1991-11-15 00:00:00-05:00,3.6647462844848633,3.7366040547688804,3.556959629058838,3.556959629058838,154600,0.0,0.0
1991-11-18 00:00:00-05:00,3.628816843032837,3.628816843032837,3.5210302041308714,3.628816843032837,227600,0.0,0.0
1991-11-19 00:00:00-05:00,3.6288168078974676,3.6288168078974676,3.3413857736085593,3.413243532180786,306800,0.0,0.0
1991-11-20 00:00:00-05:00,3.413243445944279,3.413243445944279,3.341385689187557,3.377314567565918,232200,0.0,0.0
1991-11-21 00:00:00-05:00,3.413243532180786,3.413243532180786,3.3413857736085593,3.413243532180786,234400,0.0,0.0
1991-11-22 00:00:00-05:00,3.413242383669781,3.413242383669781,3.3413846492767334,3.3413846492767334,16400,0.0,0.0
1991-11-25 00:00:00-05:00,3.3413851811335635,3.413242926964393,3.2695274353027344,3.2695274353027344,166600,0.0,0.0
1991-11-26 00:00:00-05:00,3.269526914883685,3.377313516473257,3.269526914883685,3.3413846492767334,257200,0.0,0.0
1991-11-27 00:00:00-05:00,3.377313516473257,3.377313516473257,3.3054557820802093,3.3413846492767334,44800,0.0,0.0
1991-11-29 00:00:00-05:00,3.305456810809196,3.377314567565918,3.305456810809196,3.377314567565918,31000,0.0,0.0
1991-12-02 00:00:00-05:00,3.3773130061579684,3.6647439002990723,3.3413841443903305,3.6647439002990723,167800,0.0,0.0
1991-12-03 00:00:00-05:00,3.7366031455993656,3.7366031455993656,3.556958763599396,3.5928876399993896,127800,0.0,0.0
1991-12-04 00:00:00-05:00,3.6288172434834602,3.7006750106811523,3.592888359884614,3.7006750106811523,408200,0.0,0.0
1991-12-05 00:00:00-05:00,3.7006737663632348,3.8443892524355934,3.6647448948451453,3.772531509399414,111800,0.0,0.0
1991-12-06 00:00:00-05:00,3.844389765350907,3.8803186416625977,3.7725320127275257,3.8803186416625977,135200,0.0,0.0
1991-12-09 00:00:00-05:00,3.8803195151213177,3.8803195151213177,3.7725328619235032,3.844390630722046,104800,0.0,0.0
1991-12-10 00:00:00-05:00,3.8084609508514404,3.844389827746265,3.7366031970617906,3.8084609508514404,59800,0.0,0.0
1991-12-11 00:00:00-05:00,3.808460529033954,3.808460529033954,3.736602783203125,3.736602783203125,35800,0.0,0.0
1991-12-12 00:00:00-05:00,3.7366038942799986,3.772532777878845,3.7006750106811523,3.7006750106811523,92800,0.0,0.0
1991-12-13 00:00:00-05:00,3.7006737663632348,3.808460380917504,3.7006737663632348,3.772531509399414,118400,0.0,0.0
1991-12-16 00:00:00-05:00,3.7725328619235032,3.844390630722046,3.736603977524232,3.844390630722046,81000,0.0,0.0
1991-12-17 00:00:00-05:00,3.844389401949369,3.844389401949369,3.70067391028771,3.736602783203125,72200,0.0,0.0
1991-12-18 00:00:00-05:00,3.6288172434834602,3.7006750106811523,3.592888359884614,3.7006750106811523,40400,0.0,0.0
1991-12-19 00:00:00-05:00,3.6647439002990723,3.6647439002990723,3.592886176763796,3.6647439002990723,27000,0.0,0.0
1991-12-20 00:00:00-05:00,3.736602783203125,3.736602783203125,3.628816164456881,3.736602783203125,58200,0.0,0.0
1991-12-23 00:00:00-05:00,3.7006750106811523,3.7006750106811523,3.6288172434834602,3.7006750106811523,580800,0.0,0.0
1991-12-24 00:00:00-05:00,3.7006737663632348,3.772531509399414,3.6647448948451453,3.772531509399414,285400,0.0,0.0
1991-12-26 00:00:00-05:00,3.7006742601041442,3.952176394285979,3.7006742601041442,3.8803186416625977,308400,0.0,0.0
1991-12-27 00:00:00-05:00,3.9521774458228993,3.988106331694017,3.880319674080665,3.9162485599517822,473200,0.0,0.0
1991-12-30 00:00:00-05:00,4.024034023284912,4.024034023284912,3.916247397661209,4.024034023284912,333800,0.0,0.0
1991-12-31 00:00:00-05:00,4.0240348289752825,4.239608123384673,4.0240348289752825,4.167750358581543,482600,0.0,0.0
1992-01-02 00:00:00-05:00,4.239607616863419,4.239607616863419,4.059963226318359,4.059963226318359,212800,0.0,0.0
1992-01-03 00:00:00-05:00,4.131821171712067,4.311465570482157,4.095892291958049,4.239607810974121,512400,0.0,0.0
1992-01-06 00:00:00-05:00,4.347393694931899,4.4551803154674,4.275535947908231,4.419251441955566,392200,0.0,0.0
1992-01-07 00:00:00-05:00,4.383322892650481,4.455180644989014,4.383322892650481,4.455180644989014,141400,0.0,0.0
1992-01-08 00:00:00-05:00,4.347393694931899,4.4551803154674,4.311464821420065,4.419251441955566,442000,0.0,0.0
1992-01-09 00:00:00-05:00,4.347393728437877,4.527038097381592,4.347393728437877,4.527038097381592,283200,0.0,0.0
1992-01-10 00:00:00-05:00,4.527038424033818,4.63482505317748,4.455180671271377,4.562967300415039,593800,0.0,0.0
1992-01-13 00:00:00-05:00,4.562969155171338,5.030044737984152,4.527040264185737,4.886329174041748,367000,0.0,0.0
1992-01-14 00:00:00-05:00,4.922256791073343,4.95818567276001,4.778541264326676,4.95818567276001,484400,0.0,0.0
1992-01-15 00:00:00-05:00,4.95818321469804,5.101898670196533,4.922254350823416,5.101898670196533,682200,0.0,0.0
1992-01-16 00:00:00-05:00,5.101901199506677,5.137830081193344,4.886327909386676,4.95818567276001,516600,0.0,0.0
1992-01-17 00:00:00-05:00,4.95818438843219,4.95818438843219,4.850397771292359,4.922255516052246,221800,0.0,0.0
1992-01-20 00:00:00-05:00,4.95818438843219,4.95818438843219,4.8863266436723025,4.922255516052246,33800,0.0,0.0
1992-01-21 00:00:00-05:00,4.850398364819978,4.922256118372867,4.670753980937757,4.77854061126709,242200,0.0,0.0
1992-01-22 00:00:00-05:00,4.742611408233643,4.778540282538443,4.670753659624042,4.742611408233643,34400,0.0,0.0
1992-01-23 00:00:00-05:00,4.778542354925355,4.922257914471982,4.778542354925355,4.814471244812012,880200,0.0,0.0
1992-01-24 00:00:00-05:00,4.77854061126709,4.850398364819978,4.742611734490645,4.77854061126709,114800,0.0,0.0
1992-01-27 00:00:00-05:00,4.850398540496826,4.850398540496826,4.742611906263564,4.850398540496826,43600,0.0,0.0
1992-01-28 00:00:00-05:00,4.850398311464805,4.850398311464805,4.455180671271377,4.562967300415039,428400,0.0,0.0
1992-01-29 00:00:00-05:00,4.634826795378728,4.814471244812012,4.634826795378728,4.814471244812012,340800,0.0,0.0
1992-01-30 00:00:00-05:00,4.778541264326676,5.06597231782001,4.778541264326676,4.95818567276001,812800,0.0,0.0
1992-01-31 00:00:00-05:00,4.886327418574581,4.958185174730089,4.850398540496826,4.850398540496826,541000,0.0,0.0
1992-02-03 00:00:00-05:00,4.850397771292359,4.922255516052246,4.814468898912415,4.922255516052246,81800,0.0,0.0
1992-02-04 00:00:00-05:00,4.922256020137242,5.03004264831543,4.886327144077846,5.03004264831543,118000,0.0,0.0
1992-02-05 00:00:00-05:00,5.101900056788796,5.533046540461089,5.030042309510081,5.461188793182373,473400,0.0,0.0
1992-02-06 00:00:00-05:00,5.497117088391231,5.820476917120126,5.4252593486736975,5.604903697967529,437000,0.0,0.0
1992-02-07 00:00:00-05:00,5.604906568340227,5.640835456598818,5.389333238788679,5.497119903564453,500400,0.0,0.0
1992-02-10 00:00:00-05:00,5.46118756083699,5.533045291900635,5.425258695305168,5.533045291900635,242000,0.0,0.0
1992-02-11 00:00:00-05:00,5.533048149765722,5.640834802033885,5.353403729318782,5.425261497497559,192400,0.0,0.0
1992-02-12 00:00:00-05:00,5.389333238788679,5.497119903564453,5.389333238788679,5.497119903564453,129000,0.0,0.0
1992-02-13 00:00:00-05:00,5.42526081725434,5.42526081725434,5.137829780578613,5.137829780578613,71000,0.0,0.0
1992-02-14 00:00:00-05:00,5.1019007497363615,5.173758506774902,5.030042992697822,5.173758506774902,314800,0.0,0.0
1992-02-18 00:00:00-05:00,5.13782956511886,5.13782956511886,4.850398540496826,4.850398540496826,56200,0.0,0.0
1992-02-19 00:00:00-05:00,4.778540282538443,4.814469156843243,4.742611408233643,4.742611408233643,245400,0.0,0.0
1992-02-20 00:00:00-05:00,4.814471244812012,4.814471244812012,4.742613465038698,4.814471244812012,31600,0.0,0.0
1992-02-21 00:00:00-05:00,4.814471244812012,4.814471244812012,4.742613465038698,4.814471244812012,51600,0.0,0.0
1992-02-24 00:00:00-05:00,4.742611408233643,4.814469156843243,4.706682533928842,4.742611408233643,45800,0.0,0.0
1992-02-25 00:00:00-05:00,4.670754745602608,4.670754745602608,4.4192525669932365,4.5988969802856445,130200,0.0,0.0
1992-02-26 00:00:00-05:00,4.634824931166555,4.814469308343552,4.598896055731155,4.7066826820373535,286000,0.0,0.0
1992-02-27 00:00:00-05:00,4.598895878754845,4.706682500913161,4.5270381306493,4.634824752807617,51400,0.0,0.0
1992-02-28 00:00:00-05:00,4.706684575152041,4.814471244812012,4.670755685265385,4.814471244812012,208200,0.0,0.0
1992-03-02 00:00:00-05:00,4.742611734490645,4.814469488043534,4.670753980937757,4.77854061126709,189400,0.0,0.0
1992-03-03 00:00:00-05:00,4.778540282538443,4.814469156843243,4.706682533928842,4.742611408233643,62800,0.0,0.0
1992-03-04 00:00:00-05:00,4.742611340114048,4.742611340114048,4.527038097381592,4.527038097381592,97000,0.0,0.0
1992-03-05 00:00:00-05:00,4.4192517948901555,4.598896176796259,4.4192517948901555,4.562967300415039,145600,0.0,0.0
1992-03-06 00:00:00-05:00,4.491109223592849,4.562966971170335,4.455180349804106,4.527038097381592,56400,0.0,0.0
1992-03-09 00:00:00-05:00,4.455180671271377,4.562967300415039,4.4192517948901555,4.562967300415039,77000,0.0,0.0
1992-03-10 00:00:00-05:00,4.527038097381592,4.5988958449590776,4.527038097381592,4.527038097381592,108200,0.0,0.0
1992-03-11 00:00:00-05:00,4.598896176796259,4.598896176796259,4.527038424033818,4.562967300415039,95800,0.0,0.0
1992-03-12 00:00:00-05:00,4.5988958449590776,4.5988958449590776,4.455180349804106,4.527038097381592,114400,0.0,0.0
1992-03-13 00:00:00-05:00,4.527039688110351,4.562968574523926,4.491110801696777,4.491110801696777,42400,0.0,0.0
1992-03-16 00:00:00-05:00,4.562968097627163,4.5988969802856445,4.4911103323102,4.5988969802856445,36400,0.0,0.0
1992-03-17 00:00:00-05:00,4.5988969802856445,4.5988969802856445,4.527039214968681,4.5988969802856445,21200,0.0,0.0
1992-03-18 00:00:00-05:00,4.634824752807617,4.634824752807617,4.562967004702073,4.634824752807617,5600,0.0,0.0
1992-03-19 00:00:00-05:00,4.634825862944126,4.634825862944126,4.527039214968681,4.5988969802856445,21000,0.0,0.0
1992-03-20 00:00:00-05:00,4.5988969802856445,4.5988969802856445,4.527039214968681,4.5988969802856445,7000,0.0,0.0
1992-03-23 00:00:00-05:00,4.5988969802856445,4.5988969802856445,4.527039214968681,4.5988969802856445,10200,0.0,0.0
1992-03-24 00:00:00-05:00,4.63482471874782,4.63482471874782,4.527038097381592,4.527038097381592,7800,0.0,0.0
1992-03-25 00:00:00-05:00,4.634824752807617,4.634824752807617,4.562967004702073,4.634824752807617,39800,0.0,0.0
1992-03-26 00:00:00-05:00,4.63482471874782,4.63482471874782,4.527038097381592,4.527038097381592,63800,0.0,0.0
1992-03-27 00:00:00-05:00,4.63482505317748,4.63482505317748,4.562967300415039,4.562967300415039,19400,0.0,0.0
1992-03-30 00:00:00-05:00,4.598895878754845,4.634824752807617,4.562967004702073,4.634824752807617,103200,0.0,0.0
1992-03-31 00:00:00-05:00,4.527038097381592,4.5988958449590776,4.491109223592849,4.527038097381592,55000,0.0,0.0
1992-04-01 00:00:00-05:00,4.527038424033818,4.63482505317748,4.491109547652598,4.562967300415039,99800,0.0,0.0
1992-04-02 00:00:00-05:00,4.634826522228146,4.634826522228146,4.347395420074463,4.347395420074463,87800,0.0,0.0
1992-04-03 00:00:00-05:00,4.311466532305253,4.455182083382095,4.311466532305253,4.347395420074463,120600,0.0,0.0
1992-04-06 00:00:00-04:00,4.455180644989014,4.455180644989014,4.347394016481215,4.455180644989014,211600,0.0,0.0
1992-04-07 00:00:00-04:00,4.455180241511418,4.455180241511418,4.167749258188101,4.203678131103516,89200,0.0,0.0
1992-04-08 00:00:00-04:00,4.095891773700714,4.095891773700714,3.844389647245407,4.024034023284912,497000,0.0,0.0
1992-04-09 00:00:00-04:00,4.167750823974609,4.562968574523926,4.095893051147461,4.491110801696777,166600,0.0,0.0
1992-04-10 00:00:00-04:00,4.670754745602608,4.670754745602608,4.562968097627163,4.5988969802856445,71200,0.0,0.0
1992-04-13 00:00:00-04:00,4.562969155171338,4.922258065027349,4.562969155171338,4.886329174041748,334000,0.0,0.0
1992-04-14 00:00:00-04:00,5.030040942447287,5.101898670196533,4.886325486948793,5.101898670196533,285200,0.0,0.0
1992-04-15 00:00:00-04:00,5.1019007497363615,5.245616263813442,5.030042992697822,5.173758506774902,191200,0.0,0.0
1992-04-16 00:00:00-04:00,5.173758660163079,5.209687539747545,5.0300431418252165,5.137829780578613,184400,0.0,0.0
1992-04-20 00:00:00-04:00,5.030042402672045,5.065971276976845,4.670753659624042,4.742611408233643,202200,0.0,0.0
1992-04-21 00:00:00-04:00,4.706682533928842,4.778540282538443,4.4911092881000405,4.742611408233643,205200,0.0,0.0
1992-04-22 00:00:00-04:00,4.742611734490645,4.77854061126709,4.706682857714202,4.77854061126709,38600,0.0,0.0
1992-04-23 00:00:00-04:00,4.7785413935780525,4.7785413935780525,4.527039214968681,4.5988969802856445,48400,0.0,0.0
1992-04-24 00:00:00-04:00,4.4551803154674,4.4551803154674,4.311464821420065,4.419251441955566,102400,0.0,0.0
1992-04-27 00:00:00-04:00,4.383323669433594,4.383323669433594,4.2755370218245705,4.383323669433594,19800,0.0,0.0
1992-04-28 00:00:00-04:00,4.239608123384673,4.275537005786238,4.131821476179978,4.167750358581543,74800,0.0,0.0
1992-04-29 00:00:00-04:00,4.27553653717041,4.27553653717041,4.167749901779559,4.27553653717041,64800,0.0,0.0
1992-04-30 00:00:00-04:00,4.383323684334755,4.5988969802856445,4.383323684334755,4.5988969802856445,335000,0.0,0.0
1992-05-01 00:00:00-04:00,4.634824931166555,4.7066826820373535,4.562967180295755,4.7066826820373535,137600,0.0,0.0
1992-05-04 00:00:00-04:00,4.598895911014441,4.742611408233643,4.598895911014441,4.742611408233643,550400,0.0,0.0
1992-05-05 00:00:00-04:00,4.670754745602608,4.742612510919571,4.5988969802856445,4.5988969802856445,11800,0.0,0.0
1992-05-06 00:00:00-04:00,4.5988958449590776,4.706682466325305,4.527038097381592,4.527038097381592,54600,0.0,0.0
1992-05-07 00:00:00-04:00,4.562966971170335,4.5988958449590776,4.527038097381592,4.527038097381592,30400,0.0,0.0
1992-05-08 00:00:00-04:00,4.598896176796259,4.598896176796259,4.527038424033818,4.562967300415039,22800,0.0,0.0
1992-05-11 00:00:00-04:00,4.491110801696777,4.562968574523926,4.491110801696777,4.491110801696777,1200,0.0,0.0
1992-05-12 00:00:00-04:00,4.491109188979235,4.562966936002902,4.419251441955566,4.419251441955566,48000,0.0,0.0
1992-05-13 00:00:00-04:00,4.491109188979235,4.491109188979235,4.347393694931899,4.419251441955566,29600,0.0,0.0
1992-05-14 00:00:00-04:00,4.311465570482157,4.4192522097442115,4.095892291958049,4.239607810974121,174400,0.0,0.0
1992-05-15 00:00:00-04:00,4.131820829291093,4.131820829291093,4.059963075738204,4.095891952514648,36400,0.0,0.0
1992-05-18 00:00:00-04:00,4.059962224960327,4.311464309692383,4.059962224960327,4.311464309692383,94000,0.0,0.0
1992-05-19 00:00:00-04:00,4.1677500514660855,4.239607810974121,4.1677500514660855,4.239607810974121,26400,0.0,0.0
1992-05-20 00:00:00-04:00,4.311465415634027,4.311465415634027,4.203678780243176,4.27553653717041,12400,0.0,0.0
1992-05-21 00:00:00-04:00,4.239607074396397,4.419251441955566,4.239607074396397,4.419251441955566,210000,0.0,0.0
1992-05-22 00:00:00-04:00,4.419250917434693,4.419250917434693,4.311464309692383,4.311464309692383,27000,0.0,0.0
1992-05-26 00:00:00-04:00,4.419250917434693,4.419250917434693,4.311464309692383,4.311464309692383,14000,0.0,0.0
1992-05-27 00:00:00-04:00,4.347395420074463,4.383324307843673,4.275537644536042,4.347395420074463,8600,0.0,0.0
1992-05-28 00:00:00-04:00,4.275536690728139,4.311465570482157,4.239607810974121,4.239607810974121,7600,0.0,0.0
1992-05-29 00:00:00-04:00,4.311464309692383,4.311464309692383,4.23960657119751,4.311464309692383,11400,0.0,0.0
1992-06-01 00:00:00-04:00,4.311466532305253,4.347395420074463,4.239608756766832,4.347395420074463,19600,0.0,0.0
1992-06-02 00:00:00-04:00,4.347394801676273,4.5988969802856445,4.347394801676273,4.5988969802856445,55600,0.0,0.0
1992-06-03 00:00:00-04:00,4.491110971151305,4.562968746689726,4.347395420074463,4.347395420074463,212600,0.0,0.0
1992-06-04 00:00:00-04:00,4.347394016481215,4.455180644989014,4.347394016481215,4.455180644989014,3400,0.0,0.0
1992-06-05 00:00:00-04:00,4.4192517688197475,4.455180644989014,4.383322892650481,4.455180644989014,17800,0.0,0.0
1992-06-08 00:00:00-04:00,4.455181434506275,4.455181434506275,4.383323669433594,4.383323669433594,75000,0.0,0.0
1992-06-09 00:00:00-04:00,4.455181089498229,4.455181089498229,4.239607810974121,4.239607810974121,333800,0.0,0.0
1992-06-10 00:00:00-04:00,4.311466532305253,4.347395420074463,4.239608756766832,4.347395420074463,142200,0.0,0.0
1992-06-11 00:00:00-04:00,4.2396076587067935,4.27553653717041,4.203678780243176,4.27553653717041,28000,0.0,0.0
1992-06-12 00:00:00-04:00,4.27553653717041,4.27553653717041,4.2396076587067935,4.27553653717041,24400,0.0,0.0
1992-06-15 00:00:00-04:00,4.275536690728139,4.275536690728139,4.1677500514660855,4.239607810974121,22200,0.0,0.0
1992-06-16 00:00:00-04:00,4.27553653717041,4.27553653717041,4.203678780243176,4.27553653717041,58600,0.0,0.0
1992-06-17 00:00:00-04:00,4.239607616863419,4.239607616863419,3.988105470100335,4.059963226318359,234200,0.0,0.0
1992-06-18 00:00:00-04:00,3.988105148077011,4.024034023284912,3.916247397661209,4.024034023284912,87600,0.0,0.0
1992-06-19 00:00:00-04:00,4.024034023284912,4.024034023284912,4.024034023284912,4.024034023284912,37800,0.0,0.0
1992-06-22 00:00:00-04:00,4.024034023284912,4.024034023284912,3.916247397661209,4.024034023284912,4800,0.0,0.0
1992-06-23 00:00:00-04:00,4.095891952514648,4.095891952514648,3.9881053221853158,4.095891952514648,98000,0.0,0.0
1992-06-24 00:00:00-04:00,4.095891952514648,4.095891952514648,3.9881053221853158,4.095891952514648,69000,0.0,0.0
1992-06-25 00:00:00-04:00,4.095891952514648,4.095891952514648,3.9881053221853158,4.095891952514648,10400,0.0,0.0
1992-06-26 00:00:00-04:00,4.095891899532742,4.095891899532742,3.808460889039216,3.8803186416625977,387400,0.0,0.0
1992-06-29 00:00:00-04:00,3.8803186416625977,3.8803186416625977,3.7725320127275257,3.8803186416625977,185800,0.0,0.0
1992-06-30 00:00:00-04:00,3.808459347369624,3.8803170709049,3.4132418679256062,3.6647439002990723,997600,0.0,0.0
1992-07-01 00:00:00-04:00,3.6647463588539613,3.988106331694017,3.6647463588539613,3.9162485599517822,1269800,0.0,0.0
1992-07-02 00:00:00-04:00,3.988105470100335,4.059963226318359,3.988105470100335,4.059963226318359,67800,0.0,0.0
1992-07-06 00:00:00-04:00,4.095892171601991,4.095892171601991,3.988105535507202,3.988105535507202,102200,0.0,0.0
1992-07-07 00:00:00-04:00,4.095891952514648,4.095891952514648,3.9881053221853158,4.095891952514648,19000,0.0,0.0
1992-07-08 00:00:00-04:00,4.095892593778412,4.167750358581543,4.0240348289752825,4.167750358581543,124800,0.0,0.0
1992-07-09 00:00:00-04:00,4.167749706067537,4.167749706067537,4.059963075738204,4.095891952514648,55000,0.0,0.0
1992-07-10 00:00:00-04:00,4.167749706067537,4.167749706067537,4.059963075738204,4.095891952514648,29600,0.0,0.0
1992-07-13 00:00:00-04:00,4.167749706067537,4.167749706067537,4.095891952514648,4.095891952514648,99400,0.0,0.0
1992-07-14 00:00:00-04:00,4.167749706067537,4.167749706067537,4.095891952514648,4.095891952514648,59800,0.0,0.0
1992-07-15 00:00:00-04:00,4.131821632385254,4.131821632385254,4.095892748625382,4.131821632385254,9600,0.0,0.0
1992-07-16 00:00:00-04:00,4.131821476179978,4.239608123384673,4.095892593778412,4.167750358581543,201800,0.0,0.0
1992-07-17 00:00:00-04:00,4.131821476179978,4.239608123384673,4.059963711376848,4.167750358581543,32400,0.0,0.0
1992-07-20 00:00:00-04:00,4.095892989307369,4.095892989307369,3.9162485599517822,3.9162485599517822,75400,0.0,0.0
1992-07-21 00:00:00-04:00,4.024034023284912,4.024034023284912,3.916247397661209,4.024034023284912,14800,0.0,0.0
1992-07-22 00:00:00-04:00,3.988105148077011,4.024034023284912,3.916247397661209,4.024034023284912,39600,0.0,0.0
1992-07-23 00:00:00-04:00,4.0240343879250915,4.311465415634027,4.0240343879250915,4.27553653717041,121200,0.0,0.0
1992-07-24 00:00:00-04:00,4.311464821420065,4.419251441955566,4.275535947908231,4.419251441955566,80200,0.0,0.0
1992-07-27 00:00:00-04:00,4.419252551969935,4.455181434506275,4.347394786897253,4.383323669433594,139600,0.0,0.0
1992-07-28 00:00:00-04:00,4.455180241511418,4.670753479003906,4.455180241511418,4.670753479003906,127400,0.0,0.0
1992-07-29 00:00:00-04:00,4.742611374965934,4.814469123071478,4.562967004702073,4.634824752807617,142600,0.0,0.0
1992-07-30 00:00:00-04:00,4.706682351919321,4.742611224834736,4.598895733173077,4.670753479003906,71400,0.0,0.0
1992-07-31 00:00:00-04:00,4.634824785319242,4.742611408233643,4.634824785319242,4.742611408233643,109800,0.0,0.0
1992-08-03 00:00:00-04:00,4.742612510919571,4.742612510919571,4.5988969802856445,4.5988969802856445,133200,0.0,0.0
1992-08-04 00:00:00-04:00,4.5988974609375,4.670755233764648,4.419253028869629,4.491110801696777,82000,0.0,0.0
1992-08-05 00:00:00-04:00,4.455182083382095,4.455182083382095,4.347395420074463,4.347395420074463,26600,0.0,0.0
1992-08-06 00:00:00-04:00,4.383322568443733,4.419251441955566,4.311464821420065,4.419251441955566,12800,0.0,0.0
1992-08-07 00:00:00-04:00,4.383322048187256,4.383322048187256,4.311464309692383,4.311464309692383,48000,0.0,0.0
1992-08-10 00:00:00-04:00,4.311465415634027,4.311465415634027,4.167749901779559,4.27553653717041,94000,0.0,0.0
1992-08-11 00:00:00-04:00,4.27553653717041,4.27553653717041,4.167749901779559,4.27553653717041,70800,0.0,0.0
1992-08-12 00:00:00-04:00,4.275535440444947,4.383322048187256,4.167748832702637,4.311464309692383,35200,0.0,0.0
1992-08-13 00:00:00-04:00,4.383322568443733,4.419251441955566,4.311464821420065,4.419251441955566,35200,0.0,0.0
1992-08-14 00:00:00-04:00,4.491109188979235,4.491109188979235,4.383322568443733,4.419251441955566,21000,0.0,0.0
1992-08-17 00:00:00-04:00,4.383322568443733,4.4551803154674,4.347393694931899,4.419251441955566,30400,0.0,0.0
1992-08-18 00:00:00-04:00,4.419250917434693,4.419250917434693,4.203677701950073,4.311464309692383,61800,0.0,0.0
1992-08-19 00:00:00-04:00,4.311465373081443,4.311465373081443,4.024034348209347,4.059963226318359,1252000,0.0,0.0
1992-08-20 00:00:00-04:00,4.131821632385254,4.131821632385254,4.0599638648655105,4.131821632385254,37600,0.0,0.0
1992-08-21 00:00:00-04:00,4.131821632385254,4.167750516145126,4.0599638648655105,4.131821632385254,107800,0.0,0.0
1992-08-24 00:00:00-04:00,4.059963075738204,4.167749706067537,4.059963075738204,4.095891952514648,43800,0.0,0.0
1992-08-25 00:00:00-04:00,4.095892104427372,4.131820982536383,4.059963226318359,4.059963226318359,34600,0.0,0.0
1992-08-26 00:00:00-04:00,4.095892593778412,4.167750358581543,4.059963711376848,4.167750358581543,19200,0.0,0.0
1992-08-27 00:00:00-04:00,4.167749258188101,4.23960700401893,4.131820385272686,4.203678131103516,41000,0.0,0.0
1992-08-28 00:00:00-04:00,4.239608123384673,4.275537005786238,4.095892593778412,4.167750358581543,92200,0.0,0.0
1992-08-31 00:00:00-04:00,4.239608139288229,4.383323669433594,4.167750374215548,4.383323669433594,96600,0.0,0.0
1992-09-01 00:00:00-04:00,4.347394016481215,4.49110952115828,4.347394016481215,4.455180644989014,149800,0.0,0.0
1992-09-02 00:00:00-04:00,4.491110801696777,4.5988974609375,4.455181915283203,4.491110801696777,112000,0.0,0.0
1992-09-03 00:00:00-04:00,4.491110317042616,4.598896964651639,4.383323669433594,4.383323669433594,53000,0.0,0.0
1992-09-04 00:00:00-04:00,4.383322048187256,4.455179786682129,4.311464309692383,4.311464309692383,9600,0.0,0.0
1992-09-08 00:00:00-04:00,4.455179786682129,4.455179786682129,4.311464309692383,4.311464309692383,5200,0.0,0.0
1992-09-09 00:00:00-04:00,4.311465140311949,4.455180644989014,4.311465140311949,4.455180644989014,9000,0.0,0.0
1992-09-10 00:00:00-04:00,4.455180644989014,4.455180644989014,4.383322892650481,4.455180644989014,42800,0.0,0.0
1992-09-11 00:00:00-04:00,4.455179786682129,4.455179786682129,4.311464309692383,4.311464309692383,30200,0.0,0.0
1992-09-14 00:00:00-04:00,4.347394770589368,4.455181417794063,4.167750358581543,4.167750358581543,83800,0.0,0.0
1992-09-15 00:00:00-04:00,4.167750358581543,4.239608123384673,3.9881059465737176,4.167750358581543,99200,0.0,0.0
1992-09-16 00:00:00-04:00,4.059963226318359,4.1677498606453955,4.024034348209347,4.059963226318359,43200,0.0,0.0
1992-09-17 00:00:00-04:00,4.167749706067537,4.167749706067537,4.059963075738204,4.095891952514648,47400,0.0,0.0
1992-09-18 00:00:00-04:00,4.131820982536383,4.1677498606453955,4.059963226318359,4.059963226318359,66200,0.0,0.0
1992-09-21 00:00:00-04:00,4.059963226318359,4.131820982536383,4.024034348209347,4.059963226318359,242600,0.0,0.0
1992-09-22 00:00:00-04:00,4.095891952514648,4.095891952514648,4.02403419896176,4.095891952514648,33000,0.0,0.0
1992-09-23 00:00:00-04:00,4.095891952514648,4.095891952514648,4.02403419896176,4.095891952514648,57600,0.0,0.0
1992-09-24 00:00:00-04:00,4.059963075738204,4.095891952514648,4.059963075738204,4.095891952514648,20600,0.0,0.0
1992-09-25 00:00:00-04:00,4.02403419896176,4.095891952514648,3.9881053221853158,4.095891952514648,58200,0.0,0.0
1992-09-28 00:00:00-04:00,4.095891952514648,4.095891952514648,4.095891952514648,4.095891952514648,800,0.0,0.0
1992-09-29 00:00:00-04:00,4.095891773700714,4.095891773700714,3.988105148077011,4.024034023284912,38800,0.0,0.0
1992-09-30 00:00:00-04:00,4.059963226318359,4.059963226318359,3.952176591991323,4.059963226318359,8600,0.0,0.0
1992-10-01 00:00:00-04:00,3.95217627286911,4.059962898492813,3.95217627286911,4.024034023284912,233600,0.0,0.0
1992-10-02 00:00:00-04:00,4.024034414205465,4.095892171601991,3.988105535507202,3.988105535507202,264200,0.0,0.0
1992-10-05 00:00:00-04:00,4.024034023284912,4.024034023284912,3.95217627286911,4.024034023284912,31800,0.0,0.0
1992-10-06 00:00:00-04:00,4.095891952514648,4.095891952514648,3.9881053221853158,4.095891952514648,116000,0.0,0.0
1992-10-07 00:00:00-04:00,4.095892171601991,4.095892171601991,3.988105535507202,3.988105535507202,121200,0.0,0.0
1992-10-08 00:00:00-04:00,3.988105535507202,4.095892171601991,3.988105535507202,3.988105535507202,83400,0.0,0.0
1992-10-09 00:00:00-04:00,4.095891952514648,4.095891952514648,3.9881053221853158,4.095891952514648,134000,0.0,0.0
1992-10-12 00:00:00-04:00,3.988105470100335,4.131820982536383,3.988105470100335,4.059963226318359,192800,0.0,0.0
1992-10-13 00:00:00-04:00,4.167749706067537,4.203678582843981,4.095891952514648,4.095891952514648,150400,0.0,0.0
1992-10-14 00:00:00-04:00,4.203678200884563,4.4551803154674,4.203678200884563,4.419251441955566,85800,0.0,0.0
1992-10-15 00:00:00-04:00,4.311465140311949,4.455180644989014,4.311465140311949,4.455180644989014,242200,0.0,0.0
1992-10-16 00:00:00-04:00,4.455180644989014,4.455180644989014,4.347394016481215,4.455180644989014,406000,0.0,0.0
1992-10-19 00:00:00-04:00,4.455182083382095,4.455182083382095,4.347395420074463,4.347395420074463,208400,0.0,0.0
1992-10-20 00:00:00-04:00,4.455180349804106,4.527038097381592,4.38332260222662,4.527038097381592,264200,0.0,0.0
1992-10-21 00:00:00-04:00,4.527039214968681,4.634825862944126,4.455181449651718,4.5988969802856445,80400,0.0,0.0
1992-10-22 00:00:00-04:00,4.562967300415039,4.63482505317748,4.562967300415039,4.562967300415039,21200,0.0,0.0
1992-10-23 00:00:00-04:00,4.562967004702073,4.706682500913161,4.562967004702073,4.634824752807617,94400,0.0,0.0
1992-10-26 00:00:00-05:00,4.706682533928842,4.886326905452844,4.598895911014441,4.742611408233643,435200,0.0,0.0
1992-10-27 00:00:00-05:00,4.886329174041748,4.886329174041748,4.778542501084945,4.886329174041748,547400,0.0,0.0
1992-10-28 00:00:00-05:00,4.814468898912415,4.95818438843219,4.814468898912415,4.922255516052246,459600,0.0,0.0
1992-10-29 00:00:00-05:00,4.886329024585325,4.958186804358639,4.814471244812012,4.814471244812012,448800,0.0,0.0
1992-10-30 00:00:00-05:00,4.814469156843243,4.922255779757644,4.742611408233643,4.742611408233643,493600,0.0,0.0
1992-11-02 00:00:00-05:00,4.742611154152529,4.922255516052246,4.742611154152529,4.922255516052246,268600,0.0,0.0
1992-11-03 00:00:00-05:00,4.850400283056147,4.95818695601295,4.850400283056147,4.886329174041748,413400,0.0,0.0
1992-11-04 00:00:00-05:00,4.85039826801845,5.03004264831543,4.814469391959054,5.03004264831543,1304400,0.0,0.0
1992-11-05 00:00:00-05:00,5.03004264831543,5.101900400434221,4.922256020137242,5.03004264831543,1093000,0.0,0.0
1992-11-06 00:00:00-05:00,5.030043759791972,5.065972643790485,4.958185991794943,4.994114875793457,321800,0.0,0.0
1992-11-09 00:00:00-05:00,5.101901841643673,5.3534040451049805,4.9941151830173975,5.3534040451049805,876400,0.0,0.0
1992-11-10 00:00:00-05:00,5.317474845229395,5.533048149765722,5.317474845229395,5.425261497497559,195000,0.0,0.0
1992-11-11 00:00:00-05:00,5.425261497497559,5.533048149765722,5.425261497497559,5.425261497497559,55600,0.0,0.0
1992-11-12 00:00:00-05:00,5.533048476148772,5.533048476148772,5.281546272687464,5.3534040451049805,594200,0.0,0.0
1992-11-13 00:00:00-05:00,5.353402919509784,5.353402919509784,5.281545162200928,5.281545162200928,595800,0.0,0.0
1992-11-16 00:00:00-05:00,5.389331798164212,5.389331798164212,5.281545162200928,5.281545162200928,18400,0.0,0.0
1992-11-17 00:00:00-05:00,5.3174727390974,5.748619177402594,5.281543869238633,5.604903697967529,249000,0.0,0.0
1992-11-18 00:00:00-05:00,5.748620530578988,5.9641938004757,5.604905017314513,5.856407165527344,784000,0.0,0.0
1992-11-19 00:00:00-05:00,5.964192247676278,6.071978854561994,5.8564056407905625,6.000121116638184,498400,0.0,0.0
1992-11-20 00:00:00-05:00,5.928265890443181,6.107910311365702,5.928265890443181,5.9641947746276855,192600,0.0,0.0
1992-11-23 00:00:00-05:00,5.9641938004757,6.036051557107937,5.748620530578988,5.856407165527344,376000,0.0,0.0
1992-11-24 00:00:00-05:00,5.892337006258677,5.9641947746276855,5.784550353705164,5.9641947746276855,69400,0.0,0.0
1992-11-25 00:00:00-05:00,5.820479237889669,5.9641947746276855,5.820479237889669,5.9641947746276855,49600,0.0,0.0
1992-11-27 00:00:00-05:00,5.964194933573405,6.071981588999431,5.964194933573405,6.036052703857422,30200,0.0,0.0
1992-11-30 00:00:00-05:00,6.036050175774027,6.179765656149599,6.036050175774027,6.07197904586792,285200,0.0,0.0
1992-12-01 00:00:00-05:00,6.071978902816773,6.179765510559082,6.071978902816773,6.107907772064209,44200,0.0,0.0
1992-12-02 00:00:00-05:00,6.179768244425456,6.179768244425456,5.964194933573405,6.036052703857422,78600,0.0,0.0
1992-12-03 00:00:00-05:00,5.964192979129744,6.000121852497996,5.748619738920235,5.820477485656738,118400,0.0,0.0
1992-12-04 00:00:00-05:00,5.85640635902499,5.892335232393241,5.784548612288487,5.820477485656738,96800,0.0,0.0
1992-12-07 00:00:00-05:00,5.820478136946515,5.964193646500751,5.820478136946515,5.892335891723633,57400,0.0,0.0
1992-12-08 00:00:00-05:00,5.964194933573405,6.036052703857422,5.892337163289388,6.036052703857422,118200,0.0,0.0
1992-12-09 00:00:00-05:00,6.036052703857422,6.1079104741414385,6.000123818715413,6.036052703857422,196600,0.0,0.0
1992-12-10 00:00:00-05:00,6.036052703857422,6.1079104741414385,5.964194933573405,6.036052703857422,53800,0.0,0.0
1992-12-11 00:00:00-05:00,6.036052542996694,6.107910311365702,5.928265890443181,5.9641947746276855,42800,0.0,0.0
1992-12-14 00:00:00-05:00,6.036051401277868,6.036051401277868,5.820478136946515,5.892335891723633,155600,0.0,0.0
1992-12-15 00:00:00-05:00,5.820478287211225,5.856407165527344,5.820478287211225,5.856407165527344,50600,0.0,0.0
1992-12-16 00:00:00-05:00,5.820478136946515,5.892335891723633,5.820478136946515,5.892335891723633,211200,0.0,0.0
1992-12-17 00:00:00-05:00,5.820479073139451,5.892336839474506,5.712692423636868,5.784550189971924,279600,0.0,0.0
1992-12-18 00:00:00-05:00,5.784550669827039,5.784550669827039,5.676764011383057,5.676764011383057,85000,0.0,0.0
1992-12-21 00:00:00-05:00,5.676761341094971,5.784547948837281,5.676761341094971,5.748619079589844,31600,0.0,0.0
1992-12-22 00:00:00-05:00,5.784548655936593,5.784548655936593,5.425259919543016,5.461188793182373,256600,0.0,0.0
1992-12-23 00:00:00-05:00,5.2456162835465,5.42526067681864,5.1378296475832155,5.281545162200928,1421600,0.0,0.0
1992-12-24 00:00:00-05:00,5.281545961140007,5.425261497497559,5.281545961140007,5.425261497497559,97200,0.0,0.0
1992-12-28 00:00:00-05:00,5.389328956604004,5.425257816314697,5.389328956604004,5.389328956604004,27200,0.0,0.0
1992-12-29 00:00:00-05:00,5.4252621270472705,5.497119903564453,5.389333238788679,5.497119903564453,123400,0.0,0.0
1992-12-30 00:00:00-05:00,5.497117088391231,5.604903697967529,5.461188218532464,5.604903697967529,59200,0.0,0.0
1992-12-31 00:00:00-05:00,5.604905932782644,5.9641947746276855,5.604905932782644,5.9641947746276855,86200,0.0,0.0
1993-01-04 00:00:00-05:00,5.892334656837659,5.892334656837659,5.604903697967529,5.604903697967529,227600,0.0,0.0
1993-01-05 00:00:00-05:00,5.640832567826295,5.6767614376850615,5.497117088391231,5.604903697967529,131400,0.0,0.0
1993-01-06 00:00:00-05:00,5.6767635404693415,5.784550189971924,5.604905774134286,5.784550189971924,403400,0.0,0.0
1993-01-07 00:00:00-05:00,5.784550669827039,5.784550669827039,5.676764011383057,5.676764011383057,100600,0.0,0.0
1993-01-08 00:00:00-05:00,5.6408321422600896,5.7126898765563965,5.604903275111936,5.7126898765563965,147600,0.0,0.0
1993-01-11 00:00:00-05:00,5.7126898765563965,5.74861874370455,5.604903275111936,5.7126898765563965,96400,0.0,0.0
1993-01-12 00:00:00-05:00,5.748620530578988,6.0001226787918185,5.748620530578988,5.856407165527344,219400,0.0,0.0
1993-01-13 00:00:00-05:00,5.820479555975033,5.820479555975033,5.568977352939075,5.676764011383057,134400,0.0,0.0
1993-01-14 00:00:00-05:00,5.640833118815481,5.820477485656738,5.640833118815481,5.820477485656738,125600,0.0,0.0
1993-01-15 00:00:00-05:00,5.820476771828657,6.036049985600089,5.784547902866752,6.000121116638184,157200,0.0,0.0
1993-01-18 00:00:00-05:00,5.964192619100649,6.25162358869586,5.964192619100649,6.143836975097656,197600,0.0,0.0
1993-01-19 00:00:00-05:00,6.179767938965526,6.467199005894154,6.179767938965526,6.431270122528076,137600,0.0,0.0
1993-01-20 00:00:00-05:00,6.359411239624023,6.431268993744069,6.323482362564,6.359411239624023,79000,0.0,0.0
1993-01-21 00:00:00-05:00,6.32348089108522,6.395338628483915,6.251623153686523,6.251623153686523,61200,0.0,0.0
1993-01-22 00:00:00-05:00,6.323483145577567,6.323483145577567,6.179767619541713,6.2875542640686035,88400,0.0,0.0
1993-01-25 00:00:00-05:00,6.287552022385872,6.32348089108522,6.179765416287828,6.251623153686523,281000,0.0,0.0
1993-01-26 00:00:00-05:00,6.431268993744069,6.467197870804092,6.323482362564,6.359411239624023,306200,0.0,0.0
1993-01-27 00:00:00-05:00,6.431268362516767,6.431268362516767,6.359410615449541,6.395339488983154,29800,0.0,0.0
1993-01-28 00:00:00-05:00,6.359409759784567,6.359409759784567,6.215694284987176,6.251623153686523,81600,0.0,0.0
1993-01-29 00:00:00-05:00,6.3234809875488285,6.3234809875488285,6.107907772064209,6.107907772064209,226800,0.0,0.0
1993-02-01 00:00:00-05:00,6.215696969697642,6.287554738133453,6.107910317043926,6.179768085479736,117800,0.0,0.0
1993-02-02 00:00:00-05:00,6.251625853915547,6.251625853915547,6.179768085479736,6.179768085479736,186600,0.0,0.0
1993-02-03 00:00:00-05:00,6.251623994848701,6.395339488983154,6.179766247781474,6.395339488983154,119000,0.0,0.0
1993-02-04 00:00:00-05:00,6.395342680540952,6.431271572004666,6.215698223222386,6.323484897613525,131200,0.0,0.0
1993-02-05 00:00:00-05:00,6.071980278666427,6.1438380334435445,5.820478136946515,5.892335891723633,547800,0.0,0.0
1993-02-08 00:00:00-05:00,5.892335741447679,5.928264617919922,5.820477988503196,5.928264617919922,128400,0.0,0.0
1993-02-09 00:00:00-05:00,5.856408122074173,5.9641947746276855,5.856408122074173,5.9641947746276855,44600,0.0,0.0
1993-02-10 00:00:00-05:00,5.964192435586241,6.107907915961813,5.928263565492348,6.07197904586792,108200,0.0,0.0
1993-02-11 00:00:00-05:00,6.000121305680134,6.07197904586792,6.000121305680134,6.07197904586792,59400,0.0,0.0
1993-02-12 00:00:00-05:00,6.000121305680134,6.07197904586792,6.000121305680134,6.07197904586792,23000,0.0,0.0
1993-02-16 00:00:00-05:00,6.0360507258662475,6.0360507258662475,5.820477485656738,5.820477485656738,396200,0.0,0.0
1993-02-17 00:00:00-05:00,5.784550669827039,5.784550669827039,5.604906239087068,5.676764011383057,113600,0.0,0.0
1993-02-18 00:00:00-05:00,5.604904322470388,5.712690944056357,5.568975448608398,5.568975448608398,41200,0.0,0.0
1993-02-19 00:00:00-05:00,5.568974407963783,5.820476478000857,5.568974407963783,5.7126898765563965,62600,0.0,0.0
1993-02-22 00:00:00-05:00,5.8204775295759505,5.8204775295759505,5.389331045903658,5.461188793182373,194400,0.0,0.0
1993-02-23 00:00:00-05:00,5.389332931313739,5.497119589940014,5.281546272687464,5.3534040451049805,100000,0.0,0.0
1993-02-24 00:00:00-05:00,5.317474845229395,5.425261497497559,5.281545961140007,5.425261497497559,194800,0.0,0.0
1993-02-25 00:00:00-05:00,5.353400096893311,5.533044395446778,5.353400096893311,5.389328956604004,269600,0.0,0.0
1993-02-26 00:00:00-05:00,5.389332922199104,5.676764011383057,5.389332922199104,5.676764011383057,89800,0.0,0.0
1993-03-01 00:00:00-05:00,5.676764011383057,5.748621783679044,5.604906239087068,5.676764011383057,24400,0.0,0.0
1993-03-02 00:00:00-05:00,5.784550189971924,5.820479073139451,5.748621306804396,5.784550189971924,92600,0.0,0.0
1993-03-03 00:00:00-05:00,5.784548612288487,5.820477485656738,5.712690865551984,5.820477485656738,20000,0.0,0.0
1993-03-04 00:00:00-05:00,5.748620382169398,5.892335891723633,5.748620382169398,5.892335891723633,33000,0.0,0.0
1993-03-05 00:00:00-05:00,5.892335232393241,6.000121852497996,5.820477485656738,5.820477485656738,132400,0.0,0.0
1993-03-08 00:00:00-05:00,5.9641947746276855,5.9641947746276855,5.820479237889669,5.9641947746276855,156400,0.0,0.0
1993-03-09 00:00:00-05:00,5.964194933573405,6.036052703857422,5.892337163289388,6.036052703857422,88800,0.0,0.0
1993-03-10 00:00:00-05:00,5.964192247676278,6.036049985600089,5.964192247676278,6.000121116638184,5600,0.0,0.0
1993-03-11 00:00:00-05:00,5.9641947746276855,6.000123658812189,5.9641947746276855,5.9641947746276855,38400,0.0,0.0
1993-03-12 00:00:00-05:00,5.964192435586241,6.179765656149599,5.964192435586241,6.07197904586792,133400,0.0,0.0
1993-03-15 00:00:00-05:00,6.17976792837154,6.287554578284997,6.107910161762568,6.215696811676025,32000,0.0,0.0
1993-03-16 00:00:00-05:00,6.251627114686099,6.359413789077239,6.251627114686099,6.323484897613525,41800,0.0,0.0
1993-03-17 00:00:00-05:00,6.25162538255964,6.35941202708653,6.25162538255964,6.2875542640686035,8000,0.0,0.0
1993-03-18 00:00:00-05:00,6.287553485503978,6.359411239624023,6.287553485503978,6.359411239624023,6400,0.0,0.0
1993-03-19 00:00:00-05:00,6.35941202708653,6.35941202708653,6.2875542640686035,6.2875542640686035,2600,0.0,0.0
1993-03-22 00:00:00-05:00,6.287552868382314,6.467197236050381,6.251623994848701,6.395339488983154,99200,0.0,0.0
1993-03-23 00:00:00-05:00,6.395341239161997,6.503127889260233,6.395341239161997,6.431270122528076,15000,0.0,0.0
1993-03-24 00:00:00-05:00,6.503127731217278,6.503127731217278,6.395341083738539,6.467198848724365,9000,0.0,0.0
1993-03-25 00:00:00-05:00,6.503127731217278,6.503127731217278,6.395341083738539,6.467198848724365,102600,0.0,0.0
1993-03-26 00:00:00-05:00,6.503126747864115,6.503126747864115,6.359411239624023,6.359411239624023,261600,0.0,0.0
1993-03-29 00:00:00-05:00,6.323483145577567,6.395340908595494,6.2875542640686035,6.2875542640686035,22800,0.0,0.0
1993-03-30 00:00:00-05:00,6.3953401166840464,6.3953401166840464,6.143837977263887,6.359411239624023,253000,0.0,0.0
1993-03-31 00:00:00-05:00,6.359412981001712,6.503128528594971,6.251626320306768,6.503128528594971,81600,0.0,0.0
1993-04-01 00:00:00-05:00,6.3953422882396325,6.9342756271362305,6.3953422882396325,6.9342756271362305,313000,0.0,0.0
1993-04-02 00:00:00-05:00,6.898343273044861,7.113916500327513,6.898343273044861,6.970201015472412,295800,0.0,0.0
1993-04-05 00:00:00-04:00,7.042057970518707,7.042057970518707,6.682769298553467,6.682769298553467,177800,0.0,0.0
1993-04-06 00:00:00-04:00,6.682772475740184,6.790559128574703,6.4671991700711455,6.610914707183838,213000,0.0,0.0
1993-04-07 00:00:00-04:00,6.610912616436298,6.610912616436298,6.503125997690054,6.539054870605469,72600,0.0,0.0
1993-04-08 00:00:00-04:00,6.57498565599239,6.610914539358469,6.431270122528076,6.431270122528076,107000,0.0,0.0
1993-04-12 00:00:00-04:00,6.431270754798341,6.503128528594971,6.431270754798341,6.503128528594971,82200,0.0,0.0
1993-04-13 00:00:00-04:00,6.431267549647367,6.754627370579358,6.431267549647367,6.718698501586914,418800,0.0,0.0
1993-04-14 00:00:00-04:00,6.6827696325944705,6.826485108564245,6.6827696325944705,6.718698501586914,135600,0.0,0.0
1993-04-15 00:00:00-04:00,6.790559941369134,6.790559941369134,6.61091549847577,6.646844387054443,247000,0.0,0.0
1993-04-16 00:00:00-04:00,6.61091549847577,6.682773275633116,6.61091549847577,6.646844387054443,15000,0.0,0.0
1993-04-19 00:00:00-04:00,6.646843422724547,6.646843422724547,6.395341239161997,6.431270122528076,115000,0.0,0.0
1993-04-20 00:00:00-04:00,6.395338726043701,6.467196464538574,6.107907772064209,6.107907772064209,77000,0.0,0.0
1993-04-21 00:00:00-04:00,6.143836641311646,6.179765510559082,6.071978902816773,6.107907772064209,91200,0.0,0.0
1993-04-22 00:00:00-04:00,6.107909000281132,6.179766753225615,5.856406864975438,5.928264617919922,105000,0.0,0.0
1993-04-23 00:00:00-04:00,5.964194605809561,5.964194605809561,5.604905774134286,5.784550189971924,249800,0.0,0.0
1993-04-26 00:00:00-04:00,5.748619516943671,5.748619516943671,5.640832901000977,5.640832901000977,11000,0.0,0.0
1993-04-27 00:00:00-04:00,5.640832901000977,5.748619516943671,5.640832901000977,5.640832901000977,18000,0.0,0.0
1993-04-28 00:00:00-04:00,5.676761341094971,5.784547948837281,5.676761341094971,5.748619079589844,66000,0.0,0.0
1993-04-29 00:00:00-04:00,5.784547610852703,5.784547610852703,5.7126898765563965,5.7126898765563965,96200,0.0,0.0
1993-04-30 00:00:00-04:00,5.712690210342408,5.784547948837281,5.712690210342408,5.748619079589844,57400,0.0,0.0
1993-05-03 00:00:00-04:00,5.7486214695206606,5.9641947746276855,5.7486214695206606,5.9641947746276855,243600,0.0,0.0
1993-05-04 00:00:00-04:00,5.9641934943921635,6.036051247336648,5.856406864975438,5.928264617919922,166600,0.0,0.0
1993-05-05 00:00:00-04:00,5.928264714903751,6.431268993744069,5.928264714903751,6.359411239624023,318200,0.0,0.0
1993-05-06 00:00:00-04:00,6.467198848724365,6.574985496203104,6.359412201245625,6.467198848724365,239400,0.0,0.0
1993-05-07 00:00:00-04:00,6.503127731217278,6.5390566137101915,6.431269966231452,6.467198848724365,80600,0.0,0.0
1993-05-10 00:00:00-04:00,6.503128528594971,6.503128528594971,6.431270754798341,6.503128528594971,39400,0.0,0.0
1993-05-11 00:00:00-04:00,6.467197124774639,6.646841489351712,6.467197124774639,6.539054870605469,117800,0.0,0.0
1993-05-12 00:00:00-04:00,6.539054156624697,6.718698501586914,6.539054156624697,6.718698501586914,213600,0.0,0.0
1993-05-13 00:00:00-04:00,6.718701360018358,6.718701360018358,6.610914707183838,6.610914707183838,11800,0.0,0.0
1993-05-14 00:00:00-04:00,6.682769298553467,6.682769298553467,6.610911564160419,6.682769298553467,50000,0.0,0.0
1993-05-17 00:00:00-04:00,6.646840431356942,6.682769298553467,6.610911564160419,6.682769298553467,223400,0.0,0.0
1993-05-18 00:00:00-04:00,6.646844387054443,6.682773275633116,6.61091549847577,6.646844387054443,90000,0.0,0.0
1993-05-19 00:00:00-04:00,6.610914401907138,6.790558815002441,6.610914401907138,6.790558815002441,45600,0.0,0.0
1993-05-20 00:00:00-04:00,6.790558815002441,6.862416580240562,6.790558815002441,6.790558815002441,7400,0.0,0.0
1993-05-21 00:00:00-04:00,6.790560070097138,6.9342756271362305,6.790560070097138,6.9342756271362305,94000,0.0,0.0
1993-05-24 00:00:00-04:00,6.970201015472412,7.113916500327513,6.898343273044861,6.970201015472412,134600,0.0,0.0
1993-05-25 00:00:00-04:00,7.077989287895731,7.293562565699662,7.006131528627754,7.257633686065674,88600,0.0,0.0
1993-05-26 00:00:00-04:00,7.473206394123581,7.796566286177005,7.473206394123581,7.616921901702881,370600,0.0,0.0
1993-05-27 00:00:00-04:00,7.7247064550158,7.7247064550158,7.580990986085274,7.652848720550537,323800,0.0,0.0
1993-05-28 00:00:00-04:00,7.652849633353098,7.724707376389277,7.545063018798828,7.545063018798828,119600,0.0,0.0
1993-06-01 00:00:00-04:00,7.545063018798828,7.688778504871187,7.545063018798828,7.545063018798828,6400,0.0,0.0
1993-06-02 00:00:00-04:00,7.545064147913231,7.616921901702881,7.509135271018406,7.616921901702881,31400,0.0,0.0
1993-06-03 00:00:00-04:00,7.50913667678833,7.616923327651321,7.50913667678833,7.50913667678833,17800,0.0,0.0
1993-06-04 00:00:00-04:00,7.580994608246278,7.796567914641907,7.580994608246278,7.688781261444092,112200,0.0,0.0
1993-06-07 00:00:00-04:00,7.832494885141399,7.904352636381228,7.796566009521484,7.796566009521484,133800,0.0,0.0
1993-06-08 00:00:00-04:00,7.7606362479073665,7.7606362479073665,7.545063018798828,7.545063018798828,189200,0.0,0.0
1993-06-09 00:00:00-04:00,7.54506331223708,7.54506331223708,7.437276693490835,7.47320556640625,62200,0.0,0.0
1993-06-10 00:00:00-04:00,7.652850778597705,7.652850778597705,7.545064147913231,7.616921901702881,101200,0.0,0.0
1993-06-11 00:00:00-04:00,7.652849930983323,7.652849930983323,7.365418947660006,7.47320556640625,103200,0.0,0.0
1993-06-14 00:00:00-04:00,7.437278909546337,7.50913667678833,7.329492258683347,7.50913667678833,93600,0.0,0.0
1993-06-15 00:00:00-04:00,7.437277517228756,7.652850778597705,7.437277517228756,7.616921901702881,82600,0.0,0.0
1993-06-16 00:00:00-04:00,7.616921574018578,7.688779324716866,7.580992698669434,7.580992698669434,6800,0.0,0.0
1993-06-17 00:00:00-04:00,7.616921901702881,7.68877965549253,7.616921901702881,7.616921901702881,50600,0.0,0.0
1993-06-18 00:00:00-04:00,7.616921901702881,7.796566286177005,7.545064147913231,7.616921901702881,195200,0.0,0.0
1993-06-21 00:00:00-04:00,7.545063018798828,7.580991890316918,7.4013475327264695,7.545063018798828,51000,0.0,0.0
1993-06-22 00:00:00-04:00,7.50913667678833,7.50913667678833,7.40135002592534,7.50913667678833,17400,0.0,0.0
1993-06-23 00:00:00-04:00,7.437278270721435,7.509136031791208,7.437278270721435,7.4372782707214355,7200,0.0,0.0
1993-06-24 00:00:00-04:00,7.401350021362305,7.401350021362305,7.401350021362305,7.401350021362305,5000,0.0,0.0
1993-06-25 00:00:00-04:00,7.473206291198731,7.473206291198731,7.185775279998779,7.185775279998779,272000,0.0,0.0
1993-06-28 00:00:00-04:00,7.185772353527592,7.3294878005981445,7.185772353527592,7.3294878005981445,174400,0.0,0.0
1993-06-29 00:00:00-04:00,7.365420324967639,7.365420324967639,7.257633686065674,7.257633686065674,21200,0.0,0.0
1993-06-30 00:00:00-04:00,7.3294878005981445,7.40134552413342,7.3294878005981445,7.3294878005981445,29800,0.0,0.0
1993-07-01 00:00:00-04:00,7.293562565699662,7.293562565699662,7.185775926797697,7.257633686065674,52600,0.0,0.0
1993-07-02 00:00:00-04:00,7.221705913543701,7.221705913543701,7.113919258117676,7.113919258117676,149600,0.0,0.0
1993-07-06 00:00:00-04:00,7.113918289771447,7.113918289771447,7.006131649017334,7.006131649017334,25800,0.0,0.0
1993-07-07 00:00:00-04:00,6.970201790332794,7.006130665540695,6.898344039916992,6.898344039916992,14800,0.0,0.0
1993-07-08 00:00:00-04:00,6.970200584534018,6.970200584534018,6.6827696325944705,6.718698501586914,108000,0.0,0.0
1993-07-09 00:00:00-04:00,6.790557414293289,6.970201790332794,6.790557414293289,6.898344039916992,71400,0.0,0.0
1993-07-12 00:00:00-04:00,6.970202616282872,7.113918134144375,6.970202616282872,7.042060375213623,39800,0.0,0.0
1993-07-13 00:00:00-04:00,7.042060260114998,7.293562412261962,7.042060260114998,7.293562412261963,68400,0.0,0.0
1993-07-14 00:00:00-04:00,7.293560918172201,7.545063018798828,7.185774303617932,7.545063018798828,59400,0.0,0.0
1993-07-15 00:00:00-04:00,7.47320556640625,7.54506331223708,7.47320556640625,7.47320556640625,5200,0.0,0.0
1993-07-16 00:00:00-04:00,7.545063018798828,7.545063018798828,7.473205275762649,7.545063018798828,2600,0.0,0.0
1993-07-19 00:00:00-04:00,7.545064147913231,7.616921901702881,7.509135271018406,7.616921901702881,16400,0.0,0.0
1993-07-20 00:00:00-04:00,7.545063018798828,7.616920761835008,7.545063018798828,7.545063018798828,6200,0.0,0.0
1993-07-21 00:00:00-04:00,7.545063018798828,7.616920761835008,7.545063018798828,7.545063018798828,18400,0.0,0.0
1993-07-22 00:00:00-04:00,7.545063018798828,7.580991890316918,7.545063018798828,7.545063018798828,10600,0.0,0.0
1993-07-23 00:00:00-04:00,7.545063018798828,7.616920761835008,7.545063018798828,7.545063018798828,43200,0.0,0.0
1993-07-26 00:00:00-04:00,7.509134947971145,7.616921574018578,7.509134947971145,7.580992698669434,13000,0.0,0.0
1993-07-27 00:00:00-04:00,7.437278270721435,7.437278270721435,7.329491629116776,7.4372782707214355,27000,0.0,0.0
1993-07-28 00:00:00-04:00,7.329491629116776,7.437278270721435,7.329491629116776,7.4372782707214355,4600,0.0,0.0
1993-07-29 00:00:00-04:00,7.3294878005981445,7.437274385901058,7.3294878005981445,7.3294878005981445,3400,0.0,0.0
1993-07-30 00:00:00-04:00,7.3294878005981445,7.437274385901058,7.3294878005981445,7.3294878005981445,6600,0.0,0.0
1993-08-02 00:00:00-04:00,7.329491445333651,7.401349204601628,7.257633686065674,7.257633686065674,165800,0.0,0.0
1993-08-03 00:00:00-04:00,7.185775279998779,7.293561909198761,7.113917527198792,7.185775279998779,318600,0.0,0.0
1993-08-04 00:00:00-04:00,7.149843491759954,7.40134552413342,7.149843491759954,7.3294878005981445,76400,0.0,0.0
1993-08-05 00:00:00-04:00,7.3294878005981445,7.437274385901058,7.3294878005981445,7.3294878005981445,7400,0.0,0.0
1993-08-06 00:00:00-04:00,7.437274385901058,7.437274385901058,7.3294878005981445,7.3294878005981445,1600,0.0,0.0
1993-08-09 00:00:00-04:00,7.3654205096516625,7.437278270721435,7.329491629116776,7.4372782707214355,39800,0.0,0.0
1993-08-10 00:00:00-04:00,7.47320556640625,7.47320556640625,7.329490074744591,7.47320556640625,129000,0.0,0.0
1993-08-11 00:00:00-04:00,7.473206806652652,7.473206806652652,7.257633533383824,7.293562412261963,68400,0.0,0.0
1993-08-12 00:00:00-04:00,7.221703052520752,7.329489665244942,7.221703052520752,7.221703052520752,255600,0.0,0.0
1993-08-13 00:00:00-04:00,7.185775279998779,7.293561909198761,7.185775279998779,7.185775279998779,11400,0.0,0.0
1993-08-16 00:00:00-04:00,7.293563683827718,7.293563683827718,7.042061487833659,7.113919258117676,138400,0.0,0.0
1993-08-17 00:00:00-04:00,7.04206229491555,7.185777851954643,6.898346737876457,6.9342756271362305,109800,0.0,0.0
1993-08-18 00:00:00-04:00,6.9342725919873525,6.9342725919873525,6.395339488983154,6.395339488983154,475000,0.0,0.0
1993-08-19 00:00:00-04:00,6.5031271507865505,6.826487064361572,6.39534051292821,6.826487064361572,672600,0.0,0.0
1993-08-20 00:00:00-04:00,6.826487697621501,6.898345462859623,6.754629932383381,6.790558815002441,109200,0.0,0.0
1993-08-23 00:00:00-04:00,6.754629305789345,6.826487064361572,6.754629305789345,6.826487064361572,13200,0.0,0.0
1993-08-24 00:00:00-04:00,6.934272915124893,7.042059540748596,6.898344039916992,6.898344039916992,155200,0.0,0.0
1993-08-25 00:00:00-04:00,6.898343273044861,7.113916500327513,6.898343273044861,6.970201015472412,183600,0.0,0.0
1993-08-26 00:00:00-04:00,6.970201015472412,6.970201015472412,6.970201015472412,6.970201015472412,1800,0.0,0.0
1993-08-27 00:00:00-04:00,6.970201015472412,6.970201015472412,6.970201015472412,6.970201015472412,2600,0.0,0.0
1993-08-30 00:00:00-04:00,6.970203228097744,7.042060993335864,6.754629932383381,6.790558815002441,97000,0.0,0.0
1993-08-31 00:00:00-04:00,6.682773275633116,6.790559941369134,6.646844387054443,6.646844387054443,18400,0.0,0.0
1993-09-01 00:00:00-04:00,6.646842256104205,6.646842256104205,6.323482362564,6.359411239624023,86200,0.0,0.0
1993-09-02 00:00:00-04:00,6.431270122528076,6.682772306090627,6.395341239161997,6.431270122528076,330400,0.0,0.0
1993-09-03 00:00:00-04:00,6.539054983117607,6.539054983117607,6.251623994848701,6.395339488983154,140400,0.0,0.0
1993-09-07 00:00:00-04:00,6.251625853915547,6.287554738133453,6.036052548608114,6.179768085479736,1328600,0.0,0.0
1993-09-08 00:00:00-04:00,6.179768085479736,6.251625853915547,6.107910317043926,6.179768085479736,139600,0.0,0.0
1993-09-09 00:00:00-04:00,6.215694284987176,6.251623153686523,6.143836547588481,6.251623153686523,16200,0.0,0.0
1993-09-10 00:00:00-04:00,6.251624608443955,6.467197870804092,6.251624608443955,6.359411239624023,49000,0.0,0.0
1993-09-13 00:00:00-04:00,6.539054983117607,6.539054983117607,6.359410615449541,6.395339488983154,9400,0.0,0.0
1993-09-14 00:00:00-04:00,6.539054983117607,6.539054983117607,6.359410615449541,6.395339488983154,39800,0.0,0.0
1993-09-15 00:00:00-04:00,6.359409759784567,6.359409759784567,6.179765416287828,6.251623153686523,114200,0.0,0.0
1993-09-16 00:00:00-04:00,6.251627114686099,6.323484897613525,6.251627114686099,6.323484897613525,90600,0.0,0.0
1993-09-17 00:00:00-04:00,6.287554578284997,6.323483461589483,6.215696811676025,6.215696811676025,121600,0.0,0.0
1993-09-20 00:00:00-04:00,6.215694379806519,6.215694379806519,6.107907772064209,6.107907772064209,216800,0.0,0.0
1993-09-21 00:00:00-04:00,6.107908103898255,6.215694717496459,6.107908103898255,6.143836975097656,52000,0.0,0.0
1993-09-22 00:00:00-04:00,6.251625553766886,6.5390566137101915,6.17976778878106,6.467198848724365,70400,0.0,0.0
1993-09-23 00:00:00-04:00,6.610914707183838,6.718701360018358,6.574985822905665,6.610914707183838,174600,0.0,0.0
1993-09-24 00:00:00-04:00,6.61091549847577,6.826488829947807,6.61091549847577,6.646844387054443,76600,0.0,0.0
1993-09-27 00:00:00-04:00,6.754629155104073,6.862415790557861,6.682771398134881,6.862415790557861,183600,0.0,0.0
1993-09-28 00:00:00-04:00,6.754628539085388,7.042059540748596,6.754628539085388,6.898344039916992,62600,0.0,0.0
1993-09-29 00:00:00-04:00,7.006132288027536,7.149847822140922,7.006132288027536,7.0779900550842285,195800,0.0,0.0
1993-09-30 00:00:00-04:00,7.077988799492918,7.14984655380249,7.042059922338131,7.14984655380249,102600,0.0,0.0
1993-10-01 00:00:00-04:00,7.006131649017334,7.006131649017334,7.006131649017334,7.006131649017334,3400,0.0,0.0
1993-10-04 00:00:00-04:00,7.006132288027536,7.0779900550842285,7.006132288027536,7.0779900550842285,100600,0.0,0.0
1993-10-05 00:00:00-04:00,7.006131495748248,7.14984701360975,7.006131495748248,7.042060375213623,27600,0.0,0.0
1993-10-06 00:00:00-04:00,7.006131045183345,7.14984655380249,7.006131045183345,7.14984655380249,37200,0.0,0.0
1993-10-07 00:00:00-04:00,7.149845371541288,7.149845371541288,6.970201015472412,6.970201015472412,283400,0.0,0.0
1993-10-08 00:00:00-04:00,7.077987629113737,7.077987629113737,6.970201015472412,6.970201015472412,12600,0.0,0.0
1993-10-11 00:00:00-04:00,6.970202405402001,6.970202405402001,6.754629135131836,6.754629135131836,41000,0.0,0.0
1993-10-12 00:00:00-04:00,6.8983446486452795,6.8983446486452795,6.754629135131836,6.754629135131836,12200,0.0,0.0
1993-10-13 00:00:00-04:00,6.754629305789345,6.862415943647686,6.718700426503232,6.826487064361572,42400,0.0,0.0
1993-10-14 00:00:00-04:00,6.718700276619477,6.898344669042458,6.718700276619477,6.862415790557861,29200,0.0,0.0
1993-10-15 00:00:00-04:00,6.898344857352121,7.042060375213623,6.82648709842137,7.042060375213623,21000,0.0,0.0
1993-10-18 00:00:00-04:00,6.898344039916992,7.042059540748596,6.898344039916992,6.898344039916992,32000,0.0,0.0
1993-10-19 00:00:00-04:00,6.898346737876457,7.04206229491555,6.898346737876457,6.9342756271362305,9000,0.0,0.0
1993-10-20 00:00:00-04:00,6.898343273044861,7.042058757899962,6.898343273044861,6.970201015472412,147400,0.0,0.0
1993-10-21 00:00:00-04:00,7.042058817545573,7.688778504871187,7.042058817545573,7.545063018798828,283800,0.0,0.0
1993-10-22 00:00:00-04:00,7.545063823320289,7.616921574018578,7.401348321923712,7.580992698669434,47000,0.0,0.0
1993-10-25 00:00:00-04:00,7.473207340684048,7.832496155140012,7.473207340684048,7.724709510803223,99400,0.0,0.0
1993-10-26 00:00:00-04:00,7.832496799041178,7.832496799041178,7.6528523770448205,7.688781261444092,163800,0.0,0.0
1993-10-27 00:00:00-04:00,7.76063934816133,7.8324971199035645,7.688781576419095,7.8324971199035645,38600,0.0,0.0
1993-10-28 00:00:00-04:00,7.832494112998928,7.976209601310835,7.6887786246870204,7.868422985076904,255200,0.0,0.0
1993-10-29 00:00:00-04:00,7.976210541195339,7.976210541195339,7.688779530701814,7.760637283325195,143600,0.0,0.0
1993-11-01 00:00:00-05:00,7.83249516307183,7.83249516307183,7.545064147913231,7.616921901702881,43000,0.0,0.0
1993-11-02 00:00:00-05:00,7.616921020135647,7.616921020135647,7.257632292770758,7.365418910980225,262800,0.0,0.0
1993-11-03 00:00:00-05:00,7.329492258683347,7.50913667678833,7.329492258683347,7.50913667678833,372600,0.0,0.0
1993-11-04 00:00:00-05:00,7.545060971203972,7.545060971203972,7.3294878005981445,7.3294878005981445,99600,0.0,0.0
1993-11-05 00:00:00-05:00,7.329489789690291,7.545063018798828,7.329489789690291,7.545063018798828,198200,0.0,0.0
1993-11-08 00:00:00-05:00,7.616921574018578,7.688779324716866,7.545063823320289,7.580992698669434,56800,0.0,0.0
1993-11-09 00:00:00-05:00,7.545063018798828,7.616920761835008,7.545063018798828,7.545063018798828,1400,0.0,0.0
1993-11-10 00:00:00-05:00,7.760637283325195,7.760637283325195,7.545064025455051,7.760637283325195,600,0.0,0.0
1993-11-11 00:00:00-05:00,7.545064025455051,7.760637283325195,7.545064025455051,7.760637283325195,304800,0.0,0.0
1993-11-12 00:00:00-05:00,7.688779530701814,7.760637283325195,7.616921778078432,7.760637283325195,10200,0.0,0.0
1993-11-15 00:00:00-05:00,7.616921631421911,7.832494885141399,7.616921631421911,7.796566009521484,47000,0.0,0.0
1993-11-16 00:00:00-05:00,7.796567914641907,7.796567914641907,7.6528523770448205,7.688781261444092,195400,0.0,0.0
1993-11-17 00:00:00-05:00,7.76063740928218,7.76063740928218,7.616921901702881,7.616921901702881,33000,0.0,0.0
1993-11-18 00:00:00-05:00,7.760635322248432,7.760635322248432,7.616919853317905,7.652848720550537,113400,0.0,0.0
1993-11-19 00:00:00-05:00,7.76063740928218,7.76063740928218,7.616921901702881,7.616921901702881,4400,0.0,0.0
1993-11-22 00:00:00-05:00,7.616923492645549,7.760639030242635,7.616923492645549,7.688781261444092,58400,0.0,0.0
1993-11-23 00:00:00-05:00,7.760637283325195,7.796566159636886,7.688779530701814,7.760637283325195,42600,0.0,0.0
1993-11-24 00:00:00-05:00,7.832495035948576,7.832495035948576,7.688779530701814,7.760637283325195,11200,0.0,0.0
1993-11-26 00:00:00-05:00,7.760637283325195,7.760637283325195,7.760637283325195,7.760637283325195,200,0.0,0.0
1993-11-29 00:00:00-05:00,7.688779630159077,8.191783905029297,7.688779630159077,8.191783905029297,308600,0.0,0.0
1993-11-30 00:00:00-05:00,8.26363919576009,8.26363919576009,8.048065999348958,8.08399486541748,137800,0.0,0.0
1993-12-01 00:00:00-05:00,8.119925278883715,8.407356262207031,7.976209787222055,8.407356262207031,629200,0.0,0.0
1993-12-02 00:00:00-05:00,8.407353113832432,8.407353113832432,8.191779957067498,8.22770881652832,269000,0.0,0.0
1993-12-03 00:00:00-05:00,8.263641965072766,8.263641965072766,7.97621094020067,8.119926452636719,85800,0.0,0.0
1993-12-06 00:00:00-05:00,8.263642100600508,8.407357615393561,7.904353313617878,7.976211071014404,421000,0.0,0.0
1993-12-07 00:00:00-05:00,8.048064519224209,8.335495394910787,7.976206800302563,8.22770881652832,576600,0.0,0.0
1993-12-08 00:00:00-05:00,8.191783905029297,8.29957053535863,8.083997274699964,8.191783905029297,45200,0.0,0.0
1993-12-09 00:00:00-05:00,8.048068046569824,8.119925796985626,8.048068046569824,8.048068046569824,55200,0.0,0.0
1993-12-10 00:00:00-05:00,8.048067196932706,8.119924939762463,7.832493968443437,7.904351711273193,200200,0.0,0.0
1993-12-13 00:00:00-05:00,7.832493968443437,7.904351711273193,7.832493968443437,7.904351711273193,49600,0.0,0.0
1993-12-14 00:00:00-05:00,7.904354891645799,8.048070435130269,7.76063934816133,7.8324971199035645,210600,0.0,0.0
1993-12-15 00:00:00-05:00,7.760639030242635,7.904354567839721,7.616923492645549,7.688781261444092,66400,0.0,0.0
1993-12-16 00:00:00-05:00,7.760639030242635,7.760639030242635,7.616923492645549,7.688781261444092,234800,0.0,0.0
1993-12-17 00:00:00-05:00,7.760639030242635,7.760639030242635,7.616923492645549,7.688781261444092,56600,0.0,0.0
1993-12-20 00:00:00-05:00,7.832495556221351,7.976211071014404,7.832495556221351,7.976211071014404,27600,0.0,0.0
1993-12-21 00:00:00-05:00,7.832495427764623,8.191784208854743,7.832495427764623,8.119926452636719,143600,0.0,0.0
1993-12-22 00:00:00-05:00,8.191785497250764,8.263643264770508,8.048069962211276,8.263643264770508,96800,0.0,0.0
1993-12-23 00:00:00-05:00,8.119926151476408,8.263641658582186,8.119926151476408,8.191783905029297,90000,0.0,0.0
1993-12-27 00:00:00-05:00,8.263643264770508,8.335501032290251,8.119927729731021,8.263643264770508,173000,0.0,0.0
1993-12-28 00:00:00-05:00,8.263640064574684,8.622928763034453,8.263640064574684,8.586999893188477,109400,0.0,0.0
1993-12-29 00:00:00-05:00,8.551074966430663,8.982221603393555,8.551074966430663,8.982221603393555,481200,0.0,0.0
1993-12-30 00:00:00-05:00,8.982218228853666,8.982218228853666,8.335498516376202,8.407356262207031,335600,0.0,0.0
1993-12-31 00:00:00-05:00,8.407358481966215,8.551074011572476,8.191785187556825,8.335500717163086,154600,0.0,0.0
1994-01-03 00:00:00-05:00,8.335498211095151,8.407355954294246,7.904351751900574,8.012138366699219,214000,0.0,0.0
1994-01-04 00:00:00-05:00,8.119926452636719,8.119926452636719,7.97621094020067,8.119926452636719,16000,0.0,0.0
1994-01-05 00:00:00-05:00,8.119925796985626,8.119925796985626,7.976210296154022,8.048068046569824,123400,0.0,0.0
1994-01-06 00:00:00-05:00,7.976210296154022,8.26364129781723,7.976210296154022,8.048068046569824,67400,0.0,0.0
1994-01-07 00:00:00-05:00,8.191784583916098,8.551073381456279,8.048069064900027,8.479215621948242,400600,0.0,0.0
1994-01-10 00:00:00-05:00,8.55107307434082,8.55107307434082,8.407357560486352,8.55107307434082,188400,0.0,0.0
1994-01-11 00:00:00-05:00,8.55107175386869,8.55107175386869,8.335498516376202,8.407356262207031,156400,0.0,0.0
1994-01-12 00:00:00-05:00,8.335500717163086,8.479216246769345,8.335500717163086,8.335500717163086,305400,0.0,0.0
1994-01-13 00:00:00-05:00,8.407358799809995,8.407358799809995,8.119927729731021,8.263643264770508,185400,0.0,0.0
1994-01-14 00:00:00-05:00,8.119926151476408,8.263641658582186,8.04806839792352,8.191783905029297,183000,0.0,0.0
1994-01-17 00:00:00-05:00,8.191782517866654,8.335498000636246,8.191782517866654,8.299569129943848,180000,0.0,0.0
1994-01-18 00:00:00-05:00,8.191785497250764,8.263643264770508,8.191785497250764,8.263643264770508,523600,0.0,0.0
1994-01-19 00:00:00-05:00,8.191784343203983,8.263642100600508,7.976211071014404,7.976211071014404,409400,0.0,0.0
1994-01-20 00:00:00-05:00,8.048068293818721,8.048068293818721,7.760637283325195,7.760637283325195,227400,0.0,0.0
1994-01-21 00:00:00-05:00,7.760639030242635,7.904354567839721,7.688781261444092,7.688781261444092,152600,0.0,0.0
1994-01-24 00:00:00-05:00,7.832496155140012,7.832496155140012,7.545065103575241,7.724709510803223,201000,0.0,0.0
1994-01-25 00:00:00-05:00,7.6169228664664335,7.832496155140012,7.6169228664664335,7.724709510803223,88800,0.0,0.0
1994-01-26 00:00:00-05:00,7.688779915328574,8.119926452636719,7.688779915328574,8.119926452636719,111400,0.0,0.0
1994-01-27 00:00:00-05:00,8.119927729731021,8.263643264770508,7.90435442717179,8.263643264770508,87000,0.0,0.0
1994-01-28 00:00:00-05:00,8.263640770545372,8.407356262207031,8.191783024714542,8.407356262207031,104400,0.0,0.0
1994-01-31 00:00:00-05:00,8.407358364183075,8.982220474554568,8.33550060038664,8.802576065063477,295000,0.0,0.0
1994-02-01 00:00:00-05:00,8.76664634512252,8.910361858976989,8.407357560486352,8.55107307434082,192400,0.0,0.0
1994-02-02 00:00:00-05:00,8.335498516376202,8.47921400803786,8.263640770545372,8.407356262207031,62400,0.0,0.0
1994-02-03 00:00:00-05:00,8.479213483405836,8.479213483405836,8.263640259251451,8.299569129943848,57400,0.0,0.0
1994-02-04 00:00:00-05:00,8.191783024714542,8.622929499699518,8.191783024714542,8.407356262207031,201800,0.0,0.0
1994-02-07 00:00:00-05:00,8.191784732899766,8.443286895751953,8.048069211269947,8.443286895751953,243200,0.0,0.0
1994-02-08 00:00:00-05:00,8.371429134937042,8.479215776159407,8.335500254529586,8.443286895751953,138000,0.0,0.0
1994-02-09 00:00:00-05:00,8.479215621948242,8.551073381456279,8.407357862440206,8.479215621948242,70800,0.0,0.0
1994-02-10 00:00:00-05:00,8.407356262207031,8.55107175386869,8.407356262207031,8.407356262207031,53200,0.0,0.0
1994-02-11 00:00:00-05:00,8.407356262207031,8.47921400803786,8.335498516376202,8.407356262207031,68200,0.0,0.0
1994-02-14 00:00:00-05:00,8.335499412135073,8.479214919240851,8.191783905029297,8.191783905029297,119600,0.0,0.0
1994-02-15 00:00:00-05:00,8.335501032290251,8.335501032290251,8.263643264770508,8.263643264770508,99800,0.0,0.0
1994-02-16 00:00:00-05:00,8.335500717163086,8.335500717163086,8.263642952359955,8.335500717163086,144400,0.0,0.0
1994-02-17 00:00:00-05:00,8.26364129781723,8.335499048233032,8.048068046569824,8.048068046569824,73800,0.0,0.0
1994-02-18 00:00:00-05:00,8.119926452636719,8.119926452636719,8.048068696418694,8.119926452636719,39000,0.0,0.0
1994-02-22 00:00:00-05:00,7.976210296154022,8.119925796985626,7.976210296154022,8.048068046569824,37400,0.0,0.0
1994-02-23 00:00:00-05:00,8.119926585807457,8.119926585807457,7.976211071014404,7.976211071014404,69200,0.0,0.0
1994-02-24 00:00:00-05:00,8.119925796985626,8.191783547401428,7.976210296154022,8.048068046569824,125000,0.0,0.0
1994-02-25 00:00:00-05:00,8.191784583916098,8.622931140964313,8.048069064900027,8.479215621948242,321200,0.0,0.0
1994-02-28 00:00:00-05:00,8.55107307434082,8.76664634512252,8.55107307434082,8.55107307434082,437800,0.0,0.0
1994-03-01 00:00:00-05:00,8.479215621948242,8.622931140964313,8.407357862440206,8.479215621948242,112200,0.0,0.0
1994-03-02 00:00:00-05:00,8.263641965072766,8.335499721290791,8.048068696418694,8.119926452636719,95800,0.0,0.0
1994-03-03 00:00:00-05:00,8.048068046569824,8.191783547401428,8.048068046569824,8.048068046569824,70800,0.0,0.0
1994-03-04 00:00:00-05:00,8.11992477648186,8.407355742021041,8.11992477648186,8.299569129943848,157600,0.0,0.0
1994-03-07 00:00:00-05:00,8.335500748431096,8.83850510393987,8.263642983358414,8.766647338867188,166000,0.0,0.0
1994-03-08 00:00:00-05:00,8.87443182581947,9.197791689918155,8.838502952030726,9.054076194763184,222000,0.0,0.0
1994-03-09 00:00:00-05:00,8.838502952030726,9.054076194763184,8.838502952030726,9.054076194763184,441000,0.0,0.0
1994-03-10 00:00:00-05:00,8.838506057739258,8.982221603393555,8.838506057739258,8.982221603393555,19400,0.0,0.0
1994-03-11 00:00:00-05:00,8.838503537639495,9.054076794655092,8.838503537639495,8.910361289978027,139400,0.0,0.0
1994-03-14 00:00:00-05:00,8.910363830566405,9.054079376220702,8.910363830566405,8.982221603393555,269600,0.0,0.0
1994-03-15 00:00:00-05:00,8.910360699608212,9.054076194763184,8.910360699608212,9.054076194763184,158800,0.0,0.0
1994-03-16 00:00:00-05:00,8.910361289978027,9.054076794655092,8.910361289978027,8.910361289978027,53800,0.0,0.0
1994-03-17 00:00:00-05:00,9.054078429937363,9.197793960571289,8.910362899303436,9.197793960571289,99400,0.0,0.0
1994-03-18 00:00:00-05:00,9.054076848067636,9.197792353592519,9.054076848067636,9.125934600830078,87800,0.0,0.0
1994-03-21 00:00:00-05:00,9.054075757194967,9.197791245404412,8.982218013090245,9.16186237335205,341200,0.0,0.0
1994-03-22 00:00:00-05:00,9.125934600830078,9.125934600830078,8.982219095305195,9.125934600830078,30800,0.0,0.0
1994-03-23 00:00:00-05:00,9.125936986915619,9.125936986915619,8.982221443814586,9.018150329589844,68000,0.0,0.0
1994-03-24 00:00:00-05:00,9.054076794655092,9.054076794655092,8.910361289978027,8.910361289978027,68400,0.0,0.0
1994-03-25 00:00:00-05:00,8.946290166147293,9.054076794655092,8.910361289978027,8.910361289978027,39600,0.0,0.0
1994-03-28 00:00:00-05:00,8.910359573364259,9.054075050354005,8.622928619384766,8.622928619384766,188600,0.0,0.0
1994-03-29 00:00:00-05:00,8.479216567329738,8.622932102369225,8.191785497250764,8.263643264770508,275000,0.0,0.0
1994-03-30 00:00:00-05:00,8.191783905029297,8.335499412135073,8.04806839792352,8.191783905029297,309000,0.0,0.0
1994-03-31 00:00:00-05:00,8.048070435130269,8.119928206872503,7.76063934816133,7.8324971199035645,119400,0.0,0.0
1994-04-04 00:00:00-04:00,7.68877938266174,7.832494885141399,7.68877938266174,7.796566009521484,46600,0.0,0.0
1994-04-05 00:00:00-04:00,7.904354885286171,8.191785972023851,7.904354885286171,8.15585708618164,171000,0.0,0.0
1994-04-06 00:00:00-04:00,8.191785187556825,8.44328736436778,8.191785187556825,8.335500717163086,94600,0.0,0.0
1994-04-07 00:00:00-04:00,8.335500717163086,8.407358481966215,8.263642952359955,8.335500717163086,159200,0.0,0.0
1994-04-08 00:00:00-04:00,8.263642952359955,8.407358481966215,8.263642952359955,8.335500717163086,11400,0.0,0.0
1994-04-11 00:00:00-04:00,8.191785497250764,8.335501032290251,8.155856613490892,8.263643264770508,97200,0.0,0.0
1994-04-12 00:00:00-04:00,8.335501032290251,8.335501032290251,8.191785497250764,8.263643264770508,26200,0.0,0.0
1994-04-13 00:00:00-04:00,8.191785497250764,8.335501032290251,8.119927729731021,8.263643264770508,202600,0.0,0.0
1994-04-14 00:00:00-04:00,8.119926151476408,8.22771278180574,8.119926151476408,8.191783905029297,92600,0.0,0.0
1994-04-15 00:00:00-04:00,8.191784208854743,8.263641965072766,8.119926452636719,8.119926452636719,24800,0.0,0.0
1994-04-18 00:00:00-04:00,8.15585533074573,8.227713086963755,8.119926452636719,8.119926452636719,113400,0.0,0.0
1994-04-19 00:00:00-04:00,8.191784343203983,8.227713221902246,7.976211071014404,7.976211071014404,296600,0.0,0.0
1994-04-20 00:00:00-04:00,8.119925796985626,8.119925796985626,7.976210296154022,8.048068046569824,130800,0.0,0.0
1994-04-21 00:00:00-04:00,8.119926585807457,8.119926585807457,7.976211071014404,7.976211071014404,58800,0.0,0.0
1994-04-22 00:00:00-04:00,7.976211893147435,8.407358481966215,7.976211893147435,8.335500717163086,152600,0.0,0.0
1994-04-25 00:00:00-04:00,8.47921314239502,8.622928619384766,8.335497665405274,8.622928619384766,150200,0.0,0.0
1994-04-26 00:00:00-04:00,8.551073381456279,8.622931140964313,8.479215621948242,8.479215621948242,7600,0.0,0.0
1994-04-28 00:00:00-04:00,8.479215621948242,8.622931140964313,8.479215621948242,8.479215621948242,55000,0.0,0.0
1994-04-29 00:00:00-04:00,8.479213283650546,8.622928763034453,8.479213283650546,8.586999893188477,149400,0.0,0.0
1994-05-02 00:00:00-04:00,8.766648129163036,9.341510301567169,8.766648129163036,9.018150329589844,637200,0.0,0.0
1994-05-03 00:00:00-04:00,9.197792257842433,9.485223265900009,9.125934505828038,9.377436637878418,412000,0.0,0.0
1994-05-04 00:00:00-04:00,9.269650208322625,9.700796729639956,9.269650208322625,9.55708122253418,231400,0.0,0.0
1994-05-05 00:00:00-04:00,9.55708360853304,9.700799151518499,9.413368065547582,9.449296951293945,233600,0.0,0.0
1994-05-06 00:00:00-04:00,9.413365001826323,9.485222749931868,9.269649505615234,9.269649505615234,360000,0.0,0.0
1994-05-09 00:00:00-04:00,9.341507859117403,9.341507859117403,9.125934600830078,9.125934600830078,213000,0.0,0.0
1994-05-10 00:00:00-04:00,9.125934600830078,9.341507859117403,9.125934600830078,9.125934600830078,173200,0.0,0.0
1994-05-11 00:00:00-04:00,9.14389830876172,9.197791619029472,8.838502883911133,8.838502883911133,270400,0.0,0.0
1994-05-12 00:00:00-04:00,8.838501834869385,8.910359573364259,8.47921314239502,8.622928619384766,321200,0.0,0.0
1994-05-13 00:00:00-04:00,8.622931140964313,8.622931140964313,8.479215621948242,8.479215621948242,71000,0.0,0.0
1994-05-16 00:00:00-04:00,8.515146401302873,8.766648615687346,8.479217513533664,8.694790840148926,219200,0.0,0.0
1994-05-17 00:00:00-04:00,8.838506391225769,8.838506391225769,8.622933064610505,8.694790840148926,22400,0.0,0.0
1994-05-18 00:00:00-04:00,8.766645136887465,8.838502883911133,8.62292964284013,8.838502883911133,151000,0.0,0.0
1994-05-19 00:00:00-04:00,8.910361489759604,9.090005874633789,8.766645981860256,9.090005874633789,201000,0.0,0.0
1994-05-20 00:00:00-04:00,9.1259327398138,9.1259327398138,8.83850178737872,8.874430656433105,140600,0.0,0.0
1994-05-23 00:00:00-04:00,8.874433211054669,8.982219849245615,8.874433211054669,8.946290969848633,21200,0.0,0.0
1994-05-24 00:00:00-04:00,8.83850510393987,8.982220634085232,8.766647338867188,8.766647338867188,30600,0.0,0.0
1994-05-25 00:00:00-04:00,8.802577503456558,8.838506391225769,8.694790840148926,8.694790840148926,124000,0.0,0.0
1994-05-26 00:00:00-04:00,8.83850510393987,8.83850510393987,8.622931808721823,8.766647338867188,78400,0.0,0.0
1994-05-27 00:00:00-04:00,8.622928763034453,8.65885763288043,8.5510710233425,8.586999893188477,35800,0.0,0.0
1994-05-31 00:00:00-04:00,8.551075289072084,8.694790840148926,8.551075289072084,8.694790840148926,62600,0.0,0.0
1994-06-01 00:00:00-04:00,8.551075289072084,8.694790840148926,8.551075289072084,8.694790840148926,33400,0.0,0.0
1994-06-02 00:00:00-04:00,8.766648284912108,8.982221603393555,8.766648284912108,8.982221603393555,50400,0.0,0.0
1994-06-03 00:00:00-04:00,8.982218228853666,9.341506958007812,8.982218228853666,9.341506958007812,132200,0.0,0.0
1994-06-06 00:00:00-04:00,9.41336388753648,9.41336388753648,9.197790668737934,9.305577278137207,189000,0.0,0.0
1994-06-07 00:00:00-04:00,9.197790668737934,9.341506147936965,9.197790668737934,9.305577278137207,312600,0.0,0.0
1994-06-08 00:00:00-04:00,9.287614544545571,9.341507859117403,9.125934600830078,9.125934600830078,195600,0.0,0.0
1994-06-09 00:00:00-04:00,9.125935366833545,9.161864246230527,8.91036209045165,8.946290969848633,193000,0.0,0.0
1994-06-10 00:00:00-04:00,8.98221837795847,9.054076124982137,8.838502883911133,8.838502883911133,367800,0.0,0.0
1994-06-13 00:00:00-04:00,8.982217461494223,8.982217461494223,8.5510710233425,8.586999893188477,251800,0.0,0.0
1994-06-14 00:00:00-04:00,8.551073262720932,8.766646538251711,8.515144383465802,8.730717658996582,1008400,0.0,0.0
1994-06-15 00:00:00-04:00,8.622931808721823,8.766647338867188,8.551074043649141,8.766647338867188,299800,0.0,0.0
1994-06-16 00:00:00-04:00,8.69478803296243,9.054076794655092,8.69478803296243,8.910361289978027,144200,0.0,0.0
1994-06-17 00:00:00-04:00,9.054078429937363,9.269651725888252,9.054078429937363,9.197793960571289,256200,0.0,0.0
1994-06-20 00:00:00-04:00,8.982221443814586,9.269652530016652,8.982221443814586,9.018150329589844,257000,0.0,0.0
1994-06-21 00:00:00-04:00,9.125935366833545,9.125935366833545,8.76664657286372,8.946290969848633,127200,0.0,0.0
1994-06-22 00:00:00-04:00,8.838503537639495,8.98221904231656,8.838503537639495,8.910361289978027,42600,0.0,0.0
1994-06-23 00:00:00-04:00,8.910361440558182,8.910361440558182,8.191783905029297,8.191783905029297,238400,0.0,0.0
1994-06-24 00:00:00-04:00,8.191784992476935,8.191784992476935,7.832496177017419,7.940282821655273,297200,0.0,0.0
1994-06-27 00:00:00-04:00,7.832497199924513,7.904354972400885,7.68878165497177,7.81453275680542,249600,0.0,0.0
1994-06-28 00:00:00-04:00,7.976212663388034,8.048070435130269,7.8324971199035645,7.8324971199035645,47800,0.0,0.0
1994-06-29 00:00:00-04:00,8.048068046569824,8.119925796985626,7.90435254573822,8.048068046569824,60400,0.0,0.0
1994-06-30 00:00:00-04:00,8.191779957067498,8.263637675989143,8.119922238145852,8.22770881652832,246200,0.0,0.0
1994-07-01 00:00:00-04:00,8.263641658582186,8.263641658582186,8.119926151476408,8.191783905029297,128400,0.0,0.0
1994-07-05 00:00:00-04:00,8.263642952359955,8.353465158363868,8.191785187556825,8.335500717163086,273000,0.0,0.0
1994-07-06 00:00:00-04:00,8.191785034703594,8.551073852015156,8.191785034703594,8.371429443359375,273000,0.0,0.0
1994-07-07 00:00:00-04:00,8.371428019440119,8.371428019440119,7.76063713390157,7.796566009521484,428200,0.0,0.0
1994-07-08 00:00:00-04:00,7.688781576419095,7.976212663388034,7.545066032934626,7.8324971199035645,248600,0.0,0.0
1994-07-11 00:00:00-04:00,7.976211703201225,8.012140584747176,7.904353940109322,7.940282821655273,166400,0.0,0.0
1994-07-12 00:00:00-04:00,7.97620945410295,8.119924939762463,7.904351711273193,7.904351711273193,84800,0.0,0.0
1994-07-13 00:00:00-04:00,8.048068046569824,8.191783547401428,7.90435254573822,8.048068046569824,151400,0.0,0.0
1994-07-14 00:00:00-04:00,8.119926151476408,8.191783905029297,7.9762106443706315,8.191783905029297,245000,0.0,0.0
1994-07-15 00:00:00-04:00,8.263641965072766,8.263641965072766,8.119926452636719,8.119926452636719,13400,0.0,0.0
1994-07-18 00:00:00-04:00,8.263641965072766,8.263641965072766,8.048068696418694,8.119926452636719,89400,0.0,0.0
1994-07-19 00:00:00-04:00,8.048067196932706,8.048067196932706,7.832493968443437,7.904351711273193,347800,0.0,0.0
1994-07-20 00:00:00-04:00,7.904353313617878,8.04806882841093,7.868424434919615,7.976211071014404,274800,0.0,0.0
1994-07-21 00:00:00-04:00,7.832496177017419,8.048069466293128,7.832496177017419,7.940282821655273,290000,0.0,0.0
1994-07-22 00:00:00-04:00,7.90435254573822,8.048068046569824,7.90435254573822,8.048068046569824,5800,0.0,0.0
1994-07-25 00:00:00-04:00,8.048068046569824,8.048068046569824,8.048068046569824,8.048068046569824,0,0.0,0.0
1994-07-26 00:00:00-04:00,7.904354891645799,8.119928206872503,7.8324971199035645,7.8324971199035645,125400,0.0,0.0
1994-07-27 00:00:00-04:00,7.832493968443437,7.904351711273193,7.832493968443437,7.904351711273193,342800,0.0,0.0
1994-07-28 00:00:00-04:00,7.8684260057746815,7.976212663388034,7.8324971199035645,7.8324971199035645,39200,0.0,0.0
1994-07-29 00:00:00-04:00,7.976211071014404,7.976211071014404,7.832495556221351,7.976211071014404,30000,0.0,0.0
1994-08-01 00:00:00-04:00,7.904351711273193,8.048067196932706,7.904351711273193,7.904351711273193,126600,0.0,0.0
1994-08-02 00:00:00-04:00,8.048067238298767,8.335498211095151,7.832494008701478,8.012138366699219,267200,0.0,0.0
1994-08-03 00:00:00-04:00,8.119925796985626,8.119925796985626,8.012139171361923,8.048068046569824,5400,0.0,0.0
1994-08-04 00:00:00-04:00,8.119926978352401,8.119926978352401,7.8324959348709005,7.886389255523682,67400,0.0,0.0
1994-08-05 00:00:00-04:00,7.83249516307183,7.868424039966655,7.616921901702881,7.616921901702881,239000,0.0,0.0
1994-08-08 00:00:00-04:00,7.616921058067908,7.688778803898738,7.47320556640625,7.47320556640625,74200,0.0,0.0
1994-08-09 00:00:00-04:00,7.616921901702881,7.68877965549253,7.545064147913231,7.616921901702881,32000,0.0,0.0
1994-08-10 00:00:00-04:00,7.545063880182082,7.832494885141399,7.545063880182082,7.796566009521484,87600,0.0,0.0
1994-08-11 00:00:00-04:00,7.688777350948842,8.048066012208134,7.688777350948842,7.9582438468933105,145600,0.0,0.0
1994-08-12 00:00:00-04:00,7.9043528908177425,8.263641658582186,7.9043528908177425,8.191783905029297,80600,0.0,0.0
1994-08-15 00:00:00-04:00,8.15585381117734,8.263640425421976,7.832493968443437,7.904351711273193,217000,0.0,0.0
1994-08-16 00:00:00-04:00,7.904351711273193,7.97620945410295,7.832493968443437,7.904351711273193,118800,0.0,0.0
1994-08-17 00:00:00-04:00,7.97621094020067,8.119926452636719,7.904353183982646,8.119926452636719,98600,0.0,0.0
1994-08-18 00:00:00-04:00,8.119924981497862,8.119924981497862,7.9762094950996705,8.012138366699219,256800,0.0,0.0
1994-08-19 00:00:00-04:00,7.97621094020067,8.119926452636719,7.97621094020067,8.119926452636719,25800,0.0,0.0
1994-08-22 00:00:00-04:00,8.048068046569824,8.048068046569824,8.048068046569824,8.048068046569824,800,0.0,0.0
1994-08-23 00:00:00-04:00,8.083998845971148,8.263643264770508,8.083998845971148,8.263643264770508,170400,0.0,0.0
1994-08-24 00:00:00-04:00,8.227713086963755,8.263641965072766,8.119926452636719,8.119926452636719,116600,0.0,0.0
1994-08-25 00:00:00-04:00,8.119926732761913,8.335500008852936,8.119926732761913,8.2052583694458,88600,0.0,0.0
1994-08-26 00:00:00-04:00,8.119922238145852,8.263637675989143,8.119922238145852,8.22770881652832,38400,0.0,0.0
1994-08-29 00:00:00-04:00,8.263642520825398,8.730717967654659,8.263642520825398,8.658860206604004,304200,0.0,0.0
1994-08-30 00:00:00-04:00,8.622930831268054,8.622930831268054,8.479215317413587,8.55107307434082,97600,0.0,0.0
1994-08-31 00:00:00-04:00,8.47921314239502,8.622928619384766,8.47921314239502,8.622928619384766,191800,0.0,0.0
1994-09-01 00:00:00-04:00,8.479216418688809,8.62293195120896,8.479216418688809,8.515145301818848,79200,0.0,0.0
1994-09-02 00:00:00-04:00,8.586999750137329,8.622928619384766,8.47921314239502,8.622928619384766,1000,0.0,0.0
1994-09-06 00:00:00-04:00,8.551075289072084,8.766648615687346,8.515146401302873,8.694790840148926,118000,0.0,0.0
1994-09-07 00:00:00-04:00,8.622930831268054,8.76664634512252,8.55107307434082,8.55107307434082,151200,0.0,0.0
1994-09-08 00:00:00-04:00,8.694788588195287,8.694788588195287,8.55107307434082,8.55107307434082,42400,0.0,0.0
1994-09-09 00:00:00-04:00,8.551073381456279,8.658860020718333,8.479215621948242,8.479215621948242,163400,0.0,0.0
1994-09-12 00:00:00-04:00,8.479216088552844,8.622931615477468,8.33550056162822,8.371429443359375,131600,0.0,0.0
1994-09-13 00:00:00-04:00,8.407355742021041,8.407355742021041,8.299569129943848,8.299569129943848,42400,0.0,0.0
1994-09-14 00:00:00-04:00,8.299566535449964,8.335495394910787,8.22770881652832,8.22770881652832,63800,0.0,0.0
1994-09-15 00:00:00-04:00,8.191783905029297,8.335499412135073,8.191783905029297,8.191783905029297,48200,0.0,0.0
1994-09-16 00:00:00-04:00,8.263641658582186,8.263641658582186,8.119926151476408,8.191783905029297,258000,0.0,0.0
1994-09-19 00:00:00-04:00,8.191782724696958,8.191782724696958,7.9762094950996705,8.012138366699219,178400,0.0,0.0
1994-09-20 00:00:00-04:00,7.904354567839721,7.904354567839721,7.6528523770448205,7.688781261444092,435200,0.0,0.0
1994-09-21 00:00:00-04:00,7.832493990943545,7.832493990943545,7.545063018798828,7.545063018798828,62800,0.0,0.0
1994-09-22 00:00:00-04:00,7.688781261444092,7.760639030242635,7.616923492645549,7.688781261444092,185000,0.0,0.0
1994-09-23 00:00:00-04:00,7.616923804676861,7.976212663388034,7.616923804676861,7.8324971199035645,226400,0.0,0.0
1994-09-26 00:00:00-04:00,7.832494112998928,7.904351857154881,7.832494112998928,7.868422985076904,125800,0.0,0.0
1994-09-27 00:00:00-04:00,7.97620945410295,7.97620945410295,7.832493968443437,7.904351711273193,12200,0.0,0.0
1994-09-28 00:00:00-04:00,7.904354891645799,7.904354891645799,7.76063934816133,7.8324971199035645,677600,0.0,0.0
1994-09-29 00:00:00-04:00,7.904351857154881,7.940280729232858,7.760636368842975,7.868422985076904,115200,0.0,0.0
1994-09-30 00:00:00-04:00,7.760637798824826,8.04806882841093,7.760637798824826,7.976211071014404,304200,0.0,0.0
1994-10-03 00:00:00-04:00,7.904351711273193,8.083996068347584,7.904351711273193,7.904351711273193,35800,0.0,0.0
1994-10-04 00:00:00-04:00,8.048067196932706,8.048067196932706,7.904351711273193,7.904351711273193,156200,0.0,0.0
1994-10-05 00:00:00-04:00,7.832494795322418,8.048068046569824,7.832494795322418,8.048068046569824,172800,0.0,0.0
1994-10-06 00:00:00-04:00,7.976212194691533,8.407358799809995,7.976212194691533,8.263643264770508,182800,0.0,0.0
1994-10-07 00:00:00-04:00,8.299569129943848,8.407355742021041,8.263640259251451,8.299569129943848,49000,0.0,0.0
1994-10-10 00:00:00-04:00,8.407355403900146,8.67682192325592,8.371426534652711,8.622928619384766,184000,0.0,0.0
1994-10-11 00:00:00-04:00,8.551070143341768,8.694785607935748,8.551070143341768,8.569034576416016,101200,0.0,0.0
1994-10-12 00:00:00-04:00,8.551073381456279,8.622931140964313,8.479215621948242,8.479215621948242,99200,0.0,0.0
1994-10-13 00:00:00-04:00,8.551073381456279,8.587002261210296,8.479215621948242,8.479215621948242,34000,0.0,0.0
1994-10-14 00:00:00-04:00,8.479215621948242,8.622931140964313,8.479215621948242,8.479215621948242,106000,0.0,0.0
1994-10-17 00:00:00-04:00,8.551070880889894,8.622928619384766,8.47921314239502,8.622928619384766,6200,0.0,0.0
1994-10-18 00:00:00-04:00,8.479216246769345,8.479216246769345,8.335500717163086,8.335500717163086,20200,0.0,0.0
1994-10-19 00:00:00-04:00,8.335499803559118,8.55107307434082,8.335499803559118,8.55107307434082,53800,0.0,0.0
1994-10-20 00:00:00-04:00,8.479215621948242,8.551073381456279,8.407357862440206,8.479215621948242,44600,0.0,0.0
1994-10-21 00:00:00-04:00,8.335500102932171,8.479215621948242,8.335500102932171,8.479215621948242,2800,0.0,0.0
1994-10-24 00:00:00-04:00,8.335501032290251,8.335501032290251,8.119927729731021,8.263643264770508,111200,0.0,0.0
1994-10-25 00:00:00-04:00,8.119927729731021,8.443287683569867,8.119927729731021,8.263643264770508,121600,0.0,0.0
1994-10-26 00:00:00-04:00,8.263641658582186,8.371428288911519,8.191783905029297,8.191783905029297,64600,0.0,0.0
1994-10-27 00:00:00-04:00,8.29957084318178,8.29957084318178,8.119926452636719,8.119926452636719,3600,0.0,0.0
1994-10-28 00:00:00-04:00,8.119925796985626,8.191783547401428,8.048068046569824,8.048068046569824,27600,0.0,0.0
1994-10-31 00:00:00-05:00,8.04806882841093,8.04806882841093,7.832495556221351,7.976211071014404,130000,0.0,0.0
1994-11-01 00:00:00-05:00,7.473207361557905,7.976211703201225,7.401349598466002,7.940282821655273,540400,0.0,0.0
1994-11-02 00:00:00-05:00,7.8324971199035645,7.976212663388034,7.8324971199035645,7.8324971199035645,18600,0.0,0.0
1994-11-03 00:00:00-05:00,7.976211071014404,8.119926585807457,7.976211071014404,7.976211071014404,49000,0.0,0.0
1994-11-04 00:00:00-05:00,8.119926452636719,8.191784208854743,8.048068696418694,8.119926452636719,87600,0.0,0.0
1994-11-07 00:00:00-05:00,8.191783547401428,8.191783547401428,8.048068046569824,8.048068046569824,465200,0.0,0.0
1994-11-08 00:00:00-05:00,8.048070435130269,8.048070435130269,7.8324971199035645,7.8324971199035645,180000,0.0,0.0
1994-11-09 00:00:00-05:00,7.77860172148104,7.832495035948576,7.760637283325195,7.760637283325195,47800,0.0,0.0
1994-11-10 00:00:00-05:00,7.7606388573507665,7.904354391746151,7.329492254164612,7.401350021362305,1110600,0.0,0.0
1994-11-11 00:00:00-05:00,7.329490074744591,7.54506331223708,7.329490074744591,7.47320556640625,169000,0.0,0.0
1994-11-14 00:00:00-05:00,7.329490074744591,7.47320556640625,7.329490074744591,7.47320556640625,99200,0.0,0.0
1994-11-15 00:00:00-05:00,7.47320556640625,7.5809921851524935,7.437276693490835,7.47320556640625,331800,0.0,0.0
1994-11-16 00:00:00-05:00,7.473206394123581,7.616921901702881,7.473206394123581,7.616921901702881,77400,0.0,0.0
1994-11-17 00:00:00-05:00,7.616920761835008,7.616920761835008,7.473205275762649,7.545063018798828,106600,0.0,0.0
1994-11-18 00:00:00-05:00,7.401350259197954,7.545065798211506,7.3294924896911775,7.347456932067871,48200,0.0,0.0
1994-11-21 00:00:00-05:00,7.329491571279672,7.473207092285156,6.970202768765963,7.006131649017334,1059400,0.0,0.0
1994-11-22 00:00:00-05:00,6.970202581506027,7.113918098650481,6.826487064361572,6.826487064361572,74800,0.0,0.0
1994-11-23 00:00:00-05:00,6.610911084982839,6.898342001721224,6.610911084982839,6.8085198402404785,163200,0.0,0.0
1994-11-25 00:00:00-05:00,6.754629305789345,6.898344822933799,6.754629305789345,6.826487064361572,32000,0.0,0.0
1994-11-28 00:00:00-05:00,6.898345438639323,6.898345438639323,6.467198848724365,6.467198848724365,156800,0.0,0.0
1994-11-29 00:00:00-05:00,6.610913621618392,6.754629135131836,6.46719810810495,6.754629135131836,282000,0.0,0.0
1994-11-30 00:00:00-05:00,6.754630406697591,7.113919258117676,6.754630406697591,7.113919258117676,273800,0.0,0.0
1994-12-01 00:00:00-05:00,7.113917291164398,7.113917291164398,6.898344039916992,6.898344039916992,349200,0.0,0.0
1994-12-02 00:00:00-05:00,6.934272915124893,7.042059540748596,6.82648628950119,6.898344039916992,54000,0.0,0.0
1994-12-05 00:00:00-05:00,6.826488959356911,6.970204516396004,6.826488959356911,6.9342756271362305,45600,0.0,0.0
1994-12-06 00:00:00-05:00,6.970202768765963,7.006131649017334,6.826487247760479,7.006131649017334,208200,0.0,0.0
1994-12-07 00:00:00-05:00,7.042061171555883,7.185776705669268,6.898345637442497,7.0779900550842285,174200,0.0,0.0
1994-12-08 00:00:00-05:00,7.185776050274189,7.185776050274189,6.970202768765963,7.006131649017334,64200,0.0,0.0
1994-12-09 00:00:00-05:00,7.006131495748248,7.042060375213623,6.898344857352121,7.042060375213623,68600,0.0,0.0
1994-12-12 00:00:00-05:00,7.042060529268705,7.042060529268705,6.898345008263221,7.006131649017334,61000,0.0,0.0
1994-12-13 00:00:00-05:00,6.898344857352121,7.042060375213623,6.898344857352121,7.042060375213623,9000,0.0,0.0
1994-12-14 00:00:00-05:00,6.970201790332794,6.970201790332794,6.898344039916992,6.898344039916992,14200,0.0,0.0
1994-12-15 00:00:00-05:00,6.898344857352121,7.113918134144375,6.898344857352121,7.042060375213623,359600,0.0,0.0
1994-12-16 00:00:00-05:00,7.042060375213623,7.042060375213623,6.970202616282872,7.042060375213623,4000,0.0,0.0
1994-12-19 00:00:00-05:00,7.00613260269165,7.113919258117676,6.970203717549642,7.113919258117676,24600,0.0,0.0
1994-12-20 00:00:00-05:00,6.970203717549642,7.113919258117676,6.970203717549642,7.113919258117676,73800,0.0,0.0
1994-12-21 00:00:00-05:00,7.113917527198792,7.185775279998779,7.042059774398804,7.185775279998779,60200,0.0,0.0
1994-12-22 00:00:00-05:00,7.042061487833659,7.113919258117676,7.042061487833659,7.113919258117676,136000,0.0,0.0
1994-12-23 00:00:00-05:00,7.185774438175154,7.329489926938658,7.0420589494116514,7.275596618652344,331800,0.0,0.0
1994-12-27 00:00:00-05:00,7.329492254164612,7.473207788559997,7.2576344869669205,7.401350021362305,159200,0.0,0.0
1994-12-28 00:00:00-05:00,7.3294878005981445,7.473203247668696,7.3294878005981445,7.3294878005981445,420600,0.0,0.0
1994-12-29 00:00:00-05:00,7.4732062728316695,7.760637283325195,7.4732062728316695,7.760637283325195,388400,0.0,0.0
1994-12-30 00:00:00-05:00,7.76063934816133,7.8324971199035645,7.63488824761242,7.8324971199035645,232600,0.0,0.0
1995-01-03 00:00:00-05:00,7.616921020135647,7.6887787656086255,7.365418910980225,7.365418910980225,85400,0.0,0.0
1995-01-04 00:00:00-05:00,7.329490074744591,7.47320556640625,7.329490074744591,7.47320556640625,24600,0.0,0.0
1995-01-05 00:00:00-05:00,7.3294878005981445,7.545060971203972,7.3294878005981445,7.3294878005981445,13200,0.0,0.0
1995-01-06 00:00:00-05:00,7.3294878005981445,7.545060971203972,7.3294878005981445,7.3294878005981445,310200,0.0,0.0
1995-01-09 00:00:00-05:00,7.329492258683347,7.616923327651321,7.329492258683347,7.50913667678833,59000,0.0,0.0
1995-01-10 00:00:00-05:00,7.401350021362305,7.509136672158843,7.401350021362305,7.401350021362305,6200,0.0,0.0
1995-01-11 00:00:00-05:00,7.61692273938978,7.61692273938978,7.311527252197266,7.311527252197266,316200,0.0,0.0
1995-01-12 00:00:00-05:00,7.437274385901058,7.437274385901058,7.185772353527592,7.3294878005981445,93200,0.0,0.0
1995-01-13 00:00:00-05:00,7.185772353527592,7.3294878005981445,7.185772353527592,7.3294878005981445,174200,0.0,0.0
1995-01-16 00:00:00-05:00,7.257633652005877,7.329491410936629,6.970202616282872,7.042060375213623,150400,0.0,0.0
1995-01-17 00:00:00-05:00,7.042061487833659,7.185777028401692,6.898345947265625,7.113919258117676,81400,0.0,0.0
1995-01-18 00:00:00-05:00,7.257633652005877,7.257633652005877,7.042060375213623,7.042060375213623,35600,0.0,0.0
1995-01-19 00:00:00-05:00,6.970200186770684,7.185773388423386,6.970200186770684,7.060022354125977,250400,0.0,0.0
1995-01-20 00:00:00-05:00,7.185775279998779,7.185775279998779,6.9702020215988165,7.185775279998779,505400,0.0,0.0
1995-01-23 00:00:00-05:00,7.042060375213623,7.185775893075126,7.042060375213623,7.042060375213623,5800,0.0,0.0
1995-01-24 00:00:00-05:00,7.616920761835008,7.7606362479073665,7.473205275762649,7.545063018798828,336000,0.0,0.0
1995-01-25 00:00:00-05:00,7.545063823320289,7.616921574018578,7.473206072622001,7.580992698669434,64600,0.0,0.0
1995-01-26 00:00:00-05:00,7.616923327651321,7.616923327651321,7.473207793167334,7.50913667678833,42200,0.0,0.0
1995-01-27 00:00:00-05:00,7.616922284031773,7.976211071014404,7.545064526635247,7.976211071014404,267600,0.0,0.0
1995-01-30 00:00:00-05:00,7.832495556221351,8.263642100600508,7.832495556221351,7.976211071014404,350600,0.0,0.0
1995-01-31 00:00:00-05:00,7.904351711273193,8.048067196932706,7.832493968443437,7.904351711273193,77800,0.0,0.0
1995-02-01 00:00:00-05:00,7.904353183982646,8.191784208854743,7.904353183982646,8.119926452636719,110400,0.0,0.0
1995-02-02 00:00:00-05:00,8.263643264770508,8.479216567329738,8.119927729731021,8.263643264770508,197400,0.0,0.0
1995-02-03 00:00:00-05:00,8.263642952359955,8.407358481966215,8.119927422753696,8.335500717163086,165400,0.0,0.0
1995-02-06 00:00:00-05:00,8.335498516376202,8.47921400803786,8.263640770545372,8.407356262207031,208400,0.0,0.0
1995-02-07 00:00:00-05:00,8.407357165687962,8.407357165687962,8.191783905029297,8.191783905029297,123600,0.0,0.0
1995-02-08 00:00:00-05:00,8.263641658582186,8.263641658582186,8.04806839792352,8.191783905029297,95000,0.0,0.0
1995-02-09 00:00:00-05:00,8.263643264770508,8.263643264770508,8.048069962211276,8.263643264770508,14600,0.0,0.0
1995-02-10 00:00:00-05:00,8.191783905029297,8.191783905029297,8.04806839792352,8.191783905029297,23800,0.0,0.0
1995-02-13 00:00:00-05:00,8.04806839792352,8.335499412135073,8.04806839792352,8.191783905029297,108600,0.0,0.0
1995-02-14 00:00:00-05:00,8.191779957067498,8.335495394910787,8.119922238145852,8.22770881652832,50000,0.0,0.0
1995-02-15 00:00:00-05:00,8.119922238145852,8.335495394910787,8.119922238145852,8.22770881652832,146800,0.0,0.0
1995-02-16 00:00:00-05:00,8.191783905029297,8.263641658582186,8.083997274699964,8.191783905029297,51400,0.0,0.0
1995-02-17 00:00:00-05:00,8.048069962211276,8.263643264770508,8.048069962211276,8.263643264770508,24400,0.0,0.0
1995-02-21 00:00:00-05:00,8.26364219852439,8.26364219852439,8.048068923780276,8.066033363342285,7400,0.0,0.0
1995-02-22 00:00:00-05:00,8.263640467896055,8.263640467896055,7.9762094950996705,8.012138366699219,29600,0.0,0.0
1995-02-23 00:00:00-05:00,8.119925796985626,8.119925796985626,7.976210296154022,8.048068046569824,158000,0.0,0.0
1995-02-24 00:00:00-05:00,8.048069466293128,8.11992722938503,7.904353940109322,7.940282821655273,213800,0.0,0.0
1995-02-27 00:00:00-05:00,7.904354891645799,7.976212663388034,7.76063934816133,7.8324971199035645,140000,0.0,0.0
1995-02-28 00:00:00-05:00,7.904352788571958,7.904352788571958,7.760637283325195,7.760637283325195,108400,0.0,0.0
1995-03-01 00:00:00-05:00,7.904352788571958,7.904352788571958,7.760637283325195,7.760637283325195,171800,0.0,0.0
1995-03-02 00:00:00-05:00,7.76063740928218,7.76063740928218,7.5809930248080555,7.616921901702881,107000,0.0,0.0
1995-03-03 00:00:00-05:00,7.5450657238470065,7.688781261444092,7.5450657238470065,7.688781261444092,324400,0.0,0.0
1995-03-06 00:00:00-05:00,7.68877965549253,7.68877965549253,7.473206394123581,7.616921901702881,151600,0.0,0.0
1995-03-07 00:00:00-05:00,7.616921058067908,7.616921058067908,7.40134782057542,7.47320556640625,216000,0.0,0.0
1995-03-08 00:00:00-05:00,7.401350021362305,7.473207788559997,7.401350021362305,7.401350021362305,210800,0.0,0.0
1995-03-09 00:00:00-05:00,7.40134782057542,7.54506331223708,7.40134782057542,7.47320556640625,97200,0.0,0.0
1995-03-10 00:00:00-05:00,7.545062758082109,7.545062758082109,7.4732050175289455,7.491169452667236,185000,0.0,0.0
1995-03-13 00:00:00-05:00,7.473206072622001,7.688779324716866,7.473206072622001,7.580992698669434,184800,0.0,0.0
1995-03-14 00:00:00-05:00,7.904354567839721,7.904354567839721,7.688781261444092,7.688781261444092,138200,0.0,0.0
1995-03-15 00:00:00-05:00,7.688781261444092,7.760639030242635,7.616923492645549,7.688781261444092,124400,0.0,0.0
1995-03-16 00:00:00-05:00,7.760636225613681,7.904351711273193,7.688778482783925,7.904351711273193,233400,0.0,0.0
1995-03-17 00:00:00-05:00,7.760637798824826,8.04806882841093,7.760637798824826,7.976211071014404,146200,0.0,0.0
1995-03-20 00:00:00-05:00,7.832493968443437,8.048067196932706,7.832493968443437,7.904351711273193,90600,0.0,0.0
1995-03-21 00:00:00-05:00,7.8324971199035645,7.976212663388034,7.8324971199035645,7.8324971199035645,40200,0.0,0.0
1995-03-22 00:00:00-05:00,7.832493968443437,7.958245018395511,7.79656509702856,7.904351711273193,134600,0.0,0.0
1995-03-23 00:00:00-05:00,7.904353940109322,7.976211703201225,7.904353940109322,7.940282821655273,92400,0.0,0.0
1995-03-24 00:00:00-05:00,7.90435442717179,8.263643264770508,7.90435442717179,8.263643264770508,186800,0.0,0.0
1995-03-27 00:00:00-05:00,8.263640770545372,8.407356262207031,8.191783024714542,8.407356262207031,67600,0.0,0.0
1995-03-28 00:00:00-05:00,8.33550056162822,8.551073852015156,8.33550056162822,8.371429443359375,76600,0.0,0.0
1995-03-29 00:00:00-05:00,8.40735832509053,8.479216088552844,8.299571679897063,8.371429443359375,47400,0.0,0.0
1995-03-30 00:00:00-05:00,8.29957183476152,8.479216246769345,8.29957183476152,8.335500717163086,33400,0.0,0.0
1995-03-31 00:00:00-05:00,8.263640555606527,8.479213787491913,8.263640555606527,8.461249351501465,104400,0.0,0.0
1995-04-03 00:00:00-04:00,8.2636399269104,8.622928619384766,8.2636399269104,8.622928619384766,163400,0.0,0.0
1995-04-04 00:00:00-04:00,8.69478635787964,8.766644096374511,8.47921314239502,8.622928619384766,271000,0.0,0.0
1995-04-05 00:00:00-04:00,8.622930831268054,8.76664634512252,8.55107307434082,8.55107307434082,160200,0.0,0.0
1995-04-06 00:00:00-04:00,8.479213653911245,8.694786882400512,7.904351711273193,7.904351711273193,411200,0.0,0.0
1995-04-07 00:00:00-04:00,8.155854672193527,8.191783547401428,7.90435254573822,8.048068046569824,531600,0.0,0.0
1995-04-10 00:00:00-04:00,7.904353313617878,7.976211071014404,7.832495556221351,7.976211071014404,171200,0.0,0.0
1995-04-11 00:00:00-04:00,7.904352636381228,7.904352636381228,7.68877938266174,7.796566009521484,303400,0.0,0.0
1995-04-12 00:00:00-04:00,7.760637283325195,7.904352788571958,7.688779530701814,7.760637283325195,134400,0.0,0.0
1995-04-13 00:00:00-04:00,7.688781576419095,7.8324971199035645,7.688781576419095,7.8324971199035645,110200,0.0,0.0
1995-04-17 00:00:00-04:00,7.760639030242635,7.904354567839721,7.688781261444092,7.688781261444092,70600,0.0,0.0
1995-04-18 00:00:00-04:00,7.904354567839721,7.904354567839721,7.688781261444092,7.688781261444092,316400,0.0,0.0
1995-04-19 00:00:00-04:00,7.904352788571958,7.904352788571958,7.688779530701814,7.760637283325195,127200,0.0,0.0
1995-04-20 00:00:00-04:00,7.904354567839721,7.904354567839721,7.688781261444092,7.688781261444092,163200,0.0,0.0
1995-04-21 00:00:00-04:00,7.904352788571958,7.904352788571958,7.616921778078432,7.760637283325195,188000,0.0,0.0
1995-04-24 00:00:00-04:00,7.113918289771447,7.25763381077693,6.970202768765963,7.006131649017334,1644800,0.0,0.0
1995-04-25 00:00:00-04:00,6.970203549965569,6.970203549965569,6.215696980123934,6.610914707183838,2460600,0.0,0.0
1995-04-26 00:00:00-04:00,6.682772143681844,6.682772143681844,6.395341083738539,6.467198848724365,420800,0.0,0.0
1995-04-27 00:00:00-04:00,6.3953414015148,6.610914707183838,6.3953414015148,6.610914707183838,137600,0.0,0.0
1995-04-28 00:00:00-04:00,6.503126109583993,6.610912730184833,6.395339488983154,6.395339488983154,40000,0.0,0.0
1995-05-01 00:00:00-04:00,6.610914707183838,6.682772475740184,6.3953414015148,6.610914707183838,209600,0.0,0.0
1995-05-02 00:00:00-04:00,6.539055287837982,7.1857750415802,6.539055287837982,6.898344039916992,217600,0.0,0.0
1995-05-03 00:00:00-04:00,6.970202464075269,6.970202464075269,6.610913677267265,6.628878116607666,198800,0.0,0.0
1995-05-04 00:00:00-04:00,6.790558306897273,6.826487186827946,6.539056147382559,6.574985027313232,148600,0.0,0.0
1995-05-05 00:00:00-04:00,6.682772143681844,6.682772143681844,6.323483318752713,6.467198848724365,2218000,0.0,0.0
1995-05-08 00:00:00-04:00,6.467198671613421,6.467198671613421,6.179767619541713,6.2875542640686035,166000,0.0,0.0
1995-05-09 00:00:00-04:00,6.323481741915928,6.467197236050381,6.323481741915928,6.395339488983154,581000,0.0,0.0
1995-05-10 00:00:00-04:00,6.467197870804092,6.467197870804092,6.323482362564,6.359411239624023,552600,0.0,0.0
1995-05-11 00:00:00-04:00,6.467200463468378,6.467200463468378,6.323484897613525,6.323484897613525,397600,0.0,0.0
1995-05-12 00:00:00-04:00,6.467197236050381,6.467197236050381,6.251623994848701,6.395339488983154,616800,0.0,0.0
1995-05-15 00:00:00-04:00,6.467196095374322,6.682769298553467,6.395338360981274,6.682769298553467,131800,0.0,0.0
1995-05-16 00:00:00-04:00,6.754627032946514,6.754627032946514,6.53905382976737,6.682769298553467,100000,0.0,0.0
1995-05-17 00:00:00-04:00,6.826488012852876,6.826488012852876,6.610914707183838,6.610914707183838,117800,0.0,0.0
1995-05-18 00:00:00-04:00,6.610911564160419,6.826484767339562,6.610911564160419,6.682769298553467,58400,0.0,0.0
1995-05-19 00:00:00-04:00,6.539056938627492,6.682772475740184,6.539056938627492,6.610914707183838,191600,0.0,0.0
1995-05-22 00:00:00-04:00,6.682769298553467,6.682769298553467,6.53905382976737,6.682769298553467,54200,0.0,0.0
1995-05-23 00:00:00-04:00,6.75463024429653,6.75463024429653,6.539056938627492,6.610914707183838,220000,0.0,0.0
1995-05-24 00:00:00-04:00,6.574985822905665,6.75463024429653,6.539056938627492,6.610914707183838,135800,0.0,0.0
1995-05-25 00:00:00-04:00,6.75463024429653,6.75463024429653,6.539056938627492,6.610914707183838,44000,0.0,0.0
1995-05-26 00:00:00-04:00,6.754629932383381,6.826487697621501,6.5390566366690175,6.790558815002441,97000,0.0,0.0
1995-05-30 00:00:00-04:00,6.826486891888558,6.844451331077738,6.754629135131836,6.754629135131836,32400,0.0,0.0
1995-05-31 00:00:00-04:00,6.75463024429653,6.826488012852876,6.610914707183838,6.610914707183838,48800,0.0,0.0
1995-06-01 00:00:00-04:00,6.970203717549642,7.113919258117676,6.898345947265625,7.113919258117676,253200,0.0,0.0
1995-06-02 00:00:00-04:00,7.042059774398804,7.185775279998779,6.898344268798828,7.185775279998779,128400,0.0,0.0
1995-06-05 00:00:00-04:00,7.257630077062869,7.473203247668696,7.113914629992316,7.3294878005981445,165000,0.0,0.0
1995-06-06 00:00:00-04:00,7.47320556640625,7.47320556640625,7.257632328913762,7.47320556640625,189600,0.0,0.0
1995-06-07 00:00:00-04:00,7.25763318526685,7.473206448195568,7.113917676647704,7.14984655380249,271600,0.0,0.0
1995-06-08 00:00:00-04:00,7.2576330327987675,7.2576330327987675,7.113917527198792,7.185775279998779,42800,0.0,0.0
1995-06-09 00:00:00-04:00,7.113919258117676,7.25763479868571,7.113919258117676,7.113919258117676,38400,0.0,0.0
1995-06-12 00:00:00-04:00,7.113917676647704,7.25763318526685,7.113917676647704,7.14984655380249,25200,0.0,0.0
1995-06-13 00:00:00-04:00,7.257633686065674,7.401349204601628,7.11391816752972,7.257633686065674,211400,0.0,0.0
1995-06-14 00:00:00-04:00,7.257630077062869,7.40134552413342,7.257630077062869,7.3294878005981445,85400,0.0,0.0
1995-06-15 00:00:00-04:00,7.401349390186549,7.545064912326094,7.329491629116776,7.4372782707214355,272200,0.0,0.0
1995-06-16 00:00:00-04:00,7.54506331223708,7.54506331223708,7.329490074744591,7.47320556640625,133800,0.0,0.0
1995-06-19 00:00:00-04:00,7.545063018798828,7.616920761835008,7.4013475327264695,7.545063018798828,122000,0.0,0.0
1995-06-20 00:00:00-04:00,7.616920761835008,7.652849633353098,7.473205275762649,7.545063018798828,188600,0.0,0.0
1995-06-21 00:00:00-04:00,7.54506555575769,7.616923322955381,7.401350021362305,7.401350021362305,146800,0.0,0.0
1995-06-22 00:00:00-04:00,7.40134782057542,7.54506331223708,7.40134782057542,7.47320556640625,65400,0.0,0.0
1995-06-23 00:00:00-04:00,7.401350021362305,7.54506555575769,7.401350021362305,7.401350021362305,52200,0.0,0.0
1995-06-26 00:00:00-04:00,7.401350021362305,7.54506555575769,7.329492254164612,7.401350021362305,47600,0.0,0.0
1995-06-27 00:00:00-04:00,7.473203247668696,7.545060971203972,7.3294878005981445,7.3294878005981445,414200,0.0,0.0
1995-06-28 00:00:00-04:00,7.437278084235616,7.473206963869605,7.185775926797697,7.257633686065674,108800,0.0,0.0
1995-06-29 00:00:00-04:00,7.257632328913762,7.47320556640625,7.257632328913762,7.47320556640625,102200,0.0,0.0
1995-06-30 00:00:00-04:00,7.54506555575769,7.54506555575769,7.401350021362305,7.401350021362305,59000,0.0,0.0
1995-07-03 00:00:00-04:00,7.4013475327264695,7.545063018798828,7.4013475327264695,7.545063018798828,2200,0.0,0.0
1995-07-05 00:00:00-04:00,7.40134782057542,7.54506331223708,7.40134782057542,7.47320556640625,140400,0.0,0.0
1995-07-06 00:00:00-04:00,7.4013475327264695,7.545063018798828,7.4013475327264695,7.545063018798828,134800,0.0,0.0
1995-07-07 00:00:00-04:00,7.616921901702881,7.68877965549253,7.545064147913231,7.616921901702881,295200,0.0,0.0
1995-07-10 00:00:00-04:00,7.6528523770448205,7.688781261444092,7.5450657238470065,7.688781261444092,218400,0.0,0.0
1995-07-11 00:00:00-04:00,7.68877965549253,7.68877965549253,7.545064147913231,7.616921901702881,315400,0.0,0.0
1995-07-12 00:00:00-04:00,7.473207340684048,7.724709510803223,7.473207340684048,7.724709510803223,150600,0.0,0.0
1995-07-13 00:00:00-04:00,7.652848720550537,7.760635322248432,7.616919853317905,7.652848720550537,103400,0.0,0.0
1995-07-14 00:00:00-04:00,7.616921778078432,7.760637283325195,7.616921778078432,7.760637283325195,33600,0.0,0.0
1995-07-17 00:00:00-04:00,7.832495556221351,8.04806882841093,7.616922284031773,7.976211071014404,252200,0.0,0.0
1995-07-18 00:00:00-04:00,8.048069657950565,8.335500717163086,7.832496363541175,8.335500717163086,200000,0.0,0.0
1995-07-19 00:00:00-04:00,8.191784343203983,8.191784343203983,7.832495556221351,7.976211071014404,190000,0.0,0.0
1995-07-20 00:00:00-04:00,7.832497113601752,8.191785972023851,7.832497113601752,8.15585708618164,81200,0.0,0.0
1995-07-21 00:00:00-04:00,8.191783905029297,8.191783905029297,8.04806839792352,8.191783905029297,21800,0.0,0.0
1995-07-24 00:00:00-04:00,7.9762106443706315,8.335499412135073,7.9762106443706315,8.191783905029297,151400,0.0,0.0
1995-07-25 00:00:00-04:00,8.191783547401428,8.26364129781723,8.048068046569824,8.048068046569824,72000,0.0,0.0
1995-07-26 00:00:00-04:00,8.08399834783908,8.191784992476935,7.940282821655273,7.940282821655273,217000,0.0,0.0
1995-07-27 00:00:00-04:00,8.119926452636719,8.191784208854743,7.904353183982646,8.119926452636719,145000,0.0,0.0
1995-07-28 00:00:00-04:00,8.191785187556825,8.335500717163086,8.119927422753696,8.335500717163086,204000,0.0,0.0
1995-07-31 00:00:00-04:00,8.335501032290251,8.335501032290251,8.119927729731021,8.263643264770508,229600,0.0,0.0
1995-08-01 00:00:00-04:00,8.26364129781723,8.26364129781723,7.976210296154022,8.048068046569824,125800,0.0,0.0
1995-08-02 00:00:00-04:00,8.119926452636719,8.191784208854743,8.048068696418694,8.119926452636719,109400,0.0,0.0
1995-08-03 00:00:00-04:00,7.904352788571958,7.976210541195339,7.760637283325195,7.760637283325195,59200,0.0,0.0
1995-08-04 00:00:00-04:00,7.760636225613681,7.904351711273193,7.760636225613681,7.904351711273193,67400,0.0,0.0
1995-08-07 00:00:00-04:00,7.97620945410295,7.97620945410295,7.760636225613681,7.904351711273193,26200,0.0,0.0
1995-08-08 00:00:00-04:00,7.97620945410295,7.97620945410295,7.832493968443437,7.904351711273193,27600,0.0,0.0
1995-08-09 00:00:00-04:00,7.904352788571958,7.976210541195339,7.760637283325195,7.760637283325195,106200,0.0,0.0
1995-08-10 00:00:00-04:00,7.796566159636886,7.976210541195339,7.760637283325195,7.760637283325195,97800,0.0,0.0
1995-08-11 00:00:00-04:00,7.760637283325195,7.976210541195339,7.760637283325195,7.760637283325195,138400,0.0,0.0
1995-08-14 00:00:00-04:00,7.760639030242635,7.832496799041178,7.688781261444092,7.688781261444092,110400,0.0,0.0
1995-08-15 00:00:00-04:00,7.68877965549253,7.76063740928218,7.616921901702881,7.616921901702881,30400,0.0,0.0
1995-08-16 00:00:00-04:00,7.616923492645549,7.832496799041178,7.616923492645549,7.688781261444092,19600,0.0,0.0
1995-08-17 00:00:00-04:00,7.83249516307183,7.83249516307183,7.616921901702881,7.616921901702881,63000,0.0,0.0
1995-08-18 00:00:00-04:00,7.83249516307183,7.83249516307183,7.616921901702881,7.616921901702881,3000,0.0,0.0
1995-08-21 00:00:00-04:00,7.8324971199035645,7.8324971199035645,7.616923804676861,7.8324971199035645,62000,0.0,0.0
1995-08-22 00:00:00-04:00,7.616920761835008,7.688778504871187,7.4013475327264695,7.545063018798828,125600,0.0,0.0
1995-08-23 00:00:00-04:00,7.401350021362305,7.54506555575769,7.401350021362305,7.401350021362305,12000,0.0,0.0
1995-08-24 00:00:00-04:00,7.545065879821777,7.545065879821777,7.113919258117676,7.113919258117676,103600,0.0,0.0
1995-08-25 00:00:00-04:00,7.042059774398804,7.185775279998779,7.042059774398804,7.185775279998779,466600,0.0,0.0
1995-08-28 00:00:00-04:00,7.042059774398804,7.185775279998779,7.042059774398804,7.185775279998779,43800,0.0,0.0
1995-08-29 00:00:00-04:00,7.329491445333651,7.401349204601628,7.257633686065674,7.257633686065674,50800,0.0,0.0
1995-08-30 00:00:00-04:00,7.401349204601628,7.473206963869605,7.257633686065674,7.257633686065674,22400,0.0,0.0
1995-08-31 00:00:00-04:00,7.473205529189692,7.473205529189692,7.257632292770758,7.365418910980225,13800,0.0,0.0
1995-09-01 00:00:00-04:00,7.257631923428816,7.329489665244942,7.185774181612689,7.221703052520752,153000,0.0,0.0
1995-09-05 00:00:00-04:00,7.257631923428816,7.329489665244942,7.185774181612689,7.221703052520752,168200,0.0,0.0
1995-09-06 00:00:00-04:00,7.185775775627549,7.3294912911401005,7.185775775627549,7.293562412261963,114200,0.0,0.0
1995-09-07 00:00:00-04:00,7.185772353527592,7.437274385901058,7.185772353527592,7.3294878005981445,102800,0.0,0.0
1995-09-08 00:00:00-04:00,7.257632328913762,7.47320556640625,7.257632328913762,7.47320556640625,66000,0.0,0.0
1995-09-11 00:00:00-04:00,7.329493574993706,7.545066915434698,7.25763579484671,7.527102470397949,120400,0.0,0.0
1995-09-12 00:00:00-04:00,7.473207793167334,7.545065560409327,7.473207793167334,7.50913667678833,107200,0.0,0.0
1995-09-13 00:00:00-04:00,7.473206394123581,7.616921901702881,7.473206394123581,7.616921901702881,110400,0.0,0.0
1995-09-14 00:00:00-04:00,7.616921901702881,7.616921901702881,7.473206394123581,7.616921901702881,16800,0.0,0.0
1995-09-15 00:00:00-04:00,7.616920761835008,7.616920761835008,7.473205275762649,7.545063018798828,87400,0.0,0.0
1995-09-18 00:00:00-04:00,7.473206394123581,7.616921901702881,7.473206394123581,7.616921901702881,274200,0.0,0.0
1995-09-19 00:00:00-04:00,7.473206394123581,7.68877965549253,7.473206394123581,7.616921901702881,69400,0.0,0.0
1995-09-20 00:00:00-04:00,7.688779324716866,7.688779324716866,7.473206072622001,7.580992698669434,173800,0.0,0.0
1995-09-21 00:00:00-04:00,7.688778504871187,7.688778504871187,7.545063018798828,7.545063018798828,47200,0.0,0.0
1995-09-22 00:00:00-04:00,7.545065560409327,7.688781094893314,7.473207793167334,7.50913667678833,101400,0.0,0.0
1995-09-25 00:00:00-04:00,7.473207788559997,7.616923322955381,7.401350021362305,7.401350021362305,111400,0.0,0.0
1995-09-26 00:00:00-04:00,7.473206394123581,7.616921901702881,7.419313078781343,7.616921901702881,90400,0.0,0.0
1995-09-27 00:00:00-04:00,7.40134552413342,7.473203247668696,7.3294878005981445,7.3294878005981445,350400,0.0,0.0
1995-09-28 00:00:00-04:00,7.473203247668696,7.473203247668696,7.3294878005981445,7.3294878005981445,4200,0.0,0.0
1995-09-29 00:00:00-04:00,7.329489789690291,7.545063018798828,7.329489789690291,7.545063018798828,35400,0.0,0.0
1995-10-02 00:00:00-04:00,7.473203247668696,7.545060971203972,7.3294878005981445,7.3294878005981445,26400,0.0,0.0
1995-10-03 00:00:00-04:00,7.47320556640625,7.47320556640625,7.329490074744591,7.47320556640625,3400,0.0,0.0
1995-10-04 00:00:00-04:00,7.329491629116776,7.473207151256322,7.329491629116776,7.4372782707214355,39000,0.0,0.0
1995-10-05 00:00:00-04:00,7.1857750415802,7.1857750415802,6.898344039916992,6.898344039916992,483000,0.0,0.0
1995-10-06 00:00:00-04:00,7.042059540748596,7.042059540748596,6.82648628950119,6.898344039916992,95600,0.0,0.0
1995-10-09 00:00:00-04:00,6.826485108564245,6.970200584534018,6.718698501586914,6.718698501586914,105600,0.0,0.0
1995-10-10 00:00:00-04:00,6.682770362267127,6.682770362267127,6.3953393789438095,6.539054870605469,114600,0.0,0.0
1995-10-11 00:00:00-04:00,6.682772475740184,6.682772475740184,6.4671991700711455,6.610914707183838,231600,0.0,0.0
1995-10-12 00:00:00-04:00,6.682769298553467,6.682769298553467,6.467196095374322,6.682769298553467,65000,0.0,0.0
1995-10-13 00:00:00-04:00,6.682772143681844,6.682772143681844,6.467198848724365,6.467198848724365,6600,0.0,0.0
1995-10-16 00:00:00-04:00,6.467198848724365,6.682772143681844,6.467198848724365,6.467198848724365,24600,0.0,0.0
1995-10-17 00:00:00-04:00,6.4671991700711455,6.682772475740184,6.4671991700711455,6.610914707183838,93600,0.0,0.0
1995-10-18 00:00:00-04:00,6.682772475740184,6.682772475740184,6.539056938627492,6.610914707183838,13600,0.0,0.0
1995-10-19 00:00:00-04:00,6.682771667105253,6.682771667105253,6.467198387521212,6.574985027313232,323000,0.0,0.0
1995-10-20 00:00:00-04:00,6.467198848724365,6.610914378696018,6.467198848724365,6.467198848724365,358400,0.0,0.0
1995-10-23 00:00:00-04:00,6.610912616436298,6.610912616436298,6.467197124774639,6.539054870605469,2400,0.0,0.0
1995-10-24 00:00:00-04:00,6.610911840680002,6.610911840680002,6.197729850637502,6.251623153686523,459800,0.0,0.0
1995-10-25 00:00:00-04:00,6.395341384841735,6.395341384841735,5.892337006258677,5.9641947746276855,451000,0.0,0.0
1995-10-26 00:00:00-04:00,5.964192295074463,6.251623249053956,5.89233455657959,6.107907772064209,797000,0.0,0.0
1995-10-27 00:00:00-04:00,6.107907678889132,6.251623153686523,6.107907678889132,6.251623153686523,331600,0.0,0.0
1995-10-30 00:00:00-05:00,6.251623153686523,6.251623153686523,6.036049941490437,6.251623153686523,309600,0.0,0.0
1995-10-31 00:00:00-05:00,6.179768085479736,6.395341390787169,6.179768085479736,6.179768085479736,75200,0.0,0.0
1995-11-01 00:00:00-05:00,6.179769331758672,6.395342680540952,6.179769331758672,6.323484897613525,73200,0.0,0.0
1995-11-02 00:00:00-05:00,6.3953414015148,6.826488012852876,6.359412517236627,6.610914707183838,168800,0.0,0.0
1995-11-03 00:00:00-05:00,6.610911894609584,6.826485108564245,6.610911894609584,6.718698501586914,21600,0.0,0.0
1995-11-06 00:00:00-05:00,6.826488012852876,6.826488012852876,6.610914707183838,6.610914707183838,154600,0.0,0.0
1995-11-07 00:00:00-05:00,6.610914707183838,6.826488012852876,6.610914707183838,6.610914707183838,31600,0.0,0.0
1995-11-08 00:00:00-05:00,6.610914707183838,6.826488012852876,6.610914707183838,6.610914707183838,82200,0.0,0.0
1995-11-09 00:00:00-05:00,6.826487064361572,6.826487064361572,6.610913788644891,6.826487064361572,187400,0.0,0.0
1995-11-10 00:00:00-05:00,6.610914707183838,6.826488012852876,6.610914707183838,6.610914707183838,85600,0.0,0.0
1995-11-13 00:00:00-05:00,6.6827696325944705,6.898342846549132,6.6827696325944705,6.718698501586914,454800,0.0,0.0
1995-11-14 00:00:00-05:00,6.898345781409223,6.898345781409223,6.539056938627492,6.610914707183838,109400,0.0,0.0
1995-11-15 00:00:00-05:00,6.5390558648616715,6.754629135131836,6.5390558648616715,6.754629135131836,304800,0.0,0.0
1995-11-16 00:00:00-05:00,6.5390558648616715,6.754629135131836,6.5390558648616715,6.754629135131836,253200,0.0,0.0
1995-11-17 00:00:00-05:00,6.539056938627492,6.682772475740184,6.539056938627492,6.610914707183838,58800,0.0,0.0
1995-11-20 00:00:00-05:00,6.53905382976737,6.682769298553467,6.53905382976737,6.682769298553467,59600,0.0,0.0
1995-11-21 00:00:00-05:00,6.539057415493286,6.682772963086545,6.467199641696656,6.503128528594971,187000,0.0,0.0
1995-11-22 00:00:00-05:00,6.682769298553467,6.682769298553467,6.467196095374322,6.682769298553467,216400,0.0,0.0
1995-11-24 00:00:00-05:00,6.682772475740184,6.682772475740184,6.539056938627492,6.610914707183838,37400,0.0,0.0
1995-11-27 00:00:00-05:00,6.539057721318425,6.736666608501125,6.539057721318425,6.646844387054443,976800,0.0,0.0
1995-11-28 00:00:00-05:00,6.754628539085388,6.898344039916992,6.610913038253784,6.898344039916992,157400,0.0,0.0
1995-11-29 00:00:00-05:00,6.898344857352121,7.113918134144375,6.754629339490618,7.042060375213623,204000,0.0,0.0
1995-11-30 00:00:00-05:00,7.185776106977232,7.545064912326094,7.11391834590746,7.4372782707214355,502400,0.0,0.0
1995-12-01 00:00:00-05:00,7.47320556640625,7.54506331223708,7.40134782057542,7.47320556640625,196600,0.0,0.0
1995-12-04 00:00:00-05:00,7.54506331223708,7.616921058067908,7.40134782057542,7.47320556640625,142800,0.0,0.0
1995-12-05 00:00:00-05:00,7.401349390186549,7.545064912326094,7.401349390186549,7.4372782707214355,24400,0.0,0.0
1995-12-06 00:00:00-05:00,7.473206268384439,7.545064020965059,7.40134851580382,7.419312953948975,95000,0.0,0.0
1995-12-07 00:00:00-05:00,7.40134552413342,7.473203247668696,7.3294878005981445,7.3294878005981445,350800,0.0,0.0
1995-12-08 00:00:00-05:00,7.257630077062869,7.473203247668696,7.257630077062869,7.3294878005981445,52600,0.0,0.0
1995-12-11 00:00:00-05:00,7.257630077062869,7.3294878005981445,7.257630077062869,7.3294878005981445,138000,0.0,0.0
1995-12-12 00:00:00-05:00,7.185775279998779,7.329490785598756,7.185775279998779,7.185775279998779,8600,0.0,0.0
1995-12-13 00:00:00-05:00,7.185775279998779,7.2576330327987675,7.185775279998779,7.185775279998779,25200,0.0,0.0
1995-12-14 00:00:00-05:00,7.2576330327987675,7.2576330327987675,7.113917527198792,7.185775279998779,94000,0.0,0.0
1995-12-15 00:00:00-05:00,7.113916500327513,7.113916500327513,6.970201015472412,6.970201015472412,31600,0.0,0.0
1995-12-18 00:00:00-05:00,6.970202768765963,7.042060529268705,6.970202768765963,7.006131649017334,427000,0.0,0.0
1995-12-19 00:00:00-05:00,7.006131495748248,7.042060375213623,7.006131495748248,7.042060375213623,7600,0.0,0.0
1995-12-20 00:00:00-05:00,7.02409674357442,7.401350021362305,7.006132301774997,7.401350021362305,141800,0.0,0.0
1995-12-21 00:00:00-05:00,7.29356337506235,7.598958885840823,7.29356337506235,7.50913667678833,329000,0.0,0.0
1995-12-22 00:00:00-05:00,7.545064912326094,7.545064912326094,7.329491629116776,7.4372782707214355,160200,0.0,0.0
1995-12-26 00:00:00-05:00,7.329490038243736,7.473205529189692,7.329490038243736,7.365418910980225,16000,0.0,0.0
1995-12-27 00:00:00-05:00,7.3294878005981445,7.40134552413342,7.3294878005981445,7.3294878005981445,42200,0.0,0.0
1995-12-28 00:00:00-05:00,7.473207788559997,7.473207788559997,7.365421137763459,7.401350021362305,190400,0.0,0.0
1995-12-29 00:00:00-05:00,7.329490074744591,7.47320556640625,7.329490074744591,7.47320556640625,10800,0.0,0.0
1996-01-02 00:00:00-05:00,7.401348538398743,7.401348538398743,7.185775279998779,7.185775279998779,32600,0.0,0.0
1996-01-03 00:00:00-05:00,7.40134740706107,7.40134740706107,7.185774181612689,7.221703052520752,4400,0.0,0.0
1996-01-04 00:00:00-05:00,7.40134740706107,7.40134740706107,7.185774181612689,7.221703052520752,18800,0.0,0.0
1996-01-05 00:00:00-05:00,6.682771611921858,7.257633686065674,6.539056093385904,7.257633686065674,199000,0.0,0.0
1996-01-08 00:00:00-05:00,7.042060408261743,7.257633686065674,7.042060408261743,7.257633686065674,23400,0.0,0.0
1996-01-09 00:00:00-05:00,7.113916500327513,7.2576319851826145,6.970201015472412,6.970201015472412,44800,0.0,0.0
1996-01-10 00:00:00-05:00,6.898344822933799,7.042060340078254,6.754629305789345,6.826487064361572,167800,0.0,0.0
1996-01-11 00:00:00-05:00,6.754629135131836,6.8983446486452795,6.754629135131836,6.754629135131836,113200,0.0,0.0
1996-01-12 00:00:00-05:00,6.754628539085388,6.898344039916992,6.754628539085388,6.898344039916992,4400,0.0,0.0
1996-01-15 00:00:00-05:00,6.754629932383381,6.790558815002441,6.754629932383381,6.790558815002441,400,0.0,0.0
1996-01-16 00:00:00-05:00,6.754627032946514,6.754627032946514,6.682769298553467,6.682769298553467,16000,0.0,0.0
1996-01-17 00:00:00-05:00,6.718698501586914,6.718698501586914,6.718698501586914,6.718698501586914,9200,0.0,0.0
1996-01-18 00:00:00-05:00,6.682769298553467,6.682769298553467,6.682769298553467,6.682769298553467,3600,0.0,0.0
1996-01-19 00:00:00-05:00,6.898345438639323,6.898345438639323,6.467198848724365,6.467198848724365,64000,0.0,0.0
1996-01-22 00:00:00-05:00,6.3953401166840464,6.539055624924137,6.359411239624023,6.359411239624023,13200,0.0,0.0
1996-01-23 00:00:00-05:00,6.323483145577567,6.539056434631347,6.25162538255964,6.2875542640686035,35200,0.0,0.0
1996-01-24 00:00:00-05:00,6.395341228198454,6.395341228198454,6.17976792837154,6.215696811676025,25600,0.0,0.0
1996-01-25 00:00:00-05:00,6.179766247781474,6.395339488983154,6.179766247781474,6.395339488983154,2400,0.0,0.0
1996-01-26 00:00:00-05:00,6.395338628483915,6.395338628483915,6.179765416287828,6.251623153686523,26400,0.0,0.0
1996-01-29 00:00:00-05:00,6.2875542640686035,6.2875542640686035,6.25162538255964,6.2875542640686035,33600,0.0,0.0
1996-01-30 00:00:00-05:00,6.179765416287828,6.395338628483915,6.179765416287828,6.251623153686523,52600,0.0,0.0
1996-01-31 00:00:00-05:00,6.179765416287828,6.32348089108522,6.179765416287828,6.251623153686523,83000,0.0,0.0
1996-02-01 00:00:00-05:00,6.179766141451322,6.539054870605469,6.179766141451322,6.539054870605469,102600,0.0,0.0
1996-02-02 00:00:00-05:00,6.5390566366690175,6.898345462859623,6.5390566366690175,6.790558815002441,594400,0.0,0.0
1996-02-05 00:00:00-05:00,6.898346737876457,7.04206229491555,6.826488959356911,6.9342756271362305,201400,0.0,0.0
1996-02-06 00:00:00-05:00,6.970203677451502,6.970203677451502,6.898345907580868,6.907328128814697,139600,0.0,0.0
1996-02-07 00:00:00-05:00,6.826486891888558,6.970202405402001,6.682771378375114,6.754629135131836,27400,0.0,0.0
1996-02-08 00:00:00-05:00,6.682769298553467,6.682769298553467,6.682769298553467,6.682769298553467,800,0.0,0.0
1996-02-09 00:00:00-05:00,6.682769298553467,6.826484767339562,6.682769298553467,6.682769298553467,7800,0.0,0.0
1996-02-12 00:00:00-05:00,6.682769298553467,6.682769298553467,6.682769298553467,6.682769298553467,4400,0.0,0.0
1996-02-13 00:00:00-05:00,6.682771398134881,6.898344669042458,6.682771398134881,6.862415790557861,222200,0.0,0.0
1996-02-14 00:00:00-05:00,6.682771378375114,6.826486891888558,6.682771378375114,6.754629135131836,33800,0.0,0.0
1996-02-15 00:00:00-05:00,6.6827717267549955,7.024096089143019,6.6827717267549955,7.006131649017334,137600,0.0,0.0
1996-02-16 00:00:00-05:00,6.826487064361572,7.042060340078254,6.826487064361572,6.826487064361572,32200,0.0,0.0
1996-02-20 00:00:00-05:00,6.826488959356911,7.04206229491555,6.826488959356911,6.9342756271362305,132800,0.0,0.0
1996-02-21 00:00:00-05:00,6.826487064361572,6.826487064361572,6.826487064361572,6.826487064361572,2200,0.0,0.0
1996-02-22 00:00:00-05:00,6.826488959356911,7.04206229491555,6.826488959356911,6.9342756271362305,125000,0.0,0.0
1996-02-23 00:00:00-05:00,7.042059091421274,7.509134439321665,6.826485853928786,7.47320556640625,389200,0.0,0.0
1996-02-26 00:00:00-05:00,7.329490615660886,7.473206117928746,7.257632864526955,7.455241680145264,72000,0.0,0.0
1996-02-27 00:00:00-05:00,7.4732062728316695,7.796566159636886,7.4732062728316695,7.760637283325195,319600,0.0,0.0
1996-02-28 00:00:00-05:00,7.688781261444092,7.796567914641907,7.688781261444092,7.688781261444092,105400,0.0,0.0
1996-02-29 00:00:00-05:00,7.68877938266174,7.796566009521484,7.616921631421911,7.796566009521484,29600,0.0,0.0
1996-03-01 00:00:00-05:00,7.796567076070296,7.796567076070296,7.437278270721435,7.4372782707214355,51200,0.0,0.0
1996-03-04 00:00:00-05:00,7.4013475327264695,7.545063018798828,7.4013475327264695,7.545063018798828,11600,0.0,0.0
1996-03-05 00:00:00-05:00,7.401350021362305,7.401350021362305,7.401350021362305,7.401350021362305,4200,0.0,0.0
1996-03-06 00:00:00-05:00,7.545063018798828,7.545063018798828,7.473205275762649,7.545063018798828,15200,0.0,0.0
1996-03-07 00:00:00-05:00,7.545060971203972,7.545060971203972,7.3294878005981445,7.3294878005981445,77200,0.0,0.0
1996-03-08 00:00:00-05:00,7.329490542411804,7.401348292827606,6.754628539085388,6.898344039916992,97000,0.0,0.0
1996-03-11 00:00:00-05:00,6.862415164709091,6.898344039916992,6.754628539085388,6.898344039916992,64600,0.0,0.0
1996-03-12 00:00:00-05:00,6.862414401831086,6.970201015472412,6.862414401831086,6.970201015472412,3400,0.0,0.0
1996-03-13 00:00:00-05:00,6.970202405402001,6.970202405402001,6.754629135131836,6.754629135131836,7400,0.0,0.0
1996-03-14 00:00:00-05:00,6.970204516396004,6.970204516396004,6.7546311808373645,6.9342756271362305,186400,0.0,0.0
1996-03-15 00:00:00-05:00,6.898344039916992,7.329490542411804,6.898344039916992,6.898344039916992,129600,0.0,0.0
1996-03-18 00:00:00-05:00,6.898344268798828,7.2576330327987675,6.898344268798828,7.185775279998779,56200,0.0,0.0
1996-03-19 00:00:00-05:00,7.329489926938658,7.545063160083912,7.113916693793403,7.275596618652344,203200,0.0,0.0
1996-03-20 00:00:00-05:00,7.329492568969727,7.329492568969727,7.113919258117676,7.113919258117676,26200,0.0,0.0
1996-03-21 00:00:00-05:00,7.113917527198792,7.185775279998779,7.113917527198792,7.185775279998779,29400,0.0,0.0
1996-03-22 00:00:00-05:00,7.329490785598756,7.329490785598756,7.185775279998779,7.185775279998779,4000,0.0,0.0
1996-03-25 00:00:00-05:00,7.329490038243736,7.473205529189692,7.257632292770758,7.365418910980225,55600,0.0,0.0
1996-03-26 00:00:00-05:00,7.329492254164612,7.473207788559997,7.329492254164612,7.401350021362305,19000,0.0,0.0
1996-03-27 00:00:00-05:00,7.473206963869605,7.473206963869605,7.257633686065674,7.257633686065674,1600,0.0,0.0
1996-03-28 00:00:00-05:00,7.257633686065674,7.257633686065674,7.185775926797697,7.257633686065674,27800,0.0,0.0
1996-03-29 00:00:00-05:00,7.257631923428816,7.257631923428816,7.221703052520752,7.221703052520752,5800,0.0,0.0
1996-04-01 00:00:00-05:00,7.329490785598756,7.616921796798707,7.185775279998779,7.185775279998779,249000,0.0,0.0
1996-04-02 00:00:00-05:00,7.257630077062869,7.473203247668696,7.257630077062869,7.3294878005981445,77400,0.0,0.0
1996-04-03 00:00:00-05:00,7.329490074744591,7.509134439321665,7.329490074744591,7.47320556640625,28600,0.0,0.0
1996-04-04 00:00:00-05:00,7.3294878005981445,7.509132109436334,7.3294878005981445,7.3294878005981445,6800,0.0,0.0
1996-04-08 00:00:00-04:00,7.221704156398774,7.293561909198761,7.185775279998779,7.185775279998779,15800,0.0,0.0
1996-04-09 00:00:00-04:00,7.329491629116776,7.509136031791208,7.185776106977232,7.4372782707214355,123200,0.0,0.0
1996-04-10 00:00:00-04:00,7.437278904961151,7.54506555575769,7.293563370565766,7.401350021362305,33000,0.0,0.0
1996-04-11 00:00:00-04:00,7.50913667678833,7.50913667678833,7.40135002592534,7.50913667678833,5000,0.0,0.0
1996-04-12 00:00:00-04:00,7.473205529189692,7.473205529189692,7.365418910980225,7.365418910980225,4200,0.0,0.0
1996-04-15 00:00:00-04:00,7.50913667678833,7.50913667678833,7.365421142304343,7.50913667678833,34800,0.0,0.0
1996-04-16 00:00:00-04:00,7.437278909546337,7.50913667678833,7.365421142304343,7.50913667678833,46800,0.0,0.0
1996-04-17 00:00:00-04:00,7.365418947660006,7.509134439321665,7.293561201829177,7.47320556640625,287600,0.0,0.0
1996-04-18 00:00:00-04:00,7.473206963869605,7.473206963869605,7.257633686065674,7.257633686065674,22200,0.0,0.0
1996-04-19 00:00:00-04:00,7.329490785598756,7.401348538398743,7.185775279998779,7.185775279998779,40600,0.0,0.0
1996-04-22 00:00:00-04:00,7.185776719769228,7.401350021362305,7.185776719769228,7.401350021362305,4600,0.0,0.0
1996-04-23 00:00:00-04:00,7.185774547297781,7.401347783716714,7.185774547297781,7.365418910980225,92000,0.0,0.0
1996-04-24 00:00:00-04:00,7.473207788559997,7.473207788559997,7.293563370565766,7.401350021362305,126800,0.0,0.0
1996-04-25 00:00:00-04:00,7.473207151256322,7.509136031791208,7.29356274858189,7.4372782707214355,72200,0.0,0.0
1996-04-26 00:00:00-04:00,7.437277927774513,7.437277927774513,7.293562412261962,7.293562412261963,120400,0.0,0.0
1996-04-29 00:00:00-04:00,7.509134147280739,7.616920761835008,7.329489789690291,7.545063018798828,999000,0.0,0.0
1996-04-30 00:00:00-04:00,7.688779630159077,8.191783905029297,7.616921876606188,8.191783905029297,558200,0.0,0.0
1996-05-01 00:00:00-04:00,8.227714381010635,8.335501032290251,8.119927729731021,8.263643264770508,308200,0.0,0.0
1996-05-02 00:00:00-04:00,8.119923731486002,8.26363919576009,8.048065999348958,8.08399486541748,480400,0.0,0.0
1996-05-03 00:00:00-04:00,8.048068046569824,8.119925796985626,8.048068046569824,8.048068046569824,35800,0.0,0.0
1996-05-06 00:00:00-04:00,8.119926585807457,8.119926585807457,7.976211071014404,7.976211071014404,141400,0.0,0.0
1996-05-07 00:00:00-04:00,8.11992820033943,8.15585708618164,7.976212656970591,8.15585708618164,47800,0.0,0.0
1996-05-08 00:00:00-04:00,8.04806839792352,8.191783905029297,8.012139521147075,8.191783905029297,34200,0.0,0.0
1996-05-09 00:00:00-04:00,8.191785034703594,8.40735832509053,8.04806950777897,8.371429443359375,84600,0.0,0.0
1996-05-10 00:00:00-04:00,8.191785497250764,8.335501032290251,8.191785497250764,8.263643264770508,201200,0.0,0.0
1996-05-13 00:00:00-04:00,8.335500254529586,8.587002417381774,8.335500254529586,8.443286895751953,175400,0.0,0.0
1996-05-14 00:00:00-04:00,8.407357165687962,8.443286042464408,8.191783905029297,8.191783905029297,244200,0.0,0.0
1996-05-15 00:00:00-04:00,8.263641965072766,8.263641965072766,8.119926452636719,8.119926452636719,14600,0.0,0.0
1996-05-16 00:00:00-04:00,7.976212656970591,8.15585708618164,7.976212656970591,8.15585708618164,15600,0.0,0.0
1996-05-17 00:00:00-04:00,8.191784208854743,8.191784208854743,7.97621094020067,8.119926452636719,30800,0.0,0.0
1996-05-20 00:00:00-04:00,8.119926452636719,8.119926452636719,7.97621094020067,8.119926452636719,272000,0.0,0.0
1996-05-21 00:00:00-04:00,8.11992820033943,8.15585708618164,7.976212656970591,8.15585708618164,10600,0.0,0.0
1996-05-22 00:00:00-04:00,8.191784208854743,8.263641965072766,7.97621094020067,8.119926452636719,135400,0.0,0.0
1996-05-23 00:00:00-04:00,8.191782517866654,8.335498000636246,8.11992477648186,8.299569129943848,222800,0.0,0.0
1996-05-24 00:00:00-04:00,8.335500717163086,8.335500717163086,8.155856305155261,8.335500717163086,5600,0.0,0.0
1996-05-28 00:00:00-04:00,8.335501032290251,8.335501032290251,8.155856613490892,8.263643264770508,7800,0.0,0.0
1996-05-29 00:00:00-04:00,8.335500461452611,8.335500461452611,8.119927173656421,8.173820495605469,23400,0.0,0.0
1996-05-30 00:00:00-04:00,8.191784208854743,8.191784208854743,8.119926452636719,8.119926452636719,48400,0.0,0.0
1996-05-31 00:00:00-04:00,8.191784208854743,8.191784208854743,8.119926452636719,8.119926452636719,7000,0.0,0.0
1996-06-03 00:00:00-04:00,8.191785497250764,8.335501032290251,8.119927729731021,8.263643264770508,125600,0.0,0.0
1996-06-04 00:00:00-04:00,8.263643264770508,8.263643264770508,8.119927729731021,8.263643264770508,36400,0.0,0.0
1996-06-05 00:00:00-04:00,8.263643264770508,8.263643264770508,8.119927729731021,8.263643264770508,102000,0.0,0.0
1996-06-06 00:00:00-04:00,8.263643264770508,8.263643264770508,8.083998845971148,8.263643264770508,104400,0.0,0.0
1996-06-07 00:00:00-04:00,8.191784208854743,8.191784208854743,8.048068696418694,8.119926452636719,45200,0.0,0.0
1996-06-10 00:00:00-04:00,8.083997574527707,8.119926452636719,7.97621094020067,8.119926452636719,135400,0.0,0.0
1996-06-11 00:00:00-04:00,8.119925796985626,8.119925796985626,7.976210296154022,8.048068046569824,5200,0.0,0.0
1996-06-12 00:00:00-04:00,8.048068046569824,8.155854672193527,7.976210296154022,8.048068046569824,22600,0.0,0.0
1996-06-13 00:00:00-04:00,7.976211071014404,8.15585546450572,7.976211071014404,7.976211071014404,9400,0.0,0.0
1996-06-14 00:00:00-04:00,7.976210296154022,8.155854672193527,7.976210296154022,8.048068046569824,6200,0.0,0.0
1996-06-17 00:00:00-04:00,8.048070428655011,8.15585708618164,7.976212656970591,8.15585708618164,15000,0.0,0.0
1996-06-18 00:00:00-04:00,8.083997274699964,8.191783905029297,7.9762106443706315,8.191783905029297,27600,0.0,0.0
1996-06-19 00:00:00-04:00,8.191783547401428,8.191783547401428,7.976210296154022,8.048068046569824,253800,0.0,0.0
1996-06-20 00:00:00-04:00,8.048067238298767,8.119924981497862,7.9762094950996705,8.012138366699219,27400,0.0,0.0
1996-06-21 00:00:00-04:00,8.119926452636719,8.119926452636719,7.97621094020067,8.119926452636719,15200,0.0,0.0
1996-06-24 00:00:00-04:00,8.119926585807457,8.119926585807457,7.976211071014404,7.976211071014404,12000,0.0,0.0
1996-06-25 00:00:00-04:00,8.119926585807457,8.119926585807457,7.976211071014404,7.976211071014404,42000,0.0,0.0
1996-06-26 00:00:00-04:00,8.119926452636719,8.119926452636719,7.97621094020067,8.119926452636719,17000,0.0,0.0
1996-06-27 00:00:00-04:00,7.976211071014404,8.119926585807457,7.976211071014404,7.976211071014404,79600,0.0,0.0
1996-06-28 00:00:00-04:00,7.940281664883649,7.976210541195339,7.616921778078432,7.760637283325195,141200,0.0,0.0
1996-07-01 00:00:00-04:00,7.724708258281655,7.796566009521484,7.616921631421911,7.796566009521484,34200,0.0,0.0
1996-07-02 00:00:00-04:00,7.796567273694415,7.796567273694415,7.65285174791203,7.724709510803223,35600,0.0,0.0
1996-07-03 00:00:00-04:00,7.652850507041825,7.796566009521484,7.652850507041825,7.796566009521484,8200,0.0,0.0
1996-07-05 00:00:00-04:00,7.6528523770448205,7.688781261444092,7.6528523770448205,7.688781261444092,4600,0.0,0.0
1996-07-08 00:00:00-04:00,7.652851553930752,7.652851553930752,7.437278270721435,7.4372782707214355,49600,0.0,0.0
1996-07-09 00:00:00-04:00,7.437276693490835,7.54506331223708,7.437276693490835,7.47320556640625,19600,0.0,0.0
1996-07-10 00:00:00-04:00,7.545063018798828,7.545063018798828,7.437276404244559,7.545063018798828,2800,0.0,0.0
1996-07-11 00:00:00-04:00,7.437276656453203,7.545063274662669,7.365418910980225,7.365418910980225,38800,0.0,0.0
1996-07-12 00:00:00-04:00,7.365418536153006,7.437276277969133,7.221703052520752,7.221703052520752,56600,0.0,0.0
1996-07-15 00:00:00-04:00,7.185775926797697,7.257633686065674,7.077989287895731,7.257633686065674,4400,0.0,0.0
1996-07-16 00:00:00-04:00,7.221706741214416,7.221706741214416,6.826488959356911,6.9342756271362305,265600,0.0,0.0
1996-07-17 00:00:00-04:00,6.970201790332794,6.970201790332794,6.82648628950119,6.898344039916992,545800,0.0,0.0
1996-07-18 00:00:00-04:00,7.042060182980842,7.042060182980842,6.826486912073266,6.862415790557861,4400,0.0,0.0
1996-07-19 00:00:00-04:00,6.934273736817497,7.042060375213623,6.862415977886745,7.042060375213623,30000,0.0,0.0
1996-07-22 00:00:00-04:00,6.826486912073266,6.898344669042458,6.754629155104073,6.862415790557861,152200,0.0,0.0
1996-07-23 00:00:00-04:00,6.898345462859623,6.898345462859623,6.754629932383381,6.790558815002441,173800,0.0,0.0
1996-07-24 00:00:00-04:00,6.682771378375114,6.754629135131836,6.682771378375114,6.754629135131836,40200,0.0,0.0
1996-07-25 00:00:00-04:00,6.826487064361572,6.826487064361572,6.610913788644891,6.826487064361572,174200,0.0,0.0
1996-07-26 00:00:00-04:00,6.682772167145259,6.826487697621501,6.682772167145259,6.790558815002441,63800,0.0,0.0
1996-07-29 00:00:00-04:00,6.718698501586914,6.826485108564245,6.6827696325944705,6.718698501586914,15800,0.0,0.0
1996-07-30 00:00:00-04:00,6.754627032946514,6.826484767339562,6.682769298553467,6.682769298553467,5400,0.0,0.0
1996-07-31 00:00:00-04:00,6.826488012852876,6.826488012852876,6.610914707183838,6.610914707183838,29400,0.0,0.0
1996-08-01 00:00:00-04:00,6.754629135131836,6.754629135131836,6.610913621618392,6.754629135131836,16400,0.0,0.0
1996-08-02 00:00:00-04:00,6.754629305789345,6.826487064361572,6.610913788644891,6.826487064361572,45800,0.0,0.0
1996-08-05 00:00:00-04:00,6.826485925591084,7.18577465851693,6.826485925591084,6.988165855407715,217000,0.0,0.0
1996-08-06 00:00:00-04:00,7.113918394816487,7.239669477553142,6.970202871688881,7.20374059677124,322600,0.0,0.0
1996-08-07 00:00:00-04:00,7.149843491759954,7.3294878005981445,7.149843491759954,7.3294878005981445,70200,0.0,0.0
1996-08-08 00:00:00-04:00,7.257633686065674,7.257633686065674,7.185775926797697,7.257633686065674,18200,0.0,0.0
1996-08-09 00:00:00-04:00,7.329490785598756,7.401348538398743,7.185775279998779,7.185775279998779,30600,0.0,0.0
1996-08-12 00:00:00-04:00,7.185777028401692,7.329492568969727,7.042061487833659,7.113919258117676,85400,0.0,0.0
1996-08-13 00:00:00-04:00,7.113916500327513,7.113916500327513,6.970201015472412,6.970201015472412,10000,0.0,0.0
1996-08-14 00:00:00-04:00,6.898344039916992,6.898344039916992,6.898344039916992,6.898344039916992,4000,0.0,0.0
1996-08-15 00:00:00-04:00,6.898344039916992,6.898344039916992,6.898344039916992,6.898344039916992,0,0.0,0.0
1996-08-16 00:00:00-04:00,7.113917291164398,7.113917291164398,6.898344039916992,6.898344039916992,41200,0.0,0.0
1996-08-19 00:00:00-04:00,7.042060375213623,7.042060375213623,6.898344857352121,7.042060375213623,15200,0.0,0.0
1996-08-20 00:00:00-04:00,7.042060375213623,7.113918134144375,6.970202616282872,7.042060375213623,103400,0.0,0.0
1996-08-21 00:00:00-04:00,7.042060375213623,7.113918134144375,6.970202616282872,7.042060375213623,11600,0.0,0.0
1996-08-22 00:00:00-04:00,6.970201015472412,7.1857742427550635,6.970201015472412,6.970201015472412,5400,0.0,0.0
1996-08-23 00:00:00-04:00,6.9702020215988165,7.185775279998779,6.9702020215988165,7.185775279998779,7600,0.0,0.0
1996-08-26 00:00:00-04:00,6.970201015472412,7.006129886686187,6.970201015472412,6.970201015472412,19400,0.0,0.0
1996-08-27 00:00:00-04:00,7.149845371541288,7.149845371541288,6.970201015472412,6.970201015472412,11200,0.0,0.0
1996-08-28 00:00:00-04:00,7.1498471700228174,7.185776050274189,6.970202768765963,7.006131649017334,80800,0.0,0.0
1996-08-29 00:00:00-04:00,7.185777028401692,7.185777028401692,7.077990372975667,7.113919258117676,43400,0.0,0.0
1996-08-30 00:00:00-04:00,7.185777028401692,7.185777028401692,7.042061487833659,7.113919258117676,38800,0.0,0.0
1996-09-03 00:00:00-04:00,7.042060375213623,7.042060375213623,7.042060375213623,7.042060375213623,3800,0.0,0.0
1996-09-04 00:00:00-04:00,7.042059774398804,7.185775279998779,6.9702020215988165,7.185775279998779,121600,0.0,0.0
1996-09-05 00:00:00-04:00,7.042060375213623,7.042060375213623,6.970202616282872,7.042060375213623,20600,0.0,0.0
1996-09-06 00:00:00-04:00,7.185776705669268,7.185776705669268,7.042061171555883,7.0779900550842285,43200,0.0,0.0
1996-09-09 00:00:00-04:00,7.185776050274189,7.185776050274189,6.970202768765963,7.006131649017334,17400,0.0,0.0
1996-09-10 00:00:00-04:00,7.113918289771447,7.113918289771447,7.006131649017334,7.006131649017334,25200,0.0,0.0
1996-09-11 00:00:00-04:00,7.042059540748596,7.042059540748596,6.82648628950119,6.898344039916992,34000,0.0,0.0
1996-09-12 00:00:00-04:00,6.826486912073266,6.97020242601165,6.826486912073266,6.862415790557861,5400,0.0,0.0
1996-09-13 00:00:00-04:00,6.970201790332794,6.970201790332794,6.82648628950119,6.898344039916992,78200,0.0,0.0
1996-09-16 00:00:00-04:00,6.970201015472412,6.970201015472412,6.826485530617311,6.970201015472412,12400,0.0,0.0
1996-09-17 00:00:00-04:00,6.970201790332794,6.970201790332794,6.82648628950119,6.898344039916992,266200,0.0,0.0
1996-09-18 00:00:00-04:00,6.898343718453739,7.006130339054579,6.323481741915928,6.395339488983154,335400,0.0,0.0
1996-09-19 00:00:00-04:00,6.467199005894154,6.467199005894154,6.395341239161997,6.431270122528076,55600,0.0,0.0
1996-09-20 00:00:00-04:00,6.467198848724365,6.467198848724365,6.395341083738539,6.467198848724365,846800,0.0,0.0
1996-09-23 00:00:00-04:00,6.539056772626312,6.539056772626312,6.395341239161997,6.431270122528076,51800,0.0,0.0
1996-09-24 00:00:00-04:00,6.395341083738539,6.5390566137101915,6.395341083738539,6.467198848724365,73600,0.0,0.0
1996-09-25 00:00:00-04:00,6.5390566137101915,6.5390566137101915,6.323483318752713,6.467198848724365,39200,0.0,0.0
1996-09-26 00:00:00-04:00,6.467200463468378,6.467200463468378,6.323484897613525,6.323484897613525,8400,0.0,0.0
1996-09-27 00:00:00-04:00,6.467198848724365,6.467198848724365,6.323483318752713,6.467198848724365,4600,0.0,0.0
1996-09-30 00:00:00-04:00,6.539058246395805,6.539058246395805,6.323484897613525,6.323484897613525,50200,0.0,0.0
1996-10-01 00:00:00-04:00,6.539054870605469,6.539054870605469,6.323481633112981,6.539054870605469,8400,0.0,0.0
1996-10-02 00:00:00-04:00,6.359410506028396,6.539054870605469,6.323481633112981,6.539054870605469,56000,0.0,0.0
1996-10-03 00:00:00-04:00,5.60490608215332,6.1079104741414385,5.533048311869304,6.036052703857422,873600,0.0,0.0
1996-10-04 00:00:00-04:00,6.0001232673577105,6.107909912879107,6.0001232673577105,6.054016590118408,681400,0.0,0.0
1996-10-07 00:00:00-04:00,6.107910317043926,6.179768085479736,6.000123664390209,6.179768085479736,98200,0.0,0.0
1996-10-08 00:00:00-04:00,6.179766286068454,6.359410654849514,6.036050791043606,6.269588470458984,86800,0.0,0.0
1996-10-09 00:00:00-04:00,6.323483145577567,6.323483145577567,6.179767619541713,6.2875542640686035,64200,0.0,0.0
1996-10-10 00:00:00-04:00,6.323484897613525,6.323484897613525,6.179769331758672,6.323484897613525,485200,0.0,0.0
1996-10-11 00:00:00-04:00,6.323483622351358,6.323483622351358,6.179768085479736,6.179768085479736,605200,0.0,0.0
1996-10-14 00:00:00-04:00,6.323483622351358,6.323483622351358,6.179768085479736,6.179768085479736,9200,0.0,0.0
1996-10-15 00:00:00-04:00,6.179769331758672,6.359413789077239,6.179769331758672,6.323484897613525,440600,0.0,0.0
1996-10-16 00:00:00-04:00,6.323484897613525,6.323484897613525,6.215698223222386,6.323484897613525,31200,0.0,0.0
1996-10-17 00:00:00-04:00,6.215694284987176,6.359409759784567,6.215694284987176,6.251623153686523,53000,0.0,0.0
1996-10-18 00:00:00-04:00,6.395342680540952,6.395342680540952,6.215698223222386,6.323484897613525,75200,0.0,0.0
1996-10-21 00:00:00-04:00,6.323482111308649,6.359410986941085,6.215695484411342,6.305517673492432,356200,0.0,0.0
1996-10-22 00:00:00-04:00,6.32348089108522,6.32348089108522,6.251623153686523,6.251623153686523,43600,0.0,0.0
1996-10-23 00:00:00-04:00,6.287554578284997,6.323483461589483,6.215696811676025,6.215696811676025,136000,0.0,0.0
1996-10-24 00:00:00-04:00,6.323483461589483,6.323483461589483,6.215696811676025,6.215696811676025,16000,0.0,0.0
1996-10-25 00:00:00-04:00,6.323483461589483,6.323483461589483,6.215696811676025,6.215696811676025,41200,0.0,0.0
1996-10-28 00:00:00-05:00,6.32348089108522,6.32348089108522,6.251623153686523,6.251623153686523,19400,0.0,0.0
1996-10-29 00:00:00-05:00,6.323484897613525,6.323484897613525,6.251627114686099,6.323484897613525,41600,0.0,0.0
1996-10-30 00:00:00-05:00,6.431268362516767,6.610912730184833,6.395339488983154,6.395339488983154,120000,0.0,0.0
1996-10-31 00:00:00-05:00,6.503129354932092,6.503129354932092,6.323484897613525,6.323484897613525,486800,0.0,0.0
1996-11-01 00:00:00-05:00,6.323481633112981,6.610912616436298,6.323481633112981,6.539054870605469,88800,0.0,0.0
1996-11-04 00:00:00-05:00,6.610911894609584,6.826485108564245,6.503125287632254,6.718698501586914,218800,0.0,0.0
1996-11-05 00:00:00-05:00,6.682770362267127,6.754628108097957,6.539054870605469,6.539054870605469,169800,0.0,0.0
1996-11-06 00:00:00-05:00,6.682773402317818,6.970204516396004,6.557022289908612,6.9342756271362305,998000,0.0,0.0
1996-11-07 00:00:00-05:00,6.8983446486452795,6.8983446486452795,6.682771378375114,6.754629135131836,72200,0.0,0.0
1996-11-08 00:00:00-05:00,6.682769298553467,6.826484767339562,6.682769298553467,6.682769298553467,20400,0.0,0.0
1996-11-11 00:00:00-05:00,6.826485530617311,7.042058757899962,6.826485530617311,6.970201015472412,95000,0.0,0.0
1996-11-12 00:00:00-05:00,6.898344857352121,7.221704772540502,6.898344857352121,7.042060375213623,682000,0.0,0.0
1996-11-13 00:00:00-05:00,7.185775279998779,7.2576330327987675,7.042059774398804,7.185775279998779,1099800,0.0,0.0
1996-11-14 00:00:00-05:00,7.185777028401692,7.329492568969727,7.113919258117676,7.113919258117676,91600,0.0,0.0
1996-11-15 00:00:00-05:00,7.2576330327987675,7.2576330327987675,7.113917527198792,7.185775279998779,31200,0.0,0.0
1996-11-18 00:00:00-05:00,7.257634472725961,7.257634472725961,7.042061171555883,7.0779900550842285,350800,0.0,0.0
1996-11-19 00:00:00-05:00,6.970202768765963,7.1498471700228174,6.970202768765963,7.006131649017334,20800,0.0,0.0
1996-11-20 00:00:00-05:00,6.970202616282872,7.042060375213623,6.970202616282872,7.042060375213623,55400,0.0,0.0
1996-11-21 00:00:00-05:00,6.970201015472412,7.042058757899962,6.970201015472412,6.970201015472412,292600,0.0,0.0
1996-11-22 00:00:00-05:00,6.898344857352121,7.042060375213623,6.898344857352121,7.042060375213623,10800,0.0,0.0
1996-11-25 00:00:00-05:00,6.898343273044861,7.042058757899962,6.898343273044861,6.970201015472412,148400,0.0,0.0
1996-11-26 00:00:00-05:00,6.898346737876457,7.04206229491555,6.898346737876457,6.9342756271362305,42800,0.0,0.0
1996-11-27 00:00:00-05:00,6.934273736817497,7.042060375213623,6.898344857352121,7.042060375213623,18600,0.0,0.0
1996-11-29 00:00:00-05:00,7.042058757899962,7.042058757899962,6.970201015472412,6.970201015472412,1800,0.0,0.0
1996-12-02 00:00:00-05:00,6.970201790332794,7.042059540748596,6.898344039916992,6.898344039916992,5800,0.0,0.0
1996-12-03 00:00:00-05:00,6.970202502358723,7.3294912911401005,6.916309184041516,7.293562412261963,199800,0.0,0.0
1996-12-04 00:00:00-05:00,7.293562565699662,7.329491445333651,7.11391816752972,7.257633686065674,151000,0.0,0.0
1996-12-05 00:00:00-05:00,7.329491445333651,7.329491445333651,7.257633686065674,7.257633686065674,45800,0.0,0.0
1996-12-06 00:00:00-05:00,7.257633686065674,7.329491445333651,6.970202648993766,7.257633686065674,133000,0.0,0.0
1996-12-09 00:00:00-05:00,7.2576330327987675,7.2576330327987675,7.113917527198792,7.185775279998779,16400,0.0,0.0
1996-12-10 00:00:00-05:00,7.2576330327987675,7.329490785598756,7.113917527198792,7.185775279998779,27000,0.0,0.0
1996-12-11 00:00:00-05:00,7.113918938612575,7.131883380376748,7.0779900550842285,7.0779900550842285,14000,0.0,0.0
1996-12-12 00:00:00-05:00,7.042059540748596,7.1857750415802,6.898344039916992,6.898344039916992,59600,0.0,0.0
1996-12-13 00:00:00-05:00,6.826487247760479,7.042060529268705,6.754629487257738,7.006131649017334,111200,0.0,0.0
1996-12-16 00:00:00-05:00,6.898344039916992,7.113917291164398,6.898344039916992,6.898344039916992,70200,0.0,0.0
1996-12-17 00:00:00-05:00,6.8264878703858045,7.0779900550842285,6.754630103329112,7.0779900550842285,964200,0.0,0.0
1996-12-18 00:00:00-05:00,7.185776719769228,7.509136672158843,7.113918952571535,7.401350021362305,185600,0.0,0.0
1996-12-19 00:00:00-05:00,7.437278904961151,7.437278904961151,7.329492254164612,7.401350021362305,13200,0.0,0.0
1996-12-20 00:00:00-05:00,7.473207788559997,7.54506555575769,7.401350021362305,7.401350021362305,69200,0.0,0.0
1996-12-23 00:00:00-05:00,7.40134552413342,7.509132109436334,7.3294878005981445,7.3294878005981445,93000,0.0,0.0
1996-12-24 00:00:00-05:00,7.293562798725994,7.293562798725994,7.18577615638029,7.20374059677124,38800,0.0,0.0
1996-12-26 00:00:00-05:00,7.221705037162191,7.221705037162191,7.18577615638029,7.20374059677124,192200,0.0,0.0
1996-12-27 00:00:00-05:00,7.2576339179440925,7.2576339179440925,7.149847275598388,7.20374059677124,1600,0.0,0.0
1996-12-30 00:00:00-05:00,7.149847275598388,7.2576339179440925,7.149847275598388,7.20374059677124,23600,0.0,0.0
1996-12-31 00:00:00-05:00,7.1498476411930465,7.257634289050228,6.790558815002441,6.790558815002441,193600,0.0,0.0
1997-01-02 00:00:00-05:00,6.9342737022199135,6.9342737022199135,6.790558185075459,6.826487064361572,57400,0.0,0.0
1997-01-03 00:00:00-05:00,6.970201790332794,6.970201790332794,6.862415164709091,6.898344039916992,138600,0.0,0.0
1997-01-06 00:00:00-05:00,6.970204516396004,7.006133405655777,6.862417848616684,6.9342756271362305,120000,0.0,0.0
1997-01-07 00:00:00-05:00,7.006129886686187,7.006129886686187,6.898343273044861,6.970201015472412,22000,0.0,0.0
1997-01-08 00:00:00-05:00,7.006130665540695,7.006130665540695,6.898344039916992,6.898344039916992,21000,0.0,0.0
1997-01-09 00:00:00-05:00,6.952240071766117,7.006133405655777,6.898346737876457,6.9342756271362305,70600,0.0,0.0
1997-01-10 00:00:00-05:00,6.826485925591084,7.042059165346592,6.826485925591084,6.988165855407715,49000,0.0,0.0
1997-01-13 00:00:00-05:00,6.934272144258636,7.042058757899962,6.934272144258636,6.970201015472412,249400,0.0,0.0
1997-01-14 00:00:00-05:00,6.934273736817497,7.042060375213623,6.934273736817497,7.042060375213623,1123200,0.0,0.0
1997-01-15 00:00:00-05:00,6.934273888514592,7.113918289771447,6.898345008263221,7.006131649017334,310600,0.0,0.0
1997-01-16 00:00:00-05:00,7.006133405655777,7.006133405655777,6.898346737876457,6.9342756271362305,22800,0.0,0.0
1997-01-17 00:00:00-05:00,6.898344857352121,7.042060375213623,6.898344857352121,7.042060375213623,67600,0.0,0.0
1997-01-20 00:00:00-05:00,6.898344857352121,7.042060375213623,6.898344857352121,7.042060375213623,29200,0.0,0.0
1997-01-21 00:00:00-05:00,7.042061171555883,7.0779900550842285,6.970203404499189,7.0779900550842285,44400,0.0,0.0
1997-01-22 00:00:00-05:00,6.970201015472412,7.113916500327513,6.970201015472412,6.970201015472412,28000,0.0,0.0
1997-01-23 00:00:00-05:00,6.970202768765963,7.113918289771447,6.970202768765963,7.006131649017334,296200,0.0,0.0
1997-01-24 00:00:00-05:00,7.113916500327513,7.113916500327513,6.970201015472412,6.970201015472412,13800,0.0,0.0
1997-01-27 00:00:00-05:00,6.970201015472412,7.113916500327513,6.970201015472412,6.970201015472412,44000,0.0,0.0
1997-01-28 00:00:00-05:00,6.970201015472412,7.113916500327513,6.970201015472412,6.970201015472412,37200,0.0,0.0
1997-01-29 00:00:00-05:00,7.113917291164398,7.113917291164398,6.898344039916992,6.898344039916992,236200,0.0,0.0
1997-01-30 00:00:00-05:00,7.006129053712802,7.113915654539152,7.006129053712802,7.060022354125977,136800,0.0,0.0
1997-01-31 00:00:00-05:00,7.0779900550842285,7.0779900550842285,6.970203404499189,7.0779900550842285,27800,0.0,0.0
1997-02-03 00:00:00-05:00,7.257630077062869,7.545060971203972,7.149843491759954,7.3294878005981445,704600,0.0,0.0
1997-02-04 00:00:00-05:00,7.401349390186549,7.473207151256322,7.29356274858189,7.4372782707214355,75200,0.0,0.0
1997-02-05 00:00:00-05:00,7.473205275762649,7.652849633353098,7.473205275762649,7.545063018798828,119600,0.0,0.0
1997-02-06 00:00:00-05:00,7.652848720550537,7.652848720550537,7.50913325162001,7.652848720550537,41000,0.0,0.0
1997-02-07 00:00:00-05:00,7.652852211272318,7.652852211272318,7.50913667678833,7.50913667678833,11600,0.0,0.0
1997-02-10 00:00:00-05:00,7.545062118852642,7.652848720550537,7.50913325162001,7.652848720550537,17000,0.0,0.0
1997-02-11 00:00:00-05:00,7.652852211272318,7.652852211272318,7.50913667678833,7.50913667678833,30600,0.0,0.0
1997-02-12 00:00:00-05:00,7.652852211272318,7.652852211272318,7.50913667678833,7.50913667678833,14000,0.0,0.0
1997-02-13 00:00:00-05:00,7.616921901702881,7.616921901702881,7.509135271018406,7.616921901702881,43400,0.0,0.0
1997-02-14 00:00:00-05:00,7.616921901702881,7.616921901702881,7.509135271018406,7.616921901702881,25400,0.0,0.0
1997-02-18 00:00:00-05:00,7.616920761835008,7.616920761835008,7.509134147280739,7.545063018798828,64800,0.0,0.0
1997-02-19 00:00:00-05:00,7.509135843503593,7.616922482405559,7.11391816752972,7.257633686065674,143800,0.0,0.0
1997-02-20 00:00:00-05:00,7.257633868047004,7.688780434465638,7.185776106977232,7.4372782707214355,335400,0.0,0.0
1997-02-21 00:00:00-05:00,7.473204384387379,7.652848720550537,7.365417782689484,7.652848720550537,217200,0.0,0.0
1997-02-24 00:00:00-05:00,7.688781261444092,7.796567914641907,7.5450657238470065,7.688781261444092,173200,0.0,0.0
1997-02-25 00:00:00-05:00,7.68877938266174,7.832494885141399,7.68877938266174,7.796566009521484,106400,0.0,0.0
1997-02-26 00:00:00-05:00,7.7606388573507665,7.832496624548458,7.401350021362305,7.401350021362305,134200,0.0,0.0
1997-02-27 00:00:00-05:00,7.545063869062676,7.545063869062676,7.4013483667948154,7.455241680145264,60000,0.0,0.0
1997-02-28 00:00:00-05:00,7.401349390186549,7.473207151256322,7.3654205096516625,7.4372782707214355,22400,0.0,0.0
1997-03-03 00:00:00-05:00,7.3654205096516625,7.437278270721435,7.329491629116776,7.4372782707214355,8800,0.0,0.0
1997-03-04 00:00:00-05:00,7.329489665244942,7.437276277969133,7.221703052520752,7.221703052520752,81600,0.0,0.0
1997-03-05 00:00:00-05:00,7.185777028401692,7.185777028401692,7.113919258117676,7.113919258117676,59400,0.0,0.0
1997-03-06 00:00:00-05:00,7.113919258117676,7.185777028401692,7.077990372975667,7.113919258117676,65800,0.0,0.0
1997-03-07 00:00:00-05:00,7.077989409520076,7.113918289771447,7.006131649017334,7.006131649017334,7400,0.0,0.0
1997-03-10 00:00:00-05:00,7.00613260269165,7.185777028401692,7.00613260269165,7.113919258117676,73400,0.0,0.0
1997-03-11 00:00:00-05:00,7.042059922338131,7.1857754309572766,7.042059922338131,7.14984655380249,24800,0.0,0.0
1997-03-12 00:00:00-05:00,7.185775926797697,7.257633686065674,7.042060408261743,7.257633686065674,102600,0.0,0.0
1997-03-13 00:00:00-05:00,7.2576330327987675,7.2576330327987675,7.149846403598786,7.185775279998779,6000,0.0,0.0
1997-03-14 00:00:00-05:00,7.221704654505687,7.3294912911401005,7.185775775627549,7.293562412261963,226200,0.0,0.0
1997-03-17 00:00:00-05:00,7.293562565699662,7.293562565699662,7.185775926797697,7.257633686065674,25200,0.0,0.0
1997-03-18 00:00:00-05:00,7.293561909198761,7.329490785598756,7.185775279998779,7.185775279998779,87800,0.0,0.0
1997-03-19 00:00:00-05:00,7.3294878005981445,7.40134552413342,7.257630077062869,7.3294878005981445,42600,0.0,0.0
1997-03-20 00:00:00-05:00,7.401350021362305,7.401350021362305,7.2576344869669205,7.401350021362305,50800,0.0,0.0
1997-03-21 00:00:00-05:00,7.2576344869669205,7.401350021362305,7.2576344869669205,7.401350021362305,12400,0.0,0.0
1997-03-24 00:00:00-05:00,7.257630077062869,7.40134552413342,7.185772353527592,7.3294878005981445,15000,0.0,0.0
1997-03-25 00:00:00-05:00,7.329489665244942,7.329489665244942,7.185774181612689,7.221703052520752,61400,0.0,0.0
1997-03-26 00:00:00-05:00,7.2576330327987675,7.329490785598756,7.185775279998779,7.185775279998779,216400,0.0,0.0
1997-03-27 00:00:00-05:00,7.18577615638029,7.2576339179440925,7.149847275598388,7.20374059677124,99000,0.0,0.0
1997-03-31 00:00:00-05:00,7.185775926797697,7.257633686065674,7.149847047163708,7.257633686065674,111000,0.0,0.0
1997-04-01 00:00:00-05:00,7.257634557279429,7.257634557279429,7.149847905438645,7.167812347412109,17800,0.0,0.0
1997-04-02 00:00:00-05:00,7.2576319851826145,7.2576319851826145,6.8803788374379735,6.970201015472412,178400,0.0,0.0
1997-04-03 00:00:00-05:00,6.970201790332794,6.970201790332794,6.82648628950119,6.898344039916992,216400,0.0,0.0
1997-04-04 00:00:00-05:00,6.898343273044861,6.970201015472412,6.826485530617311,6.970201015472412,112800,0.0,0.0
1997-04-07 00:00:00-04:00,7.006132301774997,7.473207788559997,6.952238976376728,7.401350021362305,415400,0.0,0.0
1997-04-08 00:00:00-04:00,7.329491445333651,7.329491445333651,7.185775926797697,7.257633686065674,72600,0.0,0.0
1997-04-09 00:00:00-04:00,7.3294878005981445,7.3294878005981445,7.113914629992316,7.3294878005981445,27000,0.0,0.0
1997-04-10 00:00:00-04:00,7.329491445333651,7.329491445333651,7.11391816752972,7.257633686065674,4800,0.0,0.0
1997-04-11 00:00:00-04:00,7.113916500327513,7.29356085639639,6.898343273044861,6.970201015472412,50800,0.0,0.0
1997-04-14 00:00:00-04:00,6.898344857352121,7.042060375213623,6.790558218955994,7.042060375213623,57400,0.0,0.0
1997-04-15 00:00:00-04:00,7.113918134144375,7.185775893075126,7.042060375213623,7.042060375213623,132600,0.0,0.0
1997-04-16 00:00:00-04:00,7.042058697980435,7.257631923428816,7.042058697980435,7.221703052520752,215600,0.0,0.0
1997-04-17 00:00:00-04:00,7.113917676647704,7.25763318526685,7.006131045183345,7.14984655380249,45200,0.0,0.0
1997-04-18 00:00:00-04:00,7.042061171555883,7.113918938612575,6.970203404499189,7.0779900550842285,28600,0.0,0.0
1997-04-21 00:00:00-04:00,7.185776050274189,7.25763381077693,6.898345008263221,7.006131649017334,224600,0.0,0.0
1997-04-22 00:00:00-04:00,6.898345947265625,7.113919258117676,6.898345947265625,7.113919258117676,134600,0.0,0.0
1997-04-23 00:00:00-04:00,7.113916500327513,7.113916500327513,6.934272144258636,6.970201015472412,10800,0.0,0.0
1997-04-24 00:00:00-04:00,6.934272144258636,7.006129886686187,6.934272144258636,6.970201015472412,190400,0.0,0.0
1997-04-25 00:00:00-04:00,6.9342756271362305,7.1139200734350965,6.9342756271362305,6.9342756271362305,271200,0.0,0.0
1997-04-28 00:00:00-04:00,7.113919258117676,7.1498481432596845,6.934274832407634,7.113919258117676,214600,0.0,0.0
1997-04-29 00:00:00-04:00,7.185776789385573,7.257634557279429,7.113919021491717,7.167812347412109,42400,0.0,0.0
1997-04-30 00:00:00-04:00,7.257632046654111,7.616920761835008,7.113916560581752,7.545063018798828,564600,0.0,0.0
1997-05-01 00:00:00-04:00,7.616923327651321,7.616923327651321,7.40135002592534,7.50913667678833,138400,0.0,0.0
1997-05-02 00:00:00-04:00,7.580992755801996,7.904352636381228,7.401348377702423,7.796566009521484,279600,0.0,0.0
1997-05-05 00:00:00-04:00,7.904352636381228,7.940281512001143,7.652850507041825,7.796566009521484,127600,0.0,0.0
1997-05-06 00:00:00-04:00,7.796566159636886,7.832495035948576,7.616921778078432,7.760637283325195,275600,0.0,0.0
1997-05-07 00:00:00-04:00,7.616921574018578,7.760637075415155,7.545063823320289,7.580992698669434,35000,0.0,0.0
1997-05-08 00:00:00-04:00,7.545065103575241,7.760638392248819,7.545065103575241,7.724709510803223,49600,0.0,0.0
1997-05-09 00:00:00-04:00,7.616923492645549,7.688781261444092,7.616923492645549,7.688781261444092,3200,0.0,0.0
1997-05-12 00:00:00-04:00,7.688781261444092,7.688781261444092,7.5450657238470065,7.688781261444092,72200,0.0,0.0
1997-05-13 00:00:00-04:00,7.5450657238470065,7.688781261444092,7.5450657238470065,7.688781261444092,3200,0.0,0.0
1997-05-14 00:00:00-04:00,7.616923492645549,7.688781261444092,7.5450657238470065,7.688781261444092,25000,0.0,0.0
1997-05-15 00:00:00-04:00,7.652850778597705,7.652850778597705,7.616921901702881,7.616921901702881,10000,0.0,0.0
1997-05-16 00:00:00-04:00,7.616920761835008,7.616920761835008,7.545063018798828,7.545063018798828,29600,0.0,0.0
1997-05-19 00:00:00-04:00,7.616921901702881,7.616921901702881,7.616921901702881,7.616921901702881,800,0.0,0.0
1997-05-20 00:00:00-04:00,7.545062118852642,7.652848720550537,7.50913325162001,7.652848720550537,73400,0.0,0.0
1997-05-21 00:00:00-04:00,7.6528523770448205,7.688781261444092,7.509136839447735,7.688781261444092,15600,0.0,0.0
1997-05-22 00:00:00-04:00,7.50913325162001,7.688777587783169,7.50913325162001,7.652848720550537,289200,0.0,0.0
1997-05-23 00:00:00-04:00,7.545063823320289,7.652850449367722,7.545063823320289,7.580992698669434,163000,0.0,0.0
1997-05-27 00:00:00-04:00,7.724710462290212,7.8684260057746815,7.545066032934626,7.8324971199035645,60600,0.0,0.0
1997-05-28 00:00:00-04:00,7.904351711273193,7.97620945410295,7.760636225613681,7.904351711273193,35000,0.0,0.0
1997-05-29 00:00:00-04:00,7.796566677523089,8.110944366132891,7.796566677523089,7.976211071014404,38400,0.0,0.0
1997-05-30 00:00:00-04:00,8.083996921777725,8.155854672193527,7.868423670530319,8.048068046569824,67800,0.0,0.0
1997-06-02 00:00:00-04:00,8.012140775549,8.353465158363868,8.012140775549,8.335500717163086,129600,0.0,0.0
1997-06-03 00:00:00-04:00,8.371429916050122,8.371429916050122,8.012141078451405,8.263643264770508,60800,0.0,0.0
1997-06-04 00:00:00-04:00,8.119926452636719,8.191784208854743,8.012139818309683,8.119926452636719,123400,0.0,0.0
1997-06-05 00:00:00-04:00,8.191785972023851,8.40735928707711,8.048070428655011,8.15585708618164,224400,0.0,0.0
1997-06-06 00:00:00-04:00,8.155856305155261,8.371429599564651,8.155856305155261,8.335500717163086,63000,0.0,0.0
1997-06-09 00:00:00-04:00,8.263641658582186,8.407357165687962,8.191783905029297,8.191783905029297,38600,0.0,0.0
1997-06-10 00:00:00-04:00,8.191785187556825,8.371429599564651,8.191785187556825,8.335500717163086,14000,0.0,0.0
1997-06-11 00:00:00-04:00,8.37142425437161,8.37142425437161,8.191779957067498,8.22770881652832,63200,0.0,0.0
1997-06-12 00:00:00-04:00,8.335495394910787,8.335495394910787,8.119922238145852,8.22770881652832,46000,0.0,0.0
1997-06-13 00:00:00-04:00,8.335500717163086,8.551074011572476,8.22771406995839,8.335500717163086,83000,0.0,0.0
1997-06-16 00:00:00-04:00,8.335500717163086,8.551074011572476,8.29957183476152,8.335500717163086,69000,0.0,0.0
1997-06-17 00:00:00-04:00,8.335500748431096,8.766647338867188,8.335500748431096,8.766647338867188,123200,0.0,0.0
1997-06-18 00:00:00-04:00,8.622931808721823,8.766647338867188,8.622931808721823,8.766647338867188,74200,0.0,0.0
1997-06-19 00:00:00-04:00,8.730715227127076,8.838501834869385,8.622928619384766,8.622928619384766,134400,0.0,0.0
1997-06-20 00:00:00-04:00,8.69478635787964,8.730715227127076,8.47921314239502,8.622928619384766,92200,0.0,0.0
1997-06-23 00:00:00-04:00,8.62292964284013,8.838502883911133,8.62292964284013,8.838502883911133,36200,0.0,0.0
1997-06-24 00:00:00-04:00,8.694787389863798,8.874431757422967,8.479214148792794,8.838502883911133,190800,0.0,0.0
1997-06-25 00:00:00-04:00,8.946290934527362,8.946290934527362,8.658859900486322,8.730717658996582,89800,0.0,0.0
1997-06-26 00:00:00-04:00,8.766648615687346,8.766648615687346,8.658861952379716,8.694790840148926,14000,0.0,0.0
1997-06-27 00:00:00-04:00,8.802576065063477,8.802576065063477,8.658860537470604,8.802576065063477,3800,0.0,0.0
1997-06-30 00:00:00-04:00,8.802574661470228,8.946290166147293,8.658859156793163,8.910361289978027,50200,0.0,0.0
1997-07-01 00:00:00-04:00,8.946290969848633,9.305579763818457,8.946290969848633,8.946290969848633,225200,0.0,0.0
1997-07-02 00:00:00-04:00,9.054079376220702,9.054079376220702,8.838506057739258,8.982221603393555,14800,0.0,0.0
1997-07-03 00:00:00-04:00,9.054079215365102,9.125936986915619,8.838505900713551,9.018150329589844,35400,0.0,0.0
1997-07-07 00:00:00-04:00,9.018146885142606,9.269648989509133,8.874431396933163,9.16186237335205,81800,0.0,0.0
1997-07-08 00:00:00-04:00,9.161861798938178,9.305577278137207,9.161861798938178,9.305577278137207,32000,0.0,0.0
1997-07-09 00:00:00-04:00,9.090006487436563,9.090006487436563,8.838504331657687,8.946290969848633,44800,0.0,0.0
1997-07-10 00:00:00-04:00,8.946289504446634,8.946289504446634,8.838502883911133,8.838502883911133,5200,0.0,0.0
1997-07-11 00:00:00-04:00,8.838505025290273,8.8744339075069,8.784611701965332,8.784611701965332,48200,0.0,0.0
1997-07-14 00:00:00-04:00,8.730719243387776,9.054079215365102,8.730719243387776,9.018150329589844,42600,0.0,0.0
1997-07-15 00:00:00-04:00,8.91035952548749,8.964252829069068,8.83850178737872,8.874430656433105,18600,0.0,0.0
1997-07-16 00:00:00-04:00,8.98221904231656,9.125934546993625,8.910361289978027,8.910361289978027,96600,0.0,0.0
1997-07-17 00:00:00-04:00,8.910361289978027,9.054076794655092,8.87443241380876,8.910361289978027,17000,0.0,0.0
1997-07-18 00:00:00-04:00,8.910361289978027,9.054076794655092,8.910361289978027,8.910361289978027,4800,0.0,0.0
1997-07-21 00:00:00-04:00,9.054076794655092,9.054076794655092,8.910361289978027,8.910361289978027,24600,0.0,0.0
1997-07-22 00:00:00-04:00,9.05407500170503,9.05407500170503,8.874430656433105,8.874430656433105,8600,0.0,0.0
1997-07-23 00:00:00-04:00,9.05407500170503,9.05407500170503,8.874430656433105,8.874430656433105,7200,0.0,0.0
1997-07-24 00:00:00-04:00,8.87443182581947,9.054076194763184,8.87443182581947,9.054076194763184,31200,0.0,0.0
1997-07-25 00:00:00-04:00,9.054076417477546,9.054076417477546,8.946289793459956,9.00018310546875,4000,0.0,0.0
1997-07-28 00:00:00-04:00,8.946289573396955,9.12593394234067,8.946289573396955,9.054076194763184,43200,0.0,0.0
1997-07-29 00:00:00-04:00,8.9822206646204,9.197793960571289,8.9822206646204,9.197793960571289,17400,0.0,0.0
1997-07-30 00:00:00-04:00,9.197791904790856,9.413365152559392,9.054076406278499,9.233720779418945,113400,0.0,0.0
1997-07-31 00:00:00-04:00,9.26965010635496,9.413365611879843,9.125934600830078,9.125934600830078,60200,0.0,0.0
1997-08-01 00:00:00-04:00,9.269649505615234,9.377436127773551,9.125934009404146,9.269649505615234,40800,0.0,0.0
1997-08-04 00:00:00-04:00,9.413367256522179,9.413367256522179,9.197793960571289,9.197793960571289,36400,0.0,0.0
1997-08-05 00:00:00-04:00,9.197790668737934,9.341506147936965,9.197790668737934,9.305577278137207,191200,0.0,0.0
1997-08-06 00:00:00-04:00,9.269649505615234,9.34150725372078,9.269649505615234,9.269649505615234,31800,0.0,0.0
1997-08-07 00:00:00-04:00,9.26965010635496,9.305578982736181,9.125934600830078,9.125934600830078,29800,0.0,0.0
1997-08-08 00:00:00-04:00,9.12593394234067,9.12593394234067,9.054076194763184,9.054076194763184,16400,0.0,0.0
1997-08-11 00:00:00-04:00,9.107969065273508,9.16186237335205,9.107969065273508,9.16186237335205,2600,0.0,0.0
1997-08-12 00:00:00-04:00,9.197794751069392,9.521154722786676,9.161865865323028,9.449296951293945,131200,0.0,0.0
1997-08-13 00:00:00-04:00,9.593010099310623,9.772654483192845,9.449294592204847,9.55708122253418,71400,0.0,0.0
1997-08-14 00:00:00-04:00,9.557081568682635,9.808583715226916,9.413366056371618,9.700797080993652,60400,0.0,0.0
1997-08-15 00:00:00-04:00,9.77265463775059,9.77265463775059,9.485223618993219,9.52115249633789,69200,0.0,0.0
1997-08-18 00:00:00-04:00,9.664869795600287,9.988229751586914,9.52115425960623,9.988229751586914,75400,0.0,0.0
1997-08-19 00:00:00-04:00,10.024154565440103,10.563087606592797,9.916367957209564,10.527158737182617,417400,0.0,0.0
1997-08-20 00:00:00-04:00,10.34751439013172,10.616980910708067,10.34751439013172,10.527158737182617,157800,0.0,0.0
1997-08-21 00:00:00-04:00,10.329554163176438,10.527163025428509,10.311589721153522,10.419376373291016,19200,0.0,0.0
1997-08-22 00:00:00-04:00,10.311588094589558,10.365481412157099,10.096014824319393,10.131943702697754,50800,0.0,0.0
1997-08-25 00:00:00-04:00,10.060088706227532,10.203804259173639,10.060088706227532,10.149910926818848,13200,0.0,0.0
1997-08-26 00:00:00-04:00,10.185837823173603,10.311588907410314,10.096015620147382,10.16787338256836,49400,0.0,0.0
1997-08-27 00:00:00-04:00,10.311588173820859,10.599019203056283,10.167872659203146,10.563090324401855,54000,0.0,0.0
1997-08-28 00:00:00-04:00,10.599014693743563,10.742730147218051,10.455299240269072,10.491228103637695,72600,0.0,0.0
1997-08-29 00:00:00-04:00,10.599018321126648,10.599018321126648,10.491231694132141,10.545125007629395,83200,0.0,0.0
1997-09-02 00:00:00-04:00,10.599016189575195,10.599016189575195,10.563087321135958,10.599016189575195,14600,0.0,0.0
1997-09-03 00:00:00-04:00,10.599016087277949,10.599016087277949,10.383442878723145,10.383442878723145,26400,0.0,0.0
1997-09-04 00:00:00-04:00,10.491234141382677,10.491234141382677,10.419376373291016,10.419376373291016,2400,0.0,0.0
1997-09-05 00:00:00-04:00,10.49122831045863,10.49122831045863,10.34751285415098,10.437335014343262,19400,0.0,0.0
1997-09-08 00:00:00-04:00,10.34751675579999,10.67087665441874,10.34751675579999,10.634947776794434,72600,0.0,0.0
1997-09-09 00:00:00-04:00,10.706805839019568,10.706805839019568,10.491232567093,10.563090324401855,53400,0.0,0.0
1997-09-10 00:00:00-04:00,10.491231256535393,10.63494675320026,10.491231256535393,10.536142349243164,75200,0.0,0.0
1997-09-11 00:00:00-04:00,10.634943557112184,10.634943557112184,10.491228103637695,10.491228103637695,34600,0.0,0.0
1997-09-12 00:00:00-04:00,10.455302238464355,10.455302238464355,10.455302238464355,10.455302238464355,600,0.0,0.0
1997-09-15 00:00:00-04:00,10.455302818467304,10.563089445461813,10.455302818467304,10.545125007629395,44600,0.0,0.0
1997-09-16 00:00:00-04:00,10.581052041297887,10.581052041297887,10.491229867772438,10.527158737182617,57000,0.0,0.0
1997-09-17 00:00:00-04:00,10.52716383683054,10.52716383683054,10.20380385549445,10.23973274230957,38600,0.0,0.0
1997-09-18 00:00:00-04:00,10.167872922403829,10.383446199910624,10.167872922403829,10.275659561157227,56800,0.0,0.0
1997-09-19 00:00:00-04:00,10.131944042819363,10.275659561157227,10.131944042819363,10.275659561157227,15200,0.0,0.0
1997-09-22 00:00:00-04:00,10.275655068142314,10.275655068142314,9.988224157145327,10.203797340393066,129200,0.0,0.0
1997-09-23 00:00:00-04:00,10.27565665131136,10.527158737182617,10.203798912491001,10.527158737182617,64800,0.0,0.0
1997-09-24 00:00:00-04:00,10.527163025428509,10.56309190947434,10.347518605199353,10.419376373291016,109000,0.0,0.0
1997-09-25 00:00:00-04:00,10.419377176385177,10.419377176385177,10.20380385549445,10.23973274230957,22600,0.0,0.0
1997-09-26 00:00:00-04:00,10.239730337832837,10.275659216211197,10.131943702697754,10.131943702697754,6800,0.0,0.0
1997-09-29 00:00:00-04:00,10.275659408303504,10.347517166403527,10.203801650203479,10.311588287353516,57600,0.0,0.0
1997-09-30 00:00:00-04:00,10.41937507949509,10.41937507949509,10.167872922403829,10.275659561157227,27400,0.0,0.0
1997-10-01 00:00:00-04:00,10.275659561157227,10.275659561157227,10.167872922403829,10.275659561157227,4000,0.0,0.0
1997-10-02 00:00:00-04:00,10.27565691634515,10.27565691634515,10.221763610839844,10.221763610839844,7800,0.0,0.0
1997-10-03 00:00:00-04:00,10.167870043080821,10.527158737182617,10.167870043080821,10.527158737182617,65400,0.0,0.0
1997-10-06 00:00:00-04:00,10.527161143921518,10.742734409667351,10.527161143921518,10.634947776794434,116800,0.0,0.0
1997-10-07 00:00:00-04:00,10.634943557112184,10.634943557112184,10.455299240269072,10.491228103637695,17800,0.0,0.0
1997-10-08 00:00:00-04:00,10.563090324401855,10.563090324401855,10.419374809784143,10.563090324401855,8800,0.0,0.0
1997-10-09 00:00:00-04:00,10.419373364792657,10.563088859479452,10.383444491120958,10.455302238464355,1600,0.0,0.0
1997-10-10 00:00:00-04:00,10.563090324401855,10.634948081710712,10.446321468774965,10.563090324401855,54400,0.0,0.0
1997-10-13 00:00:00-04:00,10.419374770588345,10.491232527626885,10.347517013549805,10.347517013549805,12200,0.0,0.0
1997-10-14 00:00:00-04:00,10.311588440741692,10.311588440741692,10.131944042819363,10.275659561157227,40400,0.0,0.0
1997-10-15 00:00:00-04:00,10.257694268312079,10.257694268312079,9.952298817241491,10.02415657043457,38200,0.0,0.0
1997-10-16 00:00:00-04:00,9.98822769383803,10.09601432362765,9.98822769383803,10.02415657043457,21400,0.0,0.0
1997-10-17 00:00:00-04:00,9.988229283234404,10.096015930175781,9.988229283234404,10.096015930175781,10600,0.0,0.0
1997-10-20 00:00:00-04:00,9.988229751586914,10.042123077584685,9.988229751586914,9.988229751586914,26400,0.0,0.0
1997-10-21 00:00:00-04:00,9.988227544512068,10.06008529663086,9.988227544512068,10.06008529663086,20800,0.0,0.0
1997-10-22 00:00:00-04:00,10.06008529663086,10.06008529663086,10.06008529663086,10.06008529663086,2000,0.0,0.0
1997-10-23 00:00:00-04:00,9.880441064048412,10.02415657043457,9.880441064048412,10.02415657043457,30600,0.0,0.0
1997-10-24 00:00:00-04:00,9.988227979556934,10.634947776794434,9.988227979556934,10.634947776794434,87800,0.0,0.0
1997-10-27 00:00:00-05:00,9.916367960500192,10.0600834381886,9.628937005123376,9.808581352233887,418600,0.0,0.0
1997-10-28 00:00:00-05:00,9.485223114945507,9.485223114945507,9.305578737768508,9.413365364074707,163800,0.0,0.0
1997-10-29 00:00:00-05:00,9.485222524301165,9.485222524301165,9.305578158310613,9.323542594909668,125200,0.0,0.0
1997-10-30 00:00:00-05:00,9.269652522562122,9.521154722786676,9.090008093830297,9.449296951293945,396600,0.0,0.0
1997-10-31 00:00:00-05:00,9.628939324838145,9.700797080993652,9.52115269060488,9.700797080993652,129200,0.0,0.0
1997-11-03 00:00:00-05:00,9.77265804917065,9.77265804917065,9.593013599737366,9.628942489624023,230000,0.0,0.0
1997-11-04 00:00:00-05:00,9.55708470985071,9.77265804917065,9.55708470985071,9.628942489624023,8000,0.0,0.0
1997-11-05 00:00:00-05:00,9.772656599094066,9.772656599094066,9.664869945427588,9.736727714538574,21000,0.0,0.0
1997-11-06 00:00:00-05:00,9.593010902404785,9.736726421541936,9.557082022620499,9.593010902404785,5200,0.0,0.0
1997-11-07 00:00:00-05:00,9.485223618993219,9.664868005716576,9.485223618993219,9.52115249633789,66400,0.0,0.0
1997-11-10 00:00:00-05:00,9.485225522650124,9.736727714538574,9.485225522650124,9.736727714538574,15200,0.0,0.0
1997-11-11 00:00:00-05:00,9.637923282010968,9.736727714538574,9.485225522650124,9.736727714538574,30000,0.0,0.0
1997-11-12 00:00:00-05:00,9.736728276047751,9.736728276047751,9.485226069655374,9.610977172851562,24800,0.0,0.0
1997-11-13 00:00:00-05:00,9.485223114945507,9.521151990380906,9.377436488639308,9.413365364074707,137800,0.0,0.0
1997-11-14 00:00:00-05:00,9.377438868983644,9.745709935677446,9.377438868983644,9.736727714538574,36000,0.0,0.0
1997-11-17 00:00:00-05:00,9.880441665649414,9.880441665649414,9.700797271728517,9.880441665649414,13000,0.0,0.0
1997-11-18 00:00:00-05:00,9.754688851154633,9.91636877686438,9.754688851154633,9.844511032104492,8600,0.0,0.0
1997-11-19 00:00:00-05:00,9.916368850624321,9.916368850624321,9.772653360035564,9.826546669006348,1600,0.0,0.0
1997-11-20 00:00:00-05:00,9.91637076531257,10.275659561157227,9.700797487805774,10.275659561157227,54600,0.0,0.0
1997-11-21 00:00:00-05:00,10.293625265574285,10.293625265574285,9.916371983589887,9.988229751586914,137200,0.0,0.0
1997-11-24 00:00:00-05:00,10.006191475727068,10.078049224206255,9.916369290128081,9.952298164367676,113000,0.0,0.0
1997-11-25 00:00:00-05:00,9.916368850624321,10.122959868345662,9.736724487388374,9.826546669006348,28000,0.0,0.0
1997-11-26 00:00:00-05:00,9.9163739120259,9.9163739120259,9.736729457097894,9.772658348083496,2600,0.0,0.0
1997-11-28 00:00:00-05:00,9.871456873722565,9.916367960500192,9.736723613389682,9.808581352233887,24400,0.0,0.0
1997-12-01 00:00:00-05:00,9.880439676759854,9.880439676759854,9.628937575896877,9.66486644744873,47000,0.0,0.0
1997-12-02 00:00:00-05:00,9.73672729696416,9.73672729696416,9.269651817773997,9.395402908325195,277400,0.0,0.0
1997-12-03 00:00:00-05:00,9.197794758466136,9.197794758466136,8.910363672264069,9.018150329589844,111200,0.0,0.0
1997-12-04 00:00:00-05:00,9.125934073419282,9.557080565076886,9.054076324809682,9.485222816467285,65400,0.0,0.0
1997-12-05 00:00:00-05:00,9.41336348691688,9.736723301352958,9.34150575037553,9.64690113067627,42600,0.0,0.0
1997-12-08 00:00:00-05:00,9.593010099310623,9.772654483192845,9.521152345757736,9.55708122253418,112400,0.0,0.0
1997-12-09 00:00:00-05:00,9.557081568682635,9.700797080993652,9.557081568682635,9.700797080993652,10800,0.0,0.0
1997-12-10 00:00:00-05:00,9.575049447662689,9.9163739120259,9.55708500216989,9.772658348083496,28400,0.0,0.0
1997-12-11 00:00:00-05:00,9.77265804917065,9.77265804917065,9.521155819964052,9.628942489624023,33400,0.0,0.0
1997-12-12 00:00:00-05:00,9.628938616687105,9.628938616687105,9.233720986897708,9.413365364074707,116000,0.0,0.0
1997-12-15 00:00:00-05:00,9.413367256522179,9.413367256522179,9.107971753925085,9.197793960571289,32600,0.0,0.0
1997-12-16 00:00:00-05:00,9.197792353592519,9.197792353592519,8.910361342542753,9.125934600830078,158200,0.0,0.0
1997-12-17 00:00:00-05:00,8.982218447185698,9.377436058861868,8.910360699608212,9.054076194763184,46600,0.0,0.0
1997-12-18 00:00:00-05:00,9.036111757868811,9.161862816129412,9.01814732097444,9.054076194763184,17600,0.0,0.0
1997-12-19 00:00:00-05:00,9.018147542805016,9.161863041495135,8.910360918787426,9.00018310546875,46000,0.0,0.0
1997-12-22 00:00:00-05:00,9.063058624935522,9.233720779418945,9.000183094336366,9.233720779418945,59000,0.0,0.0
1997-12-23 00:00:00-05:00,9.125935465209047,9.628939782189073,9.125935465209047,9.593010902404785,69200,0.0,0.0
1997-12-24 00:00:00-05:00,9.628938633868373,9.628938633868373,9.179827690124512,9.179827690124512,64200,0.0,0.0
1997-12-26 00:00:00-05:00,9.12593350129969,9.16186237335205,9.12593350129969,9.16186237335205,8800,0.0,0.0
1997-12-29 00:00:00-05:00,9.16186323602691,9.413365364074707,9.01814773428531,9.413365364074707,28400,0.0,0.0
1997-12-30 00:00:00-05:00,9.341506147936965,9.41336388753648,9.197790668737934,9.305577278137207,73800,0.0,0.0
1997-12-31 00:00:00-05:00,9.413364703838642,9.413364703838642,9.305578085092398,9.341506958007812,51200,0.0,0.0
1998-01-02 00:00:00-05:00,9.341506958007812,9.413364703838642,9.305578085092398,9.341506958007812,3200,0.0,0.0
1998-01-05 00:00:00-05:00,9.341506733613855,9.341506733613855,9.12593350129969,9.16186237335205,143400,0.0,0.0
1998-01-06 00:00:00-05:00,9.161865077912807,9.23372284322977,9.161865077912807,9.197793960571289,85200,0.0,0.0
1998-01-07 00:00:00-05:00,9.12593350129969,9.16186237335205,9.054075757194967,9.16186237335205,108400,0.0,0.0
1998-01-08 00:00:00-05:00,9.161863477211298,9.161863477211298,9.125934600830078,9.125934600830078,12800,0.0,0.0
1998-01-09 00:00:00-05:00,9.054076194763184,9.161862816129412,9.054076194763184,9.054076194763184,33000,0.0,0.0
1998-01-12 00:00:00-05:00,9.018150329589844,9.161865872690877,8.982221443814586,9.018150329589844,72600,0.0,0.0
1998-01-13 00:00:00-05:00,9.054080837699846,9.377440867617697,9.018151945486752,9.287618637084961,178400,0.0,0.0
1998-01-14 00:00:00-05:00,9.377438466817882,9.449296232847137,9.305580700788626,9.395402908325195,92600,0.0,0.0
1998-01-15 00:00:00-05:00,9.449293942162484,9.485222816467285,9.377436193552883,9.485222816467285,16200,0.0,0.0
1998-01-16 00:00:00-05:00,9.48522346898129,9.55708122253418,9.413365715428403,9.55708122253418,71200,0.0,0.0
1998-01-20 00:00:00-05:00,9.557080053064945,9.880439904484435,9.485222308305058,9.844511032104492,122800,0.0,0.0
1998-01-21 00:00:00-05:00,9.84451259330467,10.239730252159967,9.664868202915898,9.700797080993652,228800,0.0,0.0
1998-01-22 00:00:00-05:00,9.77265804917065,9.77265804917065,9.593013599737366,9.628942489624023,43000,0.0,0.0
1998-01-23 00:00:00-05:00,9.59301044676039,9.84451259330467,9.59301044676039,9.700797080993652,155800,0.0,0.0
1998-01-26 00:00:00-05:00,9.700798679598801,10.203803055577998,9.700798679598801,9.988229751586914,51200,0.0,0.0
1998-01-27 00:00:00-05:00,9.916369792393276,10.167871924809047,9.916369792393276,10.06008529663086,116400,0.0,0.0
1998-01-28 00:00:00-05:00,10.06008529663086,10.131943048749651,9.79061872618539,10.06008529663086,66600,0.0,0.0
1998-01-29 00:00:00-05:00,10.096010748769196,10.23972620426769,10.060081884894574,10.203797340393066,203000,0.0,0.0
1998-01-30 00:00:00-05:00,10.23973068157276,10.275659561157227,10.23973068157276,10.275659561157227,15600,0.0,0.0
1998-02-02 00:00:00-05:00,10.275659561157227,10.347517320326158,10.23973068157276,10.275659561157227,120800,0.0,0.0
1998-02-03 00:00:00-05:00,10.311588907410314,10.311588907410314,10.060086738936892,10.16787338256836,169800,0.0,0.0
1998-02-04 00:00:00-05:00,10.167868476518443,10.23972620426769,10.13193961264382,10.203797340393066,210800,0.0,0.0
1998-02-05 00:00:00-05:00,10.29362446680507,10.29362446680507,10.060086738936892,10.16787338256836,33000,0.0,0.0
1998-02-06 00:00:00-05:00,10.060085945941033,10.131943702697754,10.060085945941033,10.131943702697754,2600,0.0,0.0
1998-02-09 00:00:00-05:00,10.060085945941033,10.131943702697754,10.060085945941033,10.131943702697754,26600,0.0,0.0
1998-02-10 00:00:00-05:00,10.060086872266686,10.13194463564002,9.91637134552002,9.91637134552002,52200,0.0,0.0
1998-02-11 00:00:00-05:00,10.131944812489575,10.131944812489575,9.988229283234404,10.096015930175781,130800,0.0,0.0
1998-02-12 00:00:00-05:00,10.02415775608372,10.096015517776078,9.790620030583561,9.970264434814453,101600,0.0,0.0
1998-02-13 00:00:00-05:00,9.808585100395735,10.060087282457165,9.808585100395735,10.042122840881348,38400,0.0,0.0
1998-02-17 00:00:00-05:00,10.13194528758097,10.13194528758097,9.988229751586914,9.988229751586914,17000,0.0,0.0
1998-02-18 00:00:00-05:00,9.988228302001954,9.988228302001954,9.700797271728517,9.880441665649414,42800,0.0,0.0
1998-02-19 00:00:00-05:00,9.880441665649414,9.880441665649414,9.736726150512697,9.880441665649414,12000,0.0,0.0
1998-02-20 00:00:00-05:00,9.844513582146686,9.91637134552002,9.844513582146686,9.91637134552002,62600,0.0,0.0
1998-02-23 00:00:00-05:00,9.95230040092061,10.131944812489575,9.844513753979232,10.096015930175781,68200,0.0,0.0
1998-02-24 00:00:00-05:00,10.060088308233965,10.23973274230957,10.060088308233965,10.23973274230957,22200,0.0,0.0
1998-02-25 00:00:00-05:00,10.23973274230957,10.23973274230957,10.060088308233965,10.23973274230957,14800,0.0,0.0
1998-02-26 00:00:00-05:00,10.31159092388322,10.31159092388322,10.096017594464058,10.149910926818848,17000,0.0,0.0
1998-02-27 00:00:00-05:00,10.23973052925349,10.311588287353516,10.06008613400343,10.311588287353516,46000,0.0,0.0
1998-03-02 00:00:00-05:00,10.347517166403527,10.38344604545354,10.311588287353516,10.311588287353516,39400,0.0,0.0
1998-03-03 00:00:00-05:00,10.383442878723145,10.383442878723145,10.203798538260806,10.383442878723145,70000,0.0,0.0
1998-03-04 00:00:00-05:00,10.383446199910624,10.383446199910624,10.275659561157227,10.275659561157227,4400,0.0,0.0
1998-03-05 00:00:00-05:00,10.275655068142314,10.365477227828872,10.203797340393066,10.203797340393066,4600,0.0,0.0
1998-03-06 00:00:00-05:00,10.2038025167714,10.329553604125977,10.2038025167714,10.329553604125977,7000,0.0,0.0
1998-03-09 00:00:00-05:00,10.275659256511265,10.347517013549805,10.275659256511265,10.347517013549805,6200,0.0,0.0
1998-03-10 00:00:00-05:00,10.203801650203479,10.311588287353516,10.203801650203479,10.311588287353516,15000,0.0,0.0
1998-03-11 00:00:00-05:00,10.311589163075324,10.347518045176631,10.239731398872708,10.329553604125977,8800,0.0,0.0
1998-03-12 00:00:00-05:00,10.347517166403527,10.347517166403527,10.275659408303504,10.311588287353516,12600,0.0,0.0
1998-03-13 00:00:00-05:00,10.275659256511265,10.491232527626885,10.275659256511265,10.347517013549805,91400,0.0,0.0
1998-03-16 00:00:00-05:00,10.383441718227893,10.563086038612457,10.383441718227893,10.437335014343262,3400,0.0,0.0
1998-03-17 00:00:00-05:00,10.491232567093,10.742734717673995,10.45530368843857,10.563090324401855,51600,0.0,0.0
1998-03-18 00:00:00-05:00,10.742734717673995,10.742734717673995,10.545125885074642,10.563090324401855,31600,0.0,0.0
1998-03-19 00:00:00-05:00,10.742734409667351,10.742734409667351,10.563090021545822,10.634947776794434,20200,0.0,0.0
1998-03-20 00:00:00-05:00,10.742733716188114,11.03016471862793,10.56308933966323,11.03016471862793,69200,0.0,0.0
1998-03-23 00:00:00-05:00,11.030161718269447,11.08405501656718,10.958303987205802,11.06609058380127,138800,0.0,0.0
1998-03-24 00:00:00-05:00,10.994239807128906,11.10202647190468,10.886453142353133,10.994239807128906,22400,0.0,0.0
1998-03-25 00:00:00-05:00,11.102020477667086,11.209807084246378,11.030162739947558,11.048127174377441,45000,0.0,0.0
1998-03-26 00:00:00-05:00,11.030163117434775,11.191843032836914,11.030163117434775,11.191843032836914,22000,0.0,0.0
1998-03-27 00:00:00-05:00,11.030163117434775,11.209807467881596,11.030163117434775,11.191843032836914,29400,0.0,0.0
1998-03-30 00:00:00-05:00,11.030163046641228,11.227771830864441,11.030163046641228,11.209807395935059,14000,0.0,0.0
1998-03-31 00:00:00-05:00,11.173880219847838,11.227773532805303,11.03016471862793,11.03016471862793,40000,0.0,0.0
1998-04-01 00:00:00-05:00,11.227775989852336,11.67688702944643,11.227775989852336,11.569100379943848,88600,0.0,0.0
1998-04-02 00:00:00-05:00,11.640958475779337,11.928389549255371,11.569100707410328,11.928389549255371,24000,0.0,0.0
1998-04-03 00:00:00-05:00,11.946354309717814,12.072105407714844,11.8924609820048,12.072105407714844,11200,0.0,0.0
1998-04-06 00:00:00-04:00,11.96431617039006,11.96431617039006,11.712814028670149,11.784671783447266,22400,0.0,0.0
1998-04-07 00:00:00-04:00,11.78467031625601,11.964314680833082,11.676883697509766,11.676883697509766,14600,0.0,0.0
1998-04-08 00:00:00-04:00,11.964313459396363,12.323602151870729,11.928384590148926,12.215815544128418,67200,0.0,0.0
1998-04-09 00:00:00-04:00,12.161925164167942,12.359533992536992,12.1439607252253,12.197854042053223,129200,0.0,0.0
1998-04-13 00:00:00-04:00,12.359535877931052,13.078113545252624,12.251749227832814,12.862540245056152,91200,0.0,0.0
1998-04-14 00:00:00-04:00,13.07811183981133,13.652973898704136,12.934396325088128,13.257756233215332,258200,0.0,0.0
1998-04-15 00:00:00-04:00,13.401471396668317,13.401471396668317,12.934395986060574,13.11404037475586,119400,0.0,0.0
1998-04-16 00:00:00-04:00,12.970326895154388,12.970326895154388,12.64696694485968,12.862540245056152,89800,0.0,0.0
1998-04-17 00:00:00-04:00,12.790680233368093,12.862537987488137,12.718822479248047,12.718822479248047,8800,0.0,0.0
1998-04-20 00:00:00-04:00,12.790678977966309,12.790678977966309,12.718821230899081,12.790678977966309,10200,0.0,0.0
1998-04-21 00:00:00-04:00,12.68289852142334,12.79068519440994,12.503254066445672,12.68289852142334,32600,0.0,0.0
1998-04-22 00:00:00-04:00,12.503249705338678,13.078111760756547,12.503249705338678,12.82660961151123,66400,0.0,0.0
1998-04-23 00:00:00-04:00,12.557145357131958,12.557145357131958,11.748745441436768,12.072105407714844,41000,0.0,0.0
1998-04-24 00:00:00-04:00,12.000241738778573,12.485281449777109,12.000241738778573,12.125992774963379,79200,0.0,0.0
1998-04-27 00:00:00-04:00,12.07210323281957,12.07210323281957,11.820601082135829,11.910423278808594,21200,0.0,0.0
1998-04-28 00:00:00-04:00,11.820596573891654,11.820596573891654,11.605023384094238,11.605023384094238,15000,0.0,0.0
1998-04-29 00:00:00-04:00,11.71281361475782,12.395462261016712,11.71281361475782,12.341568946838379,26400,0.0,0.0
1998-04-30 00:00:00-04:00,12.64696979522705,12.934400926936757,12.07210753180764,12.64696979522705,61200,0.0,0.0
1998-05-01 00:00:00-04:00,12.64696178217044,12.64696178217044,12.395459701275003,12.503246307373047,14800,0.0,0.0
1998-05-04 00:00:00-04:00,12.35953585674308,12.54816249409163,12.35953585674308,12.43139362335205,26800,0.0,0.0
1998-05-05 00:00:00-04:00,12.41342597000645,12.41342597000645,12.000243918906381,12.054137229919434,7400,0.0,0.0
1998-05-06 00:00:00-04:00,12.000247637430826,12.287678718566895,12.000247637430826,12.072105407714844,73600,0.0,0.0
1998-05-07 00:00:00-04:00,12.072102494673295,12.117013590263598,11.784671482895359,11.856529235839844,36200,0.0,0.0
1998-05-08 00:00:00-04:00,11.964318752288818,12.215820948282877,11.856532096862793,12.072105407714844,30000,0.0,0.0
1998-05-11 00:00:00-04:00,11.928384590148926,12.359531021118164,11.928384590148926,12.215815544128418,101400,0.0,0.0
1998-05-12 00:00:00-04:00,12.215819825758214,12.341570912199842,12.07210429839635,12.108033180236816,82200,0.0,0.0
1998-05-13 00:00:00-04:00,12.072101741050606,12.072101741050606,11.910421807018677,12.036172866821289,48800,0.0,0.0
1998-05-14 00:00:00-04:00,11.92838877103449,12.108033180236816,11.92838877103449,12.108033180236816,20200,0.0,0.0
1998-05-15 00:00:00-04:00,11.928386244133337,12.1619239266239,11.928386244133337,12.036172866821289,26800,0.0,0.0
1998-05-18 00:00:00-04:00,11.928384495352557,12.09006440568113,11.928384495352557,12.000242233276367,29800,0.0,0.0
1998-05-19 00:00:00-04:00,12.143963177998861,12.143963177998861,11.92838986714681,12.072105407714844,6600,0.0,0.0
1998-05-20 00:00:00-04:00,12.000247637430826,12.072105407714844,12.000247637430826,12.072105407714844,9000,0.0,0.0
1998-05-21 00:00:00-04:00,12.000244718781197,12.108031347991806,11.96431584237766,12.090066909790039,220400,0.0,0.0
1998-05-22 00:00:00-04:00,12.000242469585046,12.251744557270962,12.000242469585046,12.179886817932129,69600,0.0,0.0
1998-05-26 00:00:00-04:00,12.07209947374132,12.215814943666812,12.036170606259947,12.125992774963379,19200,0.0,0.0
1998-05-27 00:00:00-04:00,12.00024430419548,12.054137616938872,11.676884427735123,11.730777740478516,66600,0.0,0.0
1998-05-28 00:00:00-04:00,11.65892101358051,11.784672087686925,11.65892101358051,11.712814331054688,12400,0.0,0.0
1998-05-29 00:00:00-04:00,11.784670464786482,11.784670464786482,11.425381731103968,11.640954971313477,50800,0.0,0.0
1998-06-01 00:00:00-04:00,11.74873891431232,11.74873891431232,11.299628099545028,11.587059020996094,9400,0.0,0.0
1998-06-02 00:00:00-04:00,11.281665289126982,11.497238511212212,11.281665289126982,11.290647506713867,10400,0.0,0.0
1998-06-03 00:00:00-04:00,11.407416611663567,11.479274354099243,10.868483543395996,10.868483543395996,24200,0.0,0.0
1998-06-04 00:00:00-04:00,10.868481823376246,11.06609058380127,10.868481823376246,11.06609058380127,15200,0.0,0.0
1998-06-05 00:00:00-04:00,10.922377503948447,11.640954971313477,10.922377503948447,11.640954971313477,33400,0.0,0.0
1998-06-08 00:00:00-04:00,11.640952956001714,11.82059729174248,11.425379753112793,11.425379753112793,18200,0.0,0.0
1998-06-09 00:00:00-04:00,11.82060166651131,11.82060166651131,11.497241742503402,11.551135063171387,46200,0.0,0.0
1998-06-10 00:00:00-04:00,11.51520400141415,11.748741680069974,10.850519839086031,10.922377586364746,52400,0.0,0.0
1998-06-11 00:00:00-04:00,10.922378782242063,11.425383068266369,10.922378782242063,11.317596435546875,24600,0.0,0.0
1998-06-12 00:00:00-04:00,11.209808490894458,11.640954971313477,11.209808490894458,11.640954971313477,82800,0.0,0.0
1998-06-15 00:00:00-04:00,11.425379059263058,12.072098628655308,11.425379059263058,11.605023384094238,114800,0.0,0.0
1998-06-16 00:00:00-04:00,11.569094519128003,11.712809978992947,11.497236789195531,11.605023384094238,11600,0.0,0.0
1998-06-17 00:00:00-04:00,11.71281507920512,11.892459482260413,11.71281507920512,11.816110610961914,4000,0.0,0.0
1998-06-18 00:00:00-04:00,11.676880291530065,11.96431119101388,11.676880291530065,11.820595741271973,19400,0.0,0.0
1998-06-19 00:00:00-04:00,11.74874512833285,11.928389549255371,11.74874512833285,11.928389549255371,50400,0.0,0.0
1998-06-22 00:00:00-04:00,11.928384495352557,12.000242233276367,11.74874015054303,12.000242233276367,15600,0.0,0.0
1998-06-23 00:00:00-04:00,11.820602896701859,11.982282875532126,11.820602896701859,11.928389549255371,7600,0.0,0.0
1998-06-24 00:00:00-04:00,12.000245047778618,12.036173925167176,11.748742906058707,11.784671783447266,19200,0.0,0.0
1998-06-25 00:00:00-04:00,11.60502710053415,11.856529235839844,11.60502710053415,11.856529235839844,7800,0.0,0.0
1998-06-26 00:00:00-04:00,11.856533839983523,11.892462730407715,11.856533839983523,11.892462730407715,10200,0.0,0.0
1998-06-29 00:00:00-04:00,11.640960497438368,11.892462730407715,11.640960497438368,11.892462730407715,13600,0.0,0.0
1998-06-30 00:00:00-04:00,11.784676059135137,11.892462730407715,11.569102716589983,11.892462730407715,34800,0.0,0.0
1998-07-01 00:00:00-04:00,12.14395804860484,12.530193400742421,12.14395804860484,12.512228965759277,30600,0.0,0.0
1998-07-02 00:00:00-04:00,12.161923766477743,12.539176940917969,12.161923766477743,12.539176940917969,10400,0.0,0.0
1998-07-06 00:00:00-04:00,12.467316463631644,12.934391720194212,12.269707701239787,12.75474739074707,42800,0.0,0.0
1998-07-07 00:00:00-04:00,12.718824711591838,12.934398011788309,12.718824711591838,12.862540245056152,8600,0.0,0.0
1998-07-08 00:00:00-04:00,12.71881852485764,12.862533988415354,12.646960793078785,12.75474739074707,9000,0.0,0.0
1998-07-09 00:00:00-04:00,12.754751130330746,12.77271556854248,12.754751130330746,12.77271556854248,2000,0.0,0.0
1998-07-10 00:00:00-04:00,12.646963483831856,12.862536725033534,12.646963483831856,12.790678977966309,5600,0.0,0.0
1998-07-13 00:00:00-04:00,12.61103762073153,13.18589973449707,12.61103762073153,13.18589973449707,35400,0.0,0.0
1998-07-14 00:00:00-04:00,12.754750104432695,12.970323345634375,12.754750104432695,12.790678977966309,104000,0.0,0.0
1998-07-15 00:00:00-04:00,12.646965219193145,12.862538489974847,12.646965219193145,12.82660961151123,35000,0.0,0.0
1998-07-16 00:00:00-04:00,12.611035346984863,12.71882197388217,12.611035346984863,12.611035346984863,32200,0.0,0.0
1998-07-17 00:00:00-04:00,12.646963483831856,13.006252219167987,12.503247989697401,12.790678977966309,33800,0.0,0.0
1998-07-20 00:00:00-04:00,12.790680733047614,13.006254003829314,12.503249705338678,12.82660961151123,94000,0.0,0.0
1998-07-21 00:00:00-04:00,12.82660961151123,12.82660961151123,12.82660961151123,12.82660961151123,21800,0.0,0.0
1998-07-22 00:00:00-04:00,12.682890844345094,12.718819713592529,12.143957805633546,12.215815544128418,46200,0.0,0.0
1998-07-23 00:00:00-04:00,12.215817555169052,12.215817555169052,11.730777740478516,11.730777740478516,45000,0.0,0.0
1998-07-24 00:00:00-04:00,11.533167905868238,11.784670009734524,11.281665802001953,11.281665802001953,19400,0.0,0.0
1998-07-27 00:00:00-04:00,11.066088790893556,11.102017650604248,10.599013614654542,10.778657913208008,16600,0.0,0.0
1998-07-28 00:00:00-04:00,10.922376850222754,11.281665562401134,10.778661365351402,10.868483543395996,17400,0.0,0.0
1998-07-29 00:00:00-04:00,11.35352282389578,11.497238302679271,11.20980734511229,11.461309432983398,40800,0.0,0.0
1998-07-30 00:00:00-04:00,11.712811374664307,12.215815544128418,11.389451551437379,12.215815544128418,11600,0.0,0.0
1998-07-31 00:00:00-04:00,12.072100522014246,12.215816004419176,11.353523109989588,11.38945198059082,36400,0.0,0.0
1998-08-03 00:00:00-04:00,11.605024766921998,11.605024766921998,11.497238159179688,11.497238159179688,3400,0.0,0.0
1998-08-04 00:00:00-04:00,11.712816144400445,11.712816144400445,11.137954002343982,11.299633979797363,66600,0.0,0.0
1998-08-05 00:00:00-04:00,11.209810519105451,11.712814837270438,11.209810519105451,11.371490478515625,86400,0.0,0.0
1998-08-06 00:00:00-04:00,11.335558674688972,11.38945198059082,11.209807627584656,11.38945198059082,23000,0.0,0.0
1998-08-07 00:00:00-04:00,11.461310879152212,12.072101741050606,11.461310879152212,12.036172866821289,28600,0.0,0.0
1998-08-10 00:00:00-04:00,11.78467031625601,11.856528062086838,11.676883697509766,11.676883697509766,6400,0.0,0.0
1998-08-11 00:00:00-04:00,11.569095221705407,11.82059729174248,11.425379753112793,11.425379753112793,24400,0.0,0.0
1998-08-12 00:00:00-04:00,11.389453354231808,12.072101977987026,11.389453354231808,11.74874210357666,17000,0.0,0.0
1998-08-13 00:00:00-04:00,11.856532587069216,11.856532587069216,11.281670401029498,11.533172607421875,13600,0.0,0.0
1998-08-14 00:00:00-04:00,11.71281655629476,12.072105407714844,11.425385475158691,12.072105407714844,14800,0.0,0.0
1998-08-17 00:00:00-04:00,12.197851772196808,12.611033790989925,11.928385238201297,12.287673950195312,28000,0.0,0.0
1998-08-18 00:00:00-04:00,12.575109799702963,12.970327536265055,12.072105407714844,12.072105407714844,33200,0.0,0.0
1998-08-19 00:00:00-04:00,12.108031371145538,12.35953350645123,11.856529235839844,11.856529235839844,9400,0.0,0.0
1998-08-20 00:00:00-04:00,11.748746846173262,12.35953796661652,11.730782401454341,11.964320182800293,20200,0.0,0.0
1998-08-21 00:00:00-04:00,11.78467031625601,12.018207990206205,11.676883697509766,11.676883697509766,24600,0.0,0.0
1998-08-24 00:00:00-04:00,12.072100142358055,12.072100142358055,11.35352275293198,11.479273796081543,40000,0.0,0.0
1998-08-25 00:00:00-04:00,11.569101339654077,11.569101339654077,11.281670250470125,11.353528022766113,11000,0.0,0.0
1998-08-26 00:00:00-04:00,11.533172453506083,11.533172453506083,11.06609693358216,11.353528022766113,4800,0.0,0.0
1998-08-27 00:00:00-04:00,10.814589643478394,11.497238159179688,10.814589643478394,11.497238159179688,32800,0.0,0.0
1998-08-28 00:00:00-04:00,11.137949815885289,11.640954001118818,11.066092075137641,11.407416343688965,12600,0.0,0.0
1998-08-31 00:00:00-04:00,11.048130070252276,11.353525535608844,10.706805726618466,10.814592361450195,29000,0.0,0.0
1998-09-01 00:00:00-04:00,11.102020786358759,11.209807395935059,10.922376437064928,11.209807395935059,62400,0.0,0.0
1998-09-02 00:00:00-04:00,10.976270077524829,11.317594351621345,10.769679069519043,10.769679069519043,10200,0.0,0.0
1998-09-03 00:00:00-04:00,10.778663428343938,10.778663428343938,10.060085866454342,10.43284797668457,41400,0.0,0.0
1998-09-04 00:00:00-04:00,10.419378296455143,10.832560539245605,10.275662733745417,10.832560539245605,46400,0.0,0.0
1998-09-08 00:00:00-04:00,11.030162858963013,11.497238159179688,10.167869997024537,11.497238159179688,6200,0.0,0.0
1998-09-09 00:00:00-04:00,11.425380297404963,11.425380297404963,10.850518395648738,11.048127174377441,6000,0.0,0.0
1998-09-10 00:00:00-04:00,10.886447723268523,11.497238519623524,10.886447723268523,11.407416343688965,30800,0.0,0.0
1998-09-11 00:00:00-04:00,11.209807205200196,11.497238159179688,10.634945297241211,11.497238159179688,14800,0.0,0.0
1998-09-14 00:00:00-04:00,10.922379675806534,11.353526241956791,10.922379675806534,11.10202407836914,14200,0.0,0.0
1998-09-15 00:00:00-04:00,10.634949923751755,11.13795431203731,10.634949923751755,10.796629905700684,23000,0.0,0.0
1998-09-16 00:00:00-04:00,10.742729053497314,10.958302211761474,10.742729053497314,10.778657913208008,16000,0.0,0.0
1998-09-17 00:00:00-04:00,10.634946597249884,10.922377586364746,10.311586734495666,10.922377586364746,4600,0.0,0.0
1998-09-18 00:00:00-04:00,10.922380763173893,10.95830964726328,10.563091922280014,10.850522994995117,28600,0.0,0.0
1998-09-21 00:00:00-04:00,10.850515632629394,10.850515632629394,10.706800193786622,10.778657913208008,26200,0.0,0.0
1998-09-22 00:00:00-04:00,10.778665862627477,10.778665862627477,10.670879204001203,10.706808090209961,29200,0.0,0.0
1998-09-23 00:00:00-04:00,10.778663865285903,10.778663865285903,10.63494834708209,10.724770545959473,37400,0.0,0.0
1998-09-24 00:00:00-04:00,10.742733218167958,10.922377586364746,10.7068043445286,10.922377586364746,78800,0.0,0.0
1998-09-25 00:00:00-04:00,10.958310918870316,10.994239807128906,10.958310918870316,10.994239807128906,8600,0.0,0.0
1998-09-28 00:00:00-04:00,10.958306924489884,12.108030929682267,10.958306924489884,11.730777740478516,71800,0.0,0.0
1998-09-29 00:00:00-04:00,11.533169939474094,11.784672087686925,11.38945442620962,11.712814331054688,39800,0.0,0.0
1998-09-30 00:00:00-04:00,11.209806953042241,11.209806953042241,10.383442978939769,10.599016189575195,54000,0.0,0.0
1998-10-01 00:00:00-04:00,10.347512650163205,11.299627529431696,10.32056600263674,10.491228103637695,31200,0.0,0.0
1998-10-02 00:00:00-04:00,10.311586739035214,10.77866209655249,10.311586739035214,10.68883991241455,14400,0.0,0.0
1998-10-05 00:00:00-04:00,10.419374809784143,10.563090324401855,10.096014901894291,10.563090324401855,29000,0.0,0.0
1998-10-06 00:00:00-04:00,10.634947313581193,10.634947313581193,9.88044091633388,10.06008529663086,14600,0.0,0.0
1998-10-07 00:00:00-04:00,9.844511559515288,9.844511559515288,9.197791822028883,9.485222816467285,13000,0.0,0.0
1998-10-08 00:00:00-04:00,9.26965010635496,9.341507859117403,8.910361342542753,9.125934600830078,18800,0.0,0.0
1998-10-09 00:00:00-04:00,9.341506147936965,9.341506147936965,8.479213272742783,9.305577278137207,108400,0.0,0.0
1998-10-12 00:00:00-04:00,9.52115177644366,9.52115177644366,9.233720779418945,9.233720779418945,35200,0.0,0.0
1998-10-13 00:00:00-04:00,9.233721175501422,9.233721175501422,8.910361289978027,8.910361289978027,7800,0.0,0.0
1998-10-14 00:00:00-04:00,8.91036416676419,9.233724156687083,8.551075289072084,8.694790840148926,21000,0.0,0.0
1998-10-15 00:00:00-04:00,9.197792257842433,9.880440901979176,9.054076753813645,9.377436637878418,30400,0.0,0.0
1998-10-16 00:00:00-04:00,9.197793173623252,10.347517320326158,9.090006534869854,10.275659561157227,49800,0.0,0.0
1998-10-19 00:00:00-04:00,10.257692059462633,11.13794934652685,10.257692059462633,11.048127174377441,74000,0.0,0.0
1998-10-20 00:00:00-04:00,11.353522682189942,11.533167028427124,10.922376251220703,11.497238159179688,59600,0.0,0.0
1998-10-21 00:00:00-04:00,11.173877683075718,11.533166354557252,10.77866014444603,11.425379753112793,87600,0.0,0.0
1998-10-22 00:00:00-04:00,11.425382030747015,11.461310905057541,11.209808784883863,11.335559844970703,32800,0.0,0.0
1998-10-23 00:00:00-04:00,11.497238207929811,11.497238207929811,11.245736122131348,11.245736122131348,5800,0.0,0.0
1998-10-26 00:00:00-05:00,11.425380615087656,11.425380615087656,11.137949656217526,11.209807395935059,25000,0.0,0.0
1998-10-27 00:00:00-05:00,11.209807395935059,11.209807395935059,11.102020786358759,11.209807395935059,11400,0.0,0.0
1998-10-28 00:00:00-05:00,10.634948631706362,11.173881839394184,10.634948631706362,11.10202407836914,4400,0.0,0.0
1998-10-29 00:00:00-05:00,11.209807467881596,11.209807467881596,10.778661026809226,11.191843032836914,38600,0.0,0.0
1998-10-30 00:00:00-05:00,11.209808058040156,11.407416853935096,10.922377082192973,11.281665802001953,28800,0.0,0.0
1998-11-02 00:00:00-05:00,11.245737518802766,11.245737518802766,11.066093149492817,11.137950897216797,55400,0.0,0.0
1998-11-03 00:00:00-05:00,11.119985878087912,11.281665802001953,11.066092570116565,11.281665802001953,44400,0.0,0.0
1998-11-04 00:00:00-05:00,11.191842961005674,11.28166513565259,11.066091916499992,11.209807395935059,24400,0.0,0.0
1998-11-05 00:00:00-05:00,11.209811548268572,11.712815912613957,11.10202489876599,11.569100379943848,78200,0.0,0.0
1998-11-06 00:00:00-05:00,11.587065937363098,11.640959267304321,11.389457060911944,11.533172607421875,20400,0.0,0.0
1998-11-09 00:00:00-05:00,11.497239033887341,11.533167905868238,11.084057006107015,11.281665802001953,39600,0.0,0.0
1998-11-10 00:00:00-05:00,11.245738680400546,11.317596435546875,10.994236537388392,11.317596435546875,47800,0.0,0.0
1998-11-11 00:00:00-05:00,11.353524282125965,11.353524282125965,11.25471987777202,11.335559844970703,16200,0.0,0.0
1998-11-12 00:00:00-05:00,11.281666327724938,11.317595201380113,10.634946601931789,10.68883991241455,40400,0.0,0.0
1998-11-13 00:00:00-05:00,10.778662831488262,10.904413897855624,10.401409632386173,10.7427339553833,91400,0.0,0.0
1998-11-16 00:00:00-05:00,10.850520342103046,11.03016471862793,10.778662591493092,11.03016471862793,59600,0.0,0.0
1998-11-17 00:00:00-05:00,11.030159931182862,11.066088790893556,10.778657913208008,10.778657913208008,23000,0.0,0.0
1998-11-18 00:00:00-05:00,10.994235333643463,11.137950828200893,10.922377586364746,10.922377586364746,34800,0.0,0.0
1998-11-19 00:00:00-05:00,10.922379675806534,11.31759736144427,10.922379675806534,11.10202407836914,57000,0.0,0.0
1998-11-20 00:00:00-05:00,11.030164275630828,11.22777308187177,11.030164275630828,11.137950897216797,18800,0.0,0.0
1998-11-23 00:00:00-05:00,11.209809529032684,11.353525035815155,11.066094022250214,11.155916213989258,16800,0.0,0.0
1998-11-24 00:00:00-05:00,11.102023170107888,11.35352531312004,11.102023170107888,11.317596435546875,25400,0.0,0.0
1998-11-25 00:00:00-05:00,11.353526038581162,11.425383798319016,11.353526038581162,11.371490478515625,11000,0.0,0.0
1998-11-27 00:00:00-05:00,11.425379753112793,11.425379753112793,11.425379753112793,11.425379753112793,400,0.0,0.0
1998-11-30 00:00:00-05:00,11.389450885964639,11.425379753112793,11.335557585242409,11.425379753112793,48800,0.0,0.0
1998-12-01 00:00:00-05:00,11.425385475158691,12.215820948282877,11.317598819732666,12.072105407714844,63400,0.0,0.0
1998-12-02 00:00:00-05:00,11.85653242883803,11.85653242883803,11.353528022766113,11.353528022766113,38200,0.0,0.0
1998-12-03 00:00:00-05:00,11.281665368787122,11.533167462995753,11.281665368787122,11.38945198059082,11400,0.0,0.0
1998-12-04 00:00:00-05:00,11.389451819764087,12.359531312299199,11.389451819764087,12.14395809173584,187400,0.0,0.0
1998-12-07 00:00:00-05:00,12.108034292856852,12.108034292856852,11.8924609820048,12.072105407714844,16000,0.0,0.0
1998-12-08 00:00:00-05:00,11.78466939079691,12.14395809173584,11.78466939079691,12.14395809173584,32600,0.0,0.0
1998-12-09 00:00:00-05:00,12.143963177998861,12.215820948282877,11.856532096862793,12.072105407714844,14000,0.0,0.0
1998-12-10 00:00:00-05:00,12.072105085993387,12.215820622731403,11.784674012517353,11.928389549255371,31600,0.0,0.0
1998-12-11 00:00:00-05:00,11.784674012517353,11.928389549255371,11.784674012517353,11.928389549255371,6000,0.0,0.0
1998-12-14 00:00:00-05:00,11.353522875370123,11.784669313675318,11.209807395935059,11.209807395935059,14600,0.0,0.0
1998-12-15 00:00:00-05:00,11.353523545963748,11.353523545963748,11.209808058040156,11.281665802001953,3600,0.0,0.0
1998-12-16 00:00:00-05:00,11.425377388000488,11.425377388000488,10.634942474365234,10.778657913208008,41600,0.0,0.0
1998-12-17 00:00:00-05:00,11.102025118465454,11.676887260521918,10.922380699072809,11.299633979797363,32200,0.0,0.0
1998-12-18 00:00:00-05:00,11.44334418668687,11.640952956001714,11.353522018816486,11.425379753112793,59600,0.0,0.0
1998-12-21 00:00:00-05:00,11.425380420684816,11.640953636169433,11.281664943695068,11.497238159179688,24000,0.0,0.0
1998-12-22 00:00:00-05:00,11.371487310299505,11.497238354805187,11.173878526076292,11.209807395935059,30200,0.0,0.0
1998-12-23 00:00:00-05:00,11.119985079232114,11.245736122131348,11.119985079232114,11.245736122131348,8200,0.0,0.0
1998-12-24 00:00:00-05:00,11.353524140388734,11.353524140388734,11.137950897216797,11.137950897216797,4200,0.0,0.0
1998-12-28 00:00:00-05:00,11.209807395935059,11.28166513565259,11.191842961005674,11.209807395935059,9800,0.0,0.0
1998-12-29 00:00:00-05:00,11.030163274578491,11.38945198059082,11.030163274578491,11.38945198059082,35400,0.0,0.0
1998-12-30 00:00:00-05:00,11.389451908502053,11.425380778875876,11.317594167754406,11.407416343688965,15600,0.0,0.0
1998-12-31 00:00:00-05:00,11.425380491874588,11.569095969759802,11.35352275293198,11.479273796081543,21400,0.0,0.0
1999-01-04 00:00:00-05:00,11.569098578559029,11.748742966424851,11.317596435546875,11.317596435546875,144800,0.0,0.0
1999-01-05 00:00:00-05:00,11.209806550223872,11.569095221705407,11.209806550223872,11.425379753112793,152800,0.0,0.0
1999-01-06 00:00:00-05:00,11.425380420684816,11.569095897674561,11.425380420684816,11.497238159179688,35400,0.0,0.0
1999-01-07 00:00:00-05:00,11.389453367212447,11.533168867114181,11.389453367212447,11.515204429626465,175600,0.0,0.0
1999-01-08 00:00:00-05:00,11.335559404813326,11.676883697509766,11.335559404813326,11.676883697509766,119200,0.0,0.0
1999-01-11 00:00:00-05:00,11.676883844681727,11.676883844681727,11.569097224576973,11.640954971313477,40800,0.0,0.0
1999-01-12 00:00:00-05:00,11.64095723986901,12.215819325788466,11.497241718389144,11.667903900146484,64200,0.0,0.0
1999-01-13 00:00:00-05:00,11.533169325535223,12.090066909790039,11.497240449131686,12.090066909790039,18400,0.0,0.0
1999-01-14 00:00:00-05:00,12.072105097216228,12.359536170959473,11.82060290769089,12.359536170959473,34200,0.0,0.0
1999-01-15 00:00:00-05:00,12.215823097662492,12.64696979522705,12.215823097662492,12.64696979522705,16800,0.0,0.0
1999-01-19 00:00:00-05:00,12.215821093947419,14.102087586395182,12.215821093947419,13.32961654663086,76200,0.0,0.0
1999-01-20 00:00:00-05:00,13.796694322065875,13.796694322065875,12.359538663517345,12.64696979522705,33000,0.0,0.0
1999-01-21 00:00:00-05:00,12.611035617641319,12.611035617641319,11.96431584237766,12.090066909790039,14400,0.0,0.0
1999-01-22 00:00:00-05:00,12.072100067138672,12.215815544128418,11.928384590148926,12.215815544128418,14800,0.0,0.0
1999-01-25 00:00:00-05:00,12.072105097216228,12.377500613068426,12.072105097216228,12.359536170959473,24800,0.0,0.0
1999-01-26 00:00:00-05:00,12.25174686040221,12.77271556854248,12.090066916496609,12.77271556854248,31400,0.0,0.0
1999-01-27 00:00:00-05:00,12.161926831667724,12.467322335564846,12.143962390262011,12.251749038696289,35400,0.0,0.0
1999-01-28 00:00:00-05:00,12.359533482816563,12.359533482816563,12.090066909790039,12.090066909790039,6600,0.0,0.0
1999-01-29 00:00:00-05:00,12.646967244702717,12.646967244702717,12.197856191978898,12.359536170959473,15400,0.0,0.0
1999-02-01 00:00:00-05:00,12.611037229455036,12.611037229455036,12.359535062485847,12.395463943481445,23800,0.0,0.0
1999-02-02 00:00:00-05:00,12.52121647198995,12.52121647198995,11.856532096862793,12.072105407714844,9200,0.0,0.0
1999-02-03 00:00:00-05:00,12.143964963377062,12.215822744225447,11.712818278286752,11.892462730407715,27600,0.0,0.0
1999-02-04 00:00:00-05:00,11.74874159141823,12.000243704995992,11.605026097945226,11.640954971313477,102200,0.0,0.0
1999-02-05 00:00:00-05:00,11.78466911315918,11.78466911315918,11.497238159179688,11.497238159179688,164000,0.0,0.0
1999-02-08 00:00:00-05:00,11.497241742503402,11.676886144730018,11.497241742503402,11.551135063171387,31600,0.0,0.0
1999-02-09 00:00:00-05:00,11.802639257127993,11.802639257127993,11.533172607421875,11.533172607421875,38000,0.0,0.0
1999-02-10 00:00:00-05:00,11.78466911315918,11.78466911315918,11.425380420684816,11.497238159179688,77600,0.0,0.0
1999-02-11 00:00:00-05:00,11.425381859549642,12.305639266967773,11.425381859549642,12.305639266967773,92200,0.0,0.0
1999-02-12 00:00:00-05:00,11.928389549255371,12.10803397017789,11.640958475779337,11.928389549255371,15000,0.0,0.0
1999-02-16 00:00:00-05:00,11.64095370870241,11.64095370870241,11.389451622403284,11.479273796081543,16000,0.0,0.0
1999-02-17 00:00:00-05:00,11.515201126384511,11.533165558718965,11.49723669405006,11.506218910217285,27400,0.0,0.0
1999-02-18 00:00:00-05:00,11.928386491843952,11.928386491843952,11.425382242187881,11.515204429626465,23200,0.0,0.0
1999-02-19 00:00:00-05:00,11.569098519115913,11.784671783447266,11.4074185708674,11.784671783447266,33600,0.0,0.0
1999-02-22 00:00:00-05:00,11.928391620831908,11.982284956468197,11.784676059135137,11.892462730407715,18000,0.0,0.0
1999-02-23 00:00:00-05:00,11.8924609820048,12.072105407714844,11.533172130584717,12.072105407714844,32200,0.0,0.0
1999-02-24 00:00:00-05:00,11.712814331054688,12.143960870848112,11.712814331054688,11.712814331054688,27800,0.0,0.0
1999-02-25 00:00:00-05:00,11.712814028670149,11.784671783447266,11.64095627389303,11.784671783447266,26200,0.0,0.0
1999-02-26 00:00:00-05:00,11.640955478773204,11.802635415978388,11.640955478773204,11.74874210357666,13000,0.0,0.0
1999-03-01 00:00:00-05:00,11.712814331054688,12.539178532325417,11.64095657442245,11.712814331054688,71000,0.0,0.0
1999-03-02 00:00:00-05:00,11.784671783447266,11.820600660835824,11.712814028670149,11.784671783447266,34200,0.0,0.0
1999-03-03 00:00:00-05:00,11.730777740478516,11.80263549080304,11.730777740478516,11.730777740478516,10800,0.0,0.0
1999-03-04 00:00:00-05:00,11.80263369509419,11.856526999638,11.461309432983398,11.461309432983398,47000,0.0,0.0
1999-03-05 00:00:00-05:00,11.353523109989588,11.569096333596985,11.353523109989588,11.38945198059082,73400,0.0,0.0
1999-03-08 00:00:00-05:00,11.569097224576973,11.856528211522985,11.389452857735716,11.640954971313477,48400,0.0,0.0
1999-03-09 00:00:00-05:00,11.748741899541741,11.748741899541741,11.209808784883863,11.335559844970703,63800,0.0,0.0
1999-03-10 00:00:00-05:00,11.461308620260946,11.4972374874091,11.317593151668332,11.425379753112793,68800,0.0,0.0
1999-03-11 00:00:00-05:00,11.443350390853169,11.640959267304321,11.353528174284461,11.533172607421875,217200,0.0,0.0
1999-03-12 00:00:00-05:00,11.64095407479945,11.712811816001917,11.38945198059082,11.38945198059082,38600,0.0,0.0
1999-03-15 00:00:00-05:00,11.425384002981835,11.425384002981835,11.012201877087836,11.10202407836914,20000,0.0,0.0
1999-03-16 00:00:00-05:00,11.173885301755414,11.173885301755414,10.814596385300256,10.976276397705078,120000,0.0,0.0
1999-03-17 00:00:00-05:00,10.859501556226402,11.389452417944646,10.81459046625028,11.281665802001953,128600,0.0,0.0
1999-03-18 00:00:00-05:00,11.06609058380127,11.425379239119493,11.06609058380127,11.06609058380127,33000,0.0,0.0
1999-03-19 00:00:00-05:00,11.497238230817196,11.784669186587625,11.066091797161551,11.479273796081543,91800,0.0,0.0
1999-03-22 00:00:00-05:00,11.47927709554116,11.533170415238535,11.47927709554116,11.488259315490723,59400,0.0,0.0
1999-03-23 00:00:00-05:00,11.443343671885405,11.443343671885405,10.92237512167398,11.06609058380127,27800,0.0,0.0
1999-03-24 00:00:00-05:00,10.922377654044858,11.137950897216797,10.7786621585969,11.137950897216797,39800,0.0,0.0
1999-03-25 00:00:00-05:00,11.353524140388734,11.353524140388734,11.137950897216797,11.137950897216797,2000,0.0,0.0
1999-03-26 00:00:00-05:00,11.497236970183137,11.497236970183137,10.92237512167398,11.06609058380127,4200,0.0,0.0
1999-03-29 00:00:00-05:00,10.940344192220481,11.209810797940198,10.922379751839166,11.084059715270996,40400,0.0,0.0
1999-03-30 00:00:00-05:00,10.886448210212075,11.425381289925545,10.886448210212075,11.281665802001953,101000,0.0,0.0
1999-03-31 00:00:00-05:00,11.17387918605926,11.281665802001953,10.922377082192973,11.281665802001953,46200,0.0,0.0
1999-04-01 00:00:00-05:00,11.353528022766113,11.353528022766113,11.048132490508165,11.353528022766113,99400,0.0,0.0
1999-04-05 00:00:00-04:00,11.155915114918693,11.353523917276352,10.958306312561035,10.958306312561035,42400,0.0,0.0
1999-04-06 00:00:00-04:00,10.958305166933101,11.353522730330688,10.958305166933101,11.245736122131348,94800,0.0,0.0
1999-04-07 00:00:00-04:00,11.200826206363615,11.200826206363615,10.958306312561035,10.958306312561035,24800,0.0,0.0
1999-04-08 00:00:00-04:00,11.066092932028848,11.137950678340724,10.958306312561035,10.958306312561035,14600,0.0,0.0
1999-04-09 00:00:00-04:00,10.90441807193955,11.200831413269043,10.85052473715237,11.200831413269043,79200,0.0,0.0
1999-04-12 00:00:00-04:00,11.137952958881662,11.209810719906704,11.012201877087836,11.10202407836914,25400,0.0,0.0
1999-04-13 00:00:00-04:00,10.994235843322953,11.102022469237884,10.994235843322953,11.03016471862793,54800,0.0,0.0
1999-04-14 00:00:00-04:00,10.922376251220703,11.67688250541687,10.922376251220703,11.497238159179688,229400,0.0,0.0
1999-04-15 00:00:00-04:00,11.622989201545716,11.748740243911744,11.317593812942505,11.497238159179688,31600,0.0,0.0
1999-04-16 00:00:00-04:00,11.569101015726725,12.61103868484497,11.569101015726725,12.072105407714844,102200,0.0,0.0
1999-04-19 00:00:00-04:00,12.072105407714844,12.359536488850912,11.784674326578775,12.072105407714844,10600,0.0,0.0
1999-04-20 00:00:00-04:00,12.14396286565204,12.503251707831094,11.640958486601363,12.359536170959473,75800,0.0,0.0
1999-04-21 00:00:00-04:00,12.215819713047573,12.934397343226841,12.215819713047573,12.575108528137207,30600,0.0,0.0
1999-04-22 00:00:00-04:00,12.359533992536992,12.646965015619248,12.197854042053223,12.197854042053223,9800,0.0,0.0
1999-04-23 00:00:00-04:00,12.64696979522705,12.772720915350048,12.28768088058992,12.64696979522705,15200,0.0,0.0
1999-04-26 00:00:00-04:00,12.359531021118164,12.646961975097657,12.125993371009827,12.215815544128418,68200,0.0,0.0
1999-04-27 00:00:00-04:00,12.125994538514746,12.628998756408691,12.018207920394616,12.628998756408691,53000,0.0,0.0
1999-04-28 00:00:00-04:00,12.628994121361051,12.754745129681858,12.25174109639863,12.59306526184082,88400,0.0,0.0
1999-04-29 00:00:00-04:00,13.04218285134498,14.407480229722692,13.00625397296662,13.509258270263672,381000,0.0,0.0
1999-04-30 00:00:00-04:00,13.72483213351724,13.832618773309258,13.078112294765118,13.149970054626465,106200,0.0,0.0
1999-05-03 00:00:00-04:00,13.329610538226989,13.509254885103363,13.006250713849514,13.401468276977539,155400,0.0,0.0
1999-05-04 00:00:00-04:00,13.509258853933199,13.545187733863871,13.078112294765118,13.149970054626465,59800,0.0,0.0
1999-05-05 00:00:00-04:00,13.509252745702101,13.760754791499746,13.078106381477566,13.70686149597168,148600,0.0,0.0
1999-05-06 00:00:00-04:00,13.796689338084915,13.796689338084915,13.724831581115723,13.724831581115723,33000,0.0,0.0
1999-05-07 00:00:00-04:00,13.760760231465683,13.796689109354629,13.72483135357674,13.778724670410156,49600,0.0,0.0
1999-05-10 00:00:00-04:00,13.778724670410156,13.958369059854878,13.688902475687796,13.778724670410156,71400,0.0,0.0
1999-05-11 00:00:00-04:00,13.868545830249786,13.868545830249786,13.473328202962875,13.796688079833984,18200,0.0,0.0
1999-05-12 00:00:00-04:00,13.742790706554,13.814648435738595,13.581110815888659,13.617039680480957,55000,0.0,0.0
1999-05-13 00:00:00-04:00,13.455359789815615,13.688897409665552,13.437395357519467,13.617039680480957,19800,0.0,0.0
1999-05-14 00:00:00-04:00,13.149973219794196,13.545190994159595,12.826613222586142,13.293688774108887,140400,0.0,0.0
1999-05-17 00:00:00-04:00,13.509254741158715,13.509254741158715,13.293681527204056,13.437397003173828,4400,0.0,0.0
1999-05-18 00:00:00-04:00,13.383502020881538,13.437395317609921,13.131999969482422,13.131999969482422,45200,0.0,0.0
1999-05-19 00:00:00-04:00,13.239789669330303,13.32961185161884,12.934394249549278,13.078109741210938,61400,0.0,0.0
1999-05-20 00:00:00-04:00,12.934394249549278,13.221825232872597,12.934394249549278,13.078109741210938,15400,0.0,0.0
1999-05-21 00:00:00-04:00,13.149970054626465,13.185898934557137,13.078112294765118,13.149970054626465,98000,0.0,0.0
1999-05-24 00:00:00-04:00,13.203863143920898,13.257756462875678,12.97032542845019,13.203863143920898,31200,0.0,0.0
1999-05-25 00:00:00-04:00,13.132002684787059,13.473326967975778,13.132002684787059,13.16793155670166,20600,0.0,0.0
1999-05-26 00:00:00-04:00,12.970323122464693,13.096074177668644,12.934394249549278,13.078109741210938,10800,0.0,0.0
1999-05-27 00:00:00-04:00,13.221829414367676,13.221829414367676,12.934398340142291,13.221829414367676,36800,0.0,0.0
1999-05-28 00:00:00-04:00,13.509258310208146,14.22783587990007,13.365542796269763,13.724831581115723,55800,0.0,2.0
1999-06-01 00:00:00-04:00,13.796686189580665,14.33561924386116,13.6529707084392,14.030223846435547,73200,0.0,0.0
1999-06-02 00:00:00-04:00,13.832615417303497,13.940402030944824,13.688899932448397,13.940402030944824,15000,0.0,0.0
1999-06-03 00:00:00-04:00,13.760759204626083,13.940403580665588,13.724830329418182,13.796688079833984,37500,0.0,0.0
1999-06-04 00:00:00-04:00,13.796693475752914,13.940409032792008,13.796693475752914,13.868551254272461,8500,0.0,0.0
1999-06-07 00:00:00-04:00,13.94040564753583,14.946414302512643,13.688903483791627,14.874556541442871,56900,0.0,0.0
1999-06-08 00:00:00-04:00,14.87455338698167,14.9464111328125,14.299691420335035,14.9464111328125,51400,0.0,0.0
1999-06-09 00:00:00-04:00,14.443407361661917,14.730838353933796,14.0122608732541,14.138011932373047,63100,0.0,0.0
1999-06-10 00:00:00-04:00,14.155973675430461,14.227831409823509,13.293680862713884,13.365538597106934,24400,0.0,0.0
1999-06-11 00:00:00-04:00,13.581116613794546,13.581116613794546,13.078112294765118,13.149970054626465,27900,0.0,0.0
1999-06-14 00:00:00-04:00,13.2936814187587,13.329610287458047,12.503246307373047,12.503246307373047,82100,0.0,0.0
1999-06-15 00:00:00-04:00,12.9343936950203,13.688899993896484,12.790678209520074,13.688899993896484,27000,0.0,0.0
1999-06-16 00:00:00-04:00,13.796689893378586,13.868547653239933,13.042183414834444,13.149970054626465,21300,0.0,0.0
1999-06-17 00:00:00-04:00,13.07811183981133,13.940404928150539,13.07811183981133,13.257756233215332,6600,0.0,0.0
1999-06-18 00:00:00-04:00,13.940399047851562,13.940399047851562,13.365537231445312,13.473323822021484,40900,0.0,0.0
1999-06-21 00:00:00-04:00,13.724830928601717,13.724830928601717,12.790680132414165,12.970324516296387,46200,0.0,0.0
1999-06-22 00:00:00-04:00,12.790680810364927,13.724831656065737,12.790680810364927,13.257756233215332,43300,0.0,0.0
1999-06-23 00:00:00-04:00,13.22183099695154,13.329617662687559,13.22183099695154,13.293688774108887,12000,0.0,0.0
1999-06-24 00:00:00-04:00,13.437396331499981,13.940400472251318,13.149965393927788,13.365538597106934,9300,0.0,0.0
1999-06-25 00:00:00-04:00,13.293687182924023,13.365544951480368,13.221829414367676,13.221829414367676,30400,0.0,0.0
1999-06-28 00:00:00-04:00,13.47332943172355,14.084120365961684,13.47332943172355,13.724831581115723,15300,0.0,0.0
1999-06-29 00:00:00-04:00,13.83261821656951,13.9404048520233,13.617044945661934,13.724831581115723,43800,0.0,0.0
1999-06-30 00:00:00-04:00,13.724833020296963,13.868548549305308,13.581117491288618,13.832619667053223,54400,0.0,0.0
1999-07-01 00:00:00-04:00,13.509257078170776,13.940403580665588,13.509257078170776,13.796688079833984,35300,0.0,0.0
1999-07-02 00:00:00-04:00,13.868547095054108,13.868547095054108,13.581116067177339,13.724831581115723,19200,0.0,0.0
1999-07-06 00:00:00-04:00,13.760756970730288,13.796685840105562,12.718819758847316,13.401468276977539,94600,0.0,0.0
1999-07-07 00:00:00-04:00,12.934400926936757,13.365547624501316,12.64696979522705,12.64696979522705,26600,0.0,0.0
1999-07-08 00:00:00-04:00,12.71881852485764,12.862533988415354,12.575103061299927,12.75474739074707,64300,0.0,0.0
1999-07-09 00:00:00-04:00,13.078109180520524,13.688899993896484,12.71882046676996,13.688899993896484,36400,0.0,0.0
1999-07-12 00:00:00-04:00,13.5811185836792,14.227838516235352,13.437403043111166,14.227838516235352,108500,0.0,0.0
1999-07-13 00:00:00-04:00,14.191907388823374,14.191907388823374,13.72483195577349,14.084120750427246,37600,0.0,0.0
1999-07-14 00:00:00-04:00,13.832620158413341,14.155980110168457,13.832620158413341,14.155980110168457,23100,0.0,0.0
1999-07-15 00:00:00-04:00,14.155980745951334,14.227838516235352,14.084122975667318,14.227838516235352,41100,0.0,0.0
1999-07-16 00:00:00-04:00,14.227834582328796,14.263763457536697,13.796688079833984,13.796688079833984,47300,0.0,0.0
1999-07-19 00:00:00-04:00,14.22783001940966,14.22783001940966,13.437395018331346,13.70686149597168,21300,0.0,0.0
1999-07-20 00:00:00-04:00,13.437398470365084,13.760758326603815,13.078109741210938,13.078109741210938,39400,0.0,0.0
1999-07-21 00:00:00-04:00,13.724830329418182,13.904474705457687,13.61704370379448,13.796688079833984,32600,0.0,0.0
1999-07-22 00:00:00-04:00,13.904478710563001,13.940407596120012,12.898469914966713,13.760763168334961,38800,0.0,0.0
1999-07-23 00:00:00-04:00,13.221826976914747,13.7966890193893,12.86253820036815,13.347578048706055,52100,0.0,0.0
1999-07-26 00:00:00-04:00,13.078113877254983,13.473331604314888,13.078113877254983,13.221829414367676,16800,0.0,0.0
1999-07-27 00:00:00-04:00,13.257756153074633,13.311649470770059,12.646965219193145,12.82660961151123,61200,0.0,0.0
1999-07-28 00:00:00-04:00,12.71881852485764,13.581111306203923,12.646960793078785,12.75474739074707,83500,0.0,0.0
1999-07-29 00:00:00-04:00,12.718821230899081,13.14996771330244,12.646963483831856,12.790678977966309,38300,0.0,0.0
1999-07-30 00:00:00-04:00,12.790676721962548,13.365538597106934,12.790676721962548,13.365538597106934,44300,0.0,0.0
1999-08-02 00:00:00-04:00,13.078109741210938,13.221825232872597,12.790678757887619,13.078109741210938,70800,0.0,0.0
1999-08-03 00:00:00-04:00,13.078113877254983,13.221829414367676,13.006256108698638,13.221829414367676,46400,0.0,0.0
1999-08-04 00:00:00-04:00,13.2218263831818,13.509257391511838,12.970324250893015,13.491292953491211,44100,0.0,0.0
1999-08-05 00:00:00-04:00,13.365544951480368,13.652976025705753,13.078113877254983,13.221829414367676,70000,0.0,0.0
1999-08-06 00:00:00-04:00,13.6170406674826,13.796685003465221,13.293680862713884,13.365538597106934,16100,0.0,0.0
1999-08-09 00:00:00-04:00,13.47332943172355,13.796689338084915,13.365542796269763,13.724831581115723,63600,0.0,0.0
1999-08-10 00:00:00-04:00,13.724827269072174,13.724827269072174,12.970321057945169,13.365538597106934,74900,0.0,0.0
1999-08-11 00:00:00-04:00,13.293680862713884,13.365538597106934,13.149965393927788,13.365538597106934,96800,0.0,0.0
1999-08-12 00:00:00-04:00,13.221829414367676,13.50926048859306,13.221829414367676,13.221829414367676,9100,0.0,0.0
1999-08-13 00:00:00-04:00,13.221827577289782,13.652974128723145,13.221827577289782,13.652974128723145,29700,0.0,0.0
1999-08-16 00:00:00-04:00,13.43739783395197,13.940402030944824,13.43739783395197,13.940402030944824,40900,0.0,0.0
1999-08-17 00:00:00-04:00,13.868545830249786,13.868545830249786,13.65297257900238,13.796688079833984,7300,0.0,0.0
1999-08-18 00:00:00-04:00,13.796690725275383,14.120050664149025,13.652975196887098,14.066157341003418,26400,0.0,0.0
1999-08-19 00:00:00-04:00,14.335623220297006,14.335623220297006,13.940405537531927,14.012263298034668,58100,0.0,0.0
1999-08-20 00:00:00-04:00,14.084117079634801,14.371548040443674,13.724828378623709,14.048188209533691,318300,0.0,0.0
1999-08-23 00:00:00-04:00,14.084122343111765,14.191908993696805,14.012264576055072,14.155980110168457,44100,0.0,0.0
1999-08-24 00:00:00-04:00,13.72482988098222,14.299691865525977,13.72482988098222,14.138011932373047,24900,0.0,0.0
1999-08-25 00:00:00-04:00,14.22783587990007,14.22783587990007,13.581116067177339,13.724831581115723,32000,0.0,0.0
1999-08-26 00:00:00-04:00,13.50926048859306,13.652976025705753,13.221829414367676,13.221829414367676,33400,0.0,0.0
1999-08-27 00:00:00-04:00,13.437401094071852,13.652974373655892,12.934396775042424,13.149970054626465,23500,0.0,0.0
1999-08-30 00:00:00-04:00,13.149973219794196,13.509262105580923,12.93439988832216,13.293688774108887,31600,0.0,0.0
1999-08-31 00:00:00-04:00,13.221828757392036,13.652975347306993,12.93439769744873,12.93439769744873,10400,0.0,0.0
1999-09-01 00:00:00-04:00,12.934396325088128,13.652973898704136,12.934396325088128,13.257756233215332,48800,0.0,0.0
1999-09-02 00:00:00-04:00,13.04218288229293,13.149969517683783,12.646965219193145,12.82660961151123,114500,0.0,0.0
1999-09-03 00:00:00-04:00,13.078112654252486,13.078112654252486,12.718823845069725,12.844574928283691,16800,0.0,0.0
1999-09-07 00:00:00-04:00,12.844575803373113,12.89846912842223,12.826611361690073,12.862540245056152,45900,0.0,0.0
1999-09-08 00:00:00-04:00,12.790680733047614,12.93439624690208,12.790680733047614,12.82660961151123,9000,0.0,0.0
1999-09-09 00:00:00-04:00,12.826609110428114,12.862537987488137,12.718822479248047,12.718822479248047,12600,0.0,0.0
1999-09-10 00:00:00-04:00,12.718822479248047,12.790680233368093,12.646964725128,12.718822479248047,39200,0.0,0.0
1999-09-13 00:00:00-04:00,12.754755445428797,13.652977659895614,12.575111002535433,13.293688774108887,86100,0.0,0.0
1999-09-14 00:00:00-04:00,12.862539015181078,13.221827814487812,12.862539015181078,13.149970054626465,59800,0.0,0.0
1999-09-15 00:00:00-04:00,13.006254043789278,13.167933997372293,12.93439628664127,13.042182922363281,33200,0.0,0.0
1999-09-16 00:00:00-04:00,12.682896128920621,13.149971623753393,12.359536170959473,12.359536170959473,37700,0.0,0.0
1999-09-17 00:00:00-04:00,12.359533217557814,12.611035346984863,12.359533217557814,12.611035346984863,10100,0.0,0.0
1999-09-20 00:00:00-04:00,12.57510581467418,12.646963562186604,12.503248067161756,12.539176940917969,14700,0.0,0.0
1999-09-21 00:00:00-04:00,12.503254229372198,12.718827578154478,12.503254229372198,12.64696979522705,34200,0.0,0.0
1999-09-22 00:00:00-04:00,12.64696979522705,12.718827578154478,12.64696979522705,12.64696979522705,24600,0.0,0.0
1999-09-23 00:00:00-04:00,12.64696979522705,12.718827578154478,12.64696979522705,12.64696979522705,11900,0.0,0.0
1999-09-24 00:00:00-04:00,12.68289852142334,12.79068519440994,12.646969630427806,12.68289852142334,10700,0.0,0.0
1999-09-27 00:00:00-04:00,12.718821230899081,12.898465598567148,12.682892357365468,12.790678977966309,71900,0.0,0.0
1999-09-28 00:00:00-04:00,12.718826860994907,12.718826860994907,11.820604625048938,11.964320182800293,33600,0.0,0.0
1999-09-29 00:00:00-04:00,11.964318433439875,12.000247317624378,11.892460665070866,11.928389549255371,19100,0.0,0.0
1999-09-30 00:00:00-04:00,11.892457084891237,11.892457084891237,11.533168351208722,11.640954971313477,12600,0.0,0.0
1999-10-01 00:00:00-04:00,11.640954971313477,11.640954971313477,11.353523984367465,11.640954971313477,35700,0.0,0.0
1999-10-04 00:00:00-04:00,11.605029263111375,11.640958146278901,11.497242613608792,11.569100379943848,36400,0.0,0.0
1999-10-05 00:00:00-04:00,11.569101494049358,11.676888153931804,11.533172607421875,11.533172607421875,8500,0.0,0.0
1999-10-06 00:00:00-04:00,11.569094519128003,11.640952249060474,11.497236789195531,11.605023384094238,14800,0.0,0.0
1999-10-07 00:00:00-04:00,11.676881114026711,11.676881114026711,11.461307924229294,11.605023384094238,12500,0.0,0.0
1999-10-08 00:00:00-04:00,11.569100379943848,11.569100379943848,11.497242613608792,11.569100379943848,4600,0.0,0.0
1999-10-11 00:00:00-04:00,11.533167172375144,11.712811520854508,11.461309432983398,11.461309432983398,15700,0.0,0.0
1999-10-12 00:00:00-04:00,11.461309432983398,11.533167172375144,11.425380563287526,11.461309432983398,15300,0.0,0.0
1999-10-13 00:00:00-04:00,11.461309721793286,11.461309721793286,11.353523109989588,11.38945198059082,3400,0.0,0.0
1999-10-14 00:00:00-04:00,11.38945198059082,11.38945198059082,11.353523109989588,11.38945198059082,12300,0.0,0.0
1999-10-15 00:00:00-04:00,11.425381289925545,11.425381289925545,11.245736930021055,11.281665802001953,22500,0.0,0.0
1999-10-18 00:00:00-04:00,11.281664991531128,11.353522730330688,11.245736122131348,11.245736122131348,24800,0.0,0.0
1999-10-19 00:00:00-04:00,11.209808644940775,11.245737518802766,11.030164275630828,11.137950897216797,9600,0.0,0.0
1999-10-20 00:00:00-04:00,11.137952958881662,11.173881839394184,11.066095197856619,11.10202407836914,15000,0.0,0.0
1999-10-21 00:00:00-04:00,11.10202647190468,11.10202647190468,10.958310918870316,10.994239807128906,14800,0.0,0.0
1999-10-22 00:00:00-04:00,10.958310918870316,10.994239807128906,10.958310918870316,10.994239807128906,5000,0.0,0.0
1999-10-25 00:00:00-04:00,10.994232190798407,10.994232190798407,10.491228103637695,10.491228103637695,29400,0.0,0.0
1999-10-26 00:00:00-04:00,10.56309121588002,10.56309121588002,8.982220421666684,9.91637134552002,106400,0.0,0.0
1999-10-27 00:00:00-04:00,9.988228976515915,10.203802263778847,9.988228976515915,10.16787338256836,38100,0.0,0.0
1999-10-28 00:00:00-04:00,10.167874184970197,10.455305257336846,10.167874184970197,10.419376373291016,41500,0.0,0.0
1999-10-29 00:00:00-04:00,10.419374770588345,10.419374770588345,9.916370471318563,10.347517013549805,41800,0.0,0.0
1999-11-01 00:00:00-05:00,10.275659256511265,10.347517013549805,10.203801499472723,10.347517013549805,26000,0.0,0.0
1999-11-02 00:00:00-05:00,10.27565933227539,10.27565933227539,9.844512786865234,9.880441665649414,7900,0.0,0.0
1999-11-03 00:00:00-05:00,9.844511541648892,9.952298164367676,9.772653793169702,9.952298164367676,48200,0.0,0.0
1999-11-04 00:00:00-05:00,9.952298668452672,10.203800800868443,9.88044091633388,10.06008529663086,28700,0.0,0.0
1999-11-05 00:00:00-05:00,9.98822703860727,10.024155912846865,9.880440415888486,9.952298164367676,15600,0.0,0.0
1999-11-08 00:00:00-05:00,9.880437565521456,10.203797340393066,9.844508701646832,10.203797340393066,33800,0.0,0.0
1999-11-09 00:00:00-05:00,10.275659295166431,10.563090324401855,10.239730416512003,10.563090324401855,26900,0.0,0.0
1999-11-10 00:00:00-05:00,10.634948357001885,10.634948357001885,10.060086283650433,10.275659561157227,35300,0.0,0.0
1999-11-11 00:00:00-05:00,10.239731459430953,10.34751810637233,10.096015930175781,10.096015930175781,11700,0.0,0.0
1999-11-12 00:00:00-05:00,10.096014938354493,10.096014938354493,9.808583908081054,9.880441665649414,56500,0.0,0.0
1999-11-15 00:00:00-05:00,9.84451022165599,9.916367960500192,9.736723613389682,9.808581352233887,39800,0.0,0.0
1999-11-16 00:00:00-05:00,9.772653287344605,9.844511032104492,9.736724414964662,9.844511032104492,30300,0.0,0.0
1999-11-17 00:00:00-05:00,9.844516130054698,9.844516130054698,9.736729457097894,9.772658348083496,39100,0.0,0.0
1999-11-18 00:00:00-05:00,9.84451259330467,9.84451259330467,9.700797080993652,9.700797080993652,39900,0.0,0.0
1999-11-19 00:00:00-05:00,9.664869945427588,9.736727714538574,9.664869945427588,9.736727714538574,12500,0.0,0.0
1999-11-22 00:00:00-05:00,9.736726421541936,9.736726421541936,9.52115314283621,9.593010902404785,22000,0.0,0.0
1999-11-23 00:00:00-05:00,9.5930098939216,9.5930098939216,9.34150776187122,9.377436637878418,36100,0.0,0.0
1999-11-24 00:00:00-05:00,9.413365611879843,9.485223364642286,9.054076848067636,9.125934600830078,88500,0.0,0.0
1999-11-26 00:00:00-05:00,9.125933872005804,9.197791619029472,8.730716263375632,8.838502883911133,26200,0.0,0.0
1999-11-29 00:00:00-05:00,8.91036416676419,8.91036416676419,8.622933064610505,8.694790840148926,104500,0.0,0.0
1999-11-30 00:00:00-05:00,8.622930280623898,9.054076794655092,8.58700140445463,8.910361289978027,27700,0.0,0.0
1999-12-01 00:00:00-05:00,8.982219813782493,9.054077572292751,8.730717658996582,8.730717658996582,25900,0.0,0.0
1999-12-02 00:00:00-05:00,8.766647338867188,8.802576221403529,8.622931808721823,8.766647338867188,137800,0.0,0.0
1999-12-03 00:00:00-05:00,8.838503537639495,9.125934546993625,8.838503537639495,8.910361289978027,49900,0.0,0.0
1999-12-06 00:00:00-05:00,8.83850510393987,8.91036286901255,8.694789573794505,8.766647338867188,38400,0.0,0.0
1999-12-07 00:00:00-05:00,8.766647338867188,8.83850510393987,8.694789573794505,8.766647338867188,88700,0.0,0.0
1999-12-08 00:00:00-05:00,8.730716263375632,8.838502883911133,8.730716263375632,8.838502883911133,35000,0.0,0.0
1999-12-09 00:00:00-05:00,8.76664520445324,9.161862816129412,8.658858583087012,9.054076194763184,191600,0.0,0.0
1999-12-10 00:00:00-05:00,9.0540762612986,9.269649505615234,9.0540762612986,9.269649505615234,152400,0.0,0.0
1999-12-13 00:00:00-05:00,9.269650009856827,9.377436637878418,9.23372113384963,9.377436637878418,13600,0.0,0.0
1999-12-14 00:00:00-05:00,9.197791904790856,9.305578528675124,9.161863030162767,9.233720779418945,68500,0.0,0.0
1999-12-15 00:00:00-05:00,9.197791466346153,9.341506958007812,9.197791466346153,9.341506958007812,30200,0.0,0.0
1999-12-16 00:00:00-05:00,9.377435830923227,9.413364703838642,9.197791466346153,9.341506958007812,46700,0.0,0.0
1999-12-17 00:00:00-05:00,9.341506958007812,9.62893794133113,9.233720339261568,9.341506958007812,46200,0.0,0.0
1999-12-20 00:00:00-05:00,9.305579232269862,9.557081373682562,9.305579232269862,9.52115249633789,43100,0.0,0.0
1999-12-21 00:00:00-05:00,9.485223265900009,9.557081017914403,9.305578885864023,9.377436637878418,48700,0.0,0.0
1999-12-22 00:00:00-05:00,9.449294389892811,9.449294389892811,9.34150776187122,9.377436637878418,8600,0.0,0.0
1999-12-23 00:00:00-05:00,9.377435830923227,9.449293576754057,9.341506958007812,9.341506958007812,30500,0.0,0.0
1999-12-27 00:00:00-05:00,9.413364703838642,9.485222449669472,9.341506958007812,9.341506958007812,18300,0.0,0.0
1999-12-28 00:00:00-05:00,9.341507031508723,9.377435904706834,9.197791538716281,9.323542594909668,32100,0.0,0.0
1999-12-29 00:00:00-05:00,9.197791822028883,9.485222816467285,9.161862947724082,9.485222816467285,49000,0.0,0.0
1999-12-30 00:00:00-05:00,9.557080565076886,9.628938313686486,9.341507319248084,9.485222816467285,23900,0.0,0.0
1999-12-31 00:00:00-05:00,9.413366503483347,9.593010902404785,9.413366503483347,9.593010902404785,12900,0.0,0.0
2000-01-03 00:00:00-05:00,9.557080498037413,9.557080498037413,9.19779175750969,9.269649505615234,26700,0.0,0.0
2000-01-04 00:00:00-05:00,9.233720779418945,9.44929402718748,9.197791904790856,9.233720779418945,32500,0.0,0.0
2000-01-05 00:00:00-05:00,9.197791466346153,9.5570801955003,9.125933720515324,9.341506958007812,24300,0.0,0.0
2000-01-06 00:00:00-05:00,9.485224930841303,10.20380257711716,9.413367166213717,10.096015930175781,72700,0.0,0.0
2000-01-07 00:00:00-05:00,10.167872771153467,10.419374924503552,10.167872771153467,10.311588287353516,41400,0.0,0.0
2000-01-10 00:00:00-05:00,10.239731459430953,10.275660341744747,10.06008704786199,10.096015930175781,19000,0.0,0.0
2000-01-11 00:00:00-05:00,9.988228976515915,10.16787338256836,9.988228976515915,10.16787338256836,14300,0.0,0.0
2000-01-12 00:00:00-05:00,10.060086872266686,10.060086872266686,9.880442463833353,9.91637134552002,17800,0.0,0.0
2000-01-13 00:00:00-05:00,9.84451345167396,10.203802263778847,9.84451345167396,10.16787338256836,13300,0.0,0.0
2000-01-14 00:00:00-05:00,10.203801499472723,10.347517013549805,10.203801499472723,10.347517013549805,25800,0.0,0.0
2000-01-18 00:00:00-05:00,10.347518605199353,10.455305257336846,10.311589721153522,10.419376373291016,41500,0.0,0.0
2000-01-19 00:00:00-05:00,10.347516459803428,10.383445336399967,9.98822769383803,10.02415657043457,11200,0.0,0.0
2000-01-20 00:00:00-05:00,9.988224157145327,10.203797340393066,9.91636642939608,10.203797340393066,13100,0.0,0.0
2000-01-21 00:00:00-05:00,10.275658706610349,10.275658706610349,9.970263255539761,10.02415657043457,33100,0.0,0.0
2000-01-24 00:00:00-05:00,10.060089475968304,10.060089475968304,9.772658348083496,9.772658348083496,14800,0.0,0.0
2000-01-25 00:00:00-05:00,9.77265804917065,9.77265804917065,9.55708470985071,9.628942489624023,13400,0.0,0.0
2000-01-26 00:00:00-05:00,9.55708122253418,9.700796729639956,9.48522346898129,9.55708122253418,20400,0.0,0.0
2000-01-27 00:00:00-05:00,9.485223812527128,9.772654837149162,9.485223812527128,9.700797080993652,18900,0.0,0.0
2000-01-28 00:00:00-05:00,9.736724414964662,9.91636877686438,9.62893779782483,9.844511032104492,14600,0.0,0.0
2000-01-31 00:00:00-05:00,9.808582685210487,9.808582685210487,9.485222816467285,9.485222816467285,32200,0.0,0.0
2000-02-01 00:00:00-05:00,9.593008704345023,9.700795319000585,9.413364346585753,9.66486644744873,22100,0.0,0.0
2000-02-02 00:00:00-05:00,9.66486866197336,9.700797541757648,9.593010902404785,9.593010902404785,6900,0.0,0.0
2000-02-03 00:00:00-05:00,9.521152141907205,9.521152141907205,9.269650009856827,9.377436637878418,9400,0.0,0.0
2000-02-04 00:00:00-05:00,9.305578982736181,9.305578982736181,9.054076848067636,9.125934600830078,15900,0.0,0.0
2000-02-07 00:00:00-05:00,9.12593292913842,9.41336388753648,9.12593292913842,9.305577278137207,22200,0.0,0.0
2000-02-08 00:00:00-05:00,9.305578982736181,9.305578982736181,8.730716960636649,9.125934600830078,22400,0.0,0.0
2000-02-09 00:00:00-05:00,9.054075050354005,9.19779052734375,8.622928619384766,8.622928619384766,12200,0.0,0.0
2000-02-10 00:00:00-05:00,8.694789603352547,9.341509491205215,8.694789603352547,9.197793960571289,46200,0.0,0.0
2000-02-11 00:00:00-05:00,9.161866035461426,9.161866035461426,8.94629271697998,8.982221603393555,13800,0.0,0.0
2000-02-14 00:00:00-05:00,8.982219243709277,9.090005874633789,8.946290366734441,9.090005874633789,11800,0.0,0.0
2000-02-15 00:00:00-05:00,9.05407760803958,9.197793125627511,8.946290969848633,8.946290969848633,17600,0.0,0.0
2000-02-16 00:00:00-05:00,8.982219849245615,8.982219849245615,8.91036209045165,8.946290969848633,4000,0.0,0.0
2000-02-17 00:00:00-05:00,8.94629159265635,8.982220474554568,8.802576065063477,8.802576065063477,14600,0.0,0.0
2000-02-18 00:00:00-05:00,8.874431757422967,8.874431757422967,8.802574010399299,8.838502883911133,8800,0.0,0.0
2000-02-22 00:00:00-05:00,8.910359721802267,8.946288591648246,8.44328441380457,8.586999893188477,39200,0.0,0.0
2000-02-23 00:00:00-05:00,8.622928763034453,8.622928763034453,8.479213283650546,8.586999893188477,36500,0.0,0.0
2000-02-24 00:00:00-05:00,8.479215621948242,8.69478890047235,8.443286742194225,8.479215621948242,33400,0.0,0.0
2000-02-25 00:00:00-05:00,8.407356262207031,8.515142880953276,8.407356262207031,8.407356262207031,6300,0.0,0.0
2000-02-28 00:00:00-05:00,8.335498000636246,8.371426871328643,8.155853647174258,8.299569129943848,29500,0.0,0.0
2000-02-29 00:00:00-05:00,8.26363988250856,8.874430656433105,8.26363988250856,8.874430656433105,69800,0.0,0.0
2000-03-01 00:00:00-05:00,8.874433460641415,8.910362341048868,8.443286895751953,8.443286895751953,16500,0.0,0.0
2000-03-02 00:00:00-05:00,8.515142354098234,8.515142354098234,8.191782517866654,8.299569129943848,77300,0.0,0.0
2000-03-03 00:00:00-05:00,8.227713086963755,8.227713086963755,8.119926452636719,8.119926452636719,35200,0.0,0.0
2000-03-06 00:00:00-05:00,8.119926824408063,8.479215621948242,8.119926824408063,8.479215621948242,336000,0.0,0.0
2000-03-07 00:00:00-05:00,8.40735832509053,8.622931615477468,8.263642798165908,8.371429443359375,29700,0.0,0.0
2000-03-08 00:00:00-05:00,8.299569129943848,8.407355742021041,8.11992477648186,8.299569129943848,32400,0.0,0.0
2000-03-09 00:00:00-05:00,8.22771406995839,8.407358481966215,8.22771406995839,8.335500717163086,13400,0.0,0.0
2000-03-10 00:00:00-05:00,8.335500518660739,8.479216044844545,7.940282821655273,7.940282821655273,37900,0.0,0.0
2000-03-13 00:00:00-05:00,7.868422880301026,8.012138366699219,7.832494008701478,8.012138366699219,13000,0.0,0.0
2000-03-14 00:00:00-05:00,8.048070428655011,8.191785972023851,8.048070428655011,8.15585708618164,21800,0.0,0.0
2000-03-15 00:00:00-05:00,8.08399854035213,8.335500717163086,8.08399854035213,8.335500717163086,54900,0.0,0.0
2000-03-16 00:00:00-05:00,8.40735804292671,8.748682407917324,8.263642520825398,8.658860206604004,180100,0.0,0.0
2000-03-17 00:00:00-05:00,8.586999703998025,8.874430656433105,8.586999703998025,8.874430656433105,37600,0.0,0.0
2000-03-20 00:00:00-05:00,8.802576065063477,9.269651529740313,8.73071830126704,8.802576065063477,34600,0.0,0.0
2000-03-21 00:00:00-05:00,8.766648615687346,8.838506391225769,8.658861952379716,8.694790840148926,17700,0.0,0.0
2000-03-22 00:00:00-05:00,8.730717693466739,9.05407760803958,8.730717693466739,8.946290969848633,13900,0.0,0.0
2000-03-23 00:00:00-05:00,8.98221837795847,9.018147251470303,8.838502883911133,8.838502883911133,21100,0.0,0.0
2000-03-24 00:00:00-05:00,8.838504946961695,9.054078238351003,8.766647183165258,8.802576065063477,50900,0.0,0.0
2000-03-27 00:00:00-05:00,9.018148982271235,9.018148982271235,8.263642493714677,8.443286895751953,31800,0.0,0.0
2000-03-28 00:00:00-05:00,8.407358481966215,8.766647305981866,8.335500717163086,8.335500717163086,25000,0.0,0.0
2000-03-29 00:00:00-05:00,8.47921314239502,8.69478635787964,8.335497665405274,8.622928619384766,154300,0.0,0.0
2000-03-30 00:00:00-05:00,8.694789717469034,8.910363016249258,8.515145301818848,8.515145301818848,19000,0.0,0.0
2000-03-31 00:00:00-05:00,8.479214549064636,8.479214549064636,8.048068046569824,8.048068046569824,59700,0.0,0.0
2000-04-03 00:00:00-04:00,8.119928635841559,8.694790840148926,8.048070860303138,8.694790840148926,44600,0.0,0.0
2000-04-04 00:00:00-04:00,8.622931140964313,8.622931140964313,8.407357862440206,8.479215621948242,39600,0.0,0.0
2000-04-05 00:00:00-04:00,8.407355543958591,8.76664424241836,8.407355543958591,8.586999893188477,30700,0.0,0.0
2000-04-06 00:00:00-04:00,8.658860020718333,8.69478890047235,8.479215621948242,8.479215621948242,32500,0.0,0.0
2000-04-07 00:00:00-04:00,8.515146401302873,8.766648615687346,8.515146401302873,8.694790840148926,150800,0.0,0.0
2000-04-10 00:00:00-04:00,8.62292964284013,8.98221837795847,8.62292964284013,8.838502883911133,22000,0.0,0.0
2000-04-11 00:00:00-04:00,8.802575728705316,8.910362370281298,8.658860206604004,8.658860206604004,11200,0.0,0.0
2000-04-12 00:00:00-04:00,8.910363672264069,9.161865872690877,8.838505900713551,9.018150329589844,39400,0.0,0.0
2000-04-13 00:00:00-04:00,8.982218858849912,9.413365364074707,8.982218858849912,9.413365364074707,17500,0.0,0.0
2000-04-14 00:00:00-04:00,9.341507113076807,9.341507113076807,8.766645136887465,8.838502883911133,23800,0.0,0.0
2000-04-17 00:00:00-04:00,9.12593600214744,9.12593600214744,8.766647183165258,8.802576065063477,71400,0.0,0.0
2000-04-18 00:00:00-04:00,8.766648284912108,8.982221603393555,8.69479051208496,8.982221603393555,74400,0.0,0.0
2000-04-19 00:00:00-04:00,8.91036286901255,8.91036286901255,8.694789573794505,8.766647338867188,6100,0.0,0.0
2000-04-20 00:00:00-04:00,8.766648615687346,8.766648615687346,8.622933064610505,8.694790840148926,15600,0.0,0.0
2000-04-24 00:00:00-04:00,8.83850178737872,8.91035952548749,8.730715180215565,8.874430656433105,22500,0.0,0.0
2000-04-25 00:00:00-04:00,8.910359710339874,9.305577278137207,8.910359710339874,9.305577278137207,8600,0.0,0.0
2000-04-26 00:00:00-04:00,9.341507403303213,9.341507403303213,9.197791904790856,9.233720779418945,39900,0.0,0.0
2000-04-27 00:00:00-04:00,9.269652522562122,9.48522583704031,9.233723636815757,9.449296951293945,23700,0.0,0.0
2000-04-28 00:00:00-04:00,9.413364703838642,9.485222449669472,9.197791466346153,9.341506958007812,27400,0.0,0.0
2000-05-01 00:00:00-04:00,9.413365364074707,9.593009741251706,9.233720986897708,9.413365364074707,16700,0.0,0.0
2000-05-02 00:00:00-04:00,9.341507613203907,9.449294239510108,9.26964986233311,9.413365364074707,44800,0.0,0.0
2000-05-03 00:00:00-04:00,9.341508743914773,9.593010902404785,9.341508743914773,9.593010902404785,25700,0.0,0.0
2000-05-04 00:00:00-04:00,9.593012176316602,9.736727714538574,9.521154407205616,9.736727714538574,38300,0.0,0.0
2000-05-05 00:00:00-04:00,9.700800566112294,9.772658348083496,9.664871675126692,9.772658348083496,55200,0.0,0.0
2000-05-08 00:00:00-04:00,9.772656599094066,9.772656599094066,9.70079882998308,9.736727714538574,28300,0.0,0.0
2000-05-09 00:00:00-04:00,9.736729159283993,9.736729159283993,9.593013599737366,9.628942489624023,33400,0.0,0.0
2000-05-10 00:00:00-04:00,9.55707983279317,9.66486644744873,9.485222089689461,9.66486644744873,53100,0.0,0.0
2000-05-11 00:00:00-04:00,9.628942489624023,9.700800269397337,9.593013599737366,9.628942489624023,51800,0.0,0.0
2000-05-12 00:00:00-04:00,9.700797162157425,10.275659216211197,9.700797162157425,10.131943702697754,27800,0.0,0.0
2000-05-15 00:00:00-04:00,10.096014824319393,10.203801459454477,9.98822818918431,10.131943702697754,449200,0.0,0.0
2000-05-16 00:00:00-04:00,10.203803055577998,10.347518591572054,9.988229751586914,9.988229751586914,11700,0.0,0.0
2000-05-17 00:00:00-04:00,10.024157990580019,10.024157990580019,9.91637134552002,9.91637134552002,6300,0.0,0.0
2000-05-18 00:00:00-04:00,9.844514368205052,9.844514368205052,9.664869945427588,9.736727714538574,12200,0.0,0.0
2000-05-19 00:00:00-04:00,9.736725959071407,9.736725959071407,9.485223812527128,9.700797080993652,57800,0.0,0.0
2000-05-22 00:00:00-04:00,9.772658348083496,9.772658348083496,9.700800566112294,9.772658348083496,5900,0.0,0.0
2000-05-23 00:00:00-04:00,9.808583515095261,9.808583515095261,9.485223618993219,9.52115249633789,25300,0.0,0.0
2000-05-24 00:00:00-04:00,9.449296491609203,9.988229751586914,9.449296491609203,9.988229751586914,13900,0.0,0.0
2000-05-25 00:00:00-04:00,10.060086059570313,10.096014938354493,9.772655029296876,9.880441665649414,11100,0.0,0.0
2000-05-26 00:00:00-04:00,9.916372137316039,9.916372137316039,9.736727714538574,9.736727714538574,37200,0.0,0.0
2000-05-30 00:00:00-04:00,9.808583164215088,10.06008529663086,9.772654288155692,10.06008529663086,11400,0.0,0.0
2000-05-31 00:00:00-04:00,10.060085945941033,10.275659216211197,10.060085945941033,10.131943702697754,12400,0.0,0.0
2000-06-01 00:00:00-04:00,10.060087675538009,10.096016560093503,9.70079882998308,9.736727714538574,26000,0.0,0.0
2000-06-02 00:00:00-04:00,9.772656599094066,9.772656599094066,9.736727714538574,9.736727714538574,43400,0.0,0.0
2000-06-05 00:00:00-04:00,9.772656599094066,9.772656599094066,9.628941060872094,9.736727714538574,26000,0.0,0.0
2000-06-06 00:00:00-04:00,9.70079474396758,9.808581352233887,9.628937005123376,9.808581352233887,45800,0.0,0.0
2000-06-07 00:00:00-04:00,9.808583908081054,9.952299423217774,9.808583908081054,9.880441665649414,10500,0.0,0.0
2000-06-08 00:00:00-04:00,9.9163739120259,9.9163739120259,9.700800566112294,9.772658348083496,288100,0.0,0.0
2000-06-09 00:00:00-04:00,9.736729457097894,9.772658348083496,9.736729457097894,9.772658348083496,3400,0.0,0.0
2000-06-12 00:00:00-04:00,9.772656599094066,9.844514368205052,9.70079882998308,9.736727714538574,40200,0.0,0.0
2000-06-13 00:00:00-04:00,9.700795319000585,9.736724190552438,9.628937575896877,9.66486644744873,38600,0.0,0.0
2000-06-14 00:00:00-04:00,9.736724190552438,9.736724190552438,9.628937575896877,9.66486644744873,517500,0.0,0.0
2000-06-15 00:00:00-04:00,9.664868202915898,9.772654837149162,9.628939324838145,9.700797080993652,13900,0.0,0.0
2000-06-16 00:00:00-04:00,9.736724936600886,9.736724936600886,9.485222816467285,9.485222816467285,100200,0.0,0.0
2000-06-19 00:00:00-04:00,9.55708360853304,9.62894138002577,9.449296951293945,9.449296951293945,4100,0.0,0.0
2000-06-20 00:00:00-04:00,9.449294239510108,9.557080865816307,9.413365364074707,9.413365364074707,11900,0.0,0.0
2000-06-21 00:00:00-04:00,9.449294741648547,9.628939128371904,9.341508109614534,9.52115249633789,59600,0.0,0.0
2000-06-22 00:00:00-04:00,9.593010251027232,9.628939128371904,9.485223618993219,9.52115249633789,4000,0.0,0.0
2000-06-23 00:00:00-04:00,9.485223114945507,9.485223114945507,9.377436488639308,9.413365364074707,14900,0.0,0.0
2000-06-26 00:00:00-04:00,9.485222816467285,9.485222816467285,9.341507319248084,9.485222816467285,79700,0.0,0.0
2000-06-27 00:00:00-04:00,9.449296951293945,9.521154722786676,9.449296951293945,9.449296951293945,9000,0.0,0.0
2000-06-28 00:00:00-04:00,9.377438120220019,9.91637134552002,9.377438120220019,9.91637134552002,26900,0.0,0.0
2000-06-29 00:00:00-04:00,9.844514215592858,10.060087519583943,9.77265644759583,9.988229751586914,19200,0.0,0.0
2000-06-30 00:00:00-04:00,9.988231388490592,9.988231388490592,9.628942489624023,9.628942489624023,51900,0.0,0.0
2000-07-03 00:00:00-04:00,9.70079474396758,9.84451022165599,9.628937005123376,9.808581352233887,15100,0.0,0.0
2000-07-05 00:00:00-04:00,9.772654434258794,10.02415657043457,9.772654434258794,10.02415657043457,6900,0.0,0.0
2000-07-06 00:00:00-04:00,10.02415539400421,10.02415539400421,9.772653287344605,9.844511032104492,10200,0.0,0.0
2000-07-07 00:00:00-04:00,9.84451022165599,9.916367960500192,9.736723613389682,9.808581352233887,116200,0.0,0.0
2000-07-10 00:00:00-04:00,9.84451022165599,9.84451022165599,9.772652482811784,9.808581352233887,16800,0.0,0.0
2000-07-11 00:00:00-04:00,9.808587239069096,9.9163739120259,9.772658348083496,9.772658348083496,29500,0.0,0.0
2000-07-12 00:00:00-04:00,9.772658348083496,9.808587239069096,9.772658348083496,9.772658348083496,10100,0.0,0.0
2000-07-13 00:00:00-04:00,9.736729457097894,9.772658348083496,9.628942784141092,9.772658348083496,46500,0.0,0.0
2000-07-14 00:00:00-04:00,9.700797080993652,9.736725959071407,9.700797080993652,9.700797080993652,11900,0.0,0.0
2000-07-17 00:00:00-04:00,9.70079882998308,9.736727714538574,9.70079882998308,9.736727714538574,17400,0.0,0.0
2000-07-18 00:00:00-04:00,9.664871675126692,9.844516130054698,9.664871675126692,9.772658348083496,39800,0.0,0.0
2000-07-19 00:00:00-04:00,9.70079882998308,9.772656599094066,9.70079882998308,9.736727714538574,18500,0.0,0.0
2000-07-20 00:00:00-04:00,9.772653287344605,9.952297649244322,9.772653287344605,9.844511032104492,11400,0.0,0.0
2000-07-21 00:00:00-04:00,9.916369308124889,9.98822705673449,9.413365067857685,9.485222816467285,39300,0.0,0.0
2000-07-24 00:00:00-04:00,9.485223618993219,9.557081373682562,9.485223618993219,9.52115249633789,18700,0.0,0.0
2000-07-25 00:00:00-04:00,9.521155819964052,9.628942489624023,9.521155819964052,9.628942489624023,5100,0.0,0.0
2000-07-26 00:00:00-04:00,9.593008704345023,9.700795319000585,9.593008704345023,9.66486644744873,4800,0.0,0.0
2000-07-27 00:00:00-04:00,9.593009068415714,9.736724560077374,9.341506958007812,9.341506958007812,40400,0.0,0.0
2000-07-28 00:00:00-04:00,9.26964943749564,9.377436058861868,9.054076194763184,9.054076194763184,187200,0.0,0.0
2000-07-31 00:00:00-04:00,9.12593436059151,9.413365364074707,9.12593436059151,9.413365364074707,24100,0.0,0.0
2000-08-01 00:00:00-04:00,9.341509491205215,9.413367256522179,9.161865077912807,9.197793960571289,6100,0.0,0.0
2000-08-02 00:00:00-04:00,9.197794751069392,9.449296951293945,9.125936979576663,9.449296951293945,11200,0.0,0.0
2000-08-03 00:00:00-04:00,9.449294741648547,9.557081373682562,9.413365864303877,9.52115249633789,43100,0.0,0.0
2000-08-04 00:00:00-04:00,9.521154407205616,9.736727714538574,9.485225522650124,9.736727714538574,20700,0.0,0.0
2000-08-07 00:00:00-04:00,9.772654837149162,9.880441471382424,9.700797080993652,9.700797080993652,26600,0.0,0.0
2000-08-08 00:00:00-04:00,9.772655818773352,9.91637134552002,9.628940292026686,9.91637134552002,26000,0.0,0.0
2000-08-09 00:00:00-04:00,9.772656599094066,9.844514368205052,9.628941060872094,9.736727714538574,24500,0.0,0.0
2000-08-10 00:00:00-04:00,9.736726421541936,9.772655301326223,9.557082022620499,9.593010902404785,16500,0.0,0.0
2000-08-11 00:00:00-04:00,9.593012176316602,9.772656599094066,9.521154407205616,9.736727714538574,19600,0.0,0.0
2000-08-14 00:00:00-04:00,9.808585331594344,9.988229751586914,9.808585331594344,9.988229751586914,55800,0.0,0.0
2000-08-15 00:00:00-04:00,10.02415657043457,10.06008544703111,9.98822769383803,10.02415657043457,4100,0.0,0.0
2000-08-16 00:00:00-04:00,10.096014863914913,10.419374770588345,9.988228228357103,10.347517013549805,20100,0.0,0.0
2000-08-17 00:00:00-04:00,10.347516459803428,10.347516459803428,10.02415657043457,10.02415657043457,22800,0.0,0.0
2000-08-18 00:00:00-04:00,10.096015753953353,10.096015753953353,9.91637134552002,9.91637134552002,5300,0.0,0.0
2000-08-21 00:00:00-04:00,9.91636642939608,10.203797340393066,9.91636642939608,10.203797340393066,5200,0.0,0.0
2000-08-22 00:00:00-04:00,10.34751279589156,10.34751279589156,10.203797340393066,10.203797340393066,21000,0.0,0.0
2000-08-23 00:00:00-04:00,10.23973274230957,10.23973274230957,10.20380385549445,10.23973274230957,16300,0.0,0.0
2000-08-24 00:00:00-04:00,10.23973052925349,10.347517166403527,10.203801650203479,10.311588287353516,5800,0.0,0.0
2000-08-25 00:00:00-04:00,10.347517013549805,10.383445892069075,10.311588135030535,10.347517013549805,3300,0.0,0.0
2000-08-28 00:00:00-04:00,10.347516318228731,10.778662831488262,10.347516318228731,10.7427339553833,98700,0.0,0.0
2000-08-29 00:00:00-04:00,10.670879204001203,10.778665862627477,10.599021431583687,10.706808090209961,134800,0.0,0.0
2000-08-30 00:00:00-04:00,10.670878419781674,10.886451721191406,10.670878419781674,10.886451721191406,50000,0.0,0.0
2000-08-31 00:00:00-04:00,10.886448210212075,11.281665802001953,10.886448210212075,11.281665802001953,90000,0.0,0.0
2000-09-01 00:00:00-04:00,11.353522730330688,11.497238207929811,11.245736122131348,11.245736122131348,10500,0.0,0.0
2000-09-05 00:00:00-04:00,11.102019449333092,11.102019449333092,10.634944197419403,11.06609058380127,20600,0.0,0.0
2000-09-06 00:00:00-04:00,11.030161718269447,11.20980604592856,10.92237512167398,11.06609058380127,10000,0.0,0.0
2000-09-07 00:00:00-04:00,11.066092932028848,11.066092932028848,10.88644856624916,10.958306312561035,17300,0.0,0.0
2000-09-08 00:00:00-04:00,10.994238371896271,10.994238371896271,10.886451721191406,10.886451721191406,11300,0.0,0.0
2000-09-11 00:00:00-04:00,10.922380763173893,10.922380763173893,10.814594110905729,10.850522994995117,6700,0.0,0.0
2000-09-12 00:00:00-04:00,10.922378092713,11.066093593932907,10.922378092713,11.03016471862793,81900,0.0,0.0
2000-09-13 00:00:00-04:00,11.066093080922178,11.209808575479608,10.922377586364746,10.922377586364746,15100,0.0,0.0
2000-09-14 00:00:00-04:00,11.066091775132444,11.281664991531128,11.066091775132444,11.245736122131348,72100,0.0,0.0
2000-09-15 00:00:00-04:00,11.137949656217526,11.209807395935059,11.137949656217526,11.209807395935059,36800,0.0,0.0
2000-09-18 00:00:00-04:00,11.102020786358759,11.28166513565259,11.102020786358759,11.209807395935059,77900,0.0,0.0
2000-09-19 00:00:00-04:00,11.245736265793823,11.317594005511356,11.209807395935059,11.209807395935059,38100,0.0,0.0
2000-09-20 00:00:00-04:00,11.209807252731567,11.31759386093091,11.209807252731567,11.245736122131348,18700,0.0,0.0
2000-09-21 00:00:00-04:00,11.245741514402015,11.533172607421875,11.245741514402015,11.533172607421875,75700,0.0,0.0
2000-09-22 00:00:00-04:00,11.46130928993225,11.551131463050842,11.46130928993225,11.497238159179688,38100,0.0,0.0
2000-09-25 00:00:00-04:00,11.497240465170318,11.497240465170318,11.173880577087402,11.173880577087402,75300,0.0,0.0
2000-09-26 00:00:00-04:00,11.102021954561534,11.137950828200893,10.922377586364746,10.922377586364746,22900,0.0,0.0
2000-09-27 00:00:00-04:00,10.994231071472168,11.030159931182862,10.778657913208008,10.778657913208008,82500,0.0,0.0
2000-09-28 00:00:00-04:00,10.922382030611724,11.066097583646089,10.922382030611724,10.994239807128906,29200,0.0,0.0
2000-09-29 00:00:00-04:00,11.030168695387497,11.137955360163271,10.958310918870316,10.994239807128906,46100,0.0,0.0
2000-10-02 00:00:00-04:00,11.066095197856619,11.173881839394184,10.994237436831575,11.10202407836914,23600,0.0,0.0
2000-10-03 00:00:00-04:00,11.102019449333092,11.137948314864914,11.06609058380127,11.06609058380127,16000,0.0,0.0
2000-10-04 00:00:00-04:00,11.137955360163271,11.137955360163271,10.922382030611724,10.994239807128906,59200,0.0,0.0
2000-10-05 00:00:00-04:00,11.066097583646089,11.137955360163271,10.994239807128906,10.994239807128906,16800,0.0,0.0
2000-10-06 00:00:00-04:00,10.994239807128906,10.994239807128906,10.922382030611724,10.994239807128906,19400,0.0,0.0
2000-10-09 00:00:00-04:00,11.173879701840251,11.173879701840251,10.88644871272539,10.922377586364746,70400,0.0,0.0
2000-10-10 00:00:00-04:00,10.850521239727438,11.066094509390897,10.814592361450195,10.814592361450195,9300,0.0,0.0
2000-10-11 00:00:00-04:00,10.778662091807316,10.922377586364746,10.778662091807316,10.922377586364746,3600,0.0,0.0
2000-10-12 00:00:00-04:00,10.922382030611724,10.994239807128906,10.778666477577358,10.994239807128906,43400,0.0,0.0
2000-10-13 00:00:00-04:00,10.958303987205802,11.06609058380127,10.958303987205802,11.06609058380127,6900,0.0,0.0
2000-10-16 00:00:00-04:00,11.066088790893556,11.066088790893556,10.778657913208008,10.778657913208008,11000,0.0,0.0
2000-10-17 00:00:00-04:00,10.706801283849428,10.706801283849428,10.347512650163205,10.491228103637695,68100,0.0,0.0
2000-10-18 00:00:00-04:00,10.491228103637695,10.527156967006317,10.27565492342596,10.491228103637695,13700,0.0,0.0
2000-10-19 00:00:00-04:00,10.5630904407036,10.599019319753614,10.203801650203479,10.311588287353516,16100,0.0,0.0
2000-10-20 00:00:00-04:00,10.347517013549805,10.491232527626885,10.275659256511265,10.347517013549805,12400,0.0,0.0
2000-10-23 00:00:00-04:00,10.27565492342596,10.491228103637695,10.203797196688717,10.491228103637695,2600,0.0,0.0
2000-10-24 00:00:00-04:00,10.419374809784143,10.634948081710712,10.347517052475288,10.563090324401855,6300,0.0,0.0
2000-10-25 00:00:00-04:00,10.563089574858497,10.7427339553833,10.527160698753535,10.7427339553833,12300,0.0,0.0
2000-10-26 00:00:00-04:00,10.742734409667351,10.814592164915961,10.563090021545822,10.634947776794434,18100,0.0,0.0
2000-10-27 00:00:00-04:00,10.70680538010517,10.778663134334064,10.599018748761829,10.670876502990723,2700,0.0,0.0
2000-10-30 00:00:00-05:00,10.63494969045879,10.850522994995117,10.563091922280014,10.850522994995117,11900,0.0,0.0
2000-10-31 00:00:00-05:00,10.922376508543477,12.14395809173584,10.850518768355691,12.14395809173584,208300,0.0,0.0
2000-11-01 00:00:00-05:00,12.108036265494803,13.006258540383142,11.892462919521602,12.68289852142334,215600,0.0,0.0
2000-11-02 00:00:00-05:00,12.75475275343743,12.75475275343743,12.251748419499052,12.395463943481445,47700,0.0,0.0
2000-11-03 00:00:00-05:00,12.43139362335205,12.503251389961022,12.35953585674308,12.43139362335205,18000,0.0,0.0
2000-11-06 00:00:00-05:00,12.287673950195312,12.323602821394713,12.25174507899591,12.287673950195312,23500,0.0,0.0
2000-11-07 00:00:00-05:00,12.359531692594114,12.359531692594114,12.25174507899591,12.287673950195312,47300,0.0,0.0
2000-11-08 00:00:00-05:00,12.287677921507715,12.287677921507715,12.215820155884863,12.251749038696289,20300,0.0,0.0
2000-11-09 00:00:00-05:00,12.25174507899591,12.287673950195312,12.25174507899591,12.287673950195312,11900,0.0,0.0
2000-11-10 00:00:00-05:00,12.287673282623292,12.287673282623292,12.215815544128418,12.215815544128418,12100,0.0,0.0
2000-11-13 00:00:00-05:00,12.215820948282877,12.215820948282877,11.92838986714681,12.072105407714844,82100,0.0,0.0
2000-11-14 00:00:00-05:00,12.143964963377062,12.143964963377062,11.82060494955933,11.892462730407715,21200,0.0,0.0
2000-11-15 00:00:00-05:00,11.892456001078589,12.14395809173584,11.78466939079691,12.14395809173584,31200,0.0,0.0
2000-11-16 00:00:00-05:00,12.072105407714844,12.17989206314087,12.072105407714844,12.072105407714844,10800,0.0,0.0
2000-11-17 00:00:00-05:00,12.108030615279922,12.108030615279922,11.928386244133337,12.036172866821289,225600,0.0,0.0
2000-11-20 00:00:00-05:00,12.179886817932129,12.646962123634541,11.928384730246215,12.179886817932129,198300,0.0,0.0
2000-11-21 00:00:00-05:00,12.17989206314087,12.251749833424887,12.000247637430826,12.072105407714844,13900,0.0,0.0
2000-11-22 00:00:00-05:00,12.179887918325571,12.179887918325571,11.605025951678936,11.676883697509766,14900,0.0,0.0
2000-11-24 00:00:00-05:00,11.676884353707688,11.82059985344563,11.676884353707688,11.74874210357666,5700,0.0,0.0
2000-11-27 00:00:00-05:00,11.74874210357666,11.82059985344563,11.605026603838718,11.74874210357666,12400,0.0,0.0
2000-11-28 00:00:00-05:00,11.605025649830035,11.605025649830035,11.209808058040156,11.281665802001953,21500,0.0,0.0
2000-11-29 00:00:00-05:00,11.209805869465642,11.605023384094238,11.066090409600697,11.605023384094238,42900,0.0,0.0
2000-11-30 00:00:00-05:00,11.60502491176689,11.60502491176689,11.389451693591653,11.461309432983398,151600,0.0,0.0
2000-12-01 00:00:00-05:00,11.497238159179688,11.497238159179688,11.353522682189942,11.497238159179688,99600,0.0,0.0
2000-12-04 00:00:00-05:00,11.4972374874091,11.569095221705407,11.353522018816486,11.425379753112793,145600,0.0,0.0
2000-12-05 00:00:00-05:00,11.425380563287526,11.640953781462763,11.317593954199909,11.461309432983398,32800,0.0,0.0
2000-12-06 00:00:00-05:00,11.42538046913025,11.605024816129154,11.245736122131348,11.245736122131348,16500,0.0,0.0
2000-12-07 00:00:00-05:00,11.173878526076292,11.209807395935059,11.102020786358759,11.209807395935059,17800,0.0,0.0
2000-12-08 00:00:00-05:00,11.461308620260946,11.533166354557252,11.425379753112793,11.425379753112793,54100,0.0,0.0
2000-12-11 00:00:00-05:00,11.497238302679271,11.60502491176689,11.425380563287526,11.461309432983398,66600,0.0,0.0
2000-12-12 00:00:00-05:00,11.46130928993225,11.497238159179688,11.46130928993225,11.497238159179688,26400,0.0,0.0
2000-12-13 00:00:00-05:00,11.497238159179688,11.497238159179688,11.353522682189942,11.497238159179688,35800,0.0,0.0
2000-12-14 00:00:00-05:00,11.4972374874091,11.4972374874091,11.353522018816486,11.425379753112793,40600,0.0,0.0
2000-12-15 00:00:00-05:00,11.35352282389578,11.461309432983398,11.35352282389578,11.461309432983398,60100,0.0,0.0
2000-12-18 00:00:00-05:00,11.425385795062102,11.425385795062102,11.317599136618119,11.353528022766113,86100,0.0,0.0
2000-12-19 00:00:00-05:00,11.497236789195531,11.676881114026711,11.497236789195531,11.605023384094238,41800,0.0,0.0
2000-12-20 00:00:00-05:00,11.533166354557252,11.60502408885356,11.389450885964639,11.425379753112793,79200,0.0,0.0
2000-12-21 00:00:00-05:00,11.497239033887341,11.497239033887341,11.245736930021055,11.281665802001953,38300,0.0,0.0
2000-12-22 00:00:00-05:00,11.209808349609375,11.71281257042518,11.209808349609375,11.676883697509766,33300,0.0,0.0
2000-12-26 00:00:00-05:00,11.640959267304321,11.640959267304321,11.533172607421875,11.533172607421875,148600,0.0,0.0
2000-12-27 00:00:00-05:00,11.533169939474094,11.748743209370806,11.497241061157975,11.712814331054688,282500,0.0,0.0
2000-12-28 00:00:00-05:00,11.74874513925508,12.395465055177379,11.74874513925508,12.359536170959473,43900,0.0,0.0
2000-12-29 00:00:00-05:00,12.359535700993167,12.503251232400064,12.287677935289718,12.46732234954834,122000,0.0,0.0
2001-01-02 00:00:00-05:00,12.503251389961022,12.61103803987448,12.215820323525136,12.43139362335205,60800,0.0,0.0
2001-01-03 00:00:00-05:00,12.46731911616379,12.790678977966309,12.395461369096562,12.790678977966309,60000,0.0,0.0
2001-01-04 00:00:00-05:00,12.646967265916908,13.796691562818445,12.575109497360561,13.221829414367676,408100,0.0,0.0
2001-01-05 00:00:00-05:00,13.293686822659707,13.293686822659707,12.43139362335205,12.43139362335205,24700,0.0,0.0
2001-01-08 00:00:00-05:00,12.467316463631644,12.826605122525926,12.359529865963358,12.75474739074707,18200,0.0,0.0
2001-01-09 00:00:00-05:00,12.862536804723876,12.898465678480088,12.539176940917969,12.539176940917969,12700,0.0,0.0
2001-01-10 00:00:00-05:00,12.467317628860474,12.467317628860474,12.215815544128418,12.215815544128418,59600,0.0,0.0
2001-01-11 00:00:00-05:00,12.28767730049465,12.431392824477044,12.28767730049465,12.395463943481445,8600,0.0,0.0
2001-01-12 00:00:00-05:00,12.467322335564846,12.467322335564846,12.251749038696289,12.251749038696289,19100,0.0,0.0
2001-01-16 00:00:00-05:00,12.251746112197193,12.251746112197193,11.461310879152212,12.036172866821289,62500,0.0,0.0
2001-01-17 00:00:00-05:00,12.108028840162083,12.215815447047799,12.000242233276367,12.000242233276367,25600,0.0,0.0
2001-01-18 00:00:00-05:00,12.000242980600099,12.359531692594114,12.000242980600099,12.287673950195312,15600,0.0,0.0
2001-01-19 00:00:00-05:00,12.215817237967874,12.215817237967874,12.00024399259197,12.036172866821289,47800,0.0,0.0
2001-01-22 00:00:00-05:00,12.1080336943685,12.89846912842223,12.072104811002422,12.862540245056152,373700,0.0,0.0
2001-01-23 00:00:00-05:00,12.862538489974847,13.1858983961474,12.790680733047614,12.82660961151123,74600,0.0,0.0
2001-01-24 00:00:00-05:00,12.862536804723876,13.006252299748724,12.539176940917969,12.539176940917969,38700,0.0,0.0
2001-01-25 00:00:00-05:00,12.503248231802413,12.503248231802413,11.784670747216067,12.036172866821289,96600,0.0,0.0
2001-01-26 00:00:00-05:00,12.072105097216228,12.646967244702717,12.072105097216228,12.359536170959473,35800,0.0,0.0
2001-01-29 00:00:00-05:00,12.417021212984782,12.991883296026092,12.417021212984782,12.963139533996582,27800,0.0,0.0
2001-01-30 00:00:00-05:00,12.991879969704609,13.22182452475576,12.991879969704609,13.164338111877441,23500,0.0,0.0
2001-01-31 00:00:00-05:00,13.164340818538937,13.606984863311308,13.164340818538937,13.509258270263672,54900,0.0,0.0
2001-02-01 00:00:00-05:00,13.451772523874176,13.451772523874176,12.457261383363688,12.963139533996582,96500,0.0,0.0
2001-02-02 00:00:00-05:00,13.020626688162542,13.106855786137961,12.876911159382685,12.882659912109375,36600,0.0,0.0
2001-02-05 00:00:00-05:00,12.945891842928702,13.014874665391815,12.756187436461849,12.76193618774414,67300,0.0,0.0
2001-02-06 00:00:00-05:00,12.790685361081904,12.790685361081904,12.566489429216414,12.64696979522705,41300,0.0,0.0
2001-02-07 00:00:00-05:00,12.646965508711967,13.652974128723145,12.646965508711967,13.652974128723145,42600,0.0,0.0
2001-02-08 00:00:00-05:00,13.538006885015008,13.652979784947064,13.112608909606934,13.112608909606934,12400,0.0,0.0
2001-02-09 00:00:00-05:00,13.078116532480225,13.733459163899063,13.078116532480225,13.10685920715332,22300,0.0,0.0
2001-02-12 00:00:00-05:00,12.963138880327646,13.532253278727753,12.963138880327646,13.509258270263672,39600,0.0,0.0
2001-02-13 00:00:00-05:00,13.509259103297167,13.6817172915628,13.474767684936523,13.474767684936523,20600,0.0,0.0
2001-02-14 00:00:00-05:00,13.50926048859306,13.50926048859306,13.175840486350117,13.221829414367676,26100,0.0,0.0
2001-02-15 00:00:00-05:00,13.221823261631757,13.394281387329102,13.221823261631757,13.394281387329102,99700,0.0,0.0
2001-02-16 00:00:00-05:00,13.480510310264604,13.60697951774597,13.33679485321045,13.33679485321045,19500,0.0,0.0
2001-02-20 00:00:00-05:00,13.336802825192786,13.509261038158716,13.336802825192786,13.446025848388672,12500,0.0,0.0
2001-02-21 00:00:00-05:00,13.503505451717166,13.566740609488468,13.359789981482036,13.394281387329102,35700,0.0,0.0
2001-02-22 00:00:00-05:00,13.049369379866153,13.509258595599482,12.704451919834966,12.81942367553711,79000,0.0,0.0
2001-02-23 00:00:00-05:00,12.733190472186037,12.733190472186037,11.123577640516235,11.296035766601562,170000,0.0,0.0
2001-02-26 00:00:00-05:00,11.61221303246787,11.784671196762414,11.411011109816059,11.531731605529785,219500,0.0,0.0
2001-02-27 00:00:00-05:00,11.64094764589559,11.784663048931339,11.554718623366444,11.73867416381836,311300,0.0,0.0
2001-02-28 00:00:00-05:00,11.784670832487407,12.020364161420176,11.727184414012095,11.778922080993652,53300,0.0,0.0
2001-03-01 00:00:00-05:00,11.784668920642487,11.84215532979169,11.755926264298912,11.790417671203613,105500,0.0,0.0
2001-03-02 00:00:00-05:00,11.727183335422804,11.824909908903916,11.727183335422804,11.744429588317871,139200,0.0,0.0
2001-03-05 00:00:00-05:00,11.784672842957713,11.957131031342858,11.755930177047663,11.842159271240234,193000,0.0,0.0
2001-03-06 00:00:00-05:00,11.813416996107359,12.24456361781146,11.813416996107359,12.072105407714844,69700,0.0,0.0
2001-03-07 00:00:00-05:00,12.1295915199811,12.244563291493995,11.928389549255371,11.928389549255371,46100,0.0,0.0
2001-03-08 00:00:00-05:00,11.870899565140656,12.072101475694675,11.75592782801136,12.014615058898926,82600,0.0,0.0
2001-03-09 00:00:00-05:00,12.072101475694675,12.072101475694675,11.92263723061061,12.014615058898926,17400,0.0,0.0
2001-03-12 00:00:00-05:00,12.014620664299274,12.072107107915222,11.945637809130307,11.985877990722656,28500,0.0,0.0
2001-03-13 00:00:00-05:00,12.014614563967111,12.043358319412013,11.824910163879395,11.824910163879395,19500,0.0,0.0
2001-03-14 00:00:00-05:00,11.7559310351323,11.842160135618874,11.7559310351323,11.767427444458008,64300,0.0,0.0
2001-03-15 00:00:00-05:00,11.755926970743385,11.76742337609443,11.681194305419922,11.681194305419922,13800,0.0,0.0
2001-03-16 00:00:00-05:00,11.738683863786724,11.738683863786724,11.370772478868505,11.411012649536133,62800,0.0,0.0
2001-03-19 00:00:00-05:00,11.49724065746179,11.49724065746179,11.290289974759537,11.376520156860352,50300,0.0,0.0
2001-03-20 00:00:00-05:00,11.324780218067946,11.497238354805187,11.181064738632882,11.209807395935059,23800,0.0,0.0
2001-03-21 00:00:00-05:00,11.26729512624086,11.26729512624086,10.933875218771284,10.951120376586914,34700,0.0,0.0
2001-03-22 00:00:00-05:00,10.922377586364746,11.008606663806763,10.864891169249333,10.922377586364746,86800,0.0,0.0
2001-03-23 00:00:00-05:00,10.864892234934418,11.152323252242008,10.864892234934418,10.968367576599121,40600,0.0,0.0
2001-03-26 00:00:00-05:00,10.979865756082166,11.49724139977978,10.922379329790791,11.26729679107666,28300,0.0,0.0
2001-03-27 00:00:00-05:00,11.267294556816362,11.497239119922376,11.267294556816362,11.479992866516113,42700,0.0,0.0
2001-03-28 00:00:00-05:00,11.422507412843203,11.49723898379452,11.324780837622463,11.462747573852539,49000,0.0,0.0
2001-03-29 00:00:00-05:00,11.405263897088984,11.468499077545209,11.319034803306577,11.411012649536133,54100,0.0,0.0
2001-03-30 00:00:00-05:00,11.439751749091375,11.612210979356314,11.439751749091375,11.497238159179688,93700,0.0,0.0
2001-04-02 00:00:00-04:00,11.439758173305068,11.497244615675985,11.38227173093415,11.422513008117676,37700,0.0,0.0
2001-04-03 00:00:00-04:00,11.353526272732962,11.353526272732962,10.979866133682338,11.037352561950684,38600,0.0,0.0
2001-04-04 00:00:00-04:00,11.008604179657961,11.152319641785251,11.008604179657961,11.06609058380127,29800,0.0,0.0
2001-04-05 00:00:00-04:00,11.06609693358216,11.353528022766113,11.06609693358216,11.353528022766113,18500,0.0,0.0
2001-04-06 00:00:00-04:00,11.353520392655124,11.428251943176221,11.336274144167863,11.359269142150879,25200,0.0,0.0
2001-04-09 00:00:00-04:00,11.422511532402115,11.445505448502201,11.163823123385221,11.169571876525879,19900,0.0,0.0
2001-04-10 00:00:00-04:00,11.169566547236458,11.612210459707361,11.169566547236458,11.296035766601562,54900,0.0,0.0
2001-04-11 00:00:00-04:00,11.30178854596513,11.411012649536133,11.100586596164572,11.411012649536133,16300,0.0,0.0
2001-04-12 00:00:00-04:00,11.411008843591146,11.411008843591146,11.123577895875814,11.382265090942383,12000,0.0,0.0
2001-04-16 00:00:00-04:00,11.382268547197029,11.382268547197029,11.26729679107666,11.26729679107666,19900,0.0,0.0
2001-04-17 00:00:00-04:00,11.238554717025352,11.784674204092717,11.238554717025352,11.612215995788574,19300,0.0,0.0
2001-04-18 00:00:00-04:00,11.583468902740345,12.112341978473285,11.577720151253198,11.807665824890137,80200,0.0,0.0
2001-04-19 00:00:00-04:00,11.870899685631045,12.187074432985753,11.870899685631045,12.060604095458984,134100,0.0,0.0
2001-04-20 00:00:00-04:00,12.06060959989949,12.072107107915222,11.89964887353009,11.985877990722656,24800,0.0,0.0
2001-04-23 00:00:00-04:00,12.043360139229819,12.27330473522413,11.784671783447266,11.784671783447266,25700,0.0,0.0
2001-04-24 00:00:00-04:00,11.790422248611312,12.152584902868579,11.790422248611312,12.12959098815918,25400,0.0,0.0
2001-04-25 00:00:00-04:00,12.12959184323457,12.204323441886421,12.066356654516616,12.072105407714844,29900,0.0,0.0
2001-04-26 00:00:00-04:00,12.066350802255682,12.129585960304162,12.031859396257435,12.03760814666748,30200,0.0,0.0
2001-04-27 00:00:00-04:00,12.152587312273614,12.388280741202202,12.152587312273614,12.3710355758667,79900,0.0,0.0
2001-04-30 00:00:00-04:00,12.330790400163346,12.698701731132731,11.899643898010254,11.899643898010254,55600,0.0,0.0
2001-05-01 00:00:00-04:00,11.899642956185355,12.244559253438823,11.755927466842353,11.870899200439453,167100,0.0,0.0
2001-05-02 00:00:00-04:00,11.870901614167604,11.92838804088604,11.554727911909797,11.669699668884277,76000,0.0,0.0
2001-05-03 00:00:00-04:00,11.669701255882645,11.732936443518708,11.497243048736612,11.525985717773438,47500,0.0,0.0
2001-05-04 00:00:00-04:00,11.554723742552886,11.612210148528174,11.4972373365776,11.54322624206543,79400,0.0,0.0
2001-05-07 00:00:00-04:00,11.543227075505998,11.543227075505998,11.468495509865777,11.4742431640625,27700,0.0,0.0
2001-05-08 00:00:00-04:00,11.479996676949131,11.531734357878493,11.445505255150401,11.485745429992676,73900,0.0,0.0
2001-05-09 00:00:00-04:00,11.491494183036219,11.497242936079763,11.479996676949131,11.485745429992676,43600,0.0,0.0
2001-05-10 00:00:00-04:00,11.497238159179688,11.554724569268002,11.479991907214572,11.497238159179688,43600,0.0,0.0
2001-05-11 00:00:00-04:00,11.497243885964787,11.497243885964787,11.457003707797929,11.491495132446289,54000,0.0,0.0
2001-05-14 00:00:00-04:00,11.491489408524648,11.554724569268002,11.45699800105649,11.497238159179688,42800,0.0,0.0
2001-05-15 00:00:00-04:00,11.497244864681164,11.985877990722656,11.497244864681164,11.985877990722656,9200,0.0,0.0
2001-05-16 00:00:00-04:00,11.957128189559294,12.215816507118431,11.957128189559294,12.192821502685547,70300,0.0,0.0
2001-05-17 00:00:00-04:00,12.302043091088033,12.560731356292957,12.302043091088033,12.365278244018555,42200,0.0,0.0
2001-05-18 00:00:00-04:00,12.359535542205478,12.76193946355995,12.319295369362527,12.508999824523926,20000,0.0,0.0
2001-05-21 00:00:00-04:00,13.135595453669344,13.348293755918364,12.876907143947967,13.164338111877441,211500,0.0,0.0
2001-05-22 00:00:00-04:00,13.30805894834773,14.480778295469896,13.22182984257994,13.40578556060791,124800,0.0,0.0
2001-05-23 00:00:00-04:00,13.480514416589358,13.91166091908417,13.279312496132661,13.796688079833984,86900,0.0,0.0
2001-05-24 00:00:00-04:00,13.854172633250752,14.216335164118368,13.854172633250752,14.187592506408691,99600,0.0,0.0
2001-05-25 00:00:00-04:00,14.08411598049197,14.170345042712785,14.08411598049197,14.089864730834961,31000,0.0,0.0
2001-05-29 00:00:00-04:00,14.11286364738609,14.256579167609829,14.084120981926304,14.170350074768066,59900,0.0,0.0
2001-05-30 00:00:00-04:00,14.02663321712199,15.233843691187825,14.02663321712199,15.17635726928711,169700,0.0,0.0
2001-05-31 00:00:00-04:00,15.176350991357905,15.751212779640113,14.658975601196289,14.658975601196289,78200,0.0,0.0
2001-06-01 00:00:00-04:00,14.658981080079975,14.658981080079975,14.314063658903288,14.572751998901367,56000,0.0,0.0
2001-06-04 00:00:00-04:00,14.687723506092404,14.860182762145996,14.601494426296727,14.860182762145996,54300,0.0,0.0
2001-06-05 00:00:00-04:00,14.860180733465892,14.946409801489763,14.658978843768805,14.796945571899414,64800,0.0,0.0
2001-06-06 00:00:00-04:00,14.80269669672708,14.80269669672708,14.429036611053608,14.63023853302002,42100,0.0,0.0
2001-06-07 00:00:00-04:00,14.486524970980653,14.486524970980653,14.233585346738872,14.250831604003906,61000,0.0,0.0
2001-06-08 00:00:00-04:00,14.19909156349614,14.400292382428336,14.026632308959961,14.026632308959961,72100,0.0,0.0
2001-06-11 00:00:00-04:00,14.055375692858586,14.107113358198655,13.79668736615824,13.900162696838379,58400,0.0,0.0
2001-06-12 00:00:00-04:00,13.882920241659876,13.882920241659876,13.34829828449976,13.451773643493652,179900,0.0,0.0
2001-06-13 00:00:00-04:00,13.509260918244209,13.940407543294556,13.509260918244209,13.842680931091309,30000,0.0,0.0
2001-06-14 00:00:00-04:00,13.7966870402066,14.112860679626465,13.681714209620008,14.112860679626465,48400,0.0,0.0
2001-06-15 00:00:00-04:00,14.09561947011463,14.595748901367188,14.089870717329113,14.595748901367188,64300,0.0,0.0
2001-06-18 00:00:00-04:00,14.687722440687,14.8199415230093,14.457777879090637,14.814192771911621,41500,0.0,0.0
2001-06-19 00:00:00-04:00,14.814193963885886,14.946411960384502,14.658980961146337,14.911920547485352,54100,0.0,0.0
2001-06-20 00:00:00-04:00,14.92341314175876,14.946408142125312,14.848681583491398,14.888921737670898,25000,0.0,0.0
2001-06-21 00:00:00-04:00,14.8889247168554,14.9464111328125,14.865930808349871,14.9464111328125,28300,0.0,0.0
2001-06-22 00:00:00-04:00,14.946407737655786,14.952156487591855,14.727960722394839,14.762452125549316,45900,0.0,0.0
2001-06-25 00:00:00-04:00,14.762455695421876,14.762455695421876,14.647482861821512,14.670477867126465,33900,0.0,0.0
2001-06-26 00:00:00-04:00,14.67622699308942,14.791198733162439,14.658980738670465,14.785449981689453,24400,0.0,0.0
2001-06-27 00:00:00-04:00,14.785446428945347,14.917665488129089,14.773950025224037,14.888921737670898,24900,0.0,0.0
2001-06-28 00:00:00-04:00,14.917671164749136,15.29133129119873,14.917671164749136,15.29133129119873,32900,0.0,0.0
2001-06-29 00:00:00-04:00,15.348819004837083,15.43504810333252,15.297081326447323,15.43504810333252,81800,0.0,0.0
2001-07-02 00:00:00-04:00,15.435045119617108,15.435045119617108,15.291329617751888,15.394804954528809,78800,0.0,0.0
2001-07-03 00:00:00-04:00,15.348817230340885,15.48103523917883,15.291330805835846,15.469537734985352,23100,0.0,0.0
2001-07-05 00:00:00-04:00,15.412053112204823,15.435048123279978,15.348819024673103,15.406304359436035,19100,0.0,0.0
2001-07-06 00:00:00-04:00,15.406303040348625,15.406303040348625,15.291331284204162,15.302828788757324,19300,0.0,0.0
2001-07-09 00:00:00-04:00,15.291324883597959,15.521269396099644,15.291324883597959,15.383302688598633,45000,0.0,0.0
2001-07-10 00:00:00-04:00,15.348819024673103,15.521277221886855,15.348819024673103,15.406304359436035,34900,0.0,0.0
2001-07-11 00:00:00-04:00,15.348821640014648,15.371815558545345,15.30858036377627,15.348821640014648,30200,0.0,0.0
2001-07-12 00:00:00-04:00,15.32007497146683,15.693735122680664,15.32007497146683,15.693735122680664,80900,0.0,0.0
2001-07-13 00:00:00-04:00,15.693736905376744,15.98116799226249,15.630502811856434,15.670742988586426,64800,0.0,0.0
2001-07-16 00:00:00-04:00,15.693734836923309,16.00990964870295,15.636249504292863,15.981165885925293,82300,0.0,0.0
2001-07-17 00:00:00-04:00,15.952422111167667,16.326082229614258,15.917930694693522,16.326082229614258,94400,0.0,0.0
2001-07-18 00:00:00-04:00,16.372072848457222,16.412313021261028,16.15362572618122,16.22260856628418,44500,0.0,0.0
2001-07-19 00:00:00-04:00,16.222606047373695,16.49854065432814,16.211109640116582,16.383567810058594,86300,0.0,0.0
2001-07-20 00:00:00-04:00,16.383567326226004,16.441053746663112,16.211109161376953,16.211109161376953,29400,0.0,0.0
2001-07-23 00:00:00-04:00,16.239852667841078,16.239852667841078,16.153623580932617,16.153623580932617,32600,0.0,0.0
2001-07-24 00:00:00-04:00,16.182370601610945,16.239857040515915,15.751223954517602,15.969672203063965,31800,0.0,0.0
2001-07-25 00:00:00-04:00,15.912181262419969,15.981164092419798,15.52127490421322,15.68798542022705,45700,0.0,0.0
2001-07-26 00:00:00-04:00,15.722475665790594,15.935173988342285,15.693731908376694,15.935173988342285,106000,0.0,0.0
2001-07-27 00:00:00-04:00,15.963918095525514,16.18236517434616,15.72247601026993,16.09613609313965,42200,0.0,0.0
2001-07-30 00:00:00-04:00,16.124886205074127,16.142132467868805,15.791466132949665,15.998416900634766,45800,0.0,0.0
2001-07-31 00:00:00-04:00,16.211109416940214,16.757227678546442,16.211109416940214,16.26859474182129,142200,0.0,0.0
2001-08-01 00:00:00-04:00,16.239852067413803,16.41231023485452,16.239852067413803,16.291589736938477,26100,0.0,0.0
2001-08-02 00:00:00-04:00,16.176617486002066,16.377819419683462,16.147874822531435,16.16512107849121,57200,0.0,0.0
2001-08-03 00:00:00-04:00,16.16512001882479,16.16512001882479,16.044398427944643,16.09038734436035,84100,0.0,0.0
2001-08-06 00:00:00-04:00,16.090385642863577,16.090385642863577,15.722474350443107,15.808703422546387,123100,0.0,0.0
2001-08-07 00:00:00-04:00,15.808705561464722,15.952421066568947,15.779962899028792,15.91218090057373,56800,0.0,0.0
2001-08-08 00:00:00-04:00,15.86618983610262,15.86618983610262,15.751217008990155,15.808703422546387,58200,0.0,0.0
2001-08-09 00:00:00-04:00,15.779969326130773,15.831707016757779,15.6649964366346,15.814460754394531,104700,0.0,0.0
2001-08-10 00:00:00-04:00,15.808708521441067,16.09613958546727,15.779965853623445,15.946675300598145,138300,0.0,0.0
2001-08-13 00:00:00-04:00,15.9524189082059,15.9524189082059,15.808703422546387,15.808703422546387,82800,0.0,0.0
2001-08-14 00:00:00-04:00,15.802960270061384,15.837451691829548,15.751222589177873,15.779966354370117,104000,0.0,0.0
2001-08-15 00:00:00-04:00,15.779966354370117,15.808709023099834,15.492535281222848,15.779966354370117,140300,0.0,0.0
2001-08-16 00:00:00-04:00,15.779962901558424,16.26859474182129,15.779962901558424,16.26859474182129,79200,0.0,0.0
2001-08-17 00:00:00-04:00,16.38356708904704,16.699740752180592,16.05589592270006,16.107633590698242,147700,0.0,0.0
2001-08-20 00:00:00-04:00,16.096141496281664,16.096141496281664,15.636252177830096,15.963923454284668,49800,0.0,0.0
2001-08-21 00:00:00-04:00,15.98116671310659,16.084642071537154,15.946675292450568,15.958172798156738,38000,0.0,0.0
2001-08-22 00:00:00-04:00,15.952424690961623,16.009911125356695,15.75122271881014,15.797211647033691,52000,0.0,0.0
2001-08-23 00:00:00-04:00,15.797210473734417,15.802959226393202,15.62475227982065,15.699483871459961,35800,0.0,0.0
2001-08-24 00:00:00-04:00,15.693729902876102,15.89493179321289,15.693729902876102,15.89493179321289,41400,0.0,0.0
2001-08-27 00:00:00-04:00,15.894938767992342,15.894938767992342,15.636251449584961,15.636251449584961,39900,0.0,0.0
2001-08-28 00:00:00-04:00,15.641999026041967,15.751223144699606,15.550021167107923,15.555769920349121,33900,0.0,0.0
2001-08-29 00:00:00-04:00,15.555760378926973,15.584504127502441,15.521268977098307,15.584504127502441,36300,0.0,0.0
2001-08-30 00:00:00-04:00,15.52127456665039,15.52127456665039,15.406301723868065,15.52127456665039,19900,0.0,0.0
2001-08-31 00:00:00-04:00,15.521275410723426,15.722477348303052,15.435046322178543,15.463788986206055,34900,0.0,0.0
2001-09-04 00:00:00-04:00,15.492533242218819,15.521275907165654,15.279833793640137,15.279833793640137,38400,0.0,0.0
2001-09-05 00:00:00-04:00,15.32007609284246,15.406305196132324,15.314327339761464,15.371813774108887,25500,0.0,0.0
2001-09-06 00:00:00-04:00,15.348810329512068,15.389050479634909,14.946406635359942,15.061379432678223,33500,0.0,0.0
2001-09-07 00:00:00-04:00,15.032639130475605,15.032639130475605,14.860180991434046,14.877426147460938,39800,0.0,0.0
2001-09-10 00:00:00-04:00,14.831444100248317,14.831444100248317,14.509521580058365,14.567008018493652,42900,0.0,0.0
2001-09-17 00:00:00-04:00,14.601496191889048,14.601496191889048,13.451772065024361,13.61848258972168,91900,0.0,0.0
2001-09-18 00:00:00-04:00,13.624232963736926,14.055379562634139,13.624232963736926,13.882920265197754,36100,0.0,0.0
2001-09-19 00:00:00-04:00,13.825434777761174,13.831183531048262,12.618225095499758,13.043622970581055,95700,0.0,0.0
2001-09-20 00:00:00-04:00,13.04362516608562,13.049373920340338,12.646969894212122,12.69295883178711,49600,0.0,0.0
2001-09-21 00:00:00-04:00,12.589479502307032,13.164341590051302,12.08935009998847,13.020626068115234,104500,0.0,0.0
2001-09-24 00:00:00-04:00,13.279313897982535,13.767946871685682,13.279313897982535,13.595487594604492,68900,0.0,0.0
2001-09-25 00:00:00-04:00,13.56674315645461,14.193342812032043,13.509256738275884,14.026632308959961,80300,0.0,0.0
2001-09-26 00:00:00-04:00,14.141600205994548,14.417533601120821,14.101360056263031,14.314058303833008,89600,0.0,0.0
2001-09-27 00:00:00-04:00,14.314060511901479,14.342804263616426,14.089864730834961,14.089864730834961,24400,0.0,0.0
2001-09-28 00:00:00-04:00,14.095611443882607,15.061379432678223,14.095611443882607,15.061379432678223,53500,0.0,0.0
2001-10-01 00:00:00-04:00,14.97515213291653,15.055633544921875,14.750956341639075,15.055633544921875,61300,0.0,0.0
2001-10-02 00:00:00-04:00,15.032644240779524,15.032644240779524,14.429039452478259,14.601497650146484,75900,0.0,0.0
2001-10-03 00:00:00-04:00,14.60724572942382,15.233845499969759,14.601496976904944,15.11887264251709,84200,0.0,0.0
2001-10-04 00:00:00-04:00,15.090129393705883,15.107375650596577,14.906173706054688,14.906173706054688,16400,0.0,0.0
2001-10-05 00:00:00-04:00,14.906173757983124,14.906173757983124,14.256579000181674,14.515267372131348,51000,0.0,0.0
2001-10-08 00:00:00-04:00,14.498024724477027,14.509522231973193,14.08412432277906,14.4175443649292,46900,0.0,0.0
2001-10-09 00:00:00-04:00,14.371544701933109,14.42903110003321,14.026627409794346,14.314058303833008,43400,0.0,0.0
2001-10-10 00:00:00-04:00,14.319816180323839,14.572755835303564,14.256580992463272,14.544012069702148,45400,0.0,0.0
2001-10-11 00:00:00-04:00,14.515269400563279,14.590000998201868,14.199095654185532,14.544012069702148,34400,0.0,0.0
2001-10-12 00:00:00-04:00,14.544006952631504,14.860181684230893,14.37154880554977,14.814192771911621,19500,0.0,0.0
2001-10-15 00:00:00-04:00,14.745211601257324,14.773955362098775,14.371551482017345,14.745211601257324,41300,0.0,0.0
2001-10-16 00:00:00-04:00,14.745211478516127,15.003899841624028,14.544009540150245,14.71072006225586,35200,0.0,0.0
2001-10-17 00:00:00-04:00,14.745210161258582,14.802696580865073,14.572751998901367,14.572751998901367,32800,0.0,0.0
2001-10-18 00:00:00-04:00,14.515265335650206,14.515265335650206,14.371549837277431,14.486522674560547,36500,0.0,0.0
2001-10-19 00:00:00-04:00,14.429031105175774,14.74520465014625,14.429031105175774,14.658975601196289,26100,0.0,0.0
2001-10-22 00:00:00-04:00,14.664733261280542,14.837191463969999,14.601498075278569,14.80270004272461,12400,0.0,0.0
2001-10-23 00:00:00-04:00,14.946412460010999,14.946412460010999,14.63023878886491,14.687724113464355,16400,0.0,0.0
2001-10-24 00:00:00-04:00,14.63023701082041,14.74520874250882,14.63023701082041,14.739459991455078,21200,0.0,0.0
2001-10-25 00:00:00-04:00,14.860183245625318,15.061385169336205,14.716467742469295,15.032641410827637,30900,0.0,0.0
2001-10-26 00:00:00-04:00,14.952156069883051,15.067127776006735,14.739456714038282,14.93490982055664,18300,0.0,0.0
2001-10-29 00:00:00-05:00,14.877422598300315,14.91766384450802,14.6014892030757,14.658975601196289,28200,0.0,0.0
2001-10-30 00:00:00-05:00,14.687718252025661,14.687718252025661,14.457773756005146,14.658975601196289,23400,0.0,0.0
2001-10-31 00:00:00-05:00,14.658982399634171,14.768206497072276,14.641736143261094,14.693473815917969,31100,0.0,0.0
2001-11-01 00:00:00-05:00,14.687724203327694,15.80870558327189,14.687724203327694,15.509777069091797,43700,0.0,0.0
2001-11-02 00:00:00-05:00,15.435044023754577,15.435044023754577,14.9464111328125,14.9464111328125,32400,0.0,0.0
2001-11-05 00:00:00-05:00,14.9751615524292,15.061391769278949,14.946418877787787,14.9751615524292,29200,0.0,0.0
2001-11-06 00:00:00-05:00,14.975155340865754,15.17635726928711,14.96365893365545,15.17635726928711,14400,0.0,0.0
2001-11-07 00:00:00-05:00,15.032643033454661,15.337320327758789,15.032643033454661,15.337320327758789,22800,0.0,0.0
2001-11-08 00:00:00-05:00,15.320072640012464,15.578760988041553,15.320072640012464,15.52127456665039,32200,0.0,0.0
2001-11-09 00:00:00-05:00,15.52702522277832,15.578762898729607,15.521276470287908,15.52702522277832,16100,0.0,0.0
2001-11-12 00:00:00-05:00,15.527018145969926,15.664984853470937,15.205095828467568,15.383302688598633,27500,0.0,0.0
2001-11-13 00:00:00-05:00,15.463785302600918,15.578758124248157,15.348813577415767,15.498276710510254,63500,0.0,0.0
2001-11-14 00:00:00-05:00,15.463788959761118,15.866192834232208,15.463788959761118,15.837449073791504,34500,0.0,0.0
2001-11-15 00:00:00-05:00,15.923684444919667,16.268600910847002,15.889191921156769,16.03865623474121,25500,0.0,0.0
2001-11-16 00:00:00-05:00,16.04439596864151,16.096133628736556,15.492529056243772,15.498276710510254,20100,0.0,0.0
2001-11-19 00:00:00-05:00,15.452283216997799,15.923670768737793,15.302820128243724,15.923670768737793,22500,0.0,0.0
2001-11-20 00:00:00-05:00,15.952423510077718,15.99841243489692,15.693735122680664,15.693735122680664,23100,0.0,0.0
2001-11-21 00:00:00-05:00,15.664992455842084,15.72822763864191,15.377561401606448,15.693735122680664,16100,0.0,0.0
2001-11-23 00:00:00-05:00,15.75122030917527,16.00990867614746,15.745471556968958,16.00990867614746,8800,0.0,0.0
2001-11-26 00:00:00-05:00,16.06739259937525,16.153621676115677,15.981162426172627,16.147872924804688,27900,0.0,0.0
2001-11-27 00:00:00-05:00,16.153620016869315,16.27434049261346,16.124876263266838,16.257095336914062,75600,0.0,0.0
2001-11-28 00:00:00-05:00,16.239854820565313,16.239854820565313,16.211112153273195,16.228357315063477,95100,0.0,0.0
2001-11-29 00:00:00-05:00,16.21111129927014,16.297340393066406,16.090389690785432,16.297340393066406,29500,0.0,0.0
2001-11-30 00:00:00-05:00,16.326081163164652,16.326081163164652,16.038650152910126,16.26859474182129,36800,0.0,0.0
2001-12-03 00:00:00-05:00,16.211108943804735,16.211108943804735,15.923677941939134,16.07314109802246,24800,0.0,0.0
2001-12-04 00:00:00-05:00,16.073136435500135,16.556020466275516,15.917924572828145,16.48128890991211,37200,0.0,0.0
2001-12-05 00:00:00-05:00,16.441052554677952,16.544527884670273,16.26859330587002,16.498538970947266,75300,0.0,0.0
2001-12-06 00:00:00-05:00,16.498543032131497,16.556028366088867,16.487045526755036,16.556028366088867,82400,0.0,0.0
2001-12-07 00:00:00-05:00,16.55603108917796,16.64226129722184,16.412315537721685,16.550283432006836,25300,0.0,0.0
2001-12-10 00:00:00-05:00,16.521536946421953,16.556028366088867,16.504290688357262,16.556028366088867,21200,0.0,0.0
2001-12-11 00:00:00-05:00,16.544527884670273,16.573270544573834,16.418057549585352,16.498538970947266,24100,0.0,0.0
2001-12-12 00:00:00-05:00,16.53303158077757,16.53303158077757,16.15362274093985,16.211109161376953,33800,0.0,0.0
2001-12-13 00:00:00-05:00,16.216857295513986,16.39506531377801,16.142125714262395,16.383567810058594,28200,0.0,0.0
2001-12-14 00:00:00-05:00,16.441046322813342,16.665242055175405,16.441046322813342,16.61350440979004,19100,0.0,0.0
2001-12-17 00:00:00-05:00,16.556028572056174,16.671001434326172,16.446805559008396,16.671001434326172,35600,0.0,0.0
2001-12-18 00:00:00-05:00,16.699744101662432,16.90094606240369,16.671001434326172,16.671001434326172,20800,0.0,0.0
2001-12-19 00:00:00-05:00,16.69974620412219,16.82621658783401,16.688249793617796,16.78597640991211,46400,0.0,0.0
2001-12-20 00:00:00-05:00,16.757230342747082,17.073405162172474,16.75148159005253,17.015918731689453,34700,0.0,0.0
2001-12-21 00:00:00-05:00,17.07340438773781,17.475807189941406,16.797469753227947,17.475807189941406,68700,0.0,0.0
2001-12-24 00:00:00-05:00,17.475804202160436,17.475804202160436,17.378077620418825,17.441312789916992,12000,0.0,0.0
2001-12-26 00:00:00-05:00,17.44131433349497,17.665510177612305,17.43556558153525,17.665510177612305,15400,0.0,0.0
2001-12-27 00:00:00-05:00,17.705748428046853,17.734492184733643,17.590776690686305,17.677005767822266,22500,0.0,0.0
2001-12-28 00:00:00-05:00,17.648267540435658,17.83797199636904,17.533294677734375,17.533294677734375,26100,0.0,0.0
2001-12-31 00:00:00-05:00,17.533295082204123,17.533295082204123,16.843460083007812,16.843460083007812,82700,0.0,0.0
2002-01-02 00:00:00-05:00,16.849207357640996,17.073404315764048,16.757229512012916,17.067655563354492,35800,0.0,0.0
2002-01-03 00:00:00-05:00,17.010165584579376,17.14813232421875,16.780221018513753,17.14813232421875,30300,0.0,0.0
2002-01-04 00:00:00-05:00,17.24585807118825,17.332087142251762,17.16537775105725,17.188371658325195,31400,0.0,0.0
2002-01-07 00:00:00-05:00,17.274606024169362,17.274606024169362,17.004421226300355,17.015918731689453,32200,0.0,0.0
2002-01-08 00:00:00-05:00,16.987173514662786,17.217119216918945,16.946933345706668,17.217119216918945,24600,0.0,0.0
2002-01-09 00:00:00-05:00,17.27459989558265,17.44705912584759,17.24585723876953,17.24585723876953,34500,0.0,0.0
2002-01-10 00:00:00-05:00,17.268855836751065,17.303347251400307,17.130887985229492,17.130887985229492,37700,0.0,0.0
2002-01-11 00:00:00-05:00,17.136637948137093,17.217119383289393,16.757229070795486,16.866453170776367,32300,0.0,0.0
2002-01-14 00:00:00-05:00,16.895197309643944,16.952683740778944,16.671001434326172,16.671001434326172,17600,0.0,0.0
2002-01-15 00:00:00-05:00,16.699741589901237,16.8089656829834,16.699741589901237,16.8089656829834,15200,0.0,0.0
2002-01-16 00:00:00-05:00,16.78597166853969,16.90094341634693,16.383567810058594,16.383567810058594,36900,0.0,0.0
2002-01-17 00:00:00-05:00,16.383567770280113,17.165380477905273,16.383567770280113,17.165380477905273,47100,0.0,0.0
2002-01-18 00:00:00-05:00,17.205617211311004,17.274600026771196,16.579017639160156,16.579017639160156,33400,0.0,0.0
2002-01-22 00:00:00-05:00,16.584773195590756,17.0849026505277,16.56177818335973,17.044662475585938,46900,0.0,0.0
2002-01-23 00:00:00-05:00,16.9584306381505,17.096397399902344,16.866452796982603,17.096397399902344,21900,0.0,0.0
2002-01-24 00:00:00-05:00,17.09064927259802,17.09639802493898,16.92968859290073,16.935436248779297,19200,0.0,0.0
2002-01-25 00:00:00-05:00,16.89519567234527,17.25161063367242,16.814715334433036,17.217119216918945,94700,0.0,0.0
2002-01-28 00:00:00-05:00,17.274604415670645,17.51604652404785,17.245861751336694,17.51604652404785,52800,0.0,0.0
2002-01-29 00:00:00-05:00,17.24585814093325,17.36657862161796,16.83195794027722,16.883695602416992,148600,0.0,0.0
2002-01-30 00:00:00-05:00,16.883701538882452,16.883701538882452,15.923681720960175,16.527286529541016,125000,0.0,0.0
2002-01-31 00:00:00-05:00,16.498543861118126,16.527286529541016,16.096139924422552,16.527286529541016,53000,0.0,0.0
2002-02-01 00:00:00-05:00,16.521534337854714,16.556025752075815,16.199611913379083,16.26859474182129,34000,0.0,0.0
2002-02-04 00:00:00-05:00,16.268596934927277,16.297340697704936,15.751221266016193,15.981165885925293,93900,0.0,0.0
2002-02-05 00:00:00-05:00,15.981163494000784,16.18236541748047,15.952420831987517,16.18236541748047,57700,0.0,0.0
2002-02-06 00:00:00-05:00,16.18237008881671,16.239856525900027,16.067398311112672,16.1248836517334,53200,0.0,0.0
2002-02-07 00:00:00-05:00,16.15362442340343,16.211110849827975,16.096137996978886,16.101886749267578,22800,0.0,0.0
2002-02-08 00:00:00-05:00,16.101884248576965,16.268593653208846,16.096135497181077,16.2513484954834,44300,0.0,0.0
2002-02-11 00:00:00-05:00,16.251352965416203,16.527286529541016,16.21111279103915,16.527286529541016,18500,0.0,0.0
2002-02-12 00:00:00-05:00,16.498537902063493,16.556023218146336,16.30308475728789,16.423805236816406,19800,0.0,0.0
2002-02-13 00:00:00-05:00,16.412312838270516,16.625012301885157,16.412312838270516,16.556028366088867,31600,0.0,0.0
2002-02-14 00:00:00-05:00,16.556029197963905,16.584772962849314,16.429559921855663,16.527286529541016,29200,0.0,0.0
2002-02-15 00:00:00-05:00,16.51578140104333,16.642251715244132,16.38931218330454,16.521530151367188,26300,0.0,0.0
2002-02-19 00:00:00-05:00,16.464049828210868,16.464049828210868,16.182367537029773,16.297340393066406,32700,0.0,0.0
2002-02-20 00:00:00-05:00,16.297338958821182,16.556026217444245,16.09613702669503,16.47554588317871,44500,0.0,0.0
2002-02-21 00:00:00-05:00,16.475545646889305,16.5502783246032,16.35482514722236,16.383567810058594,44200,0.0,0.0
2002-02-22 00:00:00-05:00,16.412313042449913,16.671001434326172,16.38357037511365,16.671001434326172,34500,0.0,0.0
2002-02-25 00:00:00-05:00,16.699741464495908,17.188374407286428,16.699741464495908,17.130887985229492,59900,0.0,0.0
2002-02-26 00:00:00-05:00,17.18837862315211,17.906956333956654,17.18837862315211,17.79198455810547,149900,0.0,0.0
2002-02-27 00:00:00-05:00,17.69425627394459,18.039172665375357,17.64826734865632,17.878211975097656,131900,0.0,0.0
2002-02-28 00:00:00-05:00,17.878205423835375,18.090903714179348,17.774730105738495,17.935691833496094,48900,0.0,0.0
2002-03-01 00:00:00-05:00,17.918450252720856,18.568043890778366,17.705750810467375,17.84946632385254,110200,0.0,0.0
2002-03-04 00:00:00-05:00,17.87821223015294,18.68301898241043,17.87821223015294,18.395587921142578,44500,0.0,0.0
2002-03-05 00:00:00-05:00,18.30935515093982,18.395584232738326,17.952940223987117,18.05066680908203,39400,0.0,0.0
2002-03-06 00:00:00-05:00,18.108151794227627,18.34959386200915,18.079409134726422,18.27486228942871,42800,0.0,0.0
2002-03-07 00:00:00-05:00,18.165638563465436,18.251867640110525,17.96443665365209,18.010425567626953,47200,0.0,0.0
2002-03-08 00:00:00-05:00,17.96443449009542,18.22312278533762,17.849461670773984,17.935691833496094,35600,0.0,0.0
2002-03-11 00:00:00-05:00,17.935695178723343,17.96443784068353,17.60227525625875,17.734493255615234,36800,0.0,0.0
2002-03-12 00:00:00-05:00,17.70574867445169,17.94719075166977,17.648263353202516,17.763235092163086,64800,0.0,0.0
2002-03-13 00:00:00-05:00,17.79197635757533,17.993177146694748,17.73448994791461,17.935691833496094,61500,0.0,0.0
2002-03-14 00:00:00-05:00,17.99317441396944,18.223120017689176,17.97018051147461,17.97018051147461,29200,0.0,0.0
2002-03-15 00:00:00-05:00,17.826472843633532,18.332350980558388,17.826472843633532,18.07941246032715,46500,0.0,0.0
2002-03-18 00:00:00-05:00,18.079407309416858,18.079407309416858,17.763232604513938,17.935691833496094,99300,0.0,0.0
2002-03-19 00:00:00-05:00,17.981684454925766,18.389835964517136,17.981684454925766,18.234622955322266,47600,0.0,0.0
2002-03-20 00:00:00-05:00,18.251863193758037,18.56803676325411,18.251863193758037,18.48755645751953,23700,0.0,0.0
2002-03-21 00:00:00-05:00,18.51056084531792,18.90146726536615,18.48181817768128,18.780744552612305,37300,0.0,0.0
2002-03-22 00:00:00-05:00,18.826730003652646,18.958947997015915,18.52205385342096,18.53929901123047,41000,0.0,0.0
2002-03-25 00:00:00-05:00,18.568047792972806,18.843981373510573,18.355349402481746,18.769250869750977,35600,0.0,0.0
2002-03-26 00:00:00-05:00,18.77499521155386,18.970448404039747,18.746252546496333,18.884218215942383,27500,0.0,0.0
2002-03-27 00:00:00-05:00,18.884222221336007,19.372856402653717,18.87272690721463,18.999195098876953,42900,0.0,0.0
2002-03-28 00:00:00-05:00,19.02793296572525,19.499319670991394,19.02793296572525,19.378599166870117,81900,0.0,0.0
2002-04-01 00:00:00-05:00,19.430334763504106,19.430334763504106,18.970445611507007,19.016435623168945,33300,0.0,0.0
2002-04-02 00:00:00-05:00,19.022189707702427,19.079675048785553,18.711763602833077,18.79224395751953,41000,0.0,0.0
2002-04-03 00:00:00-05:00,18.734757717053206,18.912965774536133,18.568047165819994,18.912965774536133,23300,0.0,0.0
2002-04-04 00:00:00-05:00,18.855472067424742,18.855472067424742,18.59678374384888,18.683013916015625,51400,0.0,0.0
2002-04-05 00:00:00-05:00,18.711758816794383,19.315363515479756,18.683016153604534,19.206140518188477,37900,0.0,0.0
2002-04-08 00:00:00-04:00,19.14866165986536,19.631546020507812,18.970453579213554,19.631546020507812,34800,0.0,0.0
2002-04-09 00:00:00-04:00,19.63153666226459,20.0339382768729,19.430333662036105,20.00519561767578,91300,0.0,0.0
2002-04-10 00:00:00-04:00,20.062681542239673,20.235139676707018,19.740758083089577,19.746505737304688,56800,0.0,0.0
2002-04-11 00:00:00-04:00,19.746517608516168,19.8327478240518,19.545316696166992,19.545316696166992,68800,0.0,0.0
2002-04-12 00:00:00-04:00,19.574058481785272,19.689031366304974,19.51657313598811,19.631546020507812,49500,0.0,0.0
2002-04-15 00:00:00-04:00,19.63154438950505,19.832745276004584,19.574056855558613,19.64303970336914,55100,0.0,0.0
2002-04-16 00:00:00-04:00,19.631538664933178,19.763756665067312,19.54530848562091,19.654531478881836,59000,0.0,0.0
2002-04-17 00:00:00-04:00,19.689029302060252,19.729269478484465,19.37285554747351,19.459083557128906,42500,0.0,0.0
2002-04-18 00:00:00-04:00,19.430337226325065,19.45907989079472,19.102666026936596,19.13140869140625,48700,0.0,0.0
2002-04-19 00:00:00-04:00,19.131406293502973,19.131406293502973,18.75774731638189,18.958948135375977,84600,0.0,0.0
2002-04-22 00:00:00-04:00,18.912963052782995,19.171649230936364,18.895715699427935,18.918710708618164,36500,0.0,0.0
2002-04-23 00:00:00-04:00,18.918712647543458,19.436089442724228,18.901467485345766,19.338361740112305,80300,0.0,0.0
2002-04-24 00:00:00-04:00,19.338359190223652,19.7465107232016,19.338359190223652,19.539562225341797,32100,0.0,0.0
2002-04-25 00:00:00-04:00,19.57405784550469,19.878736308516732,19.545315173540427,19.763763427734375,28800,0.0,0.0
2002-04-26 00:00:00-04:00,19.775253460589465,20.407600776494142,19.775253460589465,20.125917434692383,94900,0.0,0.0
2002-04-29 00:00:00-04:00,20.235149430233356,20.55132319464282,20.1259242111813,20.177661895751953,58900,0.0,0.0
2002-04-30 00:00:00-04:00,20.177651428954015,20.959463948948024,20.177651428954015,20.896228790283203,73100,0.0,0.0
2002-05-01 00:00:00-04:00,20.86749212356703,20.8732419721454,20.263887405395508,20.263887405395508,63900,0.0,0.0
2002-05-02 00:00:00-04:00,20.206403331046353,20.206403331046353,19.844239600499883,19.941965103149414,61200,0.0,0.0
2002-05-03 00:00:00-04:00,19.861480217846196,19.890222877172228,19.54530657941118,19.67752456665039,64500,0.0,0.0
2002-05-06 00:00:00-04:00,19.677529419714578,20.03394330769318,19.257880349868433,19.263628005981445,78400,0.0,0.0
2002-05-07 00:00:00-04:00,19.257884979248047,19.355610507135555,19.20039963259956,19.257884979248047,94900,0.0,0.0
2002-05-08 00:00:00-04:00,19.257873521094886,19.315358833540454,19.229130864872104,19.303863525390625,87000,0.0,0.0
2002-05-09 00:00:00-04:00,19.286623377465723,19.309618388198167,19.079672666723567,19.08542251586914,133000,0.0,0.0
2002-05-10 00:00:00-04:00,19.05667949203976,19.315365682698086,19.03943213785096,19.263628005981445,62800,0.0,0.0
2002-05-13 00:00:00-04:00,19.257880334706435,19.487826051693776,19.257880334706435,19.286623001098633,65200,0.0,0.0
2002-05-14 00:00:00-04:00,19.315363929248658,20.148914337158203,19.257878601637525,20.148914337158203,80500,0.0,0.0
2002-05-15 00:00:00-04:00,20.189148774889173,20.384601903387132,20.079925806258334,20.13741111755371,59900,0.0,0.0
2002-05-16 00:00:00-04:00,20.120173147874706,20.183408328636002,19.918972293565893,19.93046760559082,60400,0.0,0.0
2002-05-17 00:00:00-04:00,19.930460016227713,19.987947519085758,19.48781830530283,19.6027889251709,27900,0.0,0.0
2002-05-20 00:00:00-04:00,19.574058771665545,19.614298952904566,19.20039963259956,19.257884979248047,55600,0.0,0.0
2002-05-21 00:00:00-04:00,19.257876015358192,19.315361335249207,18.85547219734792,19.148653030395508,49600,0.0,0.0
2002-05-22 00:00:00-04:00,19.11416113015377,19.11990878515578,18.884215457433267,18.97044563293457,37000,0.0,0.0
2002-05-23 00:00:00-04:00,18.9991887807138,19.200391797731882,18.884215941406968,19.14290428161621,72000,0.0,0.0
2002-05-24 00:00:00-04:00,19.14290766038593,19.631541765453942,18.918711790274976,19.43608856201172,98100,0.0,0.0
2002-05-28 00:00:00-04:00,19.40159452740668,19.413092031759074,18.912962653515958,19.18889617919922,35200,0.0,0.0
2002-05-29 00:00:00-04:00,19.223382095265432,19.344104766845703,19.20038928475301,19.344104766845703,25800,0.0,0.0
2002-05-30 00:00:00-04:00,19.315358239884763,19.821237306969202,19.315358239884763,19.717761993408203,52900,0.0,0.0
2002-05-31 00:00:00-04:00,19.69476673681976,19.746504392929992,19.528058460841454,19.6027889251709,34000,0.0,0.0
2002-06-03 00:00:00-04:00,19.57405550114896,19.57405550114896,19.154406400540616,19.16015625,37900,0.0,0.0
2002-06-04 00:00:00-04:00,19.160151141867654,19.160151141867654,18.683014638496168,18.97044563293457,34400,0.0,0.0
2002-06-05 00:00:00-04:00,18.912960889121983,18.941703550859195,18.757747884231616,18.861223220825195,40400,0.0,0.0
2002-06-06 00:00:00-04:00,18.82673083005276,18.895713657243245,18.522054666447303,18.533552169799805,37200,0.0,0.0
2002-06-07 00:00:00-04:00,18.499064946069655,18.797993539883525,18.25187403566444,18.769250869750977,46600,0.0,0.0
2002-06-10 00:00:00-04:00,18.809484414576144,19.096915400408058,18.809484414576144,19.06817054748535,44100,0.0,0.0
2002-06-11 00:00:00-04:00,19.02793119132736,19.234881860765036,18.999188530110903,19.07392120361328,32500,0.0,0.0
2002-06-12 00:00:00-04:00,19.056677711359164,19.096917879164803,18.90146469571254,18.99344253540039,22300,0.0,0.0
2002-06-13 00:00:00-04:00,18.987687589999062,19.056672595940682,18.46456335602427,18.51055335998535,25400,0.0,0.0
2002-06-14 00:00:00-04:00,18.48755835800481,18.539296015998982,18.257613820509636,18.51055335998535,32600,0.0,0.0
2002-06-17 00:00:00-04:00,18.51630040310661,19.004934310913086,18.51630040310661,19.004934310913086,17100,0.0,0.0
2002-06-18 00:00:00-04:00,19.004941539946692,19.171649879907083,18.706012989129142,18.740503311157227,18700,0.0,0.0
2002-06-19 00:00:00-04:00,18.740498159204073,19.062421631490214,18.614030024993717,18.61977767944336,74700,0.0,0.0
2002-06-20 00:00:00-04:00,17.73449663923038,17.76323930667446,17.130890754742364,17.533294677734375,246100,0.0,0.0
2002-06-21 00:00:00-04:00,17.475809284691326,17.481558037814196,16.354828740833046,16.72848892211914,233500,0.0,0.0
2002-06-24 00:00:00-04:00,16.670997032752403,17.02166318327475,16.337577135955843,16.814712524414062,99200,0.0,0.0
2002-06-25 00:00:00-04:00,16.872201545806963,17.447063601224833,16.872201545806963,17.10214614868164,111900,0.0,0.0
2002-06-26 00:00:00-04:00,16.958432522191032,17.171131988811158,16.716990388186087,17.10789680480957,62300,0.0,0.0
2002-06-27 00:00:00-04:00,17.165377179429242,17.60802002187131,17.159628428688166,17.326337814331055,78600,0.0,0.0
2002-06-28 00:00:00-04:00,17.32634151775855,17.87820964577833,16.9296875,16.9296875,175300,0.0,0.0
2002-07-01 00:00:00-04:00,16.958430325532976,16.958430325532976,16.556026455494717,16.56177520751953,52000,0.0,0.0
2002-07-02 00:00:00-04:00,16.56177339829334,16.728483899414286,16.2455997467041,16.2455997467041,63500,0.0,0.0
2002-07-03 00:00:00-04:00,16.211109161376953,16.556025491075054,16.009907238078217,16.211109161376953,48800,0.0,0.0
2002-07-05 00:00:00-04:00,16.239855459462042,16.527286529541016,16.228357953507878,16.527286529541016,22500,0.0,0.0
2002-07-08 00:00:00-04:00,16.521532305293015,16.682494045959654,16.521532305293015,16.619258880615234,49900,0.0,0.0
2002-07-09 00:00:00-04:00,16.61351435148436,16.68824703796702,16.35482706621823,16.36057472229004,52300,0.0,0.0
2002-07-10 00:00:00-04:00,16.383571399940063,16.6135160424011,16.268598530478272,16.303091049194336,40000,0.0,0.0
2002-07-11 00:00:00-04:00,16.285838791077484,16.29158754207932,15.699479346435758,15.808703422546387,67800,0.0,0.0
2002-07-12 00:00:00-04:00,15.808705577143916,15.831700584285297,15.5097770630797,15.52127456665039,125300,0.0,0.0
2002-07-15 00:00:00-04:00,15.463789514012415,15.463789514012415,14.716469259166278,14.917671203613281,88900,0.0,0.0
2002-07-16 00:00:00-04:00,14.946418877787787,15.067139427037027,14.865938511621625,14.9751615524292,62200,0.0,0.0
2002-07-17 00:00:00-04:00,15.061387193775493,15.176358953876594,14.88892790893021,15.078632354736328,147700,0.0,0.0
2002-07-18 00:00:00-04:00,15.078634364720333,15.291333848776993,15.078634364720333,15.130372047424316,60700,0.0,0.0
2002-07-19 00:00:00-04:00,15.032637200575948,15.032637200575948,14.65897721631521,14.888921737670898,83000,0.0,0.0
2002-07-22 00:00:00-04:00,14.831433699096213,14.946406495337392,14.383042205971671,14.658975601196289,67800,0.0,0.0
2002-07-23 00:00:00-04:00,14.687722639635073,14.687722639635073,14.112860679626465,14.112860679626465,48500,0.0,0.0
2002-07-24 00:00:00-04:00,14.06687446728655,15.29133129119873,13.440274722863625,15.29133129119873,106600,0.0,0.0
2002-07-25 00:00:00-04:00,15.233841196226097,15.779960470147353,14.917667572247762,15.320070266723633,92000,0.0,0.0
2002-07-26 00:00:00-04:00,15.320072169356536,16.18236517434616,15.268334501340178,16.09613609313965,75700,0.0,0.0
2002-07-29 00:00:00-04:00,16.182360472803072,16.814708712035248,16.182360472803072,16.803211212158203,102000,0.0,0.0
2002-07-30 00:00:00-04:00,16.814714331375924,16.814714331375924,16.32608138792382,16.383567810058594,48300,0.0,0.0
2002-07-31 00:00:00-04:00,15.9811546712546,16.3605633019727,15.75121021270752,15.75121021270752,94700,0.0,0.0
2002-08-01 00:00:00-04:00,15.607502185465767,15.607502185465767,14.888924726683161,14.923416137695312,116500,0.0,0.0
2002-08-02 00:00:00-04:00,14.865929625790606,14.865929625790606,13.940401582245796,14.130105972290039,180600,0.0,0.0
2002-08-05 00:00:00-04:00,14.141605011967723,14.141605011967723,13.739201184973377,14.00363826751709,197800,0.0,0.0
2002-08-06 00:00:00-04:00,14.118611085311704,14.49227118381276,14.118611085311704,14.406042098999023,105400,0.0,0.0
2002-08-07 00:00:00-04:00,14.429031105175774,14.658975601196289,14.285315658105223,14.658975601196289,118700,0.0,0.0
2002-08-08 00:00:00-04:00,14.658984939182718,14.710722620802718,14.383051368184406,14.544012069702148,65500,0.0,0.0
2002-08-09 00:00:00-04:00,14.544012686708998,14.716471998246165,14.3083192810912,14.429040908813477,54300,0.0,0.0
2002-08-12 00:00:00-04:00,14.383046638045402,14.60149370246295,14.239331146689542,14.578499794006348,101400,0.0,0.0
2002-08-13 00:00:00-04:00,14.5612555950875,14.567004347128416,14.135857812220816,14.2335844039917,56600,0.0,0.0
2002-08-14 00:00:00-04:00,14.23933102363772,14.54400716094343,14.199090861839771,14.538259506225586,44200,0.0,0.0
2002-08-15 00:00:00-04:00,14.590000144578607,14.802699611734399,14.572754982689274,14.601497650146484,78400,0.0,0.0
2002-08-16 00:00:00-04:00,14.601494774760667,14.716467614873551,14.544008354704227,14.63023853302002,62300,0.0,0.0
2002-08-19 00:00:00-04:00,14.630234856826235,14.687720165975865,14.544004700177814,14.647480010986328,76200,0.0,0.0
2002-08-20 00:00:00-04:00,14.653229196651807,14.653229196651807,14.440530914968535,14.457776069641113,46000,0.0,0.0
2002-08-21 00:00:00-04:00,14.48652588385516,14.601497650146483,14.308317836940518,14.601497650146484,43300,0.0,0.0
2002-08-22 00:00:00-04:00,14.601497419363106,14.647486344445255,14.521017074584961,14.521017074584961,24800,0.0,0.0
2002-08-23 00:00:00-04:00,14.463527550075476,14.538260222636175,14.42903613775789,14.434784889221191,46500,0.0,0.0
2002-08-26 00:00:00-04:00,14.486522444419588,14.503767602214523,14.227834112873367,14.365800857543945,58100,0.0,0.0
2002-08-27 00:00:00-04:00,14.377297751390754,14.486521830801799,14.112860679626465,14.112860679626465,33000,0.0,0.0
2002-08-28 00:00:00-04:00,14.101367239079618,14.210590244996729,14.078372229541866,14.170350074768066,44200,0.0,0.0
2002-08-29 00:00:00-04:00,14.11286282025965,14.371551180086136,14.084120156484413,14.204840660095215,34500,0.0,0.0
2002-08-30 00:00:00-04:00,14.19334518351077,14.429038550608096,14.19334518351077,14.239334106445312,43700,0.0,0.0
2002-09-03 00:00:00-04:00,14.19909594776044,14.19909594776044,13.825434662454192,13.854178428649902,80500,0.0,0.0
2002-09-04 00:00:00-04:00,13.859918061412081,14.36004720302072,13.739196515755683,14.314058303833008,68900,0.0,0.0
2002-09-05 00:00:00-04:00,14.296817674182602,14.365800496553348,14.032380597862227,14.210587501525879,56900,0.0,0.0
2002-09-06 00:00:00-04:00,14.216339768296079,14.515268329722545,14.078372992975202,14.509519577026367,81600,0.0,0.0
2002-09-09 00:00:00-04:00,14.515270016350765,14.601499123888052,14.314068034455364,14.429040908813477,27200,0.0,0.0
2002-09-10 00:00:00-04:00,14.371548900522672,14.48652173031172,14.28531982641197,14.463526725769043,55300,0.0,0.0
2002-09-11 00:00:00-04:00,14.544007525518817,14.618740196270199,14.256576538085938,14.256576538085938,29400,0.0,0.0
2002-09-12 00:00:00-04:00,14.262325636676731,14.262325636676731,13.963398235779367,14.026632308959961,73400,0.0,0.0
2002-09-13 00:00:00-04:00,14.026634554544328,14.222087749765604,13.854176368860804,14.170350074768066,34500,0.0,0.0
2002-09-16 00:00:00-04:00,14.15885328034951,14.245083473979848,14.049630268952678,14.10711669921875,49900,0.0,0.0
2002-09-17 00:00:00-04:00,14.112859719936163,14.371548022933812,14.112859719936163,14.130105972290039,81600,0.0,0.0
2002-09-18 00:00:00-04:00,14.072623879960203,14.089870137607159,13.796690336383516,13.917410850524902,89000,0.0,0.0
2002-09-19 00:00:00-04:00,13.9001634158667,14.245080837155001,13.796688079833984,13.796688079833984,32200,0.0,0.0
2002-09-20 00:00:00-04:00,13.796689979940282,13.854176407482516,13.595488031773673,13.808187484741211,59400,0.0,0.0
2002-09-23 00:00:00-04:00,13.894411526209815,13.928902931610097,13.68171215057373,13.68171215057373,78600,0.0,0.0
2002-09-24 00:00:00-04:00,13.681716684913901,13.77369452743892,13.595487594604492,13.595487594604492,41400,0.0,0.0
2002-09-25 00:00:00-04:00,13.59548819703789,14.285323143005371,13.59548819703789,14.285323143005371,81800,0.0,0.0
2002-09-26 00:00:00-04:00,14.371553021101358,14.658984081523386,14.314066589724456,14.601497650146484,71100,0.0,0.0
2002-09-27 00:00:00-04:00,14.544005177350728,14.664726742742065,14.13585376739502,14.13585376739502,59200,0.0,0.0
2002-09-30 00:00:00-04:00,14.135860758592449,14.135860758592449,13.767949322987908,13.854178428649902,65700,0.0,0.0
2002-10-01 00:00:00-04:00,13.854176368860804,14.170350074768066,13.52075640580023,14.170350074768066,77300,0.0,0.0
2002-10-02 00:00:00-04:00,14.11286042384758,14.35430248653383,13.946151028626824,14.038128852844238,64100,0.0,0.0
2002-10-03 00:00:00-04:00,13.99788844417929,14.170346587420559,13.85992171029385,13.940402030944824,33500,0.0,0.0
2002-10-04 00:00:00-04:00,13.911662853304316,14.003640698907782,13.595488049637794,13.779443740844727,49200,0.0,0.0
2002-10-07 00:00:00-04:00,13.83692701006836,13.854173263355811,13.279311311319987,13.308053970336914,53400,0.0,0.0
2002-10-08 00:00:00-04:00,13.336800092632481,13.509258270263672,13.290811172166674,13.509258270263672,37000,0.0,0.0
2002-10-09 00:00:00-04:00,13.33679941531629,13.33679941531629,12.830920219421387,12.830920219421387,46400,0.0,0.0
2002-10-10 00:00:00-04:00,12.600974788303994,12.618221042625894,12.11809063191301,12.52049446105957,117900,0.0,0.0
2002-10-11 00:00:00-04:00,12.577985841173112,12.934400926936757,12.577985841173112,12.64696979522705,130700,0.0,0.0
2002-10-14 00:00:00-04:00,12.589480206224268,12.945895202997457,12.577982700675541,12.93439769744873,75300,0.0,0.0
2002-10-15 00:00:00-04:00,13.003379121950806,13.313804036553204,12.934395198449014,13.06661319732666,72900,0.0,0.0
2002-10-16 00:00:00-04:00,13.152836235266445,13.152836235266445,12.905646606092617,12.991875648498535,52500,0.0,0.0
2002-10-17 00:00:00-04:00,13.078110700654003,13.181586037675558,12.848166116418474,13.06661319732666,109600,0.0,0.0
2002-10-18 00:00:00-04:00,13.106853467524813,13.221826308794896,13.066613302018967,13.141345977783203,23600,0.0,0.0
2002-10-21 00:00:00-04:00,13.221826641819021,13.681715825558241,13.193083979008684,13.675968170166016,48000,0.0,0.0
2002-10-22 00:00:00-04:00,13.68171829975322,14.072624724854027,13.68171829975322,13.882920265197754,39900,0.0,0.0
2002-10-23 00:00:00-04:00,13.825428578738249,13.882914989370885,13.549495123456088,13.69321060180664,65000,0.0,0.0
2002-10-24 00:00:00-04:00,13.710456971139124,13.91165886184229,13.658719310773677,13.767943382263184,39600,0.0,0.0
2002-10-25 00:00:00-04:00,13.756448043033986,13.986392627211654,13.710459126198451,13.825430870056152,44200,0.0,0.0
2002-10-28 00:00:00-05:00,13.882913049884678,14.015131008345024,13.670214785659239,13.721952438354492,62400,0.0,0.0
2002-10-29 00:00:00-05:00,13.756448955528779,14.222086906433105,13.756448955528779,14.222086906433105,57000,0.0,0.0
2002-10-30 00:00:00-05:00,14.227835868437522,14.227835868437522,12.76193806603193,13.135598182678223,460700,0.0,0.0
2002-10-31 00:00:00-05:00,13.135594503812504,13.463265608123717,13.135594503812504,13.158588409423828,165300,0.0,0.0
2002-11-01 00:00:00-05:00,13.147097817512591,13.221829414367676,13.078113877254983,13.221829414367676,75500,0.0,0.0
2002-11-04 00:00:00-05:00,13.221827884137427,13.394286070128171,12.951643100361956,13.00338077545166,48000,0.0,0.0
2002-11-05 00:00:00-05:00,12.876910302535746,12.99188315649417,12.480255162487817,12.957391738891602,217100,0.0,0.0
2002-11-06 00:00:00-05:00,12.96313808148386,13.193083766105019,12.761937252133775,13.187335014343262,130600,0.0,0.0
2002-11-07 00:00:00-05:00,13.21033504244138,13.21033504244138,12.67571294210738,12.894161224365234,104600,0.0,0.0
2002-11-08 00:00:00-05:00,12.83666980986999,12.871161226605432,12.692954294266224,12.784932136535645,126100,0.0,0.0
2002-11-11 00:00:00-05:00,12.70445012131095,12.750439036373796,12.491750703856402,12.52049446105957,34200,0.0,0.0
2002-11-12 00:00:00-05:00,12.577982771821437,12.738944561026642,12.491753672643197,12.560737609863281,190000,0.0,0.0
2002-11-13 00:00:00-05:00,12.560737502882713,12.704453032443242,12.503251071766007,12.508999824523926,185100,0.0,0.0
2002-11-14 00:00:00-05:00,12.531990408559396,12.773432477913325,12.531990408559396,12.698700904846191,320000,0.0,0.0
2002-11-15 00:00:00-05:00,12.704450489965238,12.905652410376941,12.589477650740763,12.65271282196045,87200,0.0,0.0
2002-11-18 00:00:00-05:00,12.733194224972173,12.830920817612833,12.652713888607751,12.704451560974121,52600,0.0,0.0
2002-11-19 00:00:00-05:00,12.750440481248413,12.819423313428674,12.704451560974121,12.704451560974121,107000,0.0,0.0
2002-11-20 00:00:00-05:00,12.704451538244191,13.135598076217667,12.692954034080604,13.072362899780273,106700,0.0,0.0
2002-11-21 00:00:00-05:00,13.101105114513356,13.652972091707895,13.101105114513356,13.624229431152344,80200,0.0,0.0
2002-11-22 00:00:00-05:00,13.65297222766138,14.308314543721213,13.65297222766138,14.043878555297852,114300,0.0,0.0
2002-11-25 00:00:00-05:00,14.055376066280438,14.147353896781508,13.73920131452856,14.026632308959961,79800,0.0,0.0
2002-11-26 00:00:00-05:00,14.026632064739468,14.124358645003097,13.796687492490404,13.934654235839844,109000,0.0,0.0
2002-11-27 00:00:00-05:00,14.026634379573178,14.532513618469238,14.026634379573178,14.532513618469238,45300,0.0,0.0
2002-11-29 00:00:00-05:00,14.589997297735817,14.589997297735817,13.825430870056152,13.825430870056152,32600,0.0,0.0
2002-12-02 00:00:00-05:00,13.882917385320168,14.3255613981834,13.882917385320168,14.291069984436035,44100,0.0,0.0
2002-12-03 00:00:00-05:00,14.31406762128366,14.371554056803385,14.199095846706768,14.227838516235352,115300,0.0,0.0
2002-12-04 00:00:00-05:00,14.227834812180637,14.475025653038346,14.170348391626847,14.291069984436035,68500,0.0,0.0
2002-12-05 00:00:00-05:00,14.30256580046317,14.360052218641897,13.911660569064736,14.026632308959961,56600,0.0,0.0
2002-12-06 00:00:00-05:00,14.009389900196851,14.141607920430488,13.96914863205134,13.974897384643555,37100,0.0,0.0
2002-12-09 00:00:00-05:00,13.980645176330734,14.21633853409991,13.900164838496098,13.986393928527832,37400,0.0,0.0
2002-12-10 00:00:00-05:00,14.043881147220862,14.314065936970024,13.96914846090013,14.308317184448242,30600,0.0,0.0
2002-12-11 00:00:00-05:00,14.227835426707353,14.33705952083092,14.11286258063388,14.124360084533691,29900,0.0,0.0
2002-12-12 00:00:00-05:00,14.170342856813676,14.4405285989456,14.112856458713575,14.314058303833008,24000,0.0,0.0
2002-12-13 00:00:00-05:00,14.360053179273878,14.360053179273878,14.020884495438773,14.055377006530762,18300,0.0,0.0
2002-12-16 00:00:00-05:00,14.04962907343133,14.371551520480633,14.04962907343133,14.360054016113281,29900,0.0,0.0
2002-12-17 00:00:00-05:00,14.216338500908474,14.360054016113281,14.112863154527036,14.360054016113281,49200,0.0,0.0
2002-12-18 00:00:00-05:00,14.3600496769491,14.475022492956652,14.199089050292969,14.199089050292969,137000,0.0,0.0
2002-12-19 00:00:00-05:00,14.268077388208802,14.371552743395242,14.08987044120019,14.10711669921875,19600,0.0,0.0
2002-12-20 00:00:00-05:00,14.624492438024996,14.624492438024996,14.141608176170696,14.509519577026367,62500,0.0,0.0
2002-12-23 00:00:00-05:00,14.515265824428406,14.515265824428406,14.06112430797608,14.279572486877441,52200,0.0,0.0
2002-12-24 00:00:00-05:00,14.227837991607352,14.227837991607352,13.825434054269813,13.969149589538574,49200,0.0,0.0
2002-12-26 00:00:00-05:00,14.026633386663331,14.153103735666026,13.969146964067772,14.061124801635742,53100,0.0,0.0
2002-12-27 00:00:00-05:00,14.061128062946171,14.061128062946171,13.767949322987908,13.854178428649902,38000,0.0,0.0
2002-12-30 00:00:00-05:00,13.894414787750776,13.963398711206464,13.796688202458206,13.836928367614746,43200,0.0,0.0
2002-12-31 00:00:00-05:00,13.836928244632873,13.9001634158667,13.710458998627473,13.796688079833984,71500,0.0,0.0
2003-01-02 00:00:00-05:00,13.911657856050345,14.124356136430883,13.911657856050345,14.089864730834961,64200,0.0,0.0
2003-01-03 00:00:00-05:00,14.084122110533109,14.089870863378213,13.681718183075738,13.848428726196289,54300,0.0,0.0
2003-01-06 00:00:00-05:00,13.934651889384138,14.256574236324333,13.934651889384138,14.13585376739502,36100,0.0,0.0
2003-01-07 00:00:00-05:00,14.170345623502524,14.30256359742436,13.790936857010779,13.923154830932617,47800,0.0,0.0
2003-01-08 00:00:00-05:00,13.951900603912271,14.17034767521794,13.928905598268402,13.997889518737793,27700,0.0,0.0
2003-01-09 00:00:00-05:00,14.009391377015467,14.268078692160392,14.009391377015467,14.227838516235352,32900,0.0,0.0
2003-01-10 00:00:00-05:00,14.19909393593539,14.325563199889775,14.112863746028514,14.239334106445312,25400,0.0,0.0
2003-01-13 00:00:00-05:00,13.250569678050988,13.681716211130247,13.250569678050988,13.417280197143555,604600,0.0,0.0
2003-01-14 00:00:00-05:00,13.33679485321045,13.440269061261427,13.279308451096401,13.33679485321045,260000,0.0,0.0
2003-01-15 00:00:00-05:00,13.290808813511621,13.35979163373711,13.193082237807044,13.308053970336914,182800,0.0,0.0
2003-01-16 00:00:00-05:00,13.308052190300092,13.515002816219914,13.279309535127677,13.365538597106934,181200,0.0,0.0
2003-01-17 00:00:00-05:00,13.336799506550909,13.34829591381539,13.250569325062319,13.285061836242676,229800,0.0,0.0
2003-01-21 00:00:00-05:00,13.26206794519921,13.331051876904734,12.928647984291027,12.945894241333008,64100,0.0,0.0
2003-01-22 00:00:00-05:00,12.963137739327271,12.980383994157336,12.583728904763895,12.641215324401855,202100,0.0,0.0
2003-01-23 00:00:00-05:00,12.641216384423592,12.733194224972173,12.46875820751059,12.704451560974121,172000,0.0,0.0
2003-01-24 00:00:00-05:00,12.652712347473939,12.73894142542751,12.365281356653892,12.44001293182373,62300,0.0,0.0
2003-01-27 00:00:00-05:00,12.382531183160948,12.474509039041783,12.129591531257384,12.359536170959473,1156300,0.0,0.0
2003-01-28 00:00:00-05:00,12.417017431206478,12.646961975097657,12.215815544128418,12.215815544128418,254000,0.0,0.0
2003-01-29 00:00:00-05:00,12.158332938099988,12.302048460054982,12.072103844219475,12.20432186126709,90400,0.0,0.0
2003-01-30 00:00:00-05:00,12.26180240423932,12.342282707039294,12.100840702177486,12.158327102661133,58200,0.0,0.0
2003-01-31 00:00:00-05:00,12.100842716533403,12.296295852836602,12.100842716533403,12.238810539245605,92300,0.0,0.0
2003-02-03 00:00:00-05:00,12.187075731976462,12.388276569555988,12.129589308469885,12.233064651489258,147700,0.0,0.0
2003-02-04 00:00:00-05:00,12.290546925748094,12.589475376563138,12.112340043957689,12.491748809814453,510200,0.0,0.0
2003-02-05 00:00:00-05:00,12.531993357920653,12.750441570227334,12.302048736910287,12.721697807312012,282600,0.0,0.0
2003-02-06 00:00:00-05:00,12.779182774359754,13.020624872908057,12.531991923886215,12.940144538879395,314400,0.0,0.0
2003-02-07 00:00:00-05:00,12.790685361081904,13.04937381820574,12.589483349592559,12.64696979522705,305900,0.0,0.0
2003-02-10 00:00:00-05:00,12.646965136515671,12.761937985432573,12.514747127784881,12.704451560974121,171100,0.0,0.0
2003-02-11 00:00:00-05:00,12.784929353296947,12.819420762523716,12.451509473539156,12.457258224487305,126600,0.0,0.0
2003-02-12 00:00:00-05:00,12.457265447795574,12.606729769727528,12.284807205200195,12.284807205200195,64600,0.0,0.0
2003-02-13 00:00:00-05:00,12.29055106517494,12.313546075195555,12.060606447280927,12.256059646606445,99300,0.0,0.0
2003-02-14 00:00:00-05:00,12.261806829689327,12.440013748690193,12.261806829689327,12.42851734161377,71700,0.0,0.0
2003-02-18 00:00:00-05:00,12.474508285522461,12.52049721068493,12.359535424385054,12.474508285522461,110900,0.0,0.0
2003-02-19 00:00:00-05:00,12.445766011565238,12.445766011565238,12.118094743507848,12.279056549072266,65200,0.0,0.0
2003-02-20 00:00:00-05:00,12.359532473537083,12.41701889038086,12.198570725666952,12.41701889038086,62900,0.0,0.0
2003-02-21 00:00:00-05:00,12.417022821638144,12.554989607866478,12.227318353516365,12.45151424407959,51600,0.0,0.0
2003-02-24 00:00:00-05:00,12.509003273930267,12.554992212212765,12.221572135548953,12.296303749084473,79800,0.0,0.0
2003-02-25 00:00:00-05:00,12.302047953192652,12.405523300170898,12.238813871732235,12.405523300170898,81900,0.0,0.0
2003-02-26 00:00:00-05:00,12.405521985151408,12.790679571152467,12.135337238374824,12.65271282196045,162700,0.0,0.0
2003-02-27 00:00:00-05:00,12.704446372911043,13.221821788833903,12.560730918684587,13.198826789855957,185600,0.0,0.0
2003-02-28 00:00:00-05:00,13.198832900326526,13.198832900326526,12.76193868210205,12.963139533996582,138400,0.0,0.0
2003-03-03 00:00:00-05:00,12.963137271489988,13.216076850891113,12.963137271489988,13.216076850891113,85900,0.0,0.0
2003-03-04 00:00:00-05:00,13.216078805815004,13.216078805815004,12.825172424316406,12.825172424316406,186800,0.0,0.0
2003-03-05 00:00:00-05:00,12.76768383128244,12.76768383128244,12.325040947559042,12.35378360748291,105300,0.0,0.0
2003-03-06 00:00:00-05:00,12.38827349249678,12.566481470749242,12.330788179731012,12.491748809814453,100800,0.0,0.0
2003-03-07 00:00:00-05:00,12.491746087819871,12.64121028065863,12.325036743493984,12.531986236572266,102900,0.0,0.0
2003-03-10 00:00:00-05:00,12.474503833647331,12.474503833647331,12.215815536639546,12.238810539245605,82200,0.0,0.0
2003-03-11 00:00:00-05:00,12.244559767778787,12.595225927373543,12.244559767778787,12.445761680603027,64400,0.0,0.0
2003-03-12 00:00:00-05:00,12.474507966687854,12.480255622781602,12.261808507958758,12.3077974319458,61200,0.0,0.0
2003-03-13 00:00:00-05:00,12.313543110354322,12.687203161520447,12.313543110354322,12.589476585388184,52700,0.0,0.0
2003-03-14 00:00:00-05:00,12.646958382413098,13.037864544212475,12.646958382413098,12.991875648498535,139700,0.0,0.0
2003-03-17 00:00:00-05:00,12.997624428502613,13.325295448303223,12.64695841255934,13.325295448303223,85700,0.0,0.0
2003-03-18 00:00:00-05:00,13.336796943525867,13.767943382263184,13.055113638664176,13.767943382263184,93400,0.0,0.0
2003-03-19 00:00:00-05:00,13.50925650306352,13.946151738567849,13.480513842705717,13.934654235839844,173300,0.0,0.0
2003-03-20 00:00:00-05:00,13.87716840943176,13.980643745464477,13.635726324176176,13.796688079833984,143600,0.0,0.0
2003-03-21 00:00:00-05:00,13.802441164988254,14.452034950256346,13.802441164988254,14.452034950256348,155400,0.0,0.0
2003-03-24 00:00:00-05:00,14.19909389493075,14.204841550876358,12.848167779994032,13.779443740844727,629400,0.0,0.0
2003-03-25 00:00:00-05:00,13.779443070584557,13.779443070584557,12.963138908213688,13.135598182678223,421900,0.0,0.0
2003-03-26 00:00:00-05:00,13.10685075122079,13.193080912533887,12.951638873073723,13.158588409423828,290300,0.0,0.0
2003-03-27 00:00:00-05:00,13.135597945783388,13.147095449832808,13.02062509821385,13.049368858337402,122400,0.0,0.0
2003-03-28 00:00:00-05:00,13.02062616629952,13.135599023300314,12.934397071780136,13.08961009979248,167500,0.0,0.0
2003-03-31 00:00:00-05:00,13.049369583473384,13.055117239355148,12.911401720138315,12.957391738891602,127600,0.0,0.0
2003-04-01 00:00:00-05:00,12.957390083155602,13.101105584008018,12.957390083155602,13.026372909545898,173500,0.0,0.0
2003-04-02 00:00:00-05:00,13.170091733290104,13.308058517342785,13.09536013643502,13.221829414367676,148600,0.0,0.0
2003-04-03 00:00:00-05:00,13.267816832734942,13.267816832734942,12.899905450456474,12.963139533996582,87100,0.0,0.0
2003-04-04 00:00:00-05:00,12.991883296026092,13.020625961593193,12.888407945644671,12.963139533996582,200500,0.0,0.0
2003-04-07 00:00:00-04:00,13.15859422717008,13.382791210660404,13.106856546092509,13.221829414367676,152800,0.0,0.0
2003-04-08 00:00:00-04:00,13.22182666220766,13.365542169405568,13.141346329044767,13.285061836242676,284700,0.0,0.0
2003-04-09 00:00:00-04:00,13.285058419403061,13.451767794715558,13.221823261631757,13.394281387329102,500500,0.0,0.0
2003-04-10 00:00:00-04:00,13.37704026098227,13.526504526611733,13.37704026098227,13.509258270263672,165200,0.0,0.0
2003-04-11 00:00:00-04:00,13.652976560760811,13.946156399535816,13.566747454406416,13.894418716430664,361000,0.0,0.0
2003-04-14 00:00:00-04:00,13.894417652494631,13.894417652494631,13.652975515312708,13.848428726196289,171700,0.0,0.0
2003-04-15 00:00:00-04:00,13.91165798426228,14.153100018582933,13.877165481886456,14.13585376739502,98100,0.0,0.0
2003-04-16 00:00:00-04:00,14.13011016778626,14.13011016778626,13.859925379458499,13.911663055419922,89600,0.0,0.0
2003-04-17 00:00:00-04:00,13.940401023710397,14.262323379516602,13.911658367400971,14.262323379516602,55500,0.0,0.0
2003-04-21 00:00:00-04:00,14.227838516235352,14.256581185763935,14.084122975667318,14.227838516235352,36800,0.0,0.0
2003-04-22 00:00:00-04:00,14.112858890056287,14.245077957403582,14.084116234285416,14.199089050292969,80400,0.0,0.0
2003-04-23 00:00:00-04:00,14.170345042712785,14.204836448308708,14.04387582455306,14.089864730834961,131300,0.0,0.0
2003-04-24 00:00:00-04:00,14.118607386087895,14.279569106305557,14.066869729463003,14.089864730834961,39300,0.0,0.0
2003-04-25 00:00:00-04:00,14.118610963132161,14.406041974332112,14.118610963132161,14.371550559997559,130200,0.0,0.0
2003-04-28 00:00:00-04:00,14.40029240469727,14.791198733162439,14.40029240469727,14.785449981689453,514100,0.0,0.0
2003-04-29 00:00:00-04:00,14.930583194335611,15.29630184173584,14.802872535765319,15.29630184173584,295800,0.25,0.0
2003-04-30 00:00:00-04:00,15.26727294921875,15.371763970883451,15.12795195607409,15.26727294921875,210500,0.0,0.0
2003-05-01 00:00:00-04:00,15.383366999491713,15.383366999491713,15.035064129001757,15.209216117858887,118500,0.0,0.0
2003-05-02 00:00:00-04:00,15.20922485500522,15.923245429992676,15.197614494300154,15.923245429992676,120900,0.0,0.0
2003-05-05 00:00:00-04:00,15.87679921815951,15.87679921815951,15.49947149269895,15.511080741882324,69300,0.0,0.0
2003-05-06 00:00:00-04:00,15.569137871601196,15.888416161842843,15.511087172718625,15.859390258789062,76100,0.0,0.0
2003-05-07 00:00:00-04:00,15.8129421788566,15.876798027085075,15.55751989316715,15.592350959777832,113100,0.0,0.0
2003-05-08 00:00:00-04:00,15.650401595581014,15.84777322433689,15.400785577777544,15.435615539550781,78100,0.0,0.0
2003-05-09 00:00:00-04:00,15.435620427942728,16.306377498610164,14.936386019781441,16.225107192993164,475900,0.0,0.0
2003-05-12 00:00:00-04:00,16.225104031534556,16.439890113735565,15.818750368177742,16.20188331604004,174900,0.0,0.0
2003-05-13 00:00:00-04:00,16.201887011314547,16.201887011314547,16.039345287454893,16.167057037353516,174200,0.0,0.0
2003-05-14 00:00:00-04:00,16.225104158810158,16.317984807067507,16.12641833163364,16.236713409423828,112800,0.0,0.0
2003-05-15 00:00:00-04:00,16.341206714770152,16.42828219636008,16.24832605344425,16.33540153503418,165500,0.0,0.0
2003-05-16 00:00:00-04:00,16.31217670723845,16.4573028325569,16.079975128173828,16.079975128173828,198800,0.0,0.0
2003-05-19 00:00:00-04:00,16.120611785927693,16.347008208456867,15.696843725779651,16.1728572845459,88100,0.0,0.0
2003-05-20 00:00:00-04:00,16.20768902286571,16.277350064393758,16.10900319324871,16.14383316040039,117500,0.0,0.0
2003-05-21 00:00:00-04:00,16.138024529195484,16.329590968388093,16.068364609793328,16.317981719970703,250900,0.0,0.0
2003-05-22 00:00:00-04:00,16.387644148733138,16.66048201197254,16.341203826279035,16.561796188354492,174100,0.0,0.0
2003-05-23 00:00:00-04:00,16.561793814272708,16.614039307947422,16.25412603010211,16.54437828063965,128700,0.0,0.0
2003-05-27 00:00:00-04:00,16.544381937448012,16.968150051164503,16.497941611386267,16.892684936523438,102000,0.0,0.0
2003-05-28 00:00:00-04:00,16.892688519456836,17.293237108711033,16.892688519456836,17.240991592407227,117100,0.0,0.0
2003-05-29 00:00:00-04:00,17.240983428735316,17.571870803833008,17.165517226596712,17.571870803833008,161000,0.0,0.0
2003-05-30 00:00:00-04:00,17.56026613870925,17.792467783561275,17.56026613870925,17.763442993164062,131000,0.0,0.0
2003-06-02 00:00:00-04:00,17.763445632776673,17.989842131746368,17.705394936131253,17.960817337036133,146100,0.0,0.0
2003-06-03 00:00:00-04:00,17.76343341922653,17.850508850711993,17.64733210576312,17.844703674316406,293200,0.0,0.0
2003-06-04 00:00:00-04:00,17.844709202546444,17.99564051391721,17.844709202546444,17.891149520874023,148000,0.0,0.0
2003-06-05 00:00:00-04:00,17.87954054925155,18.657416771903208,17.87954054925155,18.332334518432617,112800,0.0,0.0
2003-06-06 00:00:00-04:00,18.448440004370102,18.947673299945603,18.355559339740946,18.51229476928711,162000,0.0,0.0
2003-06-09 00:00:00-04:00,18.489069946496812,18.489069946496812,18.047886360222034,18.0653018951416,171900,0.0,0.0
2003-06-10 00:00:00-04:00,18.065306742061743,18.227847349355812,17.995645690917968,18.140771865844727,59900,0.0,0.0
2003-06-11 00:00:00-04:00,18.169784050402242,18.256860580718048,17.995633204218787,18.227834701538086,102800,0.0,0.0
2003-06-12 00:00:00-04:00,18.227840511382727,18.396187342612237,18.053689609691343,18.338136672973633,128300,0.0,0.0
2003-06-13 00:00:00-04:00,18.22784838223659,18.471660414218142,18.216238021850586,18.216238021850586,100500,0.0,0.0
2003-06-16 00:00:00-04:00,18.222039250442073,18.431021263171026,18.169793747259835,18.372970581054688,175500,0.0,0.0
2003-06-17 00:00:00-04:00,18.454240798950195,18.576146227097716,18.285893942299317,18.454240798950195,143600,0.0,0.0
2003-06-18 00:00:00-04:00,18.454237632264153,18.460041702606514,18.245255668758045,18.43101692199707,64500,0.0,0.0
2003-06-19 00:00:00-04:00,18.431025999651844,18.535517032868853,18.22784911364376,18.413610458374023,157200,0.0,0.0
2003-06-20 00:00:00-04:00,18.52970914896031,18.57614947836724,18.239456813360825,18.40199851989746,81700,0.0,0.0
2003-06-23 00:00:00-04:00,18.54131805778969,18.54131805778969,18.169794344370608,18.23365020751953,82700,0.0,0.0
2003-06-24 00:00:00-04:00,18.23364993277794,18.361360549926758,18.23364993277794,18.361360549926758,54600,0.0,0.0
2003-06-25 00:00:00-04:00,18.361361089235064,18.483267638151794,18.169794604272816,18.29750633239746,52400,0.0,0.0
2003-06-26 00:00:00-04:00,18.297504026435206,18.3961898460833,18.19881820678711,18.19881820678711,98400,0.0,0.0
2003-06-27 00:00:00-04:00,18.18140019711673,18.355552206032545,18.18140019711673,18.338136672973633,372500,0.0,0.0
2003-06-30 00:00:00-04:00,18.372970781297248,18.541317650546933,18.16979394528802,18.32653045654297,238600,0.0,0.0
2003-07-01 00:00:00-04:00,18.28589204358496,18.54131433770868,18.175595876791274,18.46004295349121,95600,0.0,0.0
2003-07-02 00:00:00-04:00,18.51809515577491,18.576145832947784,18.36716383801526,18.547121047973633,103400,0.0,0.0
2003-07-03 00:00:00-04:00,18.518096923828125,18.518096923828125,18.419411095379374,18.518096923828125,39300,0.0,0.0
2003-07-07 00:00:00-04:00,18.63420106089253,18.73869209008593,18.564541112913535,18.62839698791504,119200,0.0,0.0
2003-07-08 00:00:00-04:00,18.552927976605705,18.88962173461914,18.541318725162796,18.88962173461914,73100,0.0,0.0
2003-07-09 00:00:00-04:00,18.924445299228772,19.185672760009766,18.767711037209043,19.185672760009766,126200,0.0,0.0
2003-07-10 00:00:00-04:00,19.15665054321289,19.33080146889772,18.86639826225512,19.15665054321289,128300,0.0,0.0
2003-07-11 00:00:00-04:00,19.156648049359692,19.818422809480296,19.069571490628505,19.56300163269043,143300,0.0,0.0
2003-07-14 00:00:00-04:00,19.475925884706626,19.812619563737687,19.47012181395908,19.760374069213867,298300,0.0,0.0
2003-07-15 00:00:00-04:00,19.76037681473884,20.05062911032155,19.737156099624396,19.888086318969727,174300,0.0,0.0
2003-07-16 00:00:00-04:00,19.88228271894914,20.015798512349768,19.69071513638563,19.71393585205078,138800,0.0,0.0
2003-07-17 00:00:00-04:00,19.621053148618504,19.65007793293506,19.06957338880759,19.098600387573242,124900,0.0,0.0
2003-07-18 00:00:00-04:00,19.098602776628166,19.621055603027344,19.098602776628166,19.621055603027344,81100,0.0,0.0
2003-07-21 00:00:00-04:00,19.56299822374106,19.56299822374106,18.994104191990182,19.38884735107422,58800,0.0,0.0
2003-07-22 00:00:00-04:00,19.330798787116308,19.377240208562284,18.93025149216462,19.336605072021484,55300,0.0,0.0
2003-07-23 00:00:00-04:00,19.423680609261094,19.47592610437419,18.68063553605175,19.446901321411133,85200,0.0,0.0
2003-07-24 00:00:00-04:00,19.50495239458255,19.73135103386691,19.15665054321289,19.15665054321289,112300,0.0,0.0
2003-07-25 00:00:00-04:00,19.156651716286277,19.481735088067428,19.06957514088707,19.26694679260254,36500,0.0,0.0
2003-07-28 00:00:00-04:00,19.330802529768516,19.592030039856457,19.330802529768516,19.417879104614258,43900,0.0,0.0
2003-07-29 00:00:00-04:00,19.446905319779006,19.71974320751615,19.37143909699969,19.592031478881836,93500,0.0,0.0
2003-07-30 00:00:00-04:00,19.650510808333504,19.779175586952558,19.363942095377176,19.568634033203125,70000,0.25,0.0
2003-07-31 00:00:00-04:00,19.592031478881836,19.820117458545624,19.51600207533551,19.592031478881836,66200,0.0,0.0
2003-08-01 00:00:00-04:00,19.67975313327987,19.83765705724477,19.328849823089314,19.3873348236084,38700,0.0,0.0
2003-08-04 00:00:00-04:00,19.44582732164251,19.638824573447483,19.08907644840964,19.41658592224121,90400,0.0,0.0
2003-08-05 00:00:00-04:00,19.37564300475278,19.37564300475278,18.685535430908203,18.685535430908203,109400,0.0,0.0
2003-08-06 00:00:00-04:00,18.597804670914453,18.685531059139766,18.340477352948117,18.539321899414062,92800,0.0,0.0
2003-08-07 00:00:00-04:00,18.422357433349354,19.001346791455106,18.393116042348588,18.948711395263672,68800,0.0,0.0
2003-08-08 00:00:00-04:00,18.948714209314396,18.948714209314396,18.451601564575245,18.58611488342285,91400,0.0,0.0
2003-08-11 00:00:00-04:00,18.58611552557941,19.077377454150145,18.58611552557941,18.77326202392578,38400,0.0,0.0
2003-08-12 00:00:00-04:00,18.78495567928462,19.311309643703378,18.78495567928462,19.282068252563477,89400,0.0,0.0
2003-08-13 00:00:00-04:00,19.299612794300668,19.328854185672757,19.15925099234941,19.252824783325195,32400,0.0,0.0
2003-08-14 00:00:00-04:00,19.25282241202993,19.767479314496036,19.18264263518565,19.74408531188965,37300,0.0,0.0
2003-08-15 00:00:00-04:00,19.7089959940194,19.802569770882837,19.7089959940194,19.738237380981445,25800,0.0,0.0
2003-08-18 00:00:00-04:00,19.744095072158366,19.88445692620809,19.679764879652225,19.69145965576172,61000,0.0,0.0
2003-08-19 00:00:00-04:00,19.726544170585942,19.88445036769348,19.53354919477134,19.878602981567383,85100,0.0,0.0
2003-08-20 00:00:00-04:00,19.855210303271534,20.3698673248291,19.80257490071479,20.3698673248291,112900,0.0,0.0
2003-08-21 00:00:00-04:00,20.369867692265817,20.46928888168005,20.176870469084623,20.287988662719727,75300,0.0,0.0
2003-08-22 00:00:00-04:00,20.153473954467035,20.235350742855935,19.802572795378847,19.808420181274414,94400,0.0,0.0
2003-08-25 00:00:00-04:00,19.85519887218174,20.118375733448556,19.76747250810143,20.059890747070312,62600,0.0,0.0
2003-08-26 00:00:00-04:00,19.942926423133134,20.176861946790062,19.88444365770615,20.165164947509766,74400,0.0,0.0
2003-08-27 00:00:00-04:00,20.206112119258627,20.375715336139383,20.15347671508789,20.15347671508789,58200,0.0,0.0
2003-08-28 00:00:00-04:00,20.270437430878218,20.463434588925487,20.147622274470695,20.440040588378906,206000,0.0,0.0
2003-08-29 00:00:00-04:00,20.469285951273847,20.937154898250796,20.469285951273847,20.609647750854492,76000,0.0,0.0
2003-09-02 00:00:00-04:00,20.732467240891907,21.1710948881704,20.703225843935122,21.11260986328125,188200,0.0,0.0
2003-09-03 00:00:00-04:00,21.171091079711914,21.43426806693133,21.13015268514169,21.171091079711914,70700,0.0,0.0
2003-09-04 00:00:00-04:00,21.171089919330598,21.288057710681052,20.966395726723533,21.12430191040039,88200,0.0,0.0
2003-09-05 00:00:00-04:00,21.12429837205627,21.258810528737087,20.369860817713846,20.440040588378906,150400,0.0,0.0
2003-09-08 00:00:00-04:00,20.48682635849738,20.615491130528895,20.381555587012453,20.440040588378906,106800,0.0,0.0
2003-09-09 00:00:00-04:00,20.46928295883454,20.545312348783156,20.20610601745457,20.31722640991211,50100,0.0,0.0
2003-09-10 00:00:00-04:00,20.264591654036092,20.264591654036092,19.855205535888672,19.855205535888672,63800,0.0,0.0
2003-09-11 00:00:00-04:00,19.913691263617874,20.43419562389337,19.913691263617874,20.089141845703125,37800,0.0,0.0
2003-09-12 00:00:00-04:00,20.118389788565313,20.422503006295415,20.118389788565313,20.293840408325195,60000,0.0,0.0
2003-09-15 00:00:00-04:00,20.235351222964592,20.62719301651932,20.176868438720703,20.176868438720703,39000,0.0,0.0
2003-09-16 00:00:00-04:00,20.282135739513574,20.59794807434082,20.235347735402204,20.59794807434082,27700,0.0,0.0
2003-09-17 00:00:00-04:00,20.557010879790923,20.580402652229928,20.04820134492455,20.282136917114258,41500,0.0,0.0
2003-09-18 00:00:00-04:00,20.22365972925181,20.264598131053894,20.07160089600787,20.171024322509766,41800,0.0,0.0
2003-09-19 00:00:00-04:00,20.048203263931338,20.287986244438997,19.913691077888032,20.20026206970215,44500,0.0,0.0
2003-09-22 00:00:00-04:00,20.14177829760357,20.14177829760357,19.738241714589734,19.884450912475586,38300,0.0,0.0
2003-09-23 00:00:00-04:00,19.913688092034928,20.124229649395094,19.796720312282076,19.989717483520508,32200,0.0,0.0
2003-09-24 00:00:00-04:00,20.001412009785778,20.071591776564098,19.539390563964844,19.539390563964844,47700,0.0,0.0
2003-09-25 00:00:00-04:00,19.539395633218398,19.539395633218398,19.141706466674805,19.141706466674805,43000,0.0,0.0
2003-09-26 00:00:00-04:00,19.12416547309645,19.217739280013518,18.77326202392578,18.77326202392578,60900,0.0,0.0
2003-09-29 00:00:00-04:00,18.779108340512206,19.100768105807553,18.64459504066386,19.059829711914062,56800,0.0,0.0
2003-09-30 00:00:00-04:00,19.007187830592596,19.311303103599002,18.995490831903,19.21187973022461,113600,0.0,0.0
2003-10-01 00:00:00-04:00,19.241132849656104,19.767484664916992,19.182647827310127,19.767484664916992,38500,0.0,0.0
2003-10-02 00:00:00-04:00,19.767485263940088,19.878605694277038,19.6739114563264,19.749940872192383,20500,0.0,0.0
2003-10-03 00:00:00-04:00,19.76747993230234,19.96632449872149,19.685603151595917,19.78502655029297,88200,0.0,0.0
2003-10-06 00:00:00-04:00,19.785031250569155,20.159326468990216,19.738243232778782,19.907846450805664,57200,0.0,0.0
2003-10-07 00:00:00-04:00,19.872752683482467,20.229503461281098,19.825966903151183,20.20026206970215,61800,0.0,0.0
2003-10-08 00:00:00-04:00,20.23534591083772,20.23534591083772,19.82596206665039,19.82596206665039,45700,0.0,0.0
2003-10-09 00:00:00-04:00,19.972176462891884,20.463439435856266,19.972176462891884,20.176868438720703,61800,0.0,0.0
2003-10-10 00:00:00-04:00,20.118376732978774,20.381551376346636,19.931229229218673,20.241191864013672,42700,0.0,0.0
2003-10-13 00:00:00-04:00,20.27628481552752,20.46928197357479,20.235346430058346,20.440040588378906,32400,0.0,0.0
2003-10-14 00:00:00-04:00,20.381566838267098,20.498534674595177,20.247054607331375,20.410810470581055,41600,0.0,0.0
2003-10-15 00:00:00-04:00,20.44004711791296,20.59210370809056,20.171022718612,20.3698673248291,29600,0.0,0.0
2003-10-16 00:00:00-04:00,20.352316471555834,20.46343687105717,20.235348686753085,20.416648864746094,37300,0.0,0.0
2003-10-17 00:00:00-04:00,20.410802171918967,20.410802171918967,19.81426845706387,19.872751235961914,147000,0.0,0.0
2003-10-20 00:00:00-04:00,19.650516143782415,19.825968973528564,19.5920333545173,19.73239517211914,63400,0.0,0.0
2003-10-21 00:00:00-04:00,19.732398719387813,19.732398719387813,19.29961841570922,19.475069046020508,83000,0.0,0.0
2003-10-22 00:00:00-04:00,19.416576208380615,19.592026747988566,19.27036705354488,19.3873348236084,77300,0.0,0.0
2003-10-23 00:00:00-04:00,19.533552001160253,20.323080869154442,19.533552001160253,20.194416046142578,153000,0.0,0.0
2003-10-24 00:00:00-04:00,20.194406499486316,20.364009644010423,20.17686211590607,20.276283264160156,123700,0.0,0.0
2003-10-27 00:00:00-05:00,20.334778926432957,20.884524799703712,20.334778926432957,20.463443756103516,80900,0.0,0.0
2003-10-28 00:00:00-05:00,20.49852688034018,20.937154426557054,20.49852688034018,20.878671646118164,61300,0.0,0.0
2003-10-29 00:00:00-05:00,20.732462896808222,21.38747942149166,20.732462896808222,21.270511627197266,308600,0.0,0.0
2003-10-30 00:00:00-05:00,21.329400563900155,21.788729825144536,21.329400563900155,21.46484375,80600,0.25,0.0
2003-10-31 00:00:00-05:00,21.523728259101357,21.95361367919273,21.435396930993225,21.847614288330078,226200,0.0,0.0
2003-11-03 00:00:00-05:00,21.906507819298252,22.354059131982822,21.906507819298252,22.318727493286133,166000,0.0,0.0
2003-11-04 00:00:00-05:00,22.36583268977348,22.901717486515114,22.36583268977348,22.524831771850586,193900,0.0,0.0
2003-11-05 00:00:00-05:00,22.4895086247729,22.4895086247729,22.036067080948275,22.200956344604492,120400,0.0,0.0
2003-11-06 00:00:00-05:00,22.25983950208128,22.513060083357757,22.136174263713702,22.37761688232422,64500,0.0,0.0
2003-11-07 00:00:00-05:00,22.495385819223273,22.677938555985236,22.495385819223273,22.58960723876953,55300,0.0,0.0
2003-11-10 00:00:00-05:00,22.530725689856286,22.63083724835645,21.906509399414062,21.906509399414062,69300,0.0,0.0
2003-11-11 00:00:00-05:00,21.847612690141702,21.977167990922457,21.5472826022779,21.75339126586914,55500,0.0,0.0
2003-11-12 00:00:00-05:00,21.78873222752621,22.37761688232422,21.78873222752621,22.37761688232422,80800,0.0,0.0
2003-11-13 00:00:00-05:00,22.37761543617059,22.37761543617059,22.177394576621875,22.289281845092773,29200,0.0,0.0
2003-11-14 00:00:00-05:00,22.295174202511483,22.36583973466561,22.03017564891254,22.147953033447266,31000,0.0,0.0
2003-11-17 00:00:00-05:00,22.089055496811444,22.094945599508534,21.435395621641167,21.641504287719727,45800,0.0,0.0
2003-11-18 00:00:00-05:00,21.670956305644516,21.900620977044504,21.43540377572366,21.5119571685791,64400,0.0,0.0
2003-11-19 00:00:00-05:00,21.517843285596395,21.712174030605198,21.317622436741512,21.488399505615234,38700,0.0,0.0
2003-11-20 00:00:00-05:00,21.458957500768342,21.665068492095873,21.347070217304942,21.482513427734375,88200,0.0,0.0
2003-11-21 00:00:00-05:00,21.541401247757054,21.72984415317857,21.47662357781529,21.49428939819336,85300,0.0,0.0
2003-11-24 00:00:00-05:00,21.494288145310367,22.318727493286133,21.476622325962023,22.318727493286133,67800,0.0,0.0
2003-11-25 00:00:00-05:00,22.377611552046513,22.860496674245805,22.33049971260456,22.789831161499023,86800,0.0,0.0
2003-11-26 00:00:00-05:00,22.848723085572846,22.93116657395238,22.507171169941,22.642614364624023,48700,0.0,0.0
2003-11-28 00:00:00-05:00,22.58372156567706,22.96649742126465,22.58372156567706,22.96649742126465,20100,0.0,0.0
2003-12-01 00:00:00-05:00,22.966497586929766,23.202052306900693,22.807498487911836,22.942941665649414,90700,0.0,0.0
2003-12-02 00:00:00-05:00,23.084281054880346,23.11372484106329,22.760394914034176,22.848726272583008,44500,0.0,0.0
2003-12-03 00:00:00-05:00,22.90761176057087,22.978277283333657,22.40705850442527,22.412948608398438,81900,0.0,0.0
2003-12-04 00:00:00-05:00,22.407057746493,22.407057746493,21.983062377841716,22.106727600097656,78500,0.0,0.0
2003-12-05 00:00:00-05:00,22.112620824874007,22.377619398614673,21.93595585785254,22.248064041137695,81500,0.0,0.0
2003-12-08 00:00:00-05:00,22.259841741753288,22.48950642080553,22.22451009661719,22.330507278442383,32400,0.0,0.0
2003-12-09 00:00:00-05:00,22.28927817383294,22.359945933622143,22.147947147086867,22.1715030670166,67600,0.0,0.0
2003-12-10 00:00:00-05:00,22.17150127826667,22.318722396325768,21.42950558525586,21.582616806030273,84500,0.0,0.0
2003-12-11 00:00:00-05:00,21.43539972521615,21.588508728411856,21.405953698925536,21.547286987304688,192100,0.0,0.0
2003-12-12 00:00:00-05:00,21.49428839565005,21.759286921044108,21.32351131857204,21.729843139648438,102200,0.0,0.0
2003-12-15 00:00:00-05:00,21.847615810480416,22.024282971837536,21.341176986694336,21.341176986694336,60600,0.0,0.0
2003-12-16 00:00:00-05:00,21.37650703922284,21.37650703922284,21.052621011407485,21.294063568115234,66300,0.0,0.0
2003-12-17 00:00:00-05:00,21.258731918341557,21.305843761866626,20.964289635558895,21.199844360351562,28800,0.0,0.0
2003-12-18 00:00:00-05:00,21.140958125811373,21.90650765968736,21.111512098556677,21.882951736450195,50800,0.0,0.0
2003-12-19 00:00:00-05:00,21.888843805085642,21.994843233628856,21.61206951626007,21.75929069519043,77900,0.0,0.0
2003-12-22 00:00:00-05:00,21.70039157431483,21.829946875095583,21.594392191206204,21.75339126586914,28300,0.0,0.0
2003-12-23 00:00:00-05:00,21.759292462784682,22.26573371887207,21.676848955313172,22.26573371887207,69700,0.0,0.0
2003-12-24 00:00:00-05:00,22.206837028507447,22.206837028507447,22.053728025745613,22.11261558532715,117500,0.0,0.0
2003-12-26 00:00:00-05:00,22.142061233520508,22.200951044487717,22.08317366896989,22.142061233520508,11300,0.0,0.0
2003-12-29 00:00:00-05:00,22.14794212131716,22.666161010097216,22.14794212131716,22.57782745361328,76800,0.0,0.0
2003-12-30 00:00:00-05:00,22.518944869822956,22.807497024536133,22.3246119013533,22.807497024536133,79700,0.0,0.0
2003-12-31 00:00:00-05:00,22.807495625516385,22.866385421326456,22.583718894270152,22.660274505615234,57000,0.0,0.0
2004-01-02 00:00:00-05:00,22.907615661621094,23.066612553309607,22.89583769808549,22.907615661621094,71800,0.0,0.0
2004-01-05 00:00:00-05:00,23.054826736450195,23.14315805464621,22.689716766042576,23.054826736450195,72900,0.0,0.0
2004-01-06 00:00:00-05:00,22.99593816420069,22.99593816420069,22.636718277137124,22.75449562072754,90200,0.0,0.0
2004-01-07 00:00:00-05:00,22.695606280827917,22.730937908625208,22.595494760432047,22.713272094726562,75300,0.0,0.0
2004-01-08 00:00:00-05:00,22.772162462715574,22.801608484752755,22.377610927277505,22.460054397583008,91100,0.0,0.0
2004-01-09 00:00:00-05:00,22.436503847575494,22.54839336669334,22.030174255371094,22.030174255371094,40600,0.0,0.0
2004-01-12 00:00:00-05:00,21.9712861235781,21.97717398139305,21.317623831706968,21.653287887573242,216800,0.0,0.0
2004-01-13 00:00:00-05:00,21.71217853840512,21.71217853840512,21.246961326716736,21.376514434814453,148200,0.0,0.0
2004-01-14 00:00:00-05:00,21.405955803469748,21.61795463367311,21.405955803469748,21.49428939819336,124400,0.0,0.0
2004-01-15 00:00:00-05:00,21.511962228115685,21.63562975030839,21.140966400789658,21.18807601928711,172700,0.0,0.0
2004-01-16 00:00:00-05:00,21.335290353803117,21.52373325991588,20.993738428879972,21.00551414489746,230800,0.0,0.0
2004-01-20 00:00:00-05:00,21.111512635778517,21.376511162898794,21.052625072603586,21.229290008544922,211200,0.0,0.0
2004-01-21 00:00:00-05:00,21.376512020700755,21.559067068135125,21.199847077670164,21.49428939819336,125100,0.0,0.0
2004-01-22 00:00:00-05:00,21.494287284964557,21.67095221062619,21.464843505090354,21.547286987304688,71800,0.0,0.0
2004-01-23 00:00:00-05:00,21.58261972875485,21.776950462772874,21.11151029003517,21.3176212310791,66800,0.0,0.0
2004-01-26 00:00:00-05:00,21.317626862626117,21.429514148350712,20.893629154336065,21.376514434814453,95700,0.0,0.0
2004-01-27 00:00:00-05:00,21.43539859075902,21.494286147390838,21.258731428031,21.3176212310791,58600,0.0,0.0
2004-01-28 00:00:00-05:00,21.46484236907493,21.62384146768038,21.3176212310791,21.3176212310791,116400,0.0,0.0
2004-01-29 00:00:00-05:00,21.317625889184615,21.41250257394325,20.89067967675148,20.955907821655273,89700,0.25,0.0
2004-01-30 00:00:00-05:00,21.015201650454966,21.169377653111876,20.783939908507847,21.05078125,56900,0.0,0.0
2004-02-02 00:00:00-05:00,21.110076397427537,21.34726918204323,20.831377476847837,21.22274398803711,54500,0.0,0.0
2004-02-03 00:00:00-05:00,21.282040467324634,21.299829133967815,20.926253562233153,21.127866744995117,84500,0.0,0.0
2004-02-04 00:00:00-05:00,21.187166569545536,21.187166569545536,20.66534374697607,20.789871215820312,95100,0.0,0.0
2004-02-05 00:00:00-05:00,20.93811763749145,21.199027936218773,20.93811763749145,21.163448333740234,43100,0.0,0.0
2004-02-06 00:00:00-05:00,21.139726793489455,21.7860747442418,21.01519933979299,21.756423950195312,81000,0.0,0.0
2004-02-09 00:00:00-05:00,21.697130149639086,21.738638553101847,21.459937333819024,21.673410415649414,47400,0.0,0.0
2004-02-10 00:00:00-05:00,21.614108233895102,21.94024658203125,21.578528641320364,21.94024658203125,54300,0.0,0.0
2004-02-11 00:00:00-05:00,21.89280706611452,21.92838665859313,21.673405234257576,21.916526794433594,43000,0.0,0.0
2004-02-12 00:00:00-05:00,21.643762980064402,21.85130500793457,21.643762980064402,21.85130500793457,79700,0.0,0.0
2004-02-13 00:00:00-05:00,21.91060666382362,21.91060666382362,21.44215202331543,21.44215202331543,72400,0.0,0.0
2004-02-17 00:00:00-05:00,21.501445007715752,22.058847427368164,21.376919801552738,22.058847427368164,78100,0.0,0.0
2004-02-18 00:00:00-05:00,22.05885194447789,22.14779756907752,21.809799219113735,21.821659088134766,48900,0.0,0.0
2004-02-19 00:00:00-05:00,21.8275828530091,21.93431937645955,21.436216354370117,21.436216354370117,66800,0.0,0.0
2004-02-20 00:00:00-05:00,21.525168843245755,21.584468187509337,21.31169572797424,21.44215202331543,48800,0.0,0.0
2004-02-23 00:00:00-05:00,21.56074403715805,21.62597217147898,21.347270965576172,21.347270965576172,50400,0.0,0.0
2004-02-24 00:00:00-05:00,21.40656852722168,21.637832534771352,21.163446915012486,21.40656852722168,43300,0.0,0.0
2004-02-25 00:00:00-05:00,21.46586461487403,22.017335891723633,21.37098795767614,22.017335891723633,49800,0.0,0.0
2004-02-26 00:00:00-05:00,22.017343933142918,22.3256937471645,21.34727602455681,22.248605728149414,191500,0.0,0.0
2004-02-27 00:00:00-05:00,22.21894833797337,22.728911201851503,22.035123831075616,22.379053115844727,189900,0.0,0.0
2004-03-01 00:00:00-05:00,22.29010531349558,22.402770633569308,21.56074060956616,21.886878967285156,531000,0.0,0.0
2004-03-02 00:00:00-05:00,21.886882558736776,21.886882558736776,21.34727107482685,21.394710540771484,148000,0.0,0.0
2004-03-03 00:00:00-05:00,21.542957913417286,21.60818379340515,21.199028532565027,21.465869903564453,94200,0.0,0.0
2004-03-04 00:00:00-05:00,21.584464073804018,21.880953952498917,21.388779668087018,21.875022888183594,86500,0.0,0.0
2004-03-05 00:00:00-05:00,21.815731190944376,21.904676819239118,21.64376647605354,21.679346084594727,83600,0.0,0.0
2004-03-08 00:00:00-05:00,21.679340907061064,21.863163185525757,21.679340907061064,21.762357711791992,94500,0.0,0.0
2004-03-09 00:00:00-05:00,21.786081272598352,21.815729813491245,21.55481722474097,21.56667709350586,110900,0.0,0.0
2004-03-10 00:00:00-05:00,21.62597266807355,21.673409872826472,21.40656852722168,21.40656852722168,84700,0.0,0.0
2004-03-11 00:00:00-05:00,21.412503328822805,21.43622306635833,20.938119888305664,20.938119888305664,93800,0.0,0.0
2004-03-12 00:00:00-05:00,20.961832044448652,21.347269764455447,20.84323791094327,21.3176212310791,112000,0.0,0.0
2004-03-15 00:00:00-05:00,21.317618895189966,21.317618895189966,20.606042861938477,20.606042861938477,75900,0.0,0.0
2004-03-16 00:00:00-05:00,20.647552561568478,20.778008816820893,20.244326192641008,20.327342987060547,101100,0.0,0.0
2004-03-17 00:00:00-05:00,20.416290923344082,20.689061038064466,20.416290923344082,20.534887313842773,55000,0.0,0.0
2004-03-18 00:00:00-05:00,20.594183227262704,20.66534015277044,20.339201793652276,20.356992721557617,150600,0.0,0.0
2004-03-19 00:00:00-05:00,20.487446793693643,20.487446793693643,19.864818603310876,20.048643112182617,135300,0.0,0.0
2004-03-22 00:00:00-05:00,20.04864126153662,20.04864126153662,19.43787073013541,19.740291595458984,88500,0.0,0.0
2004-03-23 00:00:00-05:00,19.811452997762874,19.935978200115592,19.675067929180635,19.686927795410156,93400,0.0,0.0
2004-03-24 00:00:00-05:00,19.68693000138067,20.10201631777273,19.509036512080772,20.04271697998047,149200,0.0,0.0
2004-03-25 00:00:00-05:00,20.10201072692871,20.161307786190616,20.02492274025798,20.10201072692871,78300,0.0,0.0
2004-03-26 00:00:00-05:00,20.16130843321104,20.16130843321104,19.983414987678522,20.048643112182617,69600,0.0,0.0
2004-03-29 00:00:00-05:00,20.02492925354154,20.546752140517466,20.02492925354154,20.540821075439453,143800,0.0,0.0
2004-03-30 00:00:00-05:00,20.48152071771042,20.801730319499512,20.416292584526918,20.795799255371094,73300,0.0,0.0
2004-03-31 00:00:00-05:00,20.795798077700688,20.795798077700688,20.315483702217353,20.42222023010254,64400,0.0,0.0
2004-04-01 00:00:00-05:00,20.51710537240299,20.872894699751566,20.309563294645567,20.440019607543945,79100,0.0,0.0
2004-04-02 00:00:00-05:00,20.528954873976453,20.85509322945568,20.528954873976453,20.606042861938477,63200,0.0,0.0
2004-04-05 00:00:00-04:00,20.68906701935396,20.88475145955563,20.540822053881904,20.866960525512695,67400,0.0,0.0
2004-04-06 00:00:00-04:00,20.825451430455164,21.021135864213825,20.766154351034192,20.90846824645996,58300,0.0,0.0
2004-04-07 00:00:00-04:00,20.849163727664077,20.86695239273532,20.64755056271813,20.807655334472656,63100,0.0,0.0
2004-04-08 00:00:00-04:00,20.90254448526703,20.90254448526703,20.25026740614527,20.26212501525879,58000,0.0,0.0
2004-04-12 00:00:00-04:00,20.202819054086756,20.564537048339844,20.173170520238074,20.564537048339844,43700,0.0,0.0
2004-04-13 00:00:00-04:00,20.606046929078943,20.606046929078943,20.125732502873102,20.161312103271484,80400,0.0,0.0
2004-04-14 00:00:00-04:00,20.072368651382035,20.41036701242876,20.01900037005683,20.291772842407227,135900,0.0,0.0
2004-04-15 00:00:00-04:00,20.35106470588515,20.356995770087753,20.072363501356385,20.179100036621094,69400,0.0,0.0
2004-04-16 00:00:00-04:00,20.279912025016216,20.617910370263264,20.119807188524664,20.41036605834961,49300,0.0,0.0
2004-04-19 00:00:00-04:00,20.41035849142823,20.62976259085569,20.220605184166214,20.606042861938477,40400,0.0,0.0
2004-04-20 00:00:00-04:00,20.546748501282377,20.706851037414523,20.25025863697549,20.256187438964844,68000,0.0,0.0
2004-04-21 00:00:00-04:00,20.315491534504567,20.345142340822523,19.882616454321823,20.333282470703125,90800,0.0,0.0
2004-04-22 00:00:00-04:00,20.45780553377171,20.754295469043765,20.161315598499655,20.41036605834961,114800,0.0,0.0
2004-04-23 00:00:00-04:00,20.469665284349215,20.843243234004227,20.36292872730493,20.754295349121094,80600,0.0,0.0
2004-04-26 00:00:00-04:00,20.75429486799727,20.85510035729186,20.665346985176118,20.694997787475586,108000,0.0,0.0
2004-04-27 00:00:00-04:00,20.69499697578569,20.88475034045901,20.511172414116547,20.87289047241211,143900,0.0,0.0
2004-04-28 00:00:00-04:00,20.813590890586248,21.341344833374023,20.665345934778543,21.341344833374023,220100,0.0,0.0
2004-04-29 00:00:00-04:00,21.377172903672903,21.94444471933692,21.138323171403872,21.866817474365234,175000,0.25,0.0
2004-04-30 00:00:00-04:00,21.807112593839644,22.332585817677145,21.67574371841469,22.183303833007812,244900,0.0,0.0
2004-05-03 00:00:00-04:00,22.27286314180158,22.696823269488437,21.86681611651062,22.48185920715332,223300,0.0,0.0
2004-05-04 00:00:00-04:00,22.487824869713354,22.660992416894942,21.98623760475145,22.44005584716797,147800,0.0,0.0
2004-05-05 00:00:00-04:00,22.410200284079536,22.947616087622,22.410200284079536,22.720706939697266,122100,0.0,0.0
2004-05-06 00:00:00-04:00,22.6968218347475,22.6968218347475,21.896670662296856,22.16537857055664,113400,0.0,0.0
2004-05-07 00:00:00-04:00,22.105663091102368,22.243002159954752,21.586162738858846,21.795156478881836,158800,0.0,0.0
2004-05-10 00:00:00-04:00,21.79516240406089,22.09372627260967,21.299545288896372,21.76530647277832,219900,0.0,0.0
2004-05-11 00:00:00-04:00,21.801129793750547,22.207176783464696,21.741417939088393,22.016096115112305,117600,0.0,0.0
2004-05-12 00:00:00-04:00,21.97429181336904,22.3922815240569,21.58616030033512,22.302711486816406,199500,0.0,0.0
2004-05-13 00:00:00-04:00,22.284805204743904,22.284805204743904,21.78919040661693,21.896671295166016,125400,0.0,0.0
2004-05-14 00:00:00-04:00,21.825018273776916,22.087755935190067,21.73545048018187,21.842933654785156,187000,0.0,0.0
2004-05-17 00:00:00-04:00,21.693650606210213,22.49379954380129,21.19206324312265,22.1474666595459,247700,0.0,0.0
2004-05-18 00:00:00-04:00,22.08774421316856,22.302708170431675,21.83097924097782,22.11162757873535,108500,0.0,0.0
2004-05-19 00:00:00-04:00,22.09372049611765,22.153432343070886,21.120401901325454,21.34731101989746,245000,0.0,0.0
2004-05-20 00:00:00-04:00,21.287600244546677,21.35328236835725,20.935294862921513,21.04277801513672,233400,0.0,0.0
2004-05-21 00:00:00-04:00,21.048748016357422,21.048748016357422,20.791982964709142,21.048748016357422,155400,0.0,0.0
2004-05-24 00:00:00-04:00,21.048747229409383,21.436881068188264,20.95917718111858,21.34731101989746,224800,0.0,0.0
2004-05-25 00:00:00-04:00,21.34730892246876,21.34730892246876,21.018889240772154,21.138315200805664,282600,0.0,0.0
2004-05-26 00:00:00-04:00,21.138315580065456,21.42493652257194,21.03680271496439,21.317453384399414,161800,0.0,0.0
2004-05-27 00:00:00-04:00,21.377167305716846,21.884727124866277,21.203999757611946,21.52644920349121,136600,0.0,0.0
2004-05-28 00:00:00-04:00,21.645879215664333,21.872788380415944,21.430912878306117,21.496597290039062,327000,0.0,0.0
2004-06-01 00:00:00-04:00,21.43688233346375,22.02803739791993,21.389111030792783,21.854869842529297,228700,0.0,0.0
2004-06-02 00:00:00-04:00,21.908614584734703,21.97429899646765,21.395086673987358,21.496597290039062,170400,0.0,0.0
2004-06-03 00:00:00-04:00,21.43688549108966,21.448826040655145,21.108463431503314,21.156234741210938,163800,0.0,0.0
2004-06-04 00:00:00-04:00,21.28760179059323,21.574222791363077,21.204002005573447,21.36522674560547,106100,0.0,0.0
2004-06-07 00:00:00-04:00,21.448825980465497,21.520482944825847,21.359258191807182,21.496597290039062,66200,0.0,0.0
2004-06-08 00:00:00-04:00,21.478687725098425,21.6399125046684,21.407030748937245,21.50257110595703,58800,0.0,0.0
2004-06-09 00:00:00-04:00,21.442849619647106,21.6160171509096,21.257739264380916,21.317453384399414,74200,0.0,0.0
2004-06-10 00:00:00-04:00,21.317458115961134,21.58616602103409,21.263716534946543,21.30551528930664,156800,0.0,0.0
2004-06-14 00:00:00-04:00,21.24580321857805,21.41896850866009,21.030836896698283,21.072635650634766,76400,0.0,0.0
2004-06-15 00:00:00-04:00,21.09054941502193,21.34731449891612,21.078606588112745,21.168176651000977,111800,0.0,0.0
2004-06-16 00:00:00-04:00,21.227888033656086,21.25177368694108,21.12040487173489,21.204002380371094,62800,0.0,0.0
2004-06-17 00:00:00-04:00,21.227884409309436,21.227884409309436,20.83975286007173,21.174142837524414,69200,0.0,0.0
2004-06-18 00:00:00-04:00,21.174144189713537,21.22788576493052,20.98903609119141,21.02486228942871,85800,0.0,0.0
2004-06-21 00:00:00-04:00,21.048745149302476,21.078601069828633,20.81586578019344,20.95917510986328,62500,0.0,0.0
2004-06-22 00:00:00-04:00,20.899467270168838,20.989037326756883,20.66061530450816,20.929323196411133,349600,0.0,0.0
2004-06-23 00:00:00-04:00,20.9890381427618,21.07860592497087,20.80989802262116,21.072635650634766,70600,0.0,0.0
2004-06-24 00:00:00-04:00,21.078607819649,21.198033817857105,20.89946996126757,20.97112464904785,105600,0.0,0.0
2004-06-25 00:00:00-04:00,20.708385887886248,21.31745632904303,20.708385887886248,21.251771926879883,374000,0.0,0.0
2004-06-28 00:00:00-04:00,21.25176744850067,21.25176744850067,21.060686834034836,21.07859992980957,72000,0.0,0.0
2004-06-29 00:00:00-04:00,21.018893476452,21.3055144715752,21.018893476452,21.162202835083008,113200,0.0,0.0
2004-06-30 00:00:00-04:00,21.132350119617232,21.46674247033634,21.108464463595542,21.353286743164062,75200,0.0,0.0
2004-07-01 00:00:00-04:00,21.3771768463258,21.556314748031877,21.150267622638367,21.263723373413086,92100,0.0,0.0
2004-07-02 00:00:00-04:00,21.26968514827153,21.347312376532756,21.1383186210538,21.198030471801758,208000,0.0,0.0
2004-07-06 00:00:00-04:00,21.138320131646303,21.29954259575934,20.86363967613754,21.096521377563477,94900,0.0,0.0
2004-07-07 00:00:00-04:00,21.096516456473044,21.353279195433107,21.096516456473044,21.138315200805664,77900,0.0,0.0
2004-07-08 00:00:00-04:00,21.18011709233147,21.377168019485307,20.9950067128806,21.04277801513672,172100,0.0,0.0
2004-07-09 00:00:00-04:00,21.054718290131575,21.16220144095462,21.048748016357422,21.048748016357422,27400,0.0,0.0
2004-07-12 00:00:00-04:00,21.108456651506764,21.34133829473814,20.98903297131921,21.120399475097656,43600,0.0,0.0
2004-07-13 00:00:00-04:00,20.977091926219924,21.323424728276045,20.977091926219924,21.174142837524414,55200,0.0,0.0
2004-07-14 00:00:00-04:00,21.11443130385612,21.454793837562118,20.947236312663254,21.090545654296875,108000,0.0,0.0
2004-07-15 00:00:00-04:00,21.150254981050352,21.466734105361045,21.150254981050352,21.25773811340332,97300,0.0,0.0
2004-07-16 00:00:00-04:00,21.287595806995128,21.371193290655782,21.03083080554564,21.132341384887695,56700,0.0,0.0
2004-07-19 00:00:00-04:00,21.13234229868855,21.389107311241023,21.030831714956992,21.120399475097656,72400,0.0,0.0
2004-07-20 00:00:00-04:00,21.180118630571883,21.395084950614578,21.120404498414896,21.36522674560547,60400,0.0,0.0
2004-07-21 00:00:00-04:00,21.317457809285283,21.866814160321297,21.317457809285283,21.65184783935547,118600,0.0,0.0
2004-07-22 00:00:00-04:00,21.65781399759642,22.093716785149343,21.65781399759642,21.735441207885742,148500,0.0,0.0
2004-07-23 00:00:00-04:00,21.795155486037714,22.028034865129428,21.705585442758984,21.783212661743164,114100,0.0,0.0
2004-07-26 00:00:00-04:00,21.783217926306527,22.022069914201623,21.783217926306527,21.920557022094727,84500,0.0,0.0
2004-07-27 00:00:00-04:00,21.944433805104847,22.12357158467647,21.944433805104847,22.09371566772461,158500,0.0,0.0
2004-07-28 00:00:00-04:00,22.063868285800698,22.2131502061676,21.974298222436023,22.0817813873291,167600,0.0,0.0
2004-07-29 00:00:00-04:00,22.183983121478075,22.544697361922754,22.183983121478075,22.48457908630371,132600,0.25,0.0
2004-07-30 00:00:00-04:00,22.418443789952693,22.478562055335498,22.123858785501373,22.238086700439453,93300,0.0,0.0
2004-08-02 00:00:00-04:00,22.135889327621157,22.36434293049718,21.961543096653525,22.04570960998535,129500,0.0,0.0
2004-08-03 00:00:00-04:00,22.171960662010303,22.171960662010303,21.78719816526342,21.793209075927734,157000,0.0,0.0
2004-08-04 00:00:00-04:00,21.73309152209422,21.793209804207923,21.40844729460314,21.576780319213867,115300,0.0,0.0
2004-08-05 00:00:00-04:00,21.516657997954713,21.883385412755754,21.378384140357852,21.44451332092285,92800,0.0,0.0
2004-08-06 00:00:00-04:00,21.348323320022978,21.402430682656462,20.93951493868286,21.282194137573242,251200,0.0,0.0
2004-08-09 00:00:00-04:00,21.282199076700323,21.546722747984624,20.951541620887916,21.04172134399414,174800,0.0,0.0
2004-08-10 00:00:00-04:00,21.11987774863292,21.672973344030623,21.107853632207007,21.618865966796875,70500,0.0,0.0
2004-08-11 00:00:00-04:00,21.558746021660998,21.558746021660998,21.21606675663075,21.336305618286133,94100,0.0,0.0
2004-08-12 00:00:00-04:00,21.276186156113102,21.28219936086214,20.89743452472171,20.951541900634766,162800,0.0,0.0
2004-08-13 00:00:00-04:00,21.005643786139675,21.24612145920122,20.74713109027628,20.837310791015625,42900,0.0,0.0
2004-08-16 00:00:00-04:00,20.837315959203572,21.222078496840965,20.75916035206922,21.04172134399414,115700,0.0,0.0
2004-08-17 00:00:00-04:00,21.13189280202401,21.432488703655277,21.125879599707133,21.17998695373535,83000,0.0,0.0
2004-08-18 00:00:00-04:00,20.89142400623842,21.348328961034955,20.885413094741992,21.216068267822266,99800,0.0,0.0
2004-08-19 00:00:00-04:00,21.19201637267116,21.294217904007702,20.95153867379118,21.035707473754883,200100,0.0,0.0
2004-08-20 00:00:00-04:00,21.041716460676614,21.384395659566998,21.02368143758715,21.282194137573242,86300,0.0,0.0
2004-08-23 00:00:00-04:00,21.3302858270899,21.40242820445945,21.071773157037107,21.095821380615234,52800,0.0,0.0
2004-08-24 00:00:00-04:00,21.155942354229293,21.354336784096766,21.059751740968885,21.192014694213867,65500,0.0,0.0
2004-08-25 00:00:00-04:00,21.198029100122543,21.222077330744902,20.843325725222012,20.96957778930664,249800,0.0,0.0
2004-08-26 00:00:00-04:00,21.029692604330968,21.366360897424958,20.879394627776257,21.192014694213867,229900,0.0,0.0
2004-08-27 00:00:00-04:00,21.252134058570807,21.43850438467831,21.22207492038966,21.342313766479492,107200,0.0,0.0
2004-08-30 00:00:00-04:00,21.282196738257507,21.282196738257507,20.891421038888975,20.921480178833008,77800,0.0,0.0
2004-08-31 00:00:00-04:00,20.969571446934417,21.101832088623365,20.76516613519898,20.861356735229492,58100,0.0,0.0
2004-09-01 00:00:00-04:00,20.89142147216179,21.312256320202163,20.89142147216179,21.210052490234375,123700,0.0,0.0
2004-09-02 00:00:00-04:00,21.240110888121094,21.450527135381826,21.161955299124926,21.282194137573242,45000,0.0,0.0
2004-09-03 00:00:00-04:00,21.282193462596258,21.60683533473588,21.282193462596258,21.522668838500977,53700,0.0,0.0
2004-09-07 00:00:00-04:00,21.522669560924736,21.6970157623291,21.354336562804715,21.6970157623291,91300,0.0,0.0
2004-09-08 00:00:00-04:00,21.69701441500749,21.991599436789752,21.612847921173973,21.66094207763672,72200,0.0,0.0
2004-09-09 00:00:00-04:00,21.61285320907805,22.141902819797764,21.61285320907805,22.07577133178711,73100,0.0,0.0
2004-09-10 00:00:00-04:00,22.063745615767175,22.15392303466797,21.85332705160129,22.15392303466797,62400,0.0,0.0
2004-09-13 00:00:00-04:00,22.1539291295471,22.32827539809874,22.057738480236885,22.274168014526367,86200,0.0,0.0
2004-09-14 00:00:00-04:00,22.24410038321117,22.37035013227582,22.129874747395306,22.25612449645996,57400,0.0,0.0
2004-09-15 00:00:00-04:00,22.244097609631805,22.364336433762237,22.18999025344135,22.238086700439453,56900,0.0,0.0
2004-09-16 00:00:00-04:00,22.23809376690537,22.358330335877838,22.189997304623944,22.2982120513916,69200,0.0,0.0
2004-09-17 00:00:00-04:00,22.298209815622535,22.32225804435201,22.021662065329526,22.099815368652344,155600,0.0,0.0
2004-09-20 00:00:00-04:00,22.039698796386045,22.244104169679886,22.039698796386045,22.08779525756836,32300,0.0,0.0
2004-09-21 00:00:00-04:00,22.147912215960062,22.61684121761235,22.147912215960062,22.610830307006836,51100,0.0,0.0
2004-09-22 00:00:00-04:00,22.580768305716905,22.580768305716905,22.23207590728556,22.304218292236328,92700,0.0,0.0
2004-09-23 00:00:00-04:00,22.352311546273913,22.676955672149838,22.352311546273913,22.412429809570312,52200,0.0,0.0
2004-09-24 00:00:00-04:00,22.418439395107182,22.81522583159738,22.418439395107182,22.725046157836914,48900,0.0,0.0
2004-09-27 00:00:00-04:00,22.69499756760912,22.779164079067083,22.274162716953878,22.53868865966797,74700,0.0,0.0
2004-09-28 00:00:00-04:00,22.53868799342106,22.628865413018033,22.40041182198138,22.53267478942871,51100,0.0,0.0
2004-09-29 00:00:00-04:00,22.57475773324872,22.911426057860936,22.57475773324872,22.869342803955078,54900,0.0,0.0
2004-09-30 00:00:00-04:00,22.929461011971313,23.139879574215428,22.815235365060733,22.97154426574707,82000,0.0,0.0
2004-10-01 00:00:00-04:00,22.97154818348574,23.374348058362756,22.821250167692142,23.18196678161621,96500,0.0,0.0
2004-10-04 00:00:00-04:00,23.22405783410483,23.47054657096723,23.22405783410483,23.33828353881836,100200,0.0,0.0
2004-10-05 00:00:00-04:00,23.38636590744557,23.38636590744557,23.097791776295903,23.139877319335938,84400,0.0,0.0
2004-10-06 00:00:00-04:00,23.19999901404863,23.60880975121503,23.14589164314821,23.578750610351562,86100,0.0,0.0
2004-10-07 00:00:00-04:00,23.5186252626782,23.5186252626782,23.266125778625685,23.272136688232422,66500,0.0,0.0
2004-10-08 00:00:00-04:00,23.2360708218938,23.554701835737713,23.206009388359902,23.22404670715332,61700,0.0,0.0
2004-10-11 00:00:00-04:00,23.266129962062312,23.380355612048806,23.031665458036386,23.22404670715332,45800,0.0,0.0
2004-10-12 00:00:00-04:00,23.20600709449354,23.61481778179827,23.055709115142246,23.518627166748047,90500,0.0,0.0
2004-10-13 00:00:00-04:00,23.44648793847935,23.91541696337199,23.44648793847935,23.656904220581055,93800,0.0,0.0
2004-10-14 00:00:00-04:00,23.717016561390405,23.777134823012133,23.440468888546977,23.44647979736328,46800,0.0,0.0
2004-10-15 00:00:00-04:00,23.44648809975614,23.674941702870463,23.44648809975614,23.476547241210938,80600,0.0,0.0
2004-10-18 00:00:00-04:00,23.41642720434446,23.735058207956797,23.350295722078055,23.711009979248047,70700,0.0,0.0
2004-10-19 00:00:00-04:00,23.711018899818292,23.747091256452574,23.36232862581826,23.36833953857422,65700,0.0,0.0
2004-10-20 00:00:00-04:00,23.326244857511444,23.656899938114243,23.11582861350013,23.12183952331543,82200,0.0,0.0
2004-10-21 00:00:00-04:00,23.26612985415349,23.566725841175202,23.06773540190378,23.157915115356445,115200,0.0,0.0
2004-10-22 00:00:00-04:00,23.115829933949,23.35630532750363,22.701006038680575,22.743091583251953,83700,0.0,0.0
2004-10-25 00:00:00-04:00,22.634881217964995,22.923453121892514,22.364344341356187,22.70702362060547,87800,0.0,0.0
2004-10-26 00:00:00-04:00,22.664935183075183,22.989579360834988,22.544696343901354,22.893388748168945,63400,0.0,0.0
2004-10-27 00:00:00-04:00,22.79719989701353,23.362321853637695,22.79719989701353,23.362321853637695,70800,0.0,0.0
2004-10-28 00:00:00-04:00,23.301812891135008,23.495442136223982,23.265509283105644,23.416780471801758,50300,0.25,0.0
2004-10-29 00:00:00-04:00,23.38651313455004,23.507528168761723,23.12027451957117,23.174732208251953,67900,0.0,0.0
2004-11-01 00:00:00-05:00,23.23524919552139,23.719316406216727,22.99321443606646,23.598299026489258,50300,0.0,0.0
2004-11-02 00:00:00-05:00,23.537793067671124,23.840335383151654,23.18079304307551,23.241300582885742,79500,0.0,0.0
2004-11-03 00:00:00-05:00,23.362316405538692,23.72536623650656,23.362316405538692,23.598299026489258,86400,0.0,0.0
2004-11-04 00:00:00-05:00,23.55594661196866,24.142879486083984,23.55594661196866,24.142879486083984,80300,0.0,0.0
2004-11-05 00:00:00-05:00,24.08236563290531,24.19733317945816,24.052111865786213,24.112619400024414,84600,0.0,0.0
2004-11-08 00:00:00-05:00,24.08236982948769,24.203387227267,23.906894718118433,23.925048828125,55500,0.0,0.0
2004-11-09 00:00:00-05:00,23.864535316708544,24.717704493350773,23.864535316708544,24.711654663085938,190200,0.0,0.0
2004-11-10 00:00:00-05:00,24.808463602458545,25.564819200094476,24.808463602458545,25.213869094848633,218800,0.0,0.0
2004-11-11 00:00:00-05:00,25.292539575565407,25.758455063762927,25.22597989036363,25.625335693359375,110100,0.0,0.0
2004-11-12 00:00:00-05:00,25.504326576144557,25.540630188783975,25.086816565067632,25.4256649017334,58700,0.0,0.0
2004-11-15 00:00:00-05:00,25.49827766418457,25.552735398255365,25.30465067820301,25.49827766418457,68900,0.0,0.0
2004-11-16 00:00:00-05:00,25.5224690898363,25.53457105904831,25.30463826044931,25.431705474853516,49800,0.0,0.0
2004-11-17 00:00:00-05:00,25.504319080645615,25.831063039450413,25.377249549105933,25.437759399414062,53500,0.0,0.0
2004-11-18 00:00:00-05:00,25.377247227015058,25.41355313387784,24.959739685058594,24.959739685058594,84100,0.0,0.0
2004-11-19 00:00:00-05:00,24.965788157722496,25.002094062610865,24.657196044921875,24.657196044921875,33400,0.0,0.0
2004-11-22 00:00:00-05:00,24.687450675905257,25.383298873901367,24.687450675905257,25.383298873901367,43200,0.0,0.0
2004-11-23 00:00:00-05:00,25.383309734616454,25.492225191481925,24.93554593325669,25.353055953979492,112600,0.0,0.0
2004-11-24 00:00:00-05:00,25.383304645501457,25.734252585316355,25.383304645501457,25.504322052001953,55000,0.0,0.0
2004-11-26 00:00:00-05:00,25.44380410613309,25.710042777440698,25.395398543849904,25.468008041381836,15900,0.0,0.0
2004-11-29 00:00:00-05:00,25.468016463287192,25.825016547510916,25.322795111986412,25.631389617919922,98600,0.0,0.0
2004-11-30 00:00:00-05:00,25.582972492495735,25.812905253928818,25.522464964430615,25.63743019104004,76300,0.0,0.0
2004-12-01 00:00:00-05:00,25.57693462018454,26.121509552001953,25.57693462018454,26.121509552001953,64000,0.0,0.0
2004-12-02 00:00:00-05:00,26.061002145659906,26.260681237559723,25.958138837625697,26.03074836730957,51500,0.0,0.0
2004-12-03 00:00:00-05:00,25.988387633419492,25.988387633419492,25.673743320826635,25.722148895263672,36200,0.0,0.0
2004-12-06 00:00:00-05:00,25.68584700764518,25.691896839273436,25.437762363015928,25.504322052001953,28700,0.0,0.0
2004-12-07 00:00:00-05:00,25.546676410917605,25.546676410917605,24.51197983432434,24.6269474029541,138000,0.0,0.0
2004-12-08 00:00:00-05:00,24.626949670763157,25.334897716988706,24.620897530691156,25.328847885131836,68700,0.0,0.0
2004-12-09 00:00:00-05:00,25.268329808041695,25.29253374402814,24.89923017121308,25.068653106689453,56200,0.0,0.0
2004-12-10 00:00:00-05:00,25.008152547162336,25.008152547162336,24.796371510558348,24.917388916015625,34700,0.0,0.0
2004-12-13 00:00:00-05:00,25.008154665981305,25.201781607832004,24.808475583826713,25.15337371826172,46500,0.0,0.0
2004-12-14 00:00:00-05:00,25.213884201586424,26.024697980374608,25.201784536003224,26.018648147583008,105700,0.0,0.0
2004-12-15 00:00:00-05:00,25.95813080759336,25.95813080759336,25.595078655051896,25.782655715942383,59600,0.0,0.0
2004-12-16 00:00:00-05:00,25.722148990271137,25.74030310044011,24.95974330140637,25.177574157714844,66500,0.0,0.0
2004-12-17 00:00:00-05:00,25.177584714812664,25.347007759330413,24.53619384765625,24.53619384765625,197400,0.0,0.0
2004-12-20 00:00:00-05:00,24.590643348133504,25.443812735175015,24.590643348133504,25.413558959960938,115000,0.0,0.0
2004-12-21 00:00:00-05:00,25.35304510620904,25.570873618522505,25.153366084653552,25.383298873901367,137900,0.0,0.0
2004-12-22 00:00:00-05:00,25.232032283036666,25.55877857282486,25.232032283036666,25.528522491455078,50300,0.0,0.0
2004-12-23 00:00:00-05:00,25.47406224908062,25.540621928346525,25.36514682995727,25.395402908325195,21800,0.0,0.0
2004-12-27 00:00:00-05:00,25.443806656908322,25.443806656908322,24.989993212463293,25.05655288696289,24000,0.0,0.0
2004-12-28 00:00:00-05:00,25.056552638987334,25.68584116302809,25.056552638987334,25.613231658935547,33500,0.0,0.0
2004-12-29 00:00:00-05:00,25.56483132604137,25.576933298329465,25.41356013476302,25.47406768798828,25000,0.0,0.0
2004-12-30 00:00:00-05:00,25.413560012044698,25.65559484020739,25.383306235578157,25.480119705200195,36000,0.0,0.0
2004-12-31 00:00:00-05:00,25.407506158944784,25.52247141460885,25.213876942130046,25.346996307373047,32700,0.0,0.0
2005-01-03 00:00:00-05:00,25.33489648952117,25.431709952046436,24.747965882805815,24.796371459960938,85000,0.0,0.0
2005-01-04 00:00:00-05:00,24.79638055643186,24.86899010290863,24.384922612703726,24.53619384765625,75700,0.0,0.0
2005-01-05 00:00:00-05:00,24.445423092734718,24.778219220032238,24.203388286582896,24.427268981933594,102400,0.0,0.0
2005-01-06 00:00:00-05:00,24.36675450858105,24.796363974585592,24.20338140709742,24.578533172607422,67100,0.0,0.0
2005-01-07 00:00:00-05:00,24.63299659619155,24.747964161843335,24.142879486083984,24.142879486083984,101700,0.0,0.0
2005-01-10 00:00:00-05:00,24.14288554216842,24.729816255296605,24.14288554216842,24.493833541870117,95400,0.0,0.0
2005-01-11 00:00:00-05:00,24.45751580392907,24.596687278248485,24.35465254089178,24.578533172607422,74400,0.0,0.0
2005-01-12 00:00:00-05:00,24.505927076761612,24.69955397024182,24.173130997855928,24.66324806213379,86400,0.0,0.0
2005-01-13 00:00:00-05:00,24.620894167105988,24.90528469804463,24.336505944382164,24.790319442749023,158200,0.0,0.0
2005-01-14 00:00:00-05:00,24.802427512109087,25.32279851263205,24.796375371375635,25.262290954589844,159800,0.0,0.0
2005-01-18 00:00:00-05:00,25.201786693813187,26.26068525560003,25.080769253680124,26.16387176513672,196500,0.0,0.0
2005-01-19 00:00:00-05:00,26.091248782156804,26.284875680456636,25.93997762359664,26.169910430908203,108600,0.0,0.0
2005-01-20 00:00:00-05:00,26.121504047305127,26.405894580304192,26.02469059261404,26.254623413085938,162500,0.0,0.0
2005-01-21 00:00:00-05:00,26.2546308661187,26.303038761313452,25.98839436719403,26.018648147583008,111100,0.0,0.0
2005-01-24 00:00:00-05:00,26.018644431513792,26.399848472973424,26.018644431513792,26.363542556762695,116200,0.0,0.0
2005-01-25 00:00:00-05:00,26.514807342687654,26.678180463862887,26.40589192857083,26.545061111450195,130700,0.0,0.0
2005-01-26 00:00:00-05:00,26.551115534152714,26.714488669381886,26.079147929641287,26.690284729003906,126900,0.0,0.0
2005-01-27 00:00:00-05:00,26.69028054927125,26.69028054927125,26.23041498696436,26.333280563354492,102000,0.0,0.0
2005-01-28 00:00:00-05:00,26.424564655560616,26.46108032195428,25.919444038975463,26.1324462890625,150000,0.25,0.0
2005-01-31 00:00:00-05:00,26.187225561868523,26.41240208192728,26.102024639273765,26.248085021972656,89400,0.0,0.0
2005-02-01 00:00:00-05:00,26.248082766469718,26.36979935466783,25.998564805361465,26.16288185119629,89400,0.0,0.0
2005-02-02 00:00:00-05:00,26.150709030825038,26.150709030825038,25.742958823085434,25.93161964416504,83600,0.0,0.0
2005-02-03 00:00:00-05:00,25.937714453230353,25.937714453230353,25.572566882039677,25.858600616455078,93300,0.0,0.0
2005-02-04 00:00:00-05:00,25.86467632618846,26.229823769231967,25.86467632618846,26.16288185119629,75100,0.0,0.0
2005-02-07 00:00:00-05:00,26.17505187728833,26.74711915533488,26.17505187728833,26.467172622680664,139200,0.0,0.0
2005-02-08 00:00:00-05:00,26.528029531792942,26.534114316559464,26.278511568450302,26.406312942504883,39100,0.0,0.0
2005-02-09 00:00:00-05:00,26.467172813813402,26.48542948995069,25.779476046848043,25.846420288085938,52600,0.0,0.0
2005-02-10 00:00:00-05:00,25.84642502604186,25.98639831903855,25.590819905509985,25.882938385009766,62000,0.0,0.0
2005-02-11 00:00:00-05:00,26.168968470887588,27.30092887386716,25.9559661677682,27.203556060791016,179900,0.0,0.0
2005-02-14 00:00:00-05:00,27.20354752977213,27.672154771230772,26.80796929483099,27.526094436645508,186800,0.0,0.0
2005-02-15 00:00:00-05:00,27.53218404301152,28.998863019156698,27.477411702759188,28.76151466369629,273300,0.0,0.0
2005-02-16 00:00:00-05:00,28.76152305406426,29.74742546621557,28.542435950692894,29.455307006835938,283400,0.0,0.0
2005-02-17 00:00:00-05:00,29.497905312020233,29.516161988910874,28.90149654423248,28.907581329345703,145100,0.0,0.0
2005-02-18 00:00:00-05:00,28.968445141382492,29.193621708821873,28.57286901444991,28.65198516845703,108900,0.0,0.0
2005-02-22 00:00:00-05:00,28.66413849161946,29.05971671584794,28.420707702636715,28.42070770263672,112200,0.0,0.0
2005-02-23 00:00:00-05:00,28.51200587334922,29.114501809110305,28.51200587334922,28.585037231445312,120300,0.0,0.0
2005-02-24 00:00:00-05:00,28.60329414156354,29.12667393772971,28.353776136594927,28.938013076782227,149100,0.0,0.0
2005-02-25 00:00:00-05:00,28.944097030893943,29.595278151494405,28.86498089504454,29.394445419311523,95400,0.0,0.0
2005-02-28 00:00:00-05:00,29.394452165545783,29.60745683840318,28.46940907127883,28.65198516845703,155700,0.0,0.0
2005-03-01 00:00:00-05:00,28.773694237591897,29.430962496160774,28.773694237591897,29.266645431518555,106000,0.0,0.0
2005-03-02 00:00:00-05:00,29.205784711125883,29.364014649412383,28.907579188540687,29.041467666625977,89300,0.0,0.0
2005-03-03 00:00:00-05:00,29.193610104330993,29.449212824295707,28.93192027871916,29.12057876586914,64000,0.0,0.0
2005-03-04 00:00:00-05:00,29.175357654187568,29.59527981912218,28.998871017187934,29.528335571289062,66200,0.0,0.0
2005-03-07 00:00:00-05:00,29.497910202719652,29.82045726287059,29.388365480111528,29.668312072753906,63600,0.0,0.0
2005-03-08 00:00:00-05:00,29.662220522978203,30.033452752110474,29.485731585513967,29.790021896362305,93000,0.0,0.0
2005-03-09 00:00:00-05:00,29.759597145898628,29.759597145898628,29.193616909416487,29.30316162109375,81600,0.0,0.0
2005-03-10 00:00:00-05:00,29.36400749943608,29.40660794635373,28.603281916549136,28.724998474121094,102300,0.0,0.0
2005-03-11 00:00:00-05:00,28.603299657117464,29.065820076898753,28.603299657117464,29.004962921142578,94600,0.0,0.0
2005-03-14 00:00:00-05:00,29.004954814141257,30.136915238611373,29.004954814141257,29.75959587097168,128900,0.0,0.0
2005-03-15 00:00:00-05:00,29.765677997161244,30.42903096506162,29.759593212450593,29.856966018676758,126000,0.0,0.0
2005-03-16 00:00:00-05:00,29.820443500036497,30.167334187680247,29.619610827426804,29.67438316345215,79700,0.0,0.0
2005-03-17 00:00:00-05:00,29.698730141433213,30.08213653494315,29.619614020523105,29.89956283569336,44900,0.0,0.0
2005-03-18 00:00:00-05:00,30.155166514730013,30.733318515469765,30.00302137356432,30.222110748291016,191100,0.0,0.0
2005-03-21 00:00:00-05:00,30.222113868937384,30.222113868937384,29.844794529919756,30.051712036132812,60200,0.0,0.0
2005-03-22 00:00:00-05:00,30.100406670839362,30.575101287057098,29.905660994999323,30.00912094116211,99100,0.0,0.0
2005-03-23 00:00:00-05:00,29.948246379737043,30.088219618637055,29.33966586892808,29.49789810180664,104500,0.0,0.0
2005-03-24 00:00:00-05:00,29.516162654896476,29.71090828462738,29.21187231824806,29.364017486572266,162400,0.0,0.0
2005-03-28 00:00:00-05:00,29.485726213004412,29.698728463167384,29.22403640763252,29.49789810180664,90500,0.0,0.0
2005-03-29 00:00:00-05:00,29.406620514708884,29.67439519857359,28.785867895178168,28.938013076782227,122400,0.0,0.0
2005-03-30 00:00:00-05:00,29.029295269937574,29.45530215697182,29.029295269937574,29.38227081298828,107000,0.0,0.0
2005-03-31 00:00:00-05:00,29.443136880809462,29.443136880809462,28.846728033596534,29.01712989807129,108600,0.0,0.0
2005-04-01 00:00:00-05:00,29.108421560831456,29.2727363382832,28.542441215892765,28.755443572998047,106000,0.0,0.0
2005-04-04 00:00:00-04:00,28.7980375661255,29.44313392210705,28.633720504086302,29.248388290405273,102100,0.0,0.0
2005-04-05 00:00:00-04:00,29.29098758013008,29.783936424970697,29.254471905065564,29.619619369506836,137200,0.0,0.0
2005-04-06 00:00:00-04:00,29.625714647209577,30.386440675904254,29.46748233317219,30.07606315612793,118400,0.0,0.0
2005-04-07 00:00:00-04:00,30.07605772988325,30.63595319319447,29.911742980295852,30.356006622314453,131400,0.0,0.0
2005-04-08 00:00:00-04:00,30.355998212579,30.355998212579,29.552672079486697,29.613529205322266,111500,0.0,0.0
2005-04-11 00:00:00-04:00,29.6196217120217,29.668309282624918,29.303161789305378,29.345762252807617,85700,0.0,0.0
2005-04-12 00:00:00-04:00,29.351844666517835,29.668306885212886,29.065811016215374,29.41878890991211,154400,0.0,0.0
2005-04-13 00:00:00-04:00,29.4187913288318,29.765682144442064,29.242302367471872,29.455307006835938,88100,0.0,0.0
2005-04-14 00:00:00-04:00,29.461388510871434,29.461388510871434,27.106182098388672,27.106182098388672,401800,0.0,0.0
2005-04-15 00:00:00-04:00,27.124445898651278,27.39222061319844,26.655838407030117,26.86884307861328,216900,0.0,0.0
2005-04-18 00:00:00-04:00,26.947955817217007,27.337447139501226,26.619323965009325,27.081844329833984,101800,0.0,0.0
2005-04-19 00:00:00-04:00,27.142697036230196,27.574791077627896,27.05749611361829,27.50784683227539,83400,0.0,0.0
2005-04-20 00:00:00-04:00,27.55654057493046,27.55654057493046,26.631497389915427,26.686269760131836,180800,0.0,0.0
2005-04-21 00:00:00-04:00,26.838411722865636,26.996644027228932,25.992484802124167,26.235918045043945,184100,0.0,0.0
2005-04-22 00:00:00-04:00,26.248083345715163,26.832320196098102,26.150710537318005,26.491514205932617,101200,0.0,0.0
2005-04-25 00:00:00-04:00,26.43064924986723,26.917513147779495,26.217647020015047,26.801883697509766,118800,0.0,0.0
2005-04-26 00:00:00-04:00,26.923605378541474,27.00880628670432,26.241993470137444,26.27850914001465,100500,0.0,0.0
2005-04-27 00:00:00-04:00,26.278507682235574,26.284592466102247,25.523866797490864,25.742956161499023,205300,0.0,0.0
2005-04-28 00:00:00-04:00,25.834788821685642,25.957229043991383,23.56965288276491,24.243070602416992,635200,0.25,0.0
2005-04-29 00:00:00-04:00,24.243074308660866,25.320545627249953,24.01044041960354,25.0389347076416,432200,0.0,0.0
2005-05-02 00:00:00-04:00,24.885881405344826,26.07966716114229,24.885881405344826,25.987838745117188,243200,0.0,0.0
2005-05-03 00:00:00-04:00,25.834783142624815,26.887763218138524,25.571537539908267,25.969465255737305,286700,0.0,0.0
2005-05-04 00:00:00-04:00,25.908255497438688,26.502089137325918,25.773571001294375,26.318429946899414,277300,0.0,0.0
2005-05-05 00:00:00-04:00,26.257208626066493,26.5388195400483,25.95723249367166,26.17150115966797,310400,0.0,0.0
2005-05-06 00:00:00-04:00,26.293936858429788,26.44086325107282,25.71234757711494,26.006202697753906,247600,0.0,0.0
2005-05-09 00:00:00-04:00,25.957223242758452,26.55717762908326,25.791929329890525,26.520444869995117,101100,0.0,0.0
2005-05-10 00:00:00-04:00,26.459235618875418,26.765335050522367,26.293941645543665,26.618406295776367,122200,0.0,0.0
2005-05-11 00:00:00-04:00,26.624535250828487,26.9857327503528,26.416387499655933,26.844924926757812,138600,0.0,0.0
2005-05-12 00:00:00-04:00,26.753091905447857,27.065312311154877,26.6673844346794,26.875532150268555,150000,0.0,0.0
2005-05-13 00:00:00-04:00,26.72248056001062,26.92450496479157,26.55106329510343,26.704113006591797,149400,0.0,0.0
2005-05-16 00:00:00-04:00,26.85716056928226,27.59179959271981,26.85716056928226,27.481603622436523,180900,0.0,0.0
2005-05-17 00:00:00-04:00,27.426502996400167,27.775456090245562,26.97959819788506,27.56730842590332,67400,0.0,0.0
2005-05-18 00:00:00-04:00,27.70200237209693,28.859058009120197,27.70200237209693,28.68764305114746,84900,0.0,0.0
2005-05-19 00:00:00-04:00,28.534580862644997,29.2202427306872,28.46723863415509,29.054948806762695,163500,0.0,0.0
2005-05-20 00:00:00-04:00,29.0549595208846,29.0549595208846,28.767227623079137,28.914154052734375,81900,0.0,0.0
2005-05-23 00:00:00-04:00,28.852924934503022,29.29982969828449,28.852924934503022,28.89577865600586,86400,0.0,0.0
2005-05-24 00:00:00-04:00,28.895791158173477,29.128427415094098,28.767229938041165,28.859058380126953,47100,0.0,0.0
2005-05-25 00:00:00-04:00,28.859044125487824,28.938630604267498,28.693750208954285,28.767215728759766,82000,0.0,0.0
2005-05-26 00:00:00-04:00,28.834554484026395,29.13453283971102,28.834554484026395,28.98760414123535,109700,0.0,0.0
2005-05-27 00:00:00-04:00,29.01822822559447,29.275350637587067,28.901908942247264,29.25086212158203,58200,0.0,0.0
2005-05-31 00:00:00-04:00,29.250866069516277,29.46513711044996,29.11006058651321,29.146793365478516,111300,0.0,0.0
2005-06-01 00:00:00-04:00,29.146782075037134,29.41614867704499,28.871292177896805,29.018220901489258,107000,0.0,0.0
2005-06-02 00:00:00-04:00,29.005976862000843,29.018221117003886,28.810073452657846,28.865171432495117,91500,0.0,0.0
2005-06-03 00:00:00-04:00,28.803952401010925,28.83456187322627,28.14889988711978,28.436634063720703,160700,0.0,0.0
2005-06-06 00:00:00-04:00,28.436644948442265,28.46113346972925,28.234618150855532,28.246862411499023,91900,0.0,0.0
2005-06-07 00:00:00-04:00,28.30807206588057,28.528461660710832,28.14889907836914,28.14889907836914,122100,0.0,0.0
2005-06-08 00:00:00-04:00,28.155016305994963,28.277454164951262,27.74484200536348,27.92850112915039,179200,0.0,0.0
2005-06-09 00:00:00-04:00,27.92851304094778,27.989734331889903,26.979605217202767,27.79383087158203,211200,0.0,0.0
2005-06-10 00:00:00-04:00,27.7326034132479,27.84892267249322,27.365285090696116,27.701993942260742,138000,0.0,0.0
2005-06-13 00:00:00-04:00,27.640779115430053,27.689753809230243,27.316312135671478,27.524459838867188,150300,0.0,0.0
2005-06-14 00:00:00-04:00,27.463230926462618,27.720353230196494,27.01632620662581,27.604036331176758,149600,0.0,0.0
2005-06-15 00:00:00-04:00,27.72649256586589,27.81220005003117,27.297952809685686,27.744857788085938,90000,0.0,0.0
2005-06-16 00:00:00-04:00,27.732602853538776,28.063190738375106,27.61016263670833,28.057069778442383,72200,0.0,0.0
2005-06-17 00:00:00-04:00,28.203993405244276,28.203993405244276,27.469354511638322,27.51833152770996,133900,0.0,0.0
2005-06-20 00:00:00-04:00,27.46936250665733,27.48160676423896,27.199995845921535,27.316312789916992,76800,0.0,0.0
2005-06-21 00:00:00-04:00,27.31630920286816,27.40201665933152,27.07143108945186,27.163259506225586,83200,0.0,0.0
2005-06-22 00:00:00-04:00,27.242848904609854,27.279581676444376,27.004091726068676,27.151018142700195,54000,0.0,0.0
2005-06-23 00:00:00-04:00,27.08980257757779,27.26734082727163,26.59392060492196,26.630653381347656,55200,0.0,0.0
2005-06-24 00:00:00-04:00,26.630644242702626,26.636765202329634,26.024566484106586,26.575546264648438,109700,0.0,0.0
2005-06-27 00:00:00-04:00,26.50821416172233,26.514337459042046,26.20211468563927,26.391897201538086,63200,0.0,0.0
2005-06-28 00:00:00-04:00,26.391896149746387,27.016339336312445,26.324553894035304,27.00409507751465,172300,0.0,0.0
2005-06-29 00:00:00-04:00,26.97961356941895,26.97961356941895,26.728612037236083,26.838808059692383,60400,0.0,0.0
2005-06-30 00:00:00-04:00,26.869402364221877,26.967354069350954,26.51432830888631,26.563302993774414,80700,0.0,0.0
2005-07-01 00:00:00-04:00,26.630649743651293,26.710236247358818,26.330671282201855,26.50208854675293,70400,0.0,0.0
2005-07-05 00:00:00-04:00,26.453117724571403,26.6367769539949,26.287823717484116,26.56943702697754,56700,0.0,0.0
2005-07-06 00:00:00-04:00,26.56943136116073,26.56943136116073,24.8552726911349,25.345033645629883,540600,0.0,0.0
2005-07-07 00:00:00-04:00,25.34503880666394,25.387892548605603,24.726716526613462,25.357280731201172,321000,0.0,0.0
2005-07-08 00:00:00-04:00,25.338906616380978,25.712348238259796,25.29605288947878,25.547054290771484,293800,0.0,0.0
2005-07-11 00:00:00-04:00,25.547057119393155,25.791937587679048,25.46747061689726,25.559301376342773,229300,0.0,0.0
2005-07-12 00:00:00-04:00,25.571544194219022,25.76744762368171,25.369517468949507,25.479713439941406,166600,0.0,0.0
2005-07-13 00:00:00-04:00,25.4613501762314,25.742961085765753,25.179739266697045,25.400131225585938,227100,0.0,0.0
2005-07-14 00:00:00-04:00,25.418496061030112,25.596034284723668,25.222592619490065,25.283811569213867,88600,0.0,0.0
2005-07-15 00:00:00-04:00,25.198103903161396,25.308299880062144,24.751199034776473,24.81241798400879,328800,0.0,0.0
2005-07-18 00:00:00-04:00,24.824660786314364,25.03893176677861,24.7144648158706,24.904247283935547,149200,0.0,0.0
2005-07-19 00:00:00-04:00,25.057297782150723,25.400129960610098,24.849150090827735,25.19198226928711,125400,0.0,0.0
2005-07-20 00:00:00-04:00,25.038935694888107,25.259325334997296,25.002202920526518,25.026691436767578,133000,0.0,0.0
2005-07-21 00:00:00-04:00,24.93485519188672,24.93485519188672,24.518559848636983,24.702219009399414,153700,0.0,0.0
2005-07-22 00:00:00-04:00,24.806295166910676,24.989954336217178,24.536928540951344,24.9593448638916,95700,0.0,0.0
2005-07-25 00:00:00-04:00,24.89812387614453,25.05117357492197,24.696099488141904,24.78180694580078,79400,0.0,0.0
2005-07-26 00:00:00-04:00,24.787930583882392,25.130760419252535,24.751197814941406,24.751197814941406,100100,0.0,0.0
2005-07-27 00:00:00-04:00,24.843027284425926,24.843027284425926,24.487950875758006,24.543048858642578,159800,0.0,0.0
2005-07-28 00:00:00-04:00,25.565674071398387,27.321388097744475,25.50407097749436,26.920963287353516,513000,0.25,0.0
2005-07-29 00:00:00-04:00,26.82855000838184,27.407629295386915,26.791589100705323,27.05648422241211,206800,0.0,0.0
2005-08-01 00:00:00-04:00,27.19818346596765,28.368658767159793,27.10577646981753,27.980552673339844,333000,0.0,0.0
2005-08-02 00:00:00-04:00,27.980554962361303,28.282415804472997,27.752620663220466,27.992876052856445,132300,0.0,0.0
2005-08-03 00:00:00-04:00,27.992877019029194,27.992877019029194,27.59861150960746,27.69717788696289,171800,0.0,0.0
2005-08-04 00:00:00-04:00,27.635563509417185,27.72180876067151,26.939437431425073,27.05648422241211,84700,0.0,0.0
2005-08-05 00:00:00-04:00,27.056491875908716,27.093455144047912,26.354206231316564,26.57598114013672,74400,0.0,0.0
2005-08-08 00:00:00-04:00,26.60678968611222,26.668395149212984,26.1817225657535,26.421977996826172,82000,0.0,0.0
2005-08-09 00:00:00-04:00,26.489743767314874,26.575989068695513,26.144760211784096,26.366535186767578,87500,0.0,0.0
2005-08-10 00:00:00-04:00,26.48974124960842,26.674552927859907,26.187880373458206,26.323410034179688,97700,0.0,0.0
2005-08-11 00:00:00-04:00,26.36653040824614,26.705352180838887,26.18171874592353,26.662229537963867,89800,0.0,0.0
2005-08-12 00:00:00-04:00,26.612953313033046,26.612953313033046,25.812101035443483,25.849061965942383,92500,0.0,0.0
2005-08-15 00:00:00-04:00,25.812098558322365,26.539026555144407,25.750493096722487,26.267967224121094,121400,0.0,0.0
2005-08-16 00:00:00-04:00,26.21251765298945,26.21251765298945,25.855215455220527,25.867536544799805,86000,0.0,0.0
2005-08-17 00:00:00-04:00,25.812095481719965,26.05235087830272,25.62728146895681,25.830575942993164,103600,0.0,0.0
2005-08-18 00:00:00-04:00,25.596478970209375,25.602640690411093,25.387025133497353,25.473270416259766,130400,0.0,0.0
2005-08-19 00:00:00-04:00,25.473277651396447,25.645770615921897,25.39935343803318,25.52256202697754,115600,0.0,0.0
2005-08-22 00:00:00-04:00,25.565667719632255,25.608790344652775,25.269968712345758,25.553346633911133,62700,0.0,0.0
2005-08-23 00:00:00-04:00,25.4917549128177,25.75049077821708,25.288460432854308,25.50407600402832,50900,0.0,0.0
2005-08-24 00:00:00-04:00,25.565670748597736,25.63343555308913,24.734017338947393,24.857223510742188,213900,0.0,0.0
2005-08-25 00:00:00-04:00,24.888034305293132,25.313101355875745,24.64161719335647,25.245336532592773,94000,0.0,0.0
2005-08-26 00:00:00-04:00,25.25149156561986,25.25149156561986,24.70321375425992,24.820262908935547,149900,0.0,0.0
2005-08-29 00:00:00-04:00,24.820262892075746,24.83874334806161,24.55536538957848,24.758657455444336,146000,0.0,0.0
2005-08-30 00:00:00-04:00,24.758666009264953,24.88187457508773,24.148787250954513,24.413684844970703,192500,0.0,0.0
2005-08-31 00:00:00-04:00,24.33360380227292,24.77715378813982,24.148792091497842,24.740190505981445,272500,0.0,0.0
2005-09-01 00:00:00-04:00,24.58617969931854,24.74018984585649,24.302801593690706,24.475292205810547,514500,0.0,0.0
2005-09-02 00:00:00-04:00,24.475292205810547,24.653944539796573,24.32128205927259,24.475292205810547,182300,0.0,0.0
2005-09-06 00:00:00-04:00,24.536888195406053,24.888031005859375,24.536888195406053,24.888031005859375,141400,0.0,0.0
2005-09-07 00:00:00-04:00,24.998928677823457,25.20222085383389,24.949644301815844,24.980445861816406,126400,0.0,0.0
2005-09-08 00:00:00-04:00,24.88803864549405,24.894198016863108,24.610819933723338,24.826433181762695,149600,0.0,0.0
2005-09-09 00:00:00-04:00,24.70321571428999,24.795622701628172,24.555367354557667,24.629291534423828,215400,0.0,0.0
2005-09-12 00:00:00-04:00,24.641617584513362,24.697061318078827,24.51840902658924,24.60465431213379,95100,0.0,0.0
2005-09-13 00:00:00-04:00,24.580021407600317,24.61698234038829,24.22887844606389,24.290481567382812,71700,0.0,0.0
2005-09-14 00:00:00-04:00,24.271997782518948,24.321279802834557,23.643636160940158,23.649795532226562,118800,0.0,0.0
2005-09-15 00:00:00-04:00,23.71139019864723,23.97012597501253,23.391048987428018,23.563539505004883,195300,0.0,0.0
2005-09-16 00:00:00-04:00,23.70522975218522,24.04405143703832,23.44033224311656,23.95164680480957,320000,0.0,0.0
2005-09-19 00:00:00-04:00,23.982458969095816,23.982458969095816,23.594352761848977,23.70524024963379,108100,0.0,0.0
2005-09-20 00:00:00-04:00,24.814101416961687,25.07283955333891,24.031729989117128,24.179580688476562,441100,0.0,0.0
2005-09-21 00:00:00-04:00,24.056386192560492,24.364406508342338,23.95781978551064,24.0317440032959,251200,0.0,0.0
2005-09-22 00:00:00-04:00,24.093348653737518,24.204236151633168,23.773007254262133,24.019424438476562,255900,0.0,0.0
2005-09-23 00:00:00-04:00,24.918833317619033,25.226853501149535,24.54920768737793,24.54920768737793,243800,0.0,0.0
2005-09-26 00:00:00-04:00,24.70322367870649,25.430151673442232,24.70322367870649,24.88187599182129,132100,0.0,0.0
2005-09-27 00:00:00-04:00,24.807945870382373,24.94963487284454,24.604651421192628,24.61081314086914,91200,0.0,0.0
2005-09-28 00:00:00-04:00,24.672421329183095,24.80178926899713,24.241192513128333,24.39520263671875,105300,0.0,0.0
2005-09-29 00:00:00-04:00,24.40136321464317,25.122129431279905,24.08102189057977,24.832592010498047,957200,0.0,0.0
2005-09-30 00:00:00-04:00,24.832587053335107,25.2083696882714,24.666255878851466,25.097484588623047,144900,0.0,0.0
2005-10-03 00:00:00-04:00,25.097491126620568,25.510237135633247,25.029726295288214,25.171415328979492,121100,0.0,0.0
2005-10-04 00:00:00-04:00,25.183731368827864,25.879855305570793,25.183731368827864,25.26381492614746,114900,0.0,0.0
2005-10-05 00:00:00-04:00,25.263815173379218,25.621119724944954,25.115966796875,25.115966796875,124200,0.0,0.0
2005-10-06 00:00:00-04:00,25.134450317733382,25.873699340315394,25.085168302898776,25.50407600402832,172500,0.0,0.0
2005-10-07 00:00:00-04:00,25.596471127679038,25.966096676277893,25.263808838942165,25.313093185424805,186100,0.0,0.0
2005-10-10 00:00:00-04:00,25.269983302309114,25.40551297348452,25.07285051696753,25.208377838134766,96400,0.0,0.0
2005-10-11 00:00:00-04:00,25.226847880203422,25.688878052551445,24.64160919189453,24.64160919189453,115200,0.0,0.0
2005-10-12 00:00:00-04:00,24.580021407600317,24.918843274871268,24.191915163267474,24.290481567382812,116700,0.0,0.0
2005-10-13 00:00:00-04:00,24.25967418957803,24.98044040621477,24.044058616646648,24.832592010498047,152200,0.0,0.0
2005-10-14 00:00:00-04:00,25.87369190912197,27.192017739918942,25.695039662890593,27.167375564575195,462900,0.0,0.0
2005-10-17 00:00:00-04:00,27.23514574240101,28.21465008039997,27.105777821346418,27.808063507080078,349000,0.0,0.0
2005-10-18 00:00:00-04:00,27.81421487742993,27.9251022970747,27.37066519885085,27.604761123657227,146100,0.0,0.0
2005-10-19 00:00:00-04:00,27.48156375582138,27.752620697021484,26.84088114933997,27.752620697021484,398400,0.0,0.0
2005-10-20 00:00:00-04:00,27.7526279139156,28.331707568439963,27.51853183336302,27.629419326782227,324500,0.0,0.0
2005-10-21 00:00:00-04:00,27.691020366435282,28.02984216435446,27.45692432332416,27.647897720336914,153100,0.0,0.0
2005-10-24 00:00:00-04:00,27.721824256193297,28.134570289337148,27.57397349282334,27.771108627319336,168600,0.0,0.0
2005-10-25 00:00:00-04:00,27.721823877312023,28.097608976983555,27.148905995846924,27.758787155151367,132000,0.0,0.0
2005-10-26 00:00:00-04:00,27.80190967061862,28.054486192952723,27.228991791908175,27.426124572753906,126100,0.0,0.0
2005-10-27 00:00:00-04:00,28.584271572711256,29.74858739274066,27.93742736157731,29.23111343383789,592300,0.0,0.0
2005-10-28 00:00:00-04:00,29.076291731406386,29.44787278334355,28.345513615135882,29.293046951293945,211100,0.25,0.0
2005-10-31 00:00:00-05:00,29.44787820002344,29.94951483861953,29.063910727400284,29.24350929260254,302100,0.0,0.0
2005-11-01 00:00:00-05:00,29.33021378369745,29.33021378369745,28.735682997868395,28.803804397583008,138200,0.0,0.0
2005-11-02 00:00:00-05:00,28.853338484991315,29.107252722755472,28.67373997567036,28.95242691040039,131900,0.0,0.0
2005-11-03 00:00:00-05:00,28.952436538885607,29.379755072612024,28.580855410641348,28.9152774810791,174900,0.0,0.0
2005-11-04 00:00:00-05:00,28.964821167705153,29.132033374200333,28.76664426277495,29.026750564575195,116600,0.0,0.0
2005-11-07 00:00:00-05:00,29.107259868375056,29.47264896973158,28.865731919800485,29.057714462280273,239800,0.0,0.0
2005-11-08 00:00:00-05:00,28.952430493948025,29.082483625434385,28.679937880959265,28.853342056274414,89100,0.0,0.0
2005-11-09 00:00:00-05:00,28.884305204656993,29.385941722420792,28.673741990559733,29.101062774658203,93900,0.0,0.0
2005-11-10 00:00:00-05:00,29.101072646765896,29.7141817917886,28.642787015044814,29.57793426513672,99500,0.0,0.0
2005-11-11 00:00:00-05:00,29.627481411142085,29.627481411142085,28.81000092835822,29.051528930664062,73300,0.0,0.0
2005-11-14 00:00:00-05:00,29.14441903763872,29.162997383769877,28.47557022745702,28.741870880126953,79700,0.0,0.0
2005-11-15 00:00:00-05:00,28.785220259733308,28.82857130649479,28.07921479824072,28.364093780517578,116100,0.0,0.0
2005-11-16 00:00:00-05:00,28.2216527370539,28.68613023748264,28.17830169267693,28.611814498901367,81500,0.0,0.0
2005-11-17 00:00:00-05:00,28.704711189262664,28.98339818732884,28.512728650282032,28.896696090698242,94900,0.0,0.0
2005-11-18 00:00:00-05:00,28.896698514534922,29.249701287543413,28.648976192707313,29.24350929260254,141300,0.0,0.0
2005-11-21 00:00:00-05:00,29.274469146625727,29.342592891975045,28.65516580702067,29.17538070678711,91700,0.0,0.0
2005-11-22 00:00:00-05:00,29.11344545248352,29.75752141516802,29.032937728988813,29.75132942199707,104000,0.0,0.0
2005-11-23 00:00:00-05:00,29.689399869762223,29.912349439646675,29.546960391770412,29.825647354125977,49900,0.0,0.0
2005-11-25 00:00:00-05:00,29.7327564921798,29.838039303251367,29.478842181596132,29.68940544128418,28700,0.0,0.0
2005-11-28 00:00:00-05:00,29.633673773481014,29.825658723499462,29.206355176614128,29.26209259033203,84500,0.0,0.0
2005-11-29 00:00:00-05:00,29.311628197485742,29.53457541528157,29.10725696143779,29.17538070678711,385700,0.0,0.0
2005-11-30 00:00:00-05:00,29.17537330495805,29.60269165039063,29.17537330495805,29.602691650390625,146100,0.0,0.0
2005-12-01 00:00:00-05:00,29.695598020524315,30.500691954966452,29.61508791834362,30.290128707885742,129100,0.0,0.0
2005-12-02 00:00:00-05:00,30.19722710440035,30.321088233757056,29.72036565442705,30.160070419311523,64800,0.0,0.0
2005-12-05 00:00:00-05:00,30.098148210885107,30.098148210885107,29.082490880737577,29.534582138061523,76200,0.0,0.0
2005-12-06 00:00:00-05:00,29.59650263416861,29.670818362052827,29.274464663397804,29.3549747467041,71200,0.0,0.0
2005-12-07 00:00:00-05:00,29.416904974369928,29.416904974369928,28.85953109303166,29.299238204956055,210400,0.0,0.0
2005-12-08 00:00:00-05:00,29.293053295696602,29.844232999177063,28.717100886733704,29.776111602783203,185900,0.0,0.0
2005-12-09 00:00:00-05:00,29.776100780506503,30.005242316798306,29.385939079557698,29.91234588623047,90300,0.0,0.0
2005-12-12 00:00:00-05:00,29.974290879472345,30.178659809639786,29.782305940565013,29.961904525756836,95700,0.0,0.0
2005-12-13 00:00:00-05:00,29.961892170562795,30.630738458204753,29.961892170562795,30.34585952758789,196800,0.0,0.0
2005-12-14 00:00:00-05:00,30.283930147003158,30.562614722088885,30.16006902337926,30.34585952758789,38200,0.0,0.0
2005-12-15 00:00:00-05:00,30.37682793975925,30.51926742251988,29.59031242520336,29.906158447265625,72100,0.0,0.0
2005-12-16 00:00:00-05:00,30.02382752856237,30.129110331462392,29.571736345415015,29.66463279724121,194500,0.0,0.0
2005-12-19 00:00:00-05:00,29.66463066006621,29.66463066006621,29.200153159308105,29.565542221069336,70800,0.0,0.0
2005-12-20 00:00:00-05:00,29.540768397562125,29.77610431715272,29.18157134332097,29.336397171020508,166700,0.0,0.0
2005-12-21 00:00:00-05:00,29.045331944114036,29.949514389038086,28.92147078505955,29.949514389038086,91700,0.0,0.0
2005-12-22 00:00:00-05:00,29.72655129041754,29.887569070427524,29.670813912249844,29.83802604675293,64300,0.0,0.0
2005-12-23 00:00:00-05:00,29.78229813072816,29.94331596189517,29.72656073485212,29.862808227539062,19000,0.0,0.0
2005-12-27 00:00:00-05:00,29.819453040053617,29.819453040053617,29.169182724340814,29.299238204956055,60500,0.0,0.0
2005-12-28 00:00:00-05:00,29.274475810199238,29.602705898917446,29.169192990025007,29.534582138061523,31000,0.0,0.0
2005-12-29 00:00:00-05:00,29.497425883642688,29.633671044942833,29.26208989600741,29.466461181640625,42100,0.0,0.0
2005-12-30 00:00:00-05:00,29.42311010921836,29.42311010921836,29.045336934752218,29.051528930664062,69800,0.0,0.0
2006-01-03 00:00:00-05:00,29.138223507650935,29.94951178457436,28.37648063502279,29.66463279724121,154900,0.0,0.0
2006-01-04 00:00:00-05:00,29.726569457375323,29.92474639809472,29.627480987015623,29.88139533996582,62400,0.0,0.0
2006-01-05 00:00:00-05:00,29.974280723800007,30.259159675369915,29.788487843471746,30.11672019958496,96100,0.0,0.0
2006-01-06 00:00:00-05:00,30.698857697706313,30.698857697706313,29.868991362171606,30.525453567504883,100200,0.0,0.0
2006-01-09 00:00:00-05:00,30.488310209861336,30.785575598453043,30.321097985818128,30.711259841918945,80400,0.0,0.0
2006-01-10 00:00:00-05:00,30.61836295577802,30.958981757017405,30.283940874719324,30.952787399291992,87900,0.0,0.0
2006-01-11 00:00:00-05:00,30.952778335210375,31.194306241757356,30.866076252086287,31.150955200195312,102300,0.0,0.0
2006-01-12 00:00:00-05:00,31.11999563758172,32.25332198582428,31.11999563758172,31.74549102783203,138700,0.0,0.0
2006-01-13 00:00:00-05:00,31.78264704071178,32.45149577812117,31.708331301817875,32.203773498535156,156500,0.0,0.0
2006-01-17 00:00:00-05:00,31.757872356814325,31.86315514592207,31.10760436658216,31.26243019104004,99100,0.0,0.0
2006-01-18 00:00:00-05:00,31.107601306343067,31.615429771610444,31.05805827586678,31.256235122680664,65000,0.0,0.0
2006-01-19 00:00:00-05:00,31.31816873725755,32.278088411804255,31.11379986991307,32.24712371826172,125800,0.0,0.0
2006-01-20 00:00:00-05:00,32.15421122032922,32.15421122032922,31.051852615939413,31.219064712524414,110800,0.0,0.0
2006-01-23 00:00:00-05:00,31.212888365636175,31.3367471400401,30.76079486173403,30.965166091918945,119000,0.0,0.0
2006-01-24 00:00:00-05:00,30.965170881163726,32.51962141991792,30.878468780689275,32.41434097290039,200600,0.0,0.0
2006-01-25 00:00:00-05:00,32.47626234396855,33.26897212909699,32.38956026492039,33.18227005004883,172600,0.0,0.0
2006-01-26 00:00:00-05:00,33.238017972747286,33.31852808986875,32.82927775402696,33.26279067993164,177300,0.0,0.0
2006-01-27 00:00:00-05:00,33.28755815436746,33.28755815436746,32.82308059872513,33.169891357421875,170600,0.0,0.0
2006-01-30 00:00:00-05:00,33.12010868218163,33.36899265971456,33.08899877837339,33.28810501098633,146500,0.25,0.0
2006-01-31 00:00:00-05:00,32.10591711488928,32.1121405212126,30.41973477844713,30.593952178955078,423000,0.0,0.0
2006-02-01 00:00:00-05:00,30.593935120966343,30.705932637000014,30.21439062055529,30.662378311157227,161800,0.0,0.0
2006-02-02 00:00:00-05:00,30.457061501404567,30.58150349205284,29.225090778407104,29.74152183532715,192900,0.0,0.0
2006-02-03 00:00:00-05:00,29.74152308506989,30.345065222278137,29.243757475094167,29.80374526977539,184900,0.0,0.0
2006-02-06 00:00:00-05:00,29.598414465774812,29.629524370146992,29.07576000230809,29.455307006835938,157600,0.0,0.0
2006-02-07 00:00:00-05:00,29.299762818337793,29.710419835255454,29.119322002569714,29.21265411376953,104400,0.0,0.0
2006-02-08 00:00:00-05:00,29.24996904511491,29.90328871875387,29.1441949256315,29.735292434692383,108200,0.0,0.0
2006-02-09 00:00:00-05:00,29.67307679652147,29.74152000584457,29.137980304656182,29.25619888305664,55400,0.0,0.0
2006-02-10 00:00:00-05:00,29.193980678166476,29.704193115234375,28.74599280136436,29.704193115234375,113200,0.0,0.0
2006-02-13 00:00:00-05:00,29.93440012927622,29.93440012927622,29.231305061923575,29.46152114868164,93600,0.0,0.0
2006-02-14 00:00:00-05:00,29.51751531159356,29.890841139162536,29.113081965309632,29.542404174804688,113800,0.0,0.0
2006-02-15 00:00:00-05:00,29.49263836782955,29.772629862215638,29.181534597593092,29.697965621948242,79800,0.0,0.0
2006-02-16 00:00:00-05:00,29.76018690612414,29.76018690612414,29.31841776177366,29.511302947998047,76900,0.0,0.0
2006-02-17 00:00:00-05:00,30.23928831920768,30.23928831920768,29.58597081588864,30.083736419677734,157600,0.0,0.0
2006-02-21 00:00:00-05:00,30.14595869194839,30.830386102472314,29.98418338678436,30.817941665649414,189800,0.0,0.0
2006-02-22 00:00:00-05:00,30.817929259189416,31.421471147695407,29.984171315972628,30.674821853637695,184300,0.0,0.0
2006-02-23 00:00:00-05:00,30.519276708670375,30.842824886162166,30.30150503801878,30.48816680908203,150300,0.0,0.0
2006-02-24 00:00:00-05:00,30.612617304697984,30.674837121199058,30.338844415612005,30.363733291625977,167400,0.0,0.0
2006-02-27 00:00:00-05:00,30.301507878453357,31.608142771912025,30.301507878453357,31.340593338012695,211100,0.0,0.0
2006-02-28 00:00:00-05:00,31.346814290028014,31.838356407621454,31.28459211635381,31.67036247253418,269200,0.0,0.0
2006-03-01 00:00:00-05:00,31.65792651387929,31.857032775878906,31.272156054412896,31.857032775878906,133600,0.0,0.0
2006-03-02 00:00:00-05:00,31.857039396097125,31.913038192267507,31.508602178422052,31.844594955444336,123200,0.0,0.0
2006-03-03 00:00:00-05:00,31.73258023145722,32.074793857285925,31.60813826564685,31.888132095336914,111100,0.0,0.0
2006-03-06 00:00:00-05:00,31.732602852378378,31.950374667637654,31.278391370884194,31.794822692871094,133900,0.0,0.0
2006-03-07 00:00:00-05:00,31.73258976151457,31.77614410659865,30.830388205352985,31.06682777404785,142700,0.0,0.0
2006-03-08 00:00:00-05:00,31.116595325486056,31.253481731914597,30.177063066132213,30.48816680908203,395800,0.0,0.0
2006-03-09 00:00:00-05:00,30.550394136487334,30.83661145441607,30.270402597663534,30.618837356567383,98700,0.0,0.0
2006-03-10 00:00:00-05:00,30.681051922212248,31.01704216003418,30.33261487634029,31.01704216003418,46300,0.0,0.0
2006-03-13 00:00:00-05:00,31.017062415961714,31.16639335415231,30.606405302856004,30.786846160888672,43500,0.0,0.0
2006-03-14 00:00:00-05:00,30.799283934298863,31.041944579470286,30.51928996928021,30.842838287353516,47800,0.0,0.0
2006-03-15 00:00:00-05:00,30.84283236720286,30.84283236720286,30.289067950199932,30.438396453857422,134300,0.0,0.0
2006-03-16 00:00:00-05:00,30.519276691514687,30.954822406106235,30.519276691514687,30.73082733154297,62500,0.0,0.0
2006-03-17 00:00:00-05:00,30.79927825927734,30.817943728994575,30.351287997793403,30.799278259277344,179900,0.0,0.0
2006-03-20 00:00:00-05:00,30.799273438292346,30.799273438292346,29.928181926987882,30.587722778320312,123500,0.0,0.0
2006-03-21 00:00:00-05:00,30.58771584553415,30.761933158894863,29.772623292892604,29.865955352783203,133600,0.0,0.0
2006-03-22 00:00:00-05:00,29.803748948590687,30.23929242762207,29.554864926115087,30.089963912963867,89600,0.0,0.0
2006-03-23 00:00:00-05:00,29.990401368134375,30.239282938980658,29.841070526800042,30.158397674560547,46700,0.0,0.0
2006-03-24 00:00:00-05:00,30.096169477350543,30.25794472087463,29.760179305286535,30.239276885986328,62500,0.0,0.0
2006-03-27 00:00:00-05:00,30.332626633187036,30.332626633187036,29.74775222539889,29.915748596191406,81100,0.0,0.0
2006-03-28 00:00:00-05:00,29.834851892485112,29.834851892485112,29.287308594993885,29.51752471923828,106600,0.0,0.0
2006-03-29 00:00:00-05:00,29.46775620921655,30.077519452957976,29.19398330998256,29.82241439819336,145300,0.0,0.0
2006-03-30 00:00:00-05:00,29.86596491598625,30.08996003262153,29.032206633806958,29.666858673095703,137700,0.0,0.0
2006-03-31 00:00:00-05:00,29.704194629345263,29.946855236135068,29.287314264358947,29.82863426208496,126400,0.0,0.0
2006-04-03 00:00:00-04:00,29.89084991605034,29.89084991605034,29.405526435057794,29.511302947998047,74300,0.0,0.0
2006-04-04 00:00:00-04:00,29.461529716184977,29.946853271458572,29.36819999775314,29.56108283996582,68200,0.0,0.0
2006-04-05 00:00:00-04:00,29.554856332441528,29.8224057480705,29.30597238233398,29.610855102539062,94400,0.0,0.0
2006-04-06 00:00:00-04:00,29.49263552033801,29.890847928028226,29.2935293164929,29.59840965270996,52700,0.0,0.0
2006-04-07 00:00:00-04:00,29.722856426189345,30.14595777110926,29.09442544026408,29.144203186035156,81500,0.0,0.0
2006-04-10 00:00:00-04:00,29.206419973495766,29.31841751636169,28.658879067854926,28.864206314086914,93600,0.0,0.0
2006-04-11 00:00:00-04:00,28.926435987363334,29.206427543566388,28.577998833297986,28.727327346801758,47800,0.0,0.0
2006-04-12 00:00:00-04:00,28.727324817827444,28.963764379183335,28.652660567648535,28.74599266052246,35200,0.0,0.0
2006-04-13 00:00:00-04:00,28.752215634935443,29.081987311445065,28.621552594911154,28.85799217224121,37600,0.0,0.0
2006-04-17 00:00:00-04:00,28.79576679462025,29.386864485758334,28.75221245276589,28.83932113647461,84400,0.0,0.0
2006-04-18 00:00:00-04:00,28.839328660199342,29.23132021268658,28.683776720557415,29.193986892700195,108100,0.0,0.0
2006-04-19 00:00:00-04:00,29.200196930444754,29.785071101247237,28.963757425850922,28.9948673248291,91200,0.0,0.0
2006-04-20 00:00:00-04:00,28.932653509439596,29.212647405205416,28.621549708262826,29.001096725463867,76800,0.0,0.0
2006-04-21 00:00:00-04:00,29.337084733024813,29.337084733024813,28.833095800828016,29.081979751586914,73100,0.0,0.0
2006-04-24 00:00:00-04:00,29.088216837044538,29.249989832852567,28.92022043358933,29.156660079956055,53000,0.0,0.0
2006-04-25 00:00:00-04:00,29.01354577569238,29.057100124899883,28.503335650518178,28.808216094970703,97500,0.0,0.0
2006-04-26 00:00:00-04:00,29.71041855612975,30.425958381764307,29.044656487267787,29.30598258972168,251700,0.0,0.0
2006-04-27 00:00:00-04:00,29.150421506722488,29.73529809747577,28.901539921611874,29.4241943359375,157100,0.0,0.0
2006-04-28 00:00:00-04:00,29.336623096421274,30.106005437687234,29.249049085663195,29.974645614624023,374000,0.25,0.0
2006-05-01 00:00:00-04:00,30.106003966196962,30.374975306437882,29.89958310157815,29.943368911743164,91700,0.0,0.0
2006-05-02 00:00:00-04:00,29.924607419233617,29.949628566594562,29.467982217562067,29.87456512451172,170400,0.0,0.0
2006-05-03 00:00:00-04:00,30.96296253495736,31.4946488159469,30.356212808583745,30.662715911865234,374800,0.0,0.0
2006-05-04 00:00:00-04:00,30.65021005302825,30.931692051153092,30.393749207214157,30.719017028808594,201600,0.0,0.0
2006-05-05 00:00:00-04:00,31.213161134402025,31.957522211543907,31.156864758070462,31.569704055786133,147300,0.0,0.0
2006-05-08 00:00:00-04:00,31.4446132305933,31.794902198792773,31.244448787664567,31.400827407836914,76300,0.0,0.0
2006-05-09 00:00:00-04:00,31.4633693332537,31.782382967773692,31.369543618390196,31.694808959960938,159600,0.0,0.0
2006-05-10 00:00:00-04:00,31.70106436856579,31.70106436856579,30.962957316394274,31.075550079345703,160400,0.0,0.0
2006-05-11 00:00:00-04:00,31.138106097281003,31.138106097281003,30.18732392206237,30.769052505493164,203300,0.0,0.0
2006-05-12 00:00:00-04:00,30.67522463144112,30.750285686138874,30.28114991851909,30.4312744140625,118000,0.0,0.0
2006-05-15 00:00:00-04:00,30.2748952844871,31.181889176778327,30.055963831816776,30.92542839050293,264400,0.0,0.0
2006-05-16 00:00:00-04:00,30.925431192243895,31.206913150522574,30.399998998839717,30.65645980834961,171200,0.0,0.0
2006-05-17 00:00:00-04:00,30.50008390004577,30.80658703414864,30.412512257773034,30.587657928466797,152900,0.0,0.0
2006-05-18 00:00:00-04:00,30.65645685500563,30.850367160060937,30.431273696224185,30.475059509277344,116700,0.0,0.0
2006-05-19 00:00:00-04:00,30.481317532151248,30.750288924806906,30.281153107777012,30.60016441345215,76500,0.0,0.0
2006-05-22 00:00:00-04:00,30.500078740194454,30.912918116886885,30.07473117627767,30.562631607055664,94600,0.0,0.0
2006-05-23 00:00:00-04:00,30.687740146228254,31.11934426292172,30.525105051023207,30.587657928466797,144500,0.0,0.0
2006-05-24 00:00:00-04:00,30.562629457011962,31.300736531014085,30.337443924448912,31.131847381591797,167100,0.0,0.0
2006-05-25 00:00:00-04:00,31.225679020591645,31.23818959545745,30.819096075119834,31.231935501098633,80700,0.0,0.0
2006-05-26 00:00:00-04:00,31.325766029906625,31.40082709872891,30.39374841294888,30.668973922729492,291300,0.0,0.0
2006-05-30 00:00:00-04:00,30.543862979992678,30.543862979992678,29.636866810356228,29.680652618408203,138400,0.0,0.0
2006-05-31 00:00:00-04:00,29.837036516267887,30.099751411512152,29.57431923487562,30.037200927734375,179700,0.0,0.0
2006-06-01 00:00:00-04:00,30.131026460431492,30.287405055022433,29.505512082067728,29.937118530273438,208200,0.0,0.0
2006-06-02 00:00:00-04:00,30.02469224198968,30.149795603560932,29.36164609596574,29.593088150024414,87800,0.0,0.0
2006-06-05 00:00:00-04:00,29.461728575669003,29.518024969580143,28.711113171718033,28.930042266845703,189900,0.0,0.0
2006-06-06 00:00:00-04:00,28.923786814653315,29.12395123112997,28.55473322437172,28.905019760131836,115700,0.0,0.0
2006-06-07 00:00:00-04:00,28.923785249305553,29.380410448814736,28.804935992977835,28.867488861083984,103000,0.0,0.0
2006-06-08 00:00:00-04:00,28.77365877950112,29.092670033455786,28.22946198809715,28.980079650878906,171900,0.0,0.0
2006-06-09 00:00:00-04:00,28.9675726148193,29.261562759140556,28.77366229253025,28.78617286682129,60400,0.0,0.0
2006-06-12 00:00:00-04:00,28.748643417895156,28.748643417895156,28.216957092285156,28.216957092285156,167200,0.0,0.0
2006-06-13 00:00:00-04:00,28.22319885390164,28.686080392421147,27.972994616068483,28.04805564880371,168400,0.0,0.0
2006-06-14 00:00:00-04:00,27.960500329144708,28.21070471268521,27.754079386228906,28.085603713989258,91500,0.0,0.0
2006-06-15 00:00:00-04:00,28.016785569948695,28.905014714754735,28.010529090817585,28.742382049560547,90700,0.0,0.0
2006-06-16 00:00:00-04:00,28.742400939102954,29.01137245096563,28.235733173144357,28.3358154296875,277000,0.0,0.0
2006-06-19 00:00:00-04:00,28.435883977022588,28.485926274242903,27.76658376166329,27.904197692871094,109700,0.0,0.0
2006-06-20 00:00:00-04:00,27.872921345106825,28.160657384271595,27.597693493603156,27.747817993164062,64800,0.0,0.0
2006-06-21 00:00:00-04:00,27.710285748257093,28.29201429557562,27.67901050739922,27.891685485839844,56400,0.0,0.0
2006-06-22 00:00:00-04:00,27.82913570225911,27.866665037770865,27.48510088574812,27.729053497314453,76300,0.0,0.0
2006-06-23 00:00:00-04:00,27.672758564527673,28.19819076468162,27.59769511725703,27.760330200195312,60800,0.0,0.0
2006-06-26 00:00:00-04:00,27.872918329857253,28.992587123943583,27.86666185055555,28.936290740966797,169800,0.0,0.0
2006-06-27 00:00:00-04:00,29.042622759785235,29.324104610178615,28.442129736377467,28.53595542907715,85200,0.0,0.0
2006-06-28 00:00:00-04:00,28.62980190829808,28.692352410299076,28.160665984844503,28.57975959777832,120900,0.0,0.0
2006-06-29 00:00:00-04:00,28.66733185427686,29.71819406205303,28.66733185427686,29.661897659301758,108100,0.0,0.0
2006-06-30 00:00:00-04:00,29.80576801999255,30.074739456176758,29.37416147134189,30.074739456176758,106800,0.0,0.0
2006-07-03 00:00:00-04:00,30.03094316589251,30.03094316589251,29.65563550694866,29.899585723876953,31700,0.0,0.0
2006-07-05 00:00:00-04:00,29.7119368631478,29.7119368631478,28.711114681164247,29.380414962768555,130700,0.0,0.0
2006-07-06 00:00:00-04:00,29.442960294364873,29.774482136643865,29.32411342675396,29.47423553466797,95300,0.0,0.0
2006-07-07 00:00:00-04:00,29.3991756439209,29.618104720852607,29.21152180852972,29.3991756439209,141300,0.0,0.0
2006-07-10 00:00:00-04:00,29.461725577976214,29.711932277933776,29.330368134265065,29.424196243286133,66400,0.0,0.0
2006-07-11 00:00:00-04:00,29.330369965458424,29.862058639526367,29.08641973015053,29.862058639526367,144900,0.0,0.0
2006-07-12 00:00:00-04:00,29.880821780344878,29.880821780344878,29.136460538083945,29.180246353149414,96000,0.0,0.0
2006-07-13 00:00:00-04:00,29.167738406118715,29.21777831949365,28.67983553036108,28.811195373535156,110600,0.0,0.0
2006-07-14 00:00:00-04:00,28.74863121895437,28.74863121895437,28.235709780839702,28.473405838012695,123900,0.0,0.0
2006-07-17 00:00:00-04:00,28.53596156189062,29.211518148022147,28.53596156189062,28.736125946044922,109700,0.0,0.0
2006-07-18 00:00:00-04:00,28.89250588867858,29.09892676182208,28.454647768945932,28.76114845275879,81200,0.0,0.0
2006-07-19 00:00:00-04:00,28.792424003094958,30.34369926360324,28.77365933666009,30.06847381591797,127100,0.0,0.0
2006-07-20 00:00:00-04:00,30.181067091214718,30.331191583646024,29.130202802639143,29.16147804260254,82800,0.0,0.0
2006-07-21 00:00:00-04:00,29.16148532621307,29.249056974442336,28.648563627028707,28.961320877075195,82900,0.0,0.0
2006-07-24 00:00:00-04:00,29.08641856576247,29.774483426837442,29.08641856576247,29.61185073852539,44600,0.0,0.0
2006-07-25 00:00:00-04:00,29.524286428866734,29.899594194131502,29.28033614282978,29.743215560913086,53900,0.0,0.0
2006-07-26 00:00:00-04:00,28.64855145415943,28.967565049899996,28.342050815590195,28.56097984313965,530000,0.0,0.0
2006-07-27 00:00:00-04:00,28.560988200276903,28.77366319761827,28.085598293004043,28.310781478881836,275400,0.0,0.0
2006-07-28 00:00:00-04:00,28.46801815925014,28.902021755369024,28.2604532040895,28.8265438079834,136800,0.25,0.0
2006-07-31 00:00:00-04:00,28.57495168210914,28.902026035079786,28.38625558600328,28.593820571899414,136600,0.0,0.0
2006-08-01 00:00:00-04:00,28.46802106624619,28.46802106624619,27.713236716514192,27.958541870117188,220000,0.0,0.0
2006-08-02 00:00:00-04:00,28.241579571984637,28.474304603638593,27.801287220644507,28.260448455810547,101300,0.0,0.0
2006-08-03 00:00:00-04:00,28.16611391272407,29.24168643979114,27.8956485731027,28.939769744873047,134800,0.0,0.0
2006-08-04 00:00:00-04:00,29.18507561523961,29.832933185688567,29.15362426182251,29.537307739257812,148400,0.0,0.0
2006-08-07 00:00:00-04:00,29.411509514820594,29.411509514820594,28.751071883086563,29.071857452392578,103900,0.0,0.0
2006-08-08 00:00:00-04:00,29.153620803383816,29.606493365571108,29.153620803383816,29.210229873657227,133800,0.0,0.0
2006-08-09 00:00:00-04:00,29.304586963000464,29.518443241307253,28.744787340215503,28.839134216308594,160800,0.0,0.0
2006-08-10 00:00:00-04:00,28.618982541005533,29.2857113497013,28.32964834831539,29.216522216796875,149800,0.0,0.0
2006-08-11 00:00:00-04:00,29.153631544899113,29.46812596242511,28.744790241756508,29.31087875366211,101400,0.0,0.0
2006-08-14 00:00:00-04:00,29.40521812438965,30.0027577961024,29.31086887118194,29.40521812438965,172700,0.0,0.0
2006-08-15 00:00:00-04:00,29.719715227914055,30.707227266815384,29.719715227914055,30.619169235229492,145700,0.0,0.0
2006-08-16 00:00:00-04:00,30.70722594428522,30.75754618839643,30.449340691718515,30.587718963623047,184300,0.0,0.0
2006-08-17 00:00:00-04:00,30.505944289128042,30.76382949539,30.342408323933018,30.631742477416992,71700,0.0,0.0
2006-08-18 00:00:00-04:00,30.713525507224777,30.713525507224777,29.795199998259523,30.468217849731445,102400,0.0,0.0
2006-08-21 00:00:00-04:00,30.455629142628574,30.468209203499452,30.00275894828328,30.430471420288086,142100,0.0,0.0
2006-08-22 00:00:00-04:00,30.36757705658183,30.543695543825994,30.040502608158942,30.222909927368164,49800,0.0,0.0
2006-08-23 00:00:00-04:00,30.285798995886882,30.474495076979466,29.58762133638357,29.66309928894043,131000,0.0,0.0
2006-08-24 00:00:00-04:00,29.75745852850754,29.845516569313936,29.424092860509784,29.75116729736328,73800,0.0,0.0
2006-08-25 00:00:00-04:00,29.625360442604958,29.707129627862013,29.260548322705944,29.392635345458984,59100,0.0,0.0
2006-08-28 00:00:00-04:00,29.398936494953208,29.656821797566757,29.22281800578661,29.317167282104492,91800,0.0,0.0
2006-08-29 00:00:00-04:00,29.247972552928,29.480697684204955,28.958638346540297,29.178783416748047,201600,0.0,0.0
2006-08-30 00:00:00-04:00,29.273127822229497,29.336025717747116,28.996371323389788,29.141040802001953,159400,0.0,0.0
2006-08-31 00:00:00-04:00,29.266845037531787,29.53731038521777,29.229107249092927,29.367483139038086,120800,0.0,0.0
2006-09-01 00:00:00-04:00,29.405219459533257,29.6568158799101,29.34232155413969,29.45553970336914,49000,0.0,0.0
2006-09-05 00:00:00-04:00,29.562471174365886,29.70713829856756,29.442964175956238,29.518442153930664,81300,0.0,0.0
2006-09-06 00:00:00-04:00,29.39263803905326,29.39263803905326,29.12217273944865,29.17249298095703,95200,0.0,0.0
2006-09-07 00:00:00-04:00,29.07813974704656,29.373765126934394,28.983792906236147,29.05927085876465,76900,0.0,0.0
2006-09-08 00:00:00-04:00,29.153624215987133,29.946151292584855,29.097015139087294,29.85809326171875,65600,0.0,0.0
2006-09-11 00:00:00-04:00,29.763752154977638,29.89583923746551,29.468126628017313,29.62537384033203,85600,0.0,0.0
2006-09-12 00:00:00-04:00,29.625364131912338,30.22290382277113,29.52472604498674,30.065656661987305,107800,0.0,0.0
2006-09-13 00:00:00-04:00,30.09710236767912,30.336118698120117,29.75745036056939,30.336118698120117,74900,0.0,0.0
2006-09-14 00:00:00-04:00,30.19145187103487,30.197740701104888,29.713421605479933,29.77631950378418,107900,0.0,0.0
2006-09-15 00:00:00-04:00,30.002754546945212,30.32982888340317,29.908405303955078,29.908405303955078,313300,0.0,0.0
2006-09-18 00:00:00-04:00,29.908416800315443,30.292100350169672,29.75116960115563,30.090824127197266,110100,0.0,0.0
2006-09-19 00:00:00-04:00,30.185169135330597,30.26064710841485,29.562469259031356,30.23548698425293,87800,0.0,0.0
2006-09-20 00:00:00-04:00,30.298386658034858,30.625461092964688,30.17259082870939,30.37386703491211,312900,0.0,0.0
2006-09-21 00:00:00-04:00,30.474503356867952,30.474503356867952,29.75116538351528,29.983890533447266,56100,0.0,0.0
2006-09-22 00:00:00-04:00,29.983887576289046,29.983887576289046,29.392639113362332,29.69455337524414,64900,0.0,0.0
2006-09-25 00:00:00-04:00,29.751159912360787,30.241772645559177,29.531014864990468,29.81406021118164,164200,0.0,0.0
2006-09-26 00:00:00-04:00,29.757456691019737,30.310965027453335,29.537309203195946,29.681976318359375,119900,0.0,0.0
2006-09-27 00:00:00-04:00,29.57505767872393,29.85181192450848,29.40523039174176,29.58134651184082,151000,0.0,0.0
2006-09-28 00:00:00-04:00,29.62536387392756,29.908409240753873,29.367478628463864,29.556177139282227,57100,0.0,0.0
2006-09-29 00:00:00-04:00,29.612781604396424,29.71341967478465,29.134748970501697,29.15361785888672,129900,0.0,0.0
2006-10-02 00:00:00-04:00,29.153625575302257,29.732296432748488,29.122176619869652,29.587629318237305,93500,0.0,0.0
2006-10-03 00:00:00-04:00,29.619075006919367,29.795191057438945,29.27313173651253,29.304580688476562,78100,0.0,0.0
2006-10-04 00:00:00-04:00,29.279416472116154,30.644322870950315,29.279416472116154,30.53739356994629,121100,0.0,0.0
2006-10-05 00:00:00-04:00,30.480784049407717,30.921076506953693,30.392726037778694,30.751249313354492,143500,0.0,0.0
2006-10-06 00:00:00-04:00,30.65690811242827,31.078329359730485,30.619167929329038,30.820444107055664,97700,0.0,0.0
2006-10-09 00:00:00-04:00,30.82044536071803,31.21670890147394,30.53739997446381,31.15380859375,80000,0.0,0.0
2006-10-10 00:00:00-04:00,31.090909083624638,31.399112177688416,31.009139887496964,31.147518157958984,80200,0.0,0.0
2006-10-11 00:00:00-04:00,31.153818623256456,31.323645909682345,30.820455282903136,31.02802276611328,91000,0.0,0.0
2006-10-12 00:00:00-04:00,31.185262431730816,31.883437907577168,31.185262431730816,31.858280181884766,68500,0.0,0.0
2006-10-13 00:00:00-04:00,31.858282272515325,32.285994829574534,31.858282272515325,32.13503646850586,67200,0.0,0.0
2006-10-16 00:00:00-04:00,32.05326469186466,32.23567199707031,31.76393045564977,32.23567199707031,67300,0.0,0.0
2006-10-17 00:00:00-04:00,32.078428560285616,32.12245758400445,31.877152337741858,32.05326843261719,77300,0.0,0.0
2006-10-18 00:00:00-04:00,32.109876066950086,32.392921491905334,31.814252978131698,31.908599853515625,99300,0.0,0.0
2006-10-19 00:00:00-04:00,31.921184539794922,31.98408246582679,31.763937325313172,31.921184539794922,132100,0.0,0.0
2006-10-20 00:00:00-04:00,32.009242387402466,32.0155336196059,31.638138867667863,31.877155303955078,96000,0.0,0.0
2006-10-23 00:00:00-04:00,31.870869697787295,32.292293551933376,31.795391693836688,32.12875747680664,125100,0.0,0.0
2006-10-24 00:00:00-04:00,32.09100956319316,32.70741831269652,32.08471833139104,32.594200134277344,70100,0.0,0.0
2006-10-25 00:00:00-04:00,32.70741962227676,33.09110319790394,32.63823046609455,33.059654235839844,153500,0.0,0.0
2006-10-26 00:00:00-04:00,33.116265996521044,33.487369537353516,32.94014747584317,33.487369537353516,136000,0.0,0.0
2006-10-27 00:00:00-04:00,33.48735805023228,33.59428497307004,32.94642740683771,32.98416519165039,69700,0.0,0.0
2006-10-30 00:00:00-05:00,32.79546995705956,33.242051351707325,32.73257204773505,33.17915344238281,72900,0.0,0.0
2006-10-31 00:00:00-05:00,33.12227733056119,33.27395453294855,32.648289387988285,32.97060012817383,81200,0.25,0.0
2006-11-01 00:00:00-05:00,33.021151304244995,33.217067136818514,32.69251946129589,32.863155364990234,121900,0.0,0.0
2006-11-02 00:00:00-05:00,32.80628892909671,33.103322176808874,32.6419741519368,32.976924896240234,87900,0.0,0.0
2006-11-03 00:00:00-05:00,33.134915898561665,33.17915457846677,32.61036810707645,32.81892395019531,136800,0.0,0.0
2006-11-06 00:00:00-05:00,32.96427543068517,33.969129784942595,32.78099954720051,33.71633529663086,138700,0.0,0.0
2006-11-07 00:00:00-05:00,33.65314518703838,34.146091894369654,33.615225282310035,33.95649719238281,165500,0.0,0.0
2006-11-08 00:00:00-05:00,33.87431701365676,34.22822866639872,33.766880968311064,34.114471435546875,94700,0.0,0.0
2006-11-09 00:00:00-05:00,34.114496302684984,34.12081749279886,33.07804292015408,33.32451629638672,64200,0.0,0.0
2006-11-10 00:00:00-05:00,33.248672863183856,33.583623553666484,33.07803692345859,33.552024841308594,45500,0.0,0.0
2006-11-13 00:00:00-05:00,33.5267440455982,33.58994387951723,33.21707329728998,33.412986755371094,101000,0.0,0.0
2006-11-14 00:00:00-05:00,33.431943875898675,34.209283658078256,33.31186541135894,34.14608383178711,94700,0.0,0.0
2006-11-15 00:00:00-05:00,34.24088668823242,34.499999981668296,34.02601207337142,34.24088668823242,64400,0.0,0.0
2006-11-16 00:00:00-05:00,34.34832265950472,34.367283815126896,34.057610655454404,34.19032669067383,93400,0.0,0.0
2006-11-17 00:00:00-05:00,34.19033330868301,34.19033330868301,33.93121996607848,34.0828971862793,25900,0.0,0.0
2006-11-20 00:00:00-05:00,34.120810299003566,34.25352633348211,33.81113714105982,33.96281433105469,68300,0.0,0.0
2006-11-21 00:00:00-05:00,34.03864967798775,34.25984305551156,33.92489239502493,34.15872573852539,30600,0.0,0.0
2006-11-22 00:00:00-05:00,34.12713443504726,34.12713443504726,33.82378241825725,33.905941009521484,21700,0.0,0.0
2006-11-24 00:00:00-05:00,33.7479383581213,33.842734488573925,33.49514385526022,33.72897720336914,14100,0.0,0.0
2006-11-27 00:00:00-05:00,33.602592308954854,33.64683341242776,32.70517607435358,32.78101348876953,113400,0.0,0.0
2006-11-28 00:00:00-05:00,32.7620381248749,33.412980624422985,32.7114782670169,33.356101989746094,70000,0.0,0.0
2006-11-29 00:00:00-05:00,33.495140447996555,33.69737506538247,33.04643254134824,33.53937911987305,34900,0.0,0.0
2006-11-30 00:00:00-05:00,33.482505847135364,33.58362317202786,33.24235129645549,33.24867248535156,93400,0.0,0.0
2006-12-01 00:00:00-05:00,33.17282846669332,33.25498461931056,32.351247653907194,32.863155364990234,59500,0.0,0.0
2006-12-04 00:00:00-05:00,32.989561116303285,34.165051593596885,32.964281180896954,34.03865432739258,88900,0.0,0.0
2006-12-05 00:00:00-05:00,34.026015087431645,34.18401107085939,33.75426180306974,33.868019104003906,73100,0.0,0.0
2006-12-06 00:00:00-05:00,33.76057186063097,33.92488899101284,33.67841570626679,33.735294342041016,30900,0.0,0.0
2006-12-07 00:00:00-05:00,33.73529261875474,33.80481121568614,32.88211312572398,33.01483154296875,103200,0.0,0.0
2006-12-08 00:00:00-05:00,33.17283356280112,33.37506820324895,32.83156170298524,33.04643630981445,61500,0.0,0.0
2006-12-11 00:00:00-05:00,33.04643330601023,33.30554656620823,32.99587344508045,33.16019058227539,53300,0.0,0.0
2006-12-12 00:00:00-05:00,33.16651035821989,33.48882345428592,32.68620371905777,33.008514404296875,48200,0.0,0.0
2006-12-13 00:00:00-05:00,33.115951387599964,33.33714474861549,33.10331142256667,33.299224853515625,49600,0.0,0.0
2006-12-14 00:00:00-05:00,33.425624000351235,34.08920653208994,33.03379470526799,33.05275344848633,64400,0.0,0.0
2006-12-15 00:00:00-05:00,33.05907119548885,33.292904510539735,32.83787543405004,33.096988677978516,139100,0.0,0.0
2006-12-18 00:00:00-05:00,33.17283653470883,33.36243122576081,32.736766093379245,32.90740203857422,75600,0.0,0.0
2006-12-19 00:00:00-05:00,32.780999040240346,33.0337935246426,32.67356295140686,32.89475631713867,49900,0.0,0.0
2006-12-20 00:00:00-05:00,32.957961679127685,33.50778700259793,32.926360555149664,33.17283630371094,37300,0.0,0.0
2006-12-21 00:00:00-05:00,33.15387817937217,33.608907405006605,32.78732873381027,33.05908203125,43400,0.0,0.0
2006-12-22 00:00:00-05:00,33.059080030592405,33.07171999840925,32.736766878331146,32.762046813964844,27700,0.0,0.0
2006-12-26 00:00:00-05:00,32.736763756711724,33.26131152236952,32.736763756711724,33.084354400634766,47200,0.0,0.0
2006-12-27 00:00:00-05:00,33.03380198379495,33.81114196777344,33.03380198379495,33.81114196777344,33200,0.0,0.0
2006-12-28 00:00:00-05:00,33.81113631753898,33.96913228163963,33.57098177707441,33.589942932128906,36300,0.0,0.0
2006-12-29 00:00:00-05:00,33.589942838334494,33.785856290342906,33.28658846658048,33.30554962158203,52000,0.0,0.0
2007-01-03 00:00:00-05:00,33.39402238986775,34.25352069988222,33.32450378967147,33.68473434448242,137300,0.0,0.0
2007-01-04 00:00:00-05:00,33.640494855830575,33.65313482017961,33.19810574692109,33.57097625732422,125100,0.0,0.0
2007-01-05 00:00:00-05:00,33.22338704355551,33.49514026118219,32.95795501377697,32.995872497558594,118600,0.0,0.0
2007-01-08 00:00:00-05:00,32.96428347230032,33.27395667548542,32.66725023769701,33.05908203125,53200,0.0,0.0
2007-01-09 00:00:00-05:00,33.12860068173847,33.36243650147958,32.692532582279206,33.343475341796875,42400,0.0,0.0
2007-01-10 00:00:00-05:00,33.18546205821779,33.52673382486126,33.052746063687465,33.36241912841797,89900,0.0,0.0
2007-01-11 00:00:00-05:00,33.46985976697881,34.17136213502964,33.444579837666204,33.68473434448242,309400,0.0,0.0
2007-01-12 00:00:00-05:00,33.6594594168933,34.37992304440131,33.58994321719381,34.10184860229492,104900,0.0,0.0
2007-01-16 00:00:00-05:00,34.17136812291561,34.405201482965175,34.00073218639495,34.00705337524414,228100,0.0,0.0
2007-01-17 00:00:00-05:00,33.91225589900534,34.13977048821063,33.55202526970603,33.621543884277344,174200,0.0,0.0
2007-01-18 00:00:00-05:00,33.52042619340344,34.127130150819475,33.39402893290163,33.57730484008789,256000,0.0,0.0
2007-01-19 00:00:00-05:00,33.665776786076385,34.063927248849026,33.57729944119954,33.84273147583008,53200,0.0,0.0
2007-01-22 00:00:00-05:00,33.899619304678794,34.65168176169469,33.520429892159555,34.329368591308594,197100,0.0,0.0
2007-01-23 00:00:00-05:00,34.34832315653786,34.759113645773326,34.18400840733999,34.285125732421875,83800,0.0,0.0
2007-01-24 00:00:00-05:00,34.37994011447443,34.632732338199084,34.30410027761155,34.607452392578125,59800,0.0,0.0
2007-01-25 00:00:00-05:00,34.58215897958787,34.613757691691546,33.86801651407418,34.051292419433594,91900,0.0,0.0
2007-01-26 00:00:00-05:00,34.14608617382514,34.17136610607552,33.59626090692811,33.96913146972656,47800,0.0,0.0
2007-01-29 00:00:00-05:00,33.886972263975274,34.22824411051601,33.77953617015337,34.16504669189453,80200,0.0,0.0
2007-01-30 00:00:00-05:00,34.16505124269616,34.39362044278617,34.03171618177538,34.247589111328125,31000,0.25,0.0
2007-01-31 00:00:00-05:00,34.126953660965626,34.215842082976714,33.5555246308546,33.777748107910156,143800,0.0,0.0
2007-02-01 00:00:00-05:00,33.9364724538671,34.56504185992213,33.9364724538671,34.45075607299805,59000,0.0,0.0
2007-02-02 00:00:00-05:00,34.57772833876023,34.61582439495721,34.20947615029582,34.539634704589844,42200,0.0,0.0
2007-02-05 00:00:00-05:00,34.53964791644607,34.53964791644607,33.72060056011445,33.904727935791016,68100,0.0,0.0
2007-02-06 00:00:00-05:00,33.94283076863781,34.228545321645505,33.84124364112709,34.18410110473633,44800,0.0,0.0
2007-02-07 00:00:00-05:00,34.16505542322702,34.526959728521426,33.76505503557542,34.43172073364258,71400,0.0,0.0
2007-02-08 00:00:00-05:00,34.34917159932123,34.469807951414204,34.03171159407047,34.35552215576172,44600,0.0,0.0
2007-02-09 00:00:00-05:00,34.298372879363235,34.501547051176594,33.79043744982983,34.069801330566406,56400,0.0,0.0
2007-02-12 00:00:00-05:00,33.98727213049524,34.063464286248994,33.6761626382653,33.86663818359375,46300,0.0,0.0
2007-02-13 00:00:00-05:00,34.025369039600655,34.20949645412844,33.682511596416774,34.0634651184082,100800,0.0,0.0
2007-02-14 00:00:00-05:00,34.09521516493113,34.62854822888194,34.088864606606336,34.29838943481445,275400,0.0,0.0
2007-02-15 00:00:00-05:00,34.171398002156124,34.958699955305434,33.96822377334879,34.87615966796875,89500,0.0,0.0
2007-02-16 00:00:00-05:00,34.87615283406236,34.971391794791124,34.19043812968103,34.93964385986328,107600,0.0,0.0
2007-02-20 00:00:00-05:00,34.75552318660283,35.111076850018264,34.495206073590374,34.93330001831055,113800,0.0,0.0
2007-02-21 00:00:00-05:00,33.74600348428892,35.339651831839326,33.56187607836461,35.09203338623047,196900,0.0,0.0
2007-02-22 00:00:00-05:00,35.21900928100233,37.27614849721597,34.9015493161028,36.85710144042969,324800,0.0,0.0
2007-02-23 00:00:00-05:00,36.72377176171766,38.22853143703651,36.47615335689617,37.003135681152344,493800,0.0,0.0
2007-02-26 00:00:00-05:00,37.034889789999774,37.034889789999774,35.80314327269451,36.361873626708984,174100,0.0,0.0
2007-02-27 00:00:00-05:00,36.20314259204075,36.42536364717715,35.0856819152832,35.0856819152832,153000,0.0,0.0
2007-02-28 00:00:00-05:00,35.060288653325465,35.606320326168984,34.984096497560344,35.30790710449219,183400,0.0,0.0
2007-03-01 00:00:00-05:00,35.219010673583156,35.83488138286156,34.679327258698166,35.44758224487305,205100,0.0,0.0
2007-03-02 00:00:00-05:00,35.41585189209017,35.41585189209017,34.857123798247606,34.88251876831055,155600,0.0,0.0
2007-03-05 00:00:00-05:00,34.76187384714217,35.37139653331222,34.723777770996094,34.723777770996094,188400,0.0,0.0
2007-03-06 00:00:00-05:00,35.174578064041086,35.98727509913455,35.111084594406776,35.68886184692383,198700,0.0,0.0
2007-03-07 00:00:00-05:00,35.68885552943643,35.803141332519594,35.26980839214075,35.403141021728516,138200,0.0,0.0
2007-03-08 00:00:00-05:00,35.61901695092179,35.74600145643161,35.263463241927894,35.51108169555664,151800,0.0,0.0
2007-03-09 00:00:00-05:00,35.777740956560244,35.777740956560244,35.40313806046052,35.771392822265625,134200,0.0,0.0
2007-03-12 00:00:00-04:00,35.73964983296954,36.3491724934952,35.73964983296954,35.88568115234375,94700,0.0,0.0
2007-03-13 00:00:00-04:00,35.7269517417048,35.7269517417048,35.02219009399414,35.02219009399414,152000,0.0,0.0
2007-03-14 00:00:00-04:00,34.94599992843535,35.43488865471284,34.53965148634178,35.33330154418945,93800,0.0,0.0
2007-03-15 00:00:00-04:00,35.3332981253001,35.498376255667054,35.072981028395745,35.36504364013672,58500,0.0,0.0
2007-03-16 00:00:00-04:00,35.3650560151733,35.3650560151733,34.93965821701811,35.219024658203125,170200,0.0,0.0
2007-03-19 00:00:00-04:00,35.377745645667744,35.841236987392534,35.377745645667744,35.542823791503906,114500,0.0,0.0
2007-03-20 00:00:00-04:00,35.53648236385791,35.85394244594482,35.14283011820982,35.68886184692383,117800,0.0,0.0
2007-03-21 00:00:00-04:00,35.75869610548486,36.825361955900746,35.688854514250956,36.57774353027344,224400,0.0,0.0
2007-03-22 00:00:00-04:00,36.73648615554678,37.02854889007897,36.50791447738121,36.825374603271484,169800,0.0,0.0
2007-03-23 00:00:00-04:00,36.82536267816777,37.31425140436609,36.69203004975762,37.155521392822266,154100,0.0,0.0
2007-03-26 00:00:00-04:00,37.149173390212276,37.15552394744621,36.393619355245626,37.09838104248047,169100,0.0,0.0
2007-03-27 00:00:00-04:00,37.047576965949624,37.047576965949624,36.4951973047301,36.6666259765625,163600,0.0,0.0
2007-03-28 00:00:00-04:00,36.57139682501114,36.90155556795984,36.349175758616816,36.40631866455078,242200,0.0,0.0
2007-03-29 00:00:00-04:00,36.565045189944975,37.02218839366213,36.5523464985053,36.95234680175781,136000,0.0,0.0
2007-03-30 00:00:00-04:00,37.04758205467433,37.30155103050158,36.71107522042674,37.238059997558594,125100,0.0,0.0
2007-04-02 00:00:00-04:00,37.238070767955705,37.803149359480415,37.238070767955705,37.758705139160156,125500,0.0,0.0
2007-04-03 00:00:00-04:00,37.88567775175721,38.13964673742321,37.86663092554197,38.06980514526367,77900,0.0,0.0
2007-04-04 00:00:00-04:00,37.98726693376295,38.15869321217667,37.695201876328795,38.019012451171875,198200,0.0,0.0
2007-04-05 00:00:00-04:00,38.076156573007275,38.12694891808569,37.96821890392045,38.0952033996582,38800,0.0,0.0
2007-04-09 00:00:00-04:00,38.05711424059152,38.14600509918188,37.472988844881456,37.707908630371094,68500,0.0,0.0
2007-04-10 00:00:00-04:00,37.739637184720564,38.06344768319729,37.61900327820546,37.809478759765625,73500,0.0,0.0
2007-04-11 00:00:00-04:00,37.81583064029162,37.81583064029162,37.28249782001524,37.48567199707031,130300,0.0,0.0
2007-04-12 00:00:00-04:00,37.38410207653979,37.77775192260742,37.04124458704781,37.77775192260742,62400,0.0,0.0
2007-04-13 00:00:00-04:00,37.84122852421575,37.90472197322588,37.45392938437741,37.650753021240234,205500,0.0,0.0
2007-04-16 00:00:00-04:00,37.77774209423626,37.942820237695344,37.61266395077717,37.885677337646484,60900,0.0,0.0
2007-04-17 00:00:00-04:00,37.885677337646484,37.942820237695344,37.56186918538808,37.885677337646484,55800,0.0,0.0
2007-04-18 00:00:00-04:00,37.796791555512534,38.02536317164446,37.73330051637718,37.790443420410156,66100,0.0,0.0
2007-04-19 00:00:00-04:00,38.33013010833416,38.33013010833416,37.441243320684734,37.707908630371094,92400,0.0,0.0
2007-04-20 00:00:00-04:00,38.22218451638283,38.22218451638283,37.853929753501504,37.93647003173828,144300,0.0,0.0
2007-04-23 00:00:00-04:00,37.93647253932369,38.05710647546854,37.63171120956743,37.89837646484375,70000,0.0,0.0
2007-04-24 00:00:00-04:00,37.84758161918833,38.006311619321124,37.796786856572595,37.93647003173828,127700,0.0,0.0
2007-04-25 00:00:00-04:00,37.93647886997285,38.22219342118162,37.536478498280566,38.01266860961914,142200,0.0,0.0
2007-04-26 00:00:00-04:00,38.01901578689147,38.09520551976318,37.68250649115457,38.02536392211914,85800,0.0,0.0
2007-04-27 00:00:00-04:00,38.02535376691213,38.28676203991308,37.585423482743714,37.929718017578125,120300,0.25,0.0
2007-04-30 00:00:00-04:00,38.025358879983095,38.14012374035973,37.464286499495145,37.56629943847656,219500,0.0,0.0
2007-05-01 00:00:00-04:00,37.56630379431918,38.299523550389495,37.540802380752154,38.22938919067383,122500,0.0,0.0
2007-05-02 00:00:00-04:00,38.229386983467094,38.618312096031346,37.99348250437321,38.24851608276367,183400,0.0,0.0
2007-05-03 00:00:00-04:00,38.24852231862454,38.26127181066027,37.80221469976754,37.98711395263672,95300,0.0,0.0
2007-05-04 00:00:00-04:00,38.05723746738098,38.05723746738098,37.483415597678125,37.56629943847656,196200,0.0,0.0
2007-05-07 00:00:00-04:00,37.661942775409784,37.661942775409784,37.41328635470099,37.47066879272461,185200,0.0,0.0
2007-05-08 00:00:00-04:00,37.55354858313882,37.69381484902297,37.40690270851867,37.617305755615234,273500,0.0,0.0
2007-05-09 00:00:00-04:00,37.52167466353459,37.64919146479284,37.15825336086602,37.483421325683594,155600,0.0,0.0
2007-05-10 00:00:00-04:00,37.42603564995054,37.42603564995054,36.699193107474095,36.75019836425781,144700,0.0,0.0
2007-05-11 00:00:00-04:00,36.839460844053804,37.553553924698264,36.839460844053804,37.540802001953125,100300,0.0,0.0
2007-05-14 00:00:00-04:00,37.70019378409281,37.719320450291846,37.03710845781574,37.12636947631836,161000,0.0,0.0
2007-05-15 00:00:00-04:00,37.158251493666434,37.34952790203253,36.354899820814985,36.43778610229492,136800,0.0,0.0
2007-05-16 00:00:00-04:00,36.43778097908972,36.53341673764568,36.08710923451056,36.3166389465332,184300,0.0,0.0
2007-05-17 00:00:00-04:00,36.2975114265888,36.584423559861406,36.0679817199707,36.0679817199707,106200,0.0,0.0
2007-05-18 00:00:00-04:00,36.08711067448315,36.578048704303505,35.825702365844286,36.361270904541016,125300,0.0,0.0
2007-05-21 00:00:00-04:00,36.31664363290478,37.26026401240213,36.31664363290478,36.877716064453125,167200,0.0,0.0
2007-05-22 00:00:00-04:00,36.909590628370886,37.50891876220703,36.69281283293275,37.50891876220703,161100,0.0,0.0
2007-05-23 00:00:00-04:00,37.5089156498183,37.64918190662974,36.96059524613881,37.011600494384766,142900,0.0,0.0
2007-05-24 00:00:00-04:00,36.94785196332932,37.260265566341424,36.59080541342056,36.80120849609375,189400,0.0,0.0
2007-05-25 00:00:00-04:00,36.83946198913003,37.04348789503285,36.48879261537084,36.72469711303711,144200,0.0,0.0
2007-05-29 00:00:00-04:00,36.884095586361774,37.49617578740115,36.884095586361774,37.362281799316406,152300,0.0,0.0
2007-05-30 00:00:00-04:00,37.202881006446354,37.59818330306923,37.075366647205946,37.39415740966797,111500,0.0,0.0
2007-05-31 00:00:00-04:00,37.40052478798652,37.57267205766988,36.90958681863326,37.07535934448242,107800,0.0,0.0
2007-06-01 00:00:00-04:00,37.16463776589757,37.75758893970386,36.95423463807803,37.58544158935547,241200,0.0,0.0
2007-06-04 00:00:00-04:00,37.4260388205011,37.508925105999396,37.10087085625891,37.38778305053711,70200,0.0,0.0
2007-06-05 00:00:00-04:00,37.22838180302356,37.22838180302356,36.69919044539898,37.113616943359375,50200,0.0,0.0
2007-06-06 00:00:00-04:00,36.954225800386034,36.954225800386034,36.35490002308866,36.67369079589844,62200,0.0,0.0
2007-06-07 00:00:00-04:00,36.51429729424575,36.51429729424575,35.672689805161276,35.74919891357422,84600,0.0,0.0
2007-06-08 00:00:00-04:00,35.68543474361733,36.233755182974754,35.64080423643058,36.195499420166016,59900,0.0,0.0
2007-06-11 00:00:00-04:00,36.08711713680548,36.3485254922562,35.62806004441688,36.21463394165039,49200,0.0,0.0
2007-06-12 00:00:00-04:00,36.05523540781474,36.061612585201765,35.30926617744932,35.577049255371094,72300,0.0,0.0
2007-06-13 00:00:00-04:00,35.70455845685654,36.02334915736419,34.60154292496168,35.455902099609375,347900,0.0,0.0
2007-06-14 00:00:00-04:00,35.538791820542066,36.316639551579954,35.532414643890625,36.112613677978516,100700,0.0,0.0
2007-06-15 00:00:00-04:00,36.82032334293921,37.1454887646398,36.34213732549844,36.46965408325195,122000,0.0,0.0
2007-06-18 00:00:00-04:00,36.60356037774993,36.60356037774993,35.80658335991686,36.02336120605469,80500,0.0,0.0
2007-06-19 00:00:00-04:00,35.863965802488075,36.06161697849578,35.71094514490456,36.02336120605469,39000,0.0,0.0
2007-06-20 00:00:00-04:00,36.048848093502315,36.157235749484826,35.07972420392472,35.111602783203125,59900,0.0,0.0
2007-06-21 00:00:00-04:00,35.15624183147874,35.15624183147874,34.48040703055027,34.805572509765625,175800,0.0,0.0
2007-06-22 00:00:00-04:00,34.80557673229532,34.90121493717436,34.5632950635342,34.58242416381836,151800,0.0,0.0
2007-06-25 00:00:00-04:00,34.52504199741778,34.53141674277531,33.91296185932869,34.16799545288086,98300,0.0,0.0
2007-06-26 00:00:00-04:00,34.32739057226132,34.74181955049636,34.040478389804804,34.58242416381836,267700,0.0,0.0
2007-06-27 00:00:00-04:00,34.442154952421845,35.156245593511024,34.410276361978504,34.92671585083008,167900,0.0,0.0
2007-06-28 00:00:00-04:00,35.00322957285241,35.17537445843494,34.52504338979257,34.646183013916016,125700,0.0,0.0
2007-06-29 00:00:00-04:00,34.805584291923566,35.20088425573196,34.65894079619112,34.70357131958008,99300,0.0,0.0
2007-07-02 00:00:00-04:00,34.875707619384144,35.392147064208984,34.61429930854506,35.392147064208984,82200,0.0,0.0
2007-07-03 00:00:00-04:00,35.392143931212146,35.411273027898474,35.06697847370613,35.283756256103516,65900,0.0,0.0
2007-07-05 00:00:00-04:00,35.28375657091842,35.51328627576127,35.028723025053004,35.398521423339844,81400,0.0,0.0
2007-07-06 00:00:00-04:00,35.32201163197042,35.61529850137328,35.0861047554602,35.290130615234375,82200,0.0,0.0
2007-07-09 00:00:00-04:00,35.28375657091842,35.58342062248326,35.10523454812071,35.398521423339844,112600,0.0,0.0
2007-07-10 00:00:00-04:00,35.13074542369804,35.37302711434018,34.56967536308996,35.003231048583984,134900,0.0,0.0
2007-07-11 00:00:00-04:00,34.971342098446875,35.32838859153292,34.824698654549096,35.1052360534668,85300,0.0,0.0
2007-07-12 00:00:00-04:00,35.283753452619386,35.857577664013206,35.2518748702486,35.844825744628906,79600,0.0,0.0
2007-07-13 00:00:00-04:00,35.761939713172616,36.35489059134076,35.67267870909224,35.86395263671875,112000,0.0,0.0
2007-07-16 00:00:00-04:00,37.30489435736789,40.41629291372169,37.30489435736789,39.045494079589844,1178900,0.0,0.0
2007-07-17 00:00:00-04:00,39.08374787764684,40.07837595466691,39.03274261923022,39.82971954345703,468300,0.0,0.0
2007-07-18 00:00:00-04:00,39.62569606586381,40.4864302237323,39.60656696463114,40.35891342163086,325700,0.0,0.0
2007-07-19 00:00:00-04:00,40.269638516457995,41.18137762175397,40.269638516457995,41.03473663330078,221800,0.0,0.0
2007-07-20 00:00:00-04:00,40.94548871453946,41.37266719388941,40.80521999251737,41.098506927490234,394400,0.0,0.0
2007-07-23 00:00:00-04:00,42.335410591499446,42.335410591499446,41.33440787792259,41.5958137512207,318800,0.0,0.0
2007-07-24 00:00:00-04:00,41.442797842976915,42.18239472399094,40.98373838088005,41.45554733276367,588800,0.0,0.0
2007-07-25 00:00:00-04:00,42.07399835308836,42.75621030725114,41.64044277426976,42.15688705444336,507900,0.0,0.0
2007-07-26 00:00:00-04:00,41.442803028325734,42.36729438090534,41.283407632062946,41.933738708496094,733500,0.0,0.0
2007-07-27 00:00:00-04:00,41.38333636080361,41.93374429125862,40.800920872004255,41.044124603271484,507800,0.25,0.0
2007-07-30 00:00:00-04:00,41.02490831747811,41.57532090768889,40.39129564099667,41.40251922607422,422000,0.0,0.0
2007-07-31 00:00:00-04:00,41.63292804044483,41.90173284789282,41.101715052211105,41.748130798339844,368400,0.0,0.0
2007-08-01 00:00:00-04:00,41.70972402651931,42.00412997104715,40.68570228839621,41.37691879272461,678900,0.0,0.0
2007-08-02 00:00:00-04:00,41.53692257927699,41.914528613681284,41.09531121850106,41.8889274597168,230200,0.0,0.0
2007-08-03 00:00:00-04:00,41.805734224669756,42.004137096767344,39.98169443124548,40.352901458740234,306900,0.0,0.0
2007-08-06 00:00:00-04:00,40.57690908087917,41.31292652938685,39.296880434055986,41.03131866455078,451800,0.0,0.0
2007-08-07 00:00:00-04:00,40.85851365007286,42.43295070826072,40.83931400203938,42.202545166015625,318500,0.0,0.0
2007-08-08 00:00:00-04:00,42.375355752727415,44.058591982652366,42.375355752727415,43.14977264404297,646300,0.0,0.0
2007-08-09 00:00:00-04:00,42.810548396646524,45.88901506055557,41.959328359637425,42.0809326171875,1019800,0.0,0.0
2007-08-10 00:00:00-04:00,42.080939529216735,42.669751503579896,41.30012131485964,41.607330322265625,578800,0.0,0.0
2007-08-13 00:00:00-04:00,41.92093585777517,42.26654415919443,41.1145164877969,41.14011764526367,308000,0.0,0.0
2007-08-14 00:00:00-04:00,41.21691425470103,41.88892621535269,40.90970529917406,41.42171859741211,295900,0.0,0.0
2007-08-15 00:00:00-04:00,41.17212423760398,41.96574066304044,40.9289181014072,41.108123779296875,357000,0.0,0.0
2007-08-16 00:00:00-04:00,40.7689134920522,41.837738697503234,39.0664754642789,41.34492492675781,619200,0.0,0.0
2007-08-17 00:00:00-04:00,41.34492314361064,42.61855024387228,40.31450216295919,40.352901458740234,365100,0.0,0.0
2007-08-20 00:00:00-04:00,40.54490452718172,41.652131403710065,40.45530291670215,41.588130950927734,227500,0.0,0.0
2007-08-21 00:00:00-04:00,41.40891696099338,41.40891696099338,40.071289621169456,40.224891662597656,328700,0.0,0.0
2007-08-22 00:00:00-04:00,40.64090558153191,41.389721095148786,40.42330063509048,41.21051788330078,166800,0.0,0.0
2007-08-23 00:00:00-04:00,41.42171383625461,41.511315420709046,40.359290515011914,40.64089584350586,182300,0.0,0.0
2007-08-24 00:00:00-04:00,40.58330297800797,41.95293550639244,40.58330297800797,41.58172607421875,178000,0.0,0.0
2007-08-27 00:00:00-04:00,41.53052155630372,41.80572786099308,40.96090930195705,41.351318359375,128600,0.0,0.0
2007-08-28 00:00:00-04:00,41.14011737404102,41.14011737404102,40.14809572262053,40.16089630126953,114400,0.0,0.0
2007-08-29 00:00:00-04:00,40.237698869564525,40.41690453603893,39.96249252174464,40.26969909667969,165100,0.0,0.0
2007-08-30 00:00:00-04:00,39.80249432830821,40.333707447821794,39.520888873560274,39.783294677734375,143800,0.0,0.0
2007-08-31 00:00:00-04:00,40.16089657037049,40.60890706024446,39.71928759059428,40.23769760131836,86000,0.0,0.0
2007-09-04 00:00:00-04:00,40.22489693637384,41.076117109456135,39.87288956703469,40.88411331176758,105500,0.0,0.0
2007-09-05 00:00:00-04:00,40.58970737837057,40.74331189083577,39.85369236843139,39.88569259643555,123200,0.0,0.0
2007-09-06 00:00:00-04:00,39.93689129913932,40.89051119122594,39.93689129913932,40.60890579223633,81400,0.0,0.0
2007-09-07 00:00:00-04:00,40.128901961266045,40.1609021918518,38.82327204509423,39.00887680053711,192300,0.0,0.0
2007-09-10 00:00:00-04:00,39.23927580054155,39.62328338623047,38.49045783454927,39.62328338623047,253700,0.0,0.0
2007-09-11 00:00:00-04:00,39.77048928415498,41.90813964293625,39.77048928415498,41.69693374633789,343100,0.0,0.0
2007-09-12 00:00:00-04:00,41.6265164061285,42.22813120468636,41.165705486630564,41.53691482543945,174800,0.0,0.0
2007-09-13 00:00:00-04:00,41.65852918234008,42.676154476514924,41.26172343436943,42.05533981323242,189300,0.0,0.0
2007-09-14 00:00:00-04:00,41.55613316970807,41.88893849306406,41.44093038798443,41.703338623046875,115500,0.0,0.0
2007-09-17 00:00:00-04:00,41.67131719647303,41.90812416424834,41.370509797194096,41.53691482543945,154200,0.0,0.0
2007-09-18 00:00:00-04:00,41.677722295179336,43.16895152107594,41.280911772998415,42.88094711303711,222800,0.0,0.0
2007-09-19 00:00:00-04:00,43.04095951623956,44.06498136829445,42.96415604623994,43.46337127685547,196300,0.0,0.0
2007-09-20 00:00:00-04:00,43.33536234902395,44.20578208084159,43.09215870272118,43.776973724365234,134500,0.0,0.0
2007-09-21 00:00:00-04:00,44.16098586496085,44.76899748529533,43.13696398090838,43.252166748046875,257700,0.0,0.0
2007-09-24 00:00:00-04:00,43.28415290787976,43.42495679466911,41.49851293826248,41.95932388305664,269700,0.0,0.0
2007-09-25 00:00:00-04:00,41.632925447985585,41.972132190965034,40.404096920777455,41.37691879272461,181300,0.0,0.0
2007-09-26 00:00:00-04:00,41.56892257366716,41.709726486511194,40.39129872610089,41.28091812133789,227100,0.0,0.0
2007-09-27 00:00:00-04:00,41.383313378301274,41.46011194398626,40.76889799676137,41.01210403442383,78000,0.0,0.0
2007-09-28 00:00:00-04:00,40.84571395839621,40.94171708357124,40.2697000902678,40.532108306884766,79300,0.0,0.0
2007-10-01 00:00:00-04:00,40.436100135752675,41.1209151815923,40.128893591573636,41.095314025878906,153800,0.0,0.0
2007-10-02 00:00:00-04:00,40.9609130698469,41.16571743987929,40.35289902817423,40.85211181640625,169100,0.0,0.0
2007-10-03 00:00:00-04:00,40.60891608331159,41.101727487526745,40.352909334654456,40.89692306518555,122800,0.0,0.0
2007-10-04 00:00:00-04:00,41.07611321600886,42.119334646436,40.749704593562655,41.31931686401367,167100,0.0,0.0
2007-10-05 00:00:00-04:00,41.70973069675345,42.56095088638227,41.61372757531262,42.228145599365234,138100,0.0,0.0
2007-10-08 00:00:00-04:00,42.24094235370308,42.24094235370308,41.325721740722656,41.325721740722656,104300,0.0,0.0
2007-10-09 00:00:00-04:00,41.52413029552144,43.175368531197456,41.47932948523203,42.54175567626953,147200,0.0,0.0
2007-10-10 00:00:00-04:00,42.30493964884898,42.73374801127531,41.94013173287237,42.445743560791016,132200,0.0,0.0
2007-10-11 00:00:00-04:00,42.62494583824057,42.682549656838965,41.306518114911334,41.504920959472656,179500,0.0,0.0
2007-10-12 00:00:00-04:00,41.15290908289131,41.549714704640905,40.34648993988127,40.64089584350586,201100,0.0,0.0
2007-10-15 00:00:00-04:00,40.80091281914505,40.90971408142821,39.70648892006447,39.892093658447266,206900,0.0,0.0
2007-10-16 00:00:00-04:00,39.86648885999303,40.11609403087605,39.360877008406035,39.90488815307617,127200,0.0,0.0
2007-10-17 00:00:00-04:00,40.32089693962659,40.32089693962659,39.5848795903349,39.95608901977539,166000,0.0,0.0
2007-10-18 00:00:00-04:00,39.84088807396501,40.46170269349341,39.757685535743725,40.045692443847656,140500,0.0,0.0
2007-10-19 00:00:00-04:00,39.975287454456726,40.506500427086834,39.16246910494421,39.68088150024414,266300,0.0,0.0
2007-10-22 00:00:00-04:00,39.680889309048005,40.88411695880241,39.48888549423191,40.66011047363281,91100,0.0,0.0
2007-10-23 00:00:00-04:00,39.034473038058465,40.03929528876866,38.26645539356728,39.79608917236328,566700,0.0,0.0
2007-10-24 00:00:00-04:00,39.65527644828491,40.47449622668029,38.65685592926028,39.27766799926758,204900,0.0,0.0
2007-10-25 00:00:00-04:00,39.39287885035737,39.655284610194414,38.79126629990338,39.17527389526367,273300,0.0,0.0
2007-10-26 00:00:00-04:00,39.8114905121904,40.756168269436806,39.52230244304416,40.113529205322266,158400,0.25,0.0
2007-10-29 00:00:00-04:00,40.24204610071546,40.81399431340706,40.04925492642781,40.28060531616211,168600,0.0,0.0
2007-10-30 00:00:00-04:00,40.3834400085498,40.807581704585765,39.73437561441656,40.30632400512695,131100,0.0,0.0
2007-10-31 00:00:00-04:00,40.62764304984627,41.50805544349391,39.856475670616895,40.698333740234375,137900,0.0,0.0
2007-11-01 00:00:00-04:00,40.203494614893124,40.53766717155117,39.68938148066652,39.74721908569336,263700,0.0,0.0
2007-11-02 00:00:00-04:00,40.164942310466934,40.164942310466934,37.38874169408534,37.88999938964844,357800,0.0,0.0
2007-11-05 00:00:00-05:00,37.093113189679165,37.18308223155183,36.35407757177226,36.53401565551758,377500,0.0,0.0
2007-11-06 00:00:00-05:00,36.44406590451083,36.739679327561056,35.21662521608819,35.53794479370117,536200,0.0,0.0
2007-11-07 00:00:00-05:00,35.17163082923249,37.27306057295336,34.88244280000977,36.01348876953125,604600,0.0,0.0
2007-11-08 00:00:00-05:00,36.43120384424366,37.95426003164438,35.615052024171604,37.51083755493164,509100,0.0,0.0
2007-11-09 00:00:00-05:00,37.07385280288074,38.10850225792662,36.72040174997953,37.68436050415039,469600,0.0,0.0
2007-11-12 00:00:00-05:00,37.69078383276229,38.09564469680392,36.72682519204176,36.95174789428711,263500,0.0,0.0
2007-11-13 00:00:00-05:00,37.22806551129604,37.941394964464614,36.945305324627455,37.7421760559082,187200,0.0,0.0
2007-11-14 00:00:00-05:00,37.909276184581444,37.909276184581444,36.50189518722706,36.9260368347168,198400,0.0,0.0
2007-11-15 00:00:00-05:00,36.688262242915826,36.85534731171304,35.801419696984944,35.94922637939453,455900,0.0,0.0
2007-11-16 00:00:00-05:00,35.89138655233809,35.89138655233809,33.295126900094665,33.751399993896484,883500,0.0,0.0
2007-11-19 00:00:00-05:00,33.55217991123703,34.70250425163554,31.88774488703485,34.56112289428711,863100,0.0,0.0
2007-11-20 00:00:00-05:00,34.56112807077949,36.15487265501514,34.30407391611318,34.55470275878906,727200,0.0,0.0
2007-11-21 00:00:00-05:00,34.284793154837374,34.39404307070991,33.01879586313661,33.2372932434082,291700,0.0,0.0
2007-11-23 00:00:00-05:00,33.430086127439345,34.16911961826706,32.82600625865753,33.34654235839844,70100,0.0,0.0
2007-11-26 00:00:00-05:00,33.520050177419186,33.520050177419186,31.007331782818618,31.842761993408203,486200,0.0,0.0
2007-11-27 00:00:00-05:00,32.00984475571162,33.21800413262226,31.829904195225005,32.980228424072266,603200,0.0,0.0
2007-11-28 00:00:00-05:00,33.0702077762707,33.73855303425534,31.784929565441928,31.99057388305664,550900,0.0,0.0
2007-11-29 00:00:00-05:00,31.810635848523912,35.50581071981709,30.139775148180803,33.603599548339844,2009200,0.0,0.0
2007-11-30 00:00:00-05:00,33.982756920123194,35.16521298395422,32.00342727897127,32.60750961303711,1048700,0.0,0.0
2007-12-03 00:00:00-05:00,32.49182425477786,33.09590394918418,30.955915196733827,31.00090217590332,762200,0.0,0.0
2007-12-04 00:00:00-05:00,30.885235820099822,30.885235820099822,29.74133656281743,29.863439559936523,576400,0.0,0.0
2007-12-05 00:00:00-05:00,30.255432565220794,30.332548526357893,28.019047628995153,28.87375831604004,897200,0.0,0.0
2007-12-06 00:00:00-05:00,28.835208749285822,30.416102415655104,28.725961305443093,30.030517578125,337300,0.0,0.0
2007-12-07 00:00:00-05:00,30.165474888090603,30.801688600162702,29.760614068245324,30.788835525512695,480300,0.0,0.0
2007-12-10 00:00:00-05:00,30.923782453475162,31.386483235052005,30.608890772714208,31.167985916137695,353600,0.0,0.0
2007-12-11 00:00:00-05:00,31.380061431345244,31.46360273065291,30.049796535664377,30.120487213134766,317800,0.0,0.0
2007-12-12 00:00:00-05:00,31.084441535489407,31.29651353984213,27.65274986279838,28.5267391204834,683900,0.0,0.0
2007-12-13 00:00:00-05:00,28.22469458702292,28.84805500015571,27.813406152100338,28.571720123291016,598800,0.0,0.0
2007-12-14 00:00:00-05:00,28.218285990255893,28.218285990255893,26.39961840531084,27.157930374145508,594500,0.0,0.0
2007-12-17 00:00:00-05:00,26.939421739711285,27.292875098886487,26.3160636684274,26.810895919799805,391800,0.0,0.0
2007-12-18 00:00:00-05:00,27.42782757973453,27.74914701956134,26.875157750996767,27.466386795043945,411300,0.0,0.0
2007-12-19 00:00:00-05:00,27.28002623777,27.440685988932984,24.227490965673226,24.773733139038086,1597800,0.0,0.0
2007-12-20 00:00:00-05:00,24.921538502560963,24.934391576153434,22.910080289065366,23.115724563598633,1060200,0.0,0.0
2007-12-21 00:00:00-05:00,23.3406530476991,24.503830757633523,23.12215564504495,24.15680503845215,1302000,0.0,0.0
2007-12-24 00:00:00-05:00,24.18250510505219,24.407427763754036,23.719804262610538,23.867610931396484,289800,0.0,0.0
2007-12-26 00:00:00-05:00,23.668392311754122,23.906168022842863,22.955062727015,23.302085876464844,245900,0.0,0.0
2007-12-27 00:00:00-05:00,23.289234607360104,23.82905137661433,22.92935594403301,23.051456451416016,257800,0.0,0.0
2007-12-28 00:00:00-05:00,23.051462478629034,23.899745844759693,23.025758779256496,23.263534545898438,299000,0.0,0.0
2007-12-31 00:00:00-05:00,23.135006279963306,23.527016500831778,22.858671286612534,23.50773811340332,540100,0.0,0.0
2008-01-02 00:00:00-05:00,23.50773688592527,23.50773688592527,22.299574823533234,22.832963943481445,785100,0.0,0.0
2008-01-03 00:00:00-05:00,22.832964550358902,25.030791365376132,22.498791951816436,24.728750228881836,907200,0.0,0.0
2008-01-04 00:00:00-05:00,24.45241078502036,27.280023056316136,23.77764039912361,25.83408546447754,1318000,0.0,0.0
2008-01-07 00:00:00-05:00,25.294272204991906,29.060137252277208,25.28784444197052,28.661699295043945,577100,0.0,0.0
2008-01-08 00:00:00-05:00,28.610286287260337,31.309370361808114,26.39960918649756,26.489578247070312,742100,0.0,0.0
2008-01-09 00:00:00-05:00,26.515290908185563,30.249025344848633,26.078298530699858,30.249025344848633,514300,0.0,0.0
2008-01-10 00:00:00-05:00,29.098687569051734,30.20402722207557,28.295388972719934,29.689916610717773,405200,0.0,0.0
2008-01-11 00:00:00-05:00,29.722056111686463,29.81845294993536,27.62705388386779,28.893051147460938,294600,0.0,0.0
2008-01-14 00:00:00-05:00,29.143674042833524,29.70919697887355,28.835207655395216,29.16938018798828,206600,0.0,0.0
2008-01-15 00:00:00-05:00,29.008721285854968,29.008721285854968,27.125789000308558,27.633474349975586,243500,0.0,0.0
2008-01-16 00:00:00-05:00,27.504956068572955,29.901999885717974,26.778773117872404,29.734914779663086,511200,0.0,0.0
2008-01-17 00:00:00-05:00,29.43287304486148,29.490710667334497,27.9290973120369,29.079421997070312,303000,0.0,0.0
2008-01-18 00:00:00-05:00,29.252917672650057,29.561383994063597,27.492086330007975,28.28253173828125,277400,0.0,0.0
2008-01-22 00:00:00-05:00,27.215766676842133,29.561400525191395,23.135009106671525,28.70026397705078,415900,0.0,0.0
2008-01-23 00:00:00-05:00,28.31467876887911,31.489314943964665,27.485673766694553,30.769559860229492,706600,0.0,0.0
2008-01-24 00:00:00-05:00,31.000900815912235,32.62677640655036,30.28757126305546,31.007326126098633,473300,0.0,0.0
2008-01-25 00:00:00-05:00,31.51501829021001,31.630693510519027,30.159049558844647,30.705291748046875,405500,0.0,0.0
2008-01-28 00:00:00-05:00,30.518931116093587,33.3144101452512,30.409681197268263,31.649974822998047,509200,0.0,0.0
2008-01-29 00:00:00-05:00,31.817059051697164,32.209069273856386,30.383974229924267,31.431476593017578,284300,0.0,0.0
2008-01-30 00:00:00-05:00,31.58650272415827,32.27765910904156,30.51424120951116,30.804912567138672,867600,0.25,0.0
2008-01-31 00:00:00-05:00,30.1460454719107,36.02410618663666,29.70034736193807,34.38987731933594,500100,0.0,0.0
2008-02-01 00:00:00-05:00,34.467392372528785,34.87433565891299,32.98172941800281,33.860206604003906,156700,0.0,0.0
2008-02-04 00:00:00-05:00,33.71164328031485,34.06691262639326,31.644635070775852,32.187225341796875,363700,0.0,0.0
2008-02-05 00:00:00-05:00,31.592961991044078,31.980525455503894,30.559457776438958,31.173099517822266,201700,0.0,0.0
2008-02-06 00:00:00-05:00,30.9534760606487,31.295826295042303,27.736691784714612,27.827125549316406,469400,0.0,0.0
2008-02-07 00:00:00-05:00,27.613965657592594,28.266364697710582,26.65151290486891,27.9692325592041,460800,0.0,0.0
2008-02-08 00:00:00-05:00,27.936929209638947,28.42138462945928,27.51706686016759,27.768985748291016,197700,0.0,0.0
2008-02-11 00:00:00-05:00,27.665640969292433,28.111339158873047,27.00032038221227,27.85942268371582,460400,0.0,0.0
2008-02-12 00:00:00-05:00,28.82833503359993,28.82833503359993,27.458938932592847,27.872343063354492,270300,0.0,0.0
2008-02-13 00:00:00-05:00,28.137177477120197,28.434309604555253,26.470649306251218,27.691476821899414,408900,0.0,0.0
2008-02-14 00:00:00-05:00,27.69794579507924,27.74316145983245,25.979743142250385,26.12830924987793,381400,0.0,0.0
2008-02-15 00:00:00-05:00,25.992659393425118,26.72903152582741,25.48882388383251,26.451276779174805,409800,0.0,0.0
2008-02-19 00:00:00-05:00,26.483573619370294,26.483573619370294,25.546958937578825,26.14768409729004,479800,0.0,0.0
2008-02-20 00:00:00-05:00,26.01849212976966,26.735486742969986,25.65030610635355,26.309165954589844,253900,0.0,0.0
2008-02-21 00:00:00-05:00,26.393137307527624,26.431892172393685,25.818250480711082,25.960355758666992,169600,0.0,0.0
2008-02-22 00:00:00-05:00,26.057249209711934,26.057249209711934,24.9979068042037,25.230445861816406,413700,0.0,0.0
2008-02-25 00:00:00-05:00,25.288584641825437,26.218738555908203,25.036665646696918,26.218738555908203,306500,0.0,0.0
2008-02-26 00:00:00-05:00,26.044328233050326,26.541702856398114,25.611549156670662,25.837627410888672,267300,0.0,0.0
2008-02-27 00:00:00-05:00,26.884055264233623,29.396764568726816,26.67089608267382,28.32450294494629,705700,0.0,0.0
2008-02-28 00:00:00-05:00,28.582882375751154,30.791998881700266,28.42139716458872,30.50778579711914,819600,0.0,0.0
2008-02-29 00:00:00-05:00,30.27524641962339,30.5659202898492,29.041499516281625,29.571170806884766,304000,0.0,0.0
2008-03-03 00:00:00-05:00,29.648672406691894,29.713265476448413,28.169467947031592,29.125459671020508,445800,0.0,0.0
2008-03-04 00:00:00-05:00,29.03504032733299,29.500116041774163,28.970444766946247,29.202983856201172,407900,0.0,0.0
2008-03-05 00:00:00-05:00,29.08671173221493,31.86425898081996,29.08671173221493,31.24415397644043,363000,0.0,0.0
2008-03-06 00:00:00-05:00,30.875954775722676,30.875954775722676,29.46780431739626,30.062070846557617,386600,0.0,0.0
2008-03-07 00:00:00-05:00,29.07379054856412,30.682184015903637,29.07379054856412,30.171890258789062,212300,0.0,0.0
2008-03-10 00:00:00-04:00,30.3398326957997,31.86425300278686,30.100832884504463,30.598207473754883,464100,0.0,0.0
2008-03-11 00:00:00-04:00,31.334586994502548,31.722152951344356,29.939354970822944,30.249408721923828,327100,0.0,0.0
2008-03-12 00:00:00-04:00,30.372131081178516,31.735066310762992,29.835999133815918,30.68218231201172,444200,0.0,0.0
2008-03-13 00:00:00-04:00,30.391512229911616,30.443188673404492,29.45489763618503,30.04270362854004,185000,0.0,0.0
2008-03-14 00:00:00-04:00,30.068528290271104,30.35920199366219,28.279272898360805,29.21588706970215,296200,0.0,0.0
2008-03-17 00:00:00-04:00,28.447238170722265,30.010413984836,28.427858267921447,29.067340850830078,294600,0.0,0.0
2008-03-18 00:00:00-04:00,29.810168567076094,31.418559760931323,29.810168567076094,31.07621192932129,220800,0.0,0.0
2008-03-19 00:00:00-04:00,31.237688818198002,31.328120110865097,30.22356224060059,30.223562240600586,104700,0.0,0.0
2008-03-20 00:00:00-04:00,32.28411057617637,33.81498909324656,32.18722096556584,32.981727600097656,612000,0.0,0.0
2008-03-24 00:00:00-04:00,33.046316722075126,33.433880046307046,32.30994492759397,33.1625862121582,387800,0.0,0.0
2008-03-25 00:00:00-04:00,33.23365512013205,33.42097854614258,32.38747177316866,33.42097854614258,108200,0.0,0.0
2008-03-26 00:00:00-04:00,33.15613982685653,33.5114067459707,32.06449838411078,32.67168426513672,951000,0.0,0.0
2008-03-27 00:00:00-04:00,33.194892996965166,33.26594686996747,31.089127347250468,31.59941864013672,240900,0.0,0.0
2008-03-28 00:00:00-04:00,31.651096014523404,32.16784810970195,30.52715805145025,30.58529281616211,137700,0.0,0.0
2008-03-31 00:00:00-04:00,30.611128262343374,31.134341097326057,30.15896929602023,30.94055938720703,485300,0.0,0.0
2008-04-01 00:00:00-04:00,31.328124006589253,31.328124006589253,30.662805872889294,31.00515365600586,297300,0.0,0.0
2008-04-02 00:00:00-04:00,30.934106199468115,31.005160085581906,30.094383606630686,30.30754280090332,208900,0.0,0.0
2008-04-03 00:00:00-04:00,30.100838486030067,30.37859321046912,29.71327501494083,29.991029739379883,151100,0.0,0.0
2008-04-04 00:00:00-04:00,29.84246264272398,29.991028717046152,29.3127914337255,29.713274002075195,157000,0.0,0.0
2008-04-07 00:00:00-04:00,29.823082871032735,31.450853836323272,29.687435906608954,30.95993995666504,224800,0.0,0.0
2008-04-08 00:00:00-04:00,30.67572330723054,31.127879802097954,30.669262520693525,30.77907371520996,272700,0.0,0.0
2008-04-09 00:00:00-04:00,30.875965515031737,31.4637714638987,30.68218379440703,31.16663932800293,489800,0.0,0.0
2008-04-10 00:00:00-04:00,31.005155609487545,31.631718917597823,30.44318785400473,31.61233901977539,208700,0.0,0.0
2008-04-11 00:00:00-04:00,32.658770206091866,32.99465974319416,31.147268521165913,32.65230941772461,434100,0.0,0.0
2008-04-14 00:00:00-04:00,32.55540729233771,33.45326433392669,31.392712238700913,31.50252342224121,179500,0.0,0.0
2008-04-15 00:00:00-04:00,31.651095572729027,32.49081802368164,31.56066426534359,32.49081802368164,339900,0.0,0.0
2008-04-16 00:00:00-04:00,32.82669953675349,33.433882784869084,32.477891037933425,32.84607696533203,600100,0.0,0.0
2008-04-17 00:00:00-04:00,32.665215660959745,33.1690485360789,31.98697852966832,32.89775466918945,127800,0.0,0.0
2008-04-18 00:00:00-04:00,33.2013535727189,33.46618916599873,32.38746689595866,33.32408142089844,248700,0.0,0.0
2008-04-21 00:00:00-04:00,33.11091301388847,33.31115548055497,32.01927432183167,32.13554382324219,270300,0.0,0.0
2008-04-22 00:00:00-04:00,32.10324661068769,32.14846225316491,30.77906894370964,31.198928833007812,266000,0.0,0.0
2008-04-23 00:00:00-04:00,31.735069297995544,31.735069297995544,30.28816095384115,30.966398239135742,133200,0.0,0.0
2008-04-24 00:00:00-04:00,30.966392859731982,32.568325323577724,30.91471889073977,32.29057312011719,295300,0.0,0.0
2008-04-25 00:00:00-04:00,32.03219262619154,33.50493632171879,31.76735709385431,33.33053207397461,347900,0.0,0.0
2008-04-28 00:00:00-04:00,31.05037207698159,32.36809181625022,29.429061856657274,31.45731544494629,546400,0.0,0.0
2008-04-29 00:00:00-04:00,32.01569333013703,32.275401375103435,31.53522960793539,31.76896858215332,269300,0.25,0.0
2008-04-30 00:00:00-04:00,31.742995320931804,32.236444790259675,30.11331919144417,30.282129287719727,258700,0.0,0.0
2008-05-01 00:00:00-04:00,30.314577385299845,31.95074682489729,30.25614267400059,30.989822387695312,465300,0.0,0.0
2008-05-02 00:00:00-04:00,31.294992562529412,32.45719306982527,30.9378925259991,31.262529373168945,455000,0.0,0.0
2008-05-05 00:00:00-04:00,31.820907627850303,32.49615296960203,31.080735897261395,31.92479133605957,286100,0.0,0.0
2008-05-06 00:00:00-04:00,31.67806405125842,32.372786704085456,31.3144698918195,31.879337310791016,239400,0.0,0.0
2008-05-07 00:00:00-04:00,31.853367924686157,33.11295798380078,31.853367924686157,32.067626953125,381300,0.0,0.0
2008-05-08 00:00:00-04:00,32.0936032458343,32.41824013686901,31.314474211994405,32.40525436401367,460100,0.0,0.0
2008-05-09 00:00:00-04:00,32.04814976586567,32.65846614341774,31.827396611979594,32.00270080566406,471800,0.0,0.0
2008-05-12 00:00:00-04:00,32.11957298175358,33.59991632889074,31.97673196517621,33.288265228271484,217700,0.0,0.0
2008-05-13 00:00:00-04:00,33.28825433754577,33.35967482246823,32.69092139919775,32.91167449951172,153700,0.0,0.0
2008-05-14 00:00:00-04:00,33.02854574108814,33.29474780514209,32.78831521420582,33.17138671875,218000,0.0,0.0
2008-05-15 00:00:00-04:00,33.04153640814067,34.23620005054354,32.76884265775753,33.95701217651367,146600,0.0,0.0
2008-05-16 00:00:00-04:00,34.40501348846489,34.40501348846489,33.0610146884951,33.84663772583008,423100,0.0,0.0
2008-05-19 00:00:00-04:00,33.50251773334591,34.40501014381284,32.496144119743235,32.65846252441406,256800,0.0,0.0
2008-05-20 00:00:00-04:00,32.651974462263134,34.736142412590766,32.651974462263134,33.29475402832031,375200,0.0,0.0
2008-05-21 00:00:00-04:00,33.24281599981131,33.24281599981131,31.17163118304514,31.314472198486328,315800,0.0,0.0
2008-05-22 00:00:00-04:00,32.158531568697995,32.158531568697995,30.210710105265612,30.639230728149414,289300,0.0,0.0
2008-05-23 00:00:00-04:00,30.574299589192353,31.20409589047841,30.262648500650105,30.976848602294922,193100,0.0,0.0
2008-05-27 00:00:00-04:00,30.91841241398523,31.48977395449372,30.840500264710347,31.08722496032715,124100,0.0,0.0
2008-05-28 00:00:00-04:00,31.152154602663433,31.366416131597546,30.38601137030123,31.009313583374023,128100,0.0,0.0
2008-05-29 00:00:00-04:00,30.879459570966194,31.243051275573393,30.73661855742324,30.963863372802734,95300,0.0,0.0
2008-05-30 00:00:00-04:00,30.717140909582,30.85348779779561,29.938011941988545,30.44444465637207,332000,0.0,0.0
2008-06-02 00:00:00-04:00,30.126305902927264,30.25615868405348,28.788800956993107,28.94462776184082,197000,0.0,0.0
2008-06-03 00:00:00-04:00,27.80839157472366,29.171865246871377,27.60062172840983,28.048622131347656,353400,0.0,0.0
2008-06-04 00:00:00-04:00,28.56804321807819,28.62647795100466,27.801900042723485,28.107059478759766,295200,0.0,0.0
2008-06-05 00:00:00-04:00,28.016156883507435,28.76931416185542,27.41233223622699,28.217430114746094,239900,0.0,0.0
2008-06-06 00:00:00-04:00,27.983704085359932,28.094081936232353,27.04225891225516,27.55518341064453,359100,0.0,0.0
2008-06-09 00:00:00-04:00,27.97070934639975,31.0158017987433,27.347404775297655,27.6265926361084,483200,0.0,0.0
2008-06-10 00:00:00-04:00,27.47076868805847,27.834360342482704,27.04873982999333,27.529203414916992,218500,0.0,0.0
2008-06-11 00:00:00-04:00,27.230541942536647,27.392860390522927,26.548804956350857,26.944862365722656,178900,0.0,0.0
2008-06-12 00:00:00-04:00,27.425326548860273,28.366771582482638,27.37338345572588,27.60712242126465,217200,0.0,0.0
2008-06-13 00:00:00-04:00,28.152502888583236,29.158876444496684,28.00966190809077,28.17847442626953,226100,0.0,0.0
2008-06-16 00:00:00-04:00,27.925261214313508,28.905665904710716,27.860334833940545,28.7952880859375,109300,0.0,0.0
2008-06-17 00:00:00-04:00,29.152397232060594,31.158653553531995,29.152397232060594,30.01593017578125,339100,0.0,0.0
2008-06-18 00:00:00-04:00,30.06786742326553,30.51586540674403,28.44468309311957,28.78879737854004,194400,0.0,0.0
2008-06-19 00:00:00-04:00,28.78230331800457,28.944621737411005,28.178478599670033,28.574533462524414,140900,0.0,0.0
2008-06-20 00:00:00-04:00,28.568037901703082,29.042007324222023,26.886419207963364,27.38636016845703,274500,0.0,0.0
2008-06-23 00:00:00-04:00,27.89929351096625,27.918770930672977,25.561906551630944,25.613849639892578,276100,0.0,0.0
2008-06-24 00:00:00-04:00,25.42555879635564,26.289094033498305,24.86069135300542,25.483993530273438,270900,0.0,0.0
2008-06-25 00:00:00-04:00,25.419065822430543,27.665552183756052,25.419065822430543,26.626712799072266,116100,0.0,0.0
2008-06-26 00:00:00-04:00,26.38648898552829,26.38648898552829,24.672406410160352,24.958086013793945,207100,0.0,0.0
2008-06-27 00:00:00-04:00,24.932110598704835,24.9775595587018,23.57512849232356,23.711475372314453,379400,0.0,0.0
2008-06-30 00:00:00-04:00,23.146608993817107,24.5360543514349,23.146608993817107,24.256866455078125,217400,0.0,0.0
2008-07-01 00:00:00-04:00,23.763417087845816,23.763417087845816,22.3544943086558,23.445274353027344,349900,0.0,0.0
2008-07-02 00:00:00-04:00,23.308928206108636,23.308928206108636,22.127250200016718,22.257102966308594,185100,0.0,0.0
2008-07-03 00:00:00-04:00,22.25710026144968,23.27645970901337,21.72469605865014,22.562259674072266,388800,0.0,0.0
2008-07-07 00:00:00-04:00,22.72458670022604,23.724469109464003,22.270094470864844,23.2115421295166,185100,0.0,0.0
2008-07-08 00:00:00-04:00,23.244000575006694,25.30869137101958,23.185565836373012,25.12040138244629,274600,0.0,0.0
2008-07-09 00:00:00-04:00,25.12039624822068,25.29570042829222,23.698487867794654,23.782894134521484,172600,0.0,0.0
2008-07-10 00:00:00-04:00,23.782891358015682,23.782891358015682,22.133735909974213,22.309040069580078,146000,0.0,0.0
2008-07-11 00:00:00-04:00,20.906617399660654,21.1013990493752,15.60205026602052,17.543378829956055,1314500,0.0,0.0
2008-07-14 00:00:00-04:00,17.588822620999522,18.530269873712797,14.757989216386294,14.79694652557373,980700,0.0,0.0
2008-07-15 00:00:00-04:00,14.537236595917609,14.602164208456069,12.128431954031303,13.504891395568848,1075300,0.0,0.0
2008-07-16 00:00:00-04:00,14.043788493456622,14.186629488913576,12.991965874790882,13.790572166442871,350400,0.0,0.0
2008-07-17 00:00:00-04:00,14.33596832463674,15.147560737123856,13.543854575870343,14.589184761047363,312300,0.0,0.0
2008-07-18 00:00:00-04:00,14.732025569370286,15.270922872623295,14.420373147061776,14.848895072937012,279100,0.0,0.0
2008-07-21 00:00:00-04:00,14.926806053097984,15.387791142612326,14.647618092157014,14.9657621383667,179400,0.0,0.0
2008-07-22 00:00:00-04:00,14.608663060370635,16.959035173198174,14.102228961790102,15.842283248901367,433700,0.0,0.0
2008-07-23 00:00:00-04:00,15.972135847431671,18.738042404776433,15.757875541360884,18.673114776611328,440300,0.0,0.0
2008-07-24 00:00:00-04:00,18.686094573968106,18.686094573968106,16.27079599971927,16.34221649169922,253200,0.0,0.0
2008-07-25 00:00:00-04:00,16.270801489151967,17.043437677271225,16.238338293694728,16.556482315063477,188700,0.0,0.0
2008-07-28 00:00:00-04:00,16.95253879093901,16.95253879093901,15.290397022609548,15.874744415283203,211000,0.0,0.0
2008-07-29 00:00:00-04:00,16.084655995775403,16.760315691198173,14.195429830062508,15.369636535644531,691500,0.25,0.0
2008-07-30 00:00:00-04:00,15.65171042533291,15.65171042533291,14.733335826944415,15.258121490478516,410700,0.0,0.0
2008-07-31 00:00:00-04:00,15.17283967773976,15.317156295627822,14.884208944332512,15.15316104888916,153100,0.0,0.0
2008-08-01 00:00:00-04:00,15.19908514217731,15.19908514217731,14.772697593109827,15.087568283081055,214000,0.0,0.0
2008-08-04 00:00:00-04:00,15.408994162848174,15.408994162848174,14.379104151398922,14.962926864624023,321200,0.0,0.0
2008-08-05 00:00:00-04:00,15.592667350469025,16.37328377354224,15.146600108036127,15.881298065185547,265300,0.0,0.0
2008-08-06 00:00:00-04:00,15.907542265656328,17.029269387738076,15.428676345160074,16.720958709716797,378900,0.0,0.0
2008-08-07 00:00:00-04:00,16.530723530840657,16.779995787920203,16.1240147152866,16.714397430419922,218200,0.0,0.0
2008-08-08 00:00:00-04:00,17.055505843191295,18.387147711374556,16.858712045474405,18.17723274230957,204000,0.0,0.0
2008-08-11 00:00:00-04:00,17.685254924452835,20.453496760656023,17.685254924452835,18.551151275634766,230000,0.0,0.0
2008-08-12 00:00:00-04:00,18.52490659529674,19.502318309556276,18.30843287671825,18.780738830566406,193100,0.0,0.0
2008-08-13 00:00:00-04:00,18.859455090877397,20.158297262938746,16.924310502817892,17.08174705505371,517900,0.0,0.0
2008-08-14 00:00:00-04:00,17.094863989310216,17.711486460872223,16.79311333906388,16.83247184753418,228300,0.0,0.0
2008-08-15 00:00:00-04:00,17.573732747051714,17.573732747051714,15.992817281925936,16.04529571533203,377400,0.0,0.0
2008-08-18 00:00:00-04:00,16.32737033226802,16.32737033226802,14.169193011393164,14.274149894714355,671800,0.0,0.0
2008-08-19 00:00:00-04:00,14.169191229240823,14.169191229240823,13.303296425157896,13.775602340698242,401800,0.0,0.0
2008-08-20 00:00:00-04:00,13.85432236224516,13.926479437542264,13.054024562893026,13.224579811096191,254300,0.0,0.0
2008-08-21 00:00:00-04:00,13.113061656660639,13.231138451408682,12.693234165276145,12.935946464538574,191800,0.0,0.0
2008-08-22 00:00:00-04:00,12.798191986989986,13.572249920007856,12.798191986989986,13.362336158752441,203100,0.0,0.0
2008-08-25 00:00:00-04:00,13.178660670121163,13.919918777844295,12.299645877948969,12.981866836547852,158700,0.0,0.0
2008-08-26 00:00:00-04:00,12.496437700396964,12.870347925906168,12.201246997543775,12.726031303405762,223800,0.0,0.0
2008-08-27 00:00:00-04:00,12.607956388241586,12.726033187336451,11.70270301382205,11.774861335754395,367000,0.0,0.0
2008-08-28 00:00:00-04:00,13.152418961295034,13.152418961295034,11.578064762242898,13.040902137756348,308600,0.0,0.0
2008-08-29 00:00:00-04:00,12.811307832710483,13.342652028187896,12.64075264317288,13.02778148651123,129900,0.0,0.0
2008-09-02 00:00:00-04:00,13.152421474354448,15.317160006458487,13.152421474354448,14.510303497314453,720400,0.0,0.0
2008-09-03 00:00:00-04:00,14.346305728522978,14.831731542337,14.215109021574529,14.608697891235352,531400,0.0,0.0
2008-09-04 00:00:00-04:00,14.484060292188678,14.549658641801637,14.195428304602327,14.438141822814941,197600,0.0,0.0
2008-09-05 00:00:00-04:00,14.24790987278287,14.64805876750626,13.933039226697936,14.582460403442383,228400,0.0,0.0
2008-09-08 00:00:00-04:00,15.632026665088386,16.02561550236184,14.949807098174231,15.72386360168457,274900,0.0,0.0
2008-09-09 00:00:00-04:00,14.00520085028436,14.687420744120105,11.597749455872847,11.656787872314453,980700,0.0,0.0
2008-09-10 00:00:00-04:00,11.807658337699712,12.463639356460806,10.633451713548792,11.827338218688965,824100,0.0,0.0
2008-09-11 00:00:00-04:00,11.492787346578945,11.66334255562728,11.01392151993427,11.630542755126953,410700,0.0,0.0
2008-09-12 00:00:00-04:00,11.637104064967597,12.227486779420573,11.269755015047792,11.499348640441895,327900,0.0,0.0
2008-09-15 00:00:00-04:00,10.987684333685339,11.512468756611334,9.780678909770796,10.043071746826172,535000,0.0,0.0
2008-09-16 00:00:00-04:00,10.48913927937715,12.260289026861859,9.839718038948718,11.801101684570312,679700,0.0,0.0
2008-09-17 00:00:00-04:00,11.289433081860748,12.62763500213623,11.079519349547231,12.62763500213623,500600,0.0,0.0
2008-09-18 00:00:00-04:00,12.437399465807175,14.431582355499266,12.437399465807175,13.119620323181152,801700,0.0,0.0
2008-09-19 00:00:00-04:00,14.897329503975392,16.497923665627525,12.994984650593747,13.51321029663086,690600,0.0,0.0
2008-09-22 00:00:00-04:00,13.336092983604315,13.959275401538434,12.844107259293505,12.883465766906738,226800,0.0,0.0
2008-09-23 00:00:00-04:00,12.71947178773607,12.739151669087896,11.532146472235434,12.279964447021484,292400,0.0,0.0
2008-09-24 00:00:00-04:00,12.279969349708592,12.279969349708592,10.692494571224909,11.656787872314453,316700,0.0,0.0
2008-09-25 00:00:00-04:00,11.774860004169856,12.627634843796598,11.774860004169856,12.279964447021484,94800,0.0,0.0
2008-09-26 00:00:00-04:00,12.043814431253079,12.33900520090678,11.341914794131359,11.86669921875,313100,0.0,0.0
2008-09-29 00:00:00-04:00,11.73550175714415,12.686674875192573,9.944673611926044,10.430099487304688,400900,0.0,0.0
2008-09-30 00:00:00-04:00,10.594095776278579,11.368153766640798,10.462899665774575,11.059843063354492,387800,0.0,0.0
2008-10-01 00:00:00-04:00,11.086079588435329,11.322233168809776,10.535055401684666,11.131998062133789,189600,0.0,0.0
2008-10-02 00:00:00-04:00,10.856485260695122,11.09263882566756,9.977471229094942,10.561294555664062,193200,0.0,0.0
2008-10-03 00:00:00-04:00,10.75153013137217,10.75153013137217,9.183735658603892,9.203414916992188,391900,0.0,0.0
2008-10-06 00:00:00-04:00,9.216535497892048,9.24277471948123,8.44903748441796,8.822946548461914,443000,0.0,0.0
2008-10-07 00:00:00-04:00,8.980378642373648,8.980378642373648,8.075125510912633,8.14072322845459,261800,0.0,0.0
2008-10-08 00:00:00-04:00,7.786495724692328,8.652390592378744,7.53066286578846,8.147285461425781,354600,0.0,0.0
2008-10-09 00:00:00-04:00,8.337519346465342,8.48839469086488,5.903829574584961,6.067824840545654,488200,0.0,0.0
2008-10-10 00:00:00-04:00,5.162571532116895,7.379787875586374,4.657466063366386,7.301070213317871,730300,0.0,0.0
2008-10-13 00:00:00-04:00,7.858652894205182,8.39655779535764,6.992758084651301,7.340427875518799,109000,0.0,0.0
2008-10-14 00:00:00-04:00,7.937371258384299,7.970169811663131,6.402375442664335,6.553250789642334,451300,0.0,0.0
2008-10-15 00:00:00-04:00,6.363016194156444,6.507332203367696,5.2478485107421875,5.2478485107421875,395600,0.0,0.0
2008-10-16 00:00:00-04:00,5.438082657799075,6.225259760592244,5.123211754122583,5.897269248962402,310800,0.0,0.0
2008-10-17 00:00:00-04:00,5.903828924786499,7.871771899715332,5.490560824980378,6.454853057861328,416100,0.0,0.0
2008-10-20 00:00:00-04:00,6.527013604259153,7.806176973842806,5.96942989218038,6.376138210296631,247300,0.0,0.0
2008-10-21 00:00:00-04:00,6.244940226060753,6.572930768380944,5.490561603368925,5.602078437805176,246200,0.0,0.0
2008-10-22 00:00:00-04:00,5.811991299704121,5.811991299704121,4.795220961013633,5.156010627746582,270800,0.0,0.0
2008-10-23 00:00:00-04:00,5.2281678928125865,5.359364266950534,4.362273262364115,4.755861759185791,359900,0.0,0.0
2008-10-24 00:00:00-04:00,4.611547053947712,4.611547053947712,4.021164029128785,4.034283638000488,432500,0.0,0.0
2008-10-27 00:00:00-04:00,4.225741291211443,8.136945169938999,3.8633397025127767,6.195019245147705,1672700,0.25,0.0
2008-10-28 00:00:00-04:00,6.29758675937935,12.731929452671451,6.29758675937935,12.5131196975708,2330800,0.0,0.0
2008-10-29 00:00:00-04:00,11.254965703396723,12.513115142247978,10.810511688383524,11.747285842895508,826000,0.0,0.0
2008-10-30 00:00:00-04:00,11.713099326869832,12.718252342180607,11.104538219891987,11.528480529785156,410400,0.0,0.0
2008-10-31 00:00:00-04:00,11.104537477556404,12.328498840332031,10.796837981416948,12.328498840332031,447900,0.0,0.0
2008-11-03 00:00:00-05:00,12.314820544883787,12.314820544883787,11.193426990160143,11.747285842895508,382900,0.0,0.0
2008-11-04 00:00:00-05:00,11.665232342576292,11.795150305318343,10.735296089492845,10.748971939086914,369500,0.0,0.0
2008-11-05 00:00:00-05:00,10.748973421396904,11.17291503576962,9.381419574220217,9.572876930236816,323300,0.0,0.0
2008-11-06 00:00:00-05:00,9.894255106101792,9.914768237107618,8.820724584586506,9.11474895477295,277500,0.0,0.0
2008-11-07 00:00:00-05:00,9.244664435129454,9.613903952384595,9.025855373426056,9.224150657653809,163000,0.0,0.0
2008-11-10 00:00:00-05:00,9.463471277967022,9.511335446618176,8.355752909594637,8.4446439743042,192600,0.0,0.0
2008-11-11 00:00:00-05:00,8.376266724540638,8.882261455886333,8.294213577735967,8.581399917602539,305700,0.0,0.0
2008-11-12 00:00:00-05:00,8.191647930880091,8.601914380896687,7.37795360927118,8.519861221313477,275700,0.0,0.0
2008-11-13 00:00:00-05:00,8.560886611606616,10.07887077331543,7.596760689958567,10.07887077331543,412900,0.0,0.0
2008-11-14 00:00:00-05:00,9.853223108158994,9.853223108158994,7.945485954308158,8.301050186157227,346300,0.0,0.0
2008-11-17 00:00:00-05:00,8.424132641029557,8.656616931152872,7.213847659994253,7.966001987457275,327100,0.0,0.0
2008-11-18 00:00:00-05:00,7.979675925709659,8.321564352168169,6.5163932257110835,6.76939058303833,432500,0.0,0.0
2008-11-19 00:00:00-05:00,6.933498034254556,6.988200134350805,5.812103678080501,6.242883205413818,532000,0.0,0.0
2008-11-20 00:00:00-05:00,6.0924524212836895,6.324936684846563,5.012084909986046,5.10097599029541,536200,0.0,0.0
2008-11-21 00:00:00-05:00,5.333458776253422,6.126639701297716,4.718059636524156,5.634320259094238,454500,0.0,0.0
2008-11-24 00:00:00-05:00,6.147155016143719,7.289062647657916,5.50440492906474,5.764240264892578,461800,0.0,0.0
2008-11-25 00:00:00-05:00,5.928345464344226,6.454853310647119,5.709537076488524,6.318098068237305,324000,0.0,0.0
2008-11-26 00:00:00-05:00,6.153991846715834,7.986514071965579,5.79159028721958,7.747191905975342,253700,0.0,0.0
2008-11-28 00:00:00-05:00,7.7950560351635625,8.704479217529297,7.665138717154359,8.704479217529297,79700,0.0,0.0
2008-12-01 00:00:00-05:00,8.683966642191294,8.683966642191294,6.625797982887157,6.830931186676025,444600,0.0,0.0
2008-12-02 00:00:00-05:00,6.981361980725531,7.808732032775878,6.830930884325345,7.808732032775879,195500,0.0,0.0
2008-12-03 00:00:00-05:00,7.562571821284135,8.533534293575215,7.34376279819989,7.795055389404297,239200,0.0,0.0
2008-12-04 00:00:00-05:00,7.671976659887709,9.545525126182255,7.432654494675443,8.246349334716797,359300,0.0,0.0
2008-12-05 00:00:00-05:00,8.752343675742665,11.651557970727081,7.863433654000758,10.735296249389648,619900,0.0,0.0
2008-12-08 00:00:00-05:00,11.27548201510064,11.877206475654095,10.94726938436297,11.28915786743164,443700,0.0,0.0
2008-12-09 00:00:00-05:00,11.453260914068927,11.453260914068927,10.229300520082292,10.40024471282959,401300,0.0,0.0
2008-12-10 00:00:00-05:00,10.33870833068802,10.899405271177931,9.914766662012651,10.359221458435059,350100,0.0,0.0
2008-12-11 00:00:00-05:00,10.256653459098732,10.427597683417044,8.677128539473323,8.868586540222168,303900,0.0,0.0
2008-12-12 00:00:00-05:00,8.287376411722615,9.340392870338347,7.836083736901658,9.217312812805176,292300,0.0,0.0
2008-12-15 00:00:00-05:00,9.176284397472656,9.265175456714982,6.359124155109566,7.945486068725586,320100,0.0,0.0
2008-12-16 00:00:00-05:00,8.164294548757155,8.711316108703613,7.842919928422662,8.711316108703613,231000,0.0,0.0
2008-12-17 00:00:00-05:00,8.478833814657648,9.203637659648622,8.458320688998617,8.930127143859863,242800,0.0,0.0
2008-12-18 00:00:00-05:00,8.957477589504652,9.128421813334127,8.389942818558833,8.615589141845703,115100,0.0,0.0
2008-12-19 00:00:00-05:00,8.86858777284246,9.333555684184548,8.49251029665212,8.677129745483398,458400,0.0,0.0
2008-12-22 00:00:00-05:00,8.875421698550714,8.998501719401595,7.781379314888389,7.93181037902832,224300,0.0,0.0
2008-12-23 00:00:00-05:00,8.089078436337598,8.136942597419976,7.268546513823864,7.637785911560059,136300,0.0,0.0
2008-12-24 00:00:00-05:00,7.651463544847632,7.822407777014116,7.439493062137468,7.5488972663879395,48700,0.0,0.0
2008-12-26 00:00:00-05:00,7.589924469836542,7.699328678422929,7.186495961598852,7.494195461273193,84100,0.0,0.0
2008-12-29 00:00:00-05:00,7.453168439256785,7.453168439256785,6.543745154624,6.673663139343262,233200,0.0,0.0
2008-12-30 00:00:00-05:00,6.803580641691352,7.473682403564453,6.742040610773355,7.473682403564453,134700,0.0,0.0
2008-12-31 00:00:00-05:00,7.4600060000868025,8.034378710079636,7.453168074467726,7.90446138381958,277900,0.0,0.0
2009-01-02 00:00:00-05:00,7.904461215834486,8.745506486092667,7.870272240566164,8.273700714111328,161600,0.0,0.0
2009-01-05 00:00:00-05:00,8.232674106859903,9.401932668436789,7.883947720471949,9.066882133483887,312100,0.0,0.0
2009-01-06 00:00:00-05:00,9.142097681574304,9.894252582340387,9.142097681574304,9.771172523498535,206600,0.0,0.0
2009-01-07 00:00:00-05:00,9.682278649412574,9.955789739931204,8.47883141617138,8.697640419006348,301000,0.0,0.0
2009-01-08 00:00:00-05:00,8.52669765200081,8.588237673918846,7.528383407364865,8.369428634643555,472400,0.0,0.0
2009-01-09 00:00:00-05:00,8.280540109742146,8.389944989060744,7.3916304375458655,7.521547794342041,346500,0.0,0.0
2009-01-12 00:00:00-05:00,7.52154529308308,7.692489504289513,6.687337359807567,6.776228427886963,470800,0.0,0.0
2009-01-13 00:00:00-05:00,6.837768439543086,6.906146384778682,6.215531615880732,6.2633957862854,389300,0.0,0.0
2009-01-14 00:00:00-05:00,6.434339490638132,6.502717430489692,5.791589594854987,6.092451095581055,264900,0.0,0.0
2009-01-15 00:00:00-05:00,6.1334805455521115,6.249722700474217,5.353974445268694,6.065102577209473,318300,0.0,0.0
2009-01-16 00:00:00-05:00,6.167668448725246,6.352287887531379,5.736888888710245,5.989886283874512,266400,0.0,0.0
2009-01-20 00:00:00-05:00,5.839455786012018,5.866806841015095,5.121489777055502,5.196705341339111,384400,0.0,0.0
2009-01-21 00:00:00-05:00,5.333459390890475,5.736887823903146,5.128326211990765,5.675347805023193,226100,0.0,0.0
2009-01-22 00:00:00-05:00,5.6890233372987336,5.8668054796144276,5.2445686336099335,5.531754970550537,209100,0.0,0.0
2009-01-23 00:00:00-05:00,5.470213304759238,6.01723476565521,5.3608091430000915,5.6548333168029785,376100,0.0,0.0
2009-01-26 00:00:00-05:00,5.66167206195534,6.071938427472566,5.531754749065118,5.7368879318237305,177500,0.0,0.0
2009-01-27 00:00:00-05:00,5.873643626011897,6.058263048369304,5.52491725343623,5.839454650878906,192600,0.0,0.0
2009-01-28 00:00:00-05:00,5.983047689025873,6.830930862166575,5.812103469339419,6.632635593414307,329300,0.0,0.0
2009-01-29 00:00:00-05:00,6.434340366661007,6.6668246112881535,6.0309119012316,6.188180923461914,429500,0.0,0.0
2009-01-30 00:00:00-05:00,6.270233926226066,6.3591249972401185,5.9762096645719245,6.0445876121521,353400,0.0,0.0
2009-02-02 00:00:00-05:00,6.400150276434455,6.400150276434455,5.511241004893812,5.8531293869018555,272700,0.0,0.0
2009-02-03 00:00:00-05:00,5.92150632598072,6.147152592750864,5.716373178344144,5.928344249725342,353300,0.0,0.0
2009-02-04 00:00:00-05:00,5.914667518708077,6.07877440356337,5.764237131399344,5.818939208984375,302300,0.0,0.0
2009-02-05 00:00:00-05:00,5.71637461222953,6.283909383386629,5.647997313932564,6.078776836395264,361100,0.0,0.0
2009-02-06 00:00:00-05:00,6.037748693455859,7.179655926279818,5.798426568406399,6.755714416503906,286200,0.0,0.0
2009-02-09 00:00:00-05:00,6.871958261176411,6.871958261176411,6.181343406954494,6.2086944580078125,220300,0.0,0.0
2009-02-10 00:00:00-05:00,6.413827191636718,6.577933485794905,5.641159241516363,5.695861339569092,288000,0.0,0.0
2009-02-11 00:00:00-05:00,5.7163764232868095,5.7163764232868095,5.237732575162669,5.360812664031982,330200,0.0,0.0
2009-02-12 00:00:00-05:00,5.128327010297045,5.962535053226838,4.8343030457514375,5.935184001922607,392700,0.0,0.0
2009-02-13 00:00:00-05:00,5.928347062342702,5.928347062342702,5.05995022383664,5.210381031036377,314000,0.0,0.0
2009-02-17 00:00:00-05:00,4.936869019577915,5.142002217714351,4.601818498811997,4.649682998657227,386500,0.0,0.0
2009-02-18 00:00:00-05:00,4.779600913288862,4.820627818837933,4.16420189475659,4.430874824523926,319600,0.0,0.0
2009-02-19 00:00:00-05:00,4.540278967174627,4.553954493465354,4.109499725991612,4.198390483856201,319000,0.0,0.0
2009-02-20 00:00:00-05:00,4.102661494531545,4.383009925655123,4.061634918712258,4.212065696716309,648500,0.0,0.0
2009-02-23 00:00:00-05:00,4.294118540320149,4.376171679842461,3.5829903529762026,3.794961452484131,507700,0.0,0.0
2009-02-24 00:00:00-05:00,3.9590680902645703,4.25992995515802,3.8633394188144528,4.034283638000488,613800,0.0,0.0
2009-02-25 00:00:00-05:00,5.155676715215175,5.812102427194045,4.471899959074698,4.560791015625,1788100,0.0,0.0
2009-02-26 00:00:00-05:00,4.6291706050528445,5.463378460715632,4.6291706050528445,5.210381031036377,719700,0.0,0.0
2009-02-27 00:00:00-05:00,5.087301164779635,5.6411605223981445,4.772763703507351,5.025761127471924,682400,0.0,0.0
2009-03-02 00:00:00-05:00,4.950544998993775,5.3676490329472015,4.656521025644784,4.99157190322876,469800,0.0,0.0
2009-03-03 00:00:00-05:00,5.217218904596917,5.3197855260260765,4.7385747799442735,4.964221477508545,404800,0.0,0.0
2009-03-04 00:00:00-05:00,5.121489069432651,5.237731200160003,4.909518259421111,4.977896213531494,428000,0.0,0.0
2009-03-05 00:00:00-05:00,4.793275976469519,5.142002007805341,4.4308740948360015,4.567629337310791,467000,0.0,0.0
2009-03-06 00:00:00-05:00,4.724898037052343,4.724898037052343,3.835988307385088,4.0547966957092285,363600,0.0,0.0
2009-03-09 00:00:00-04:00,3.9932581984933817,4.123175881093715,3.6308562074450514,3.719747304916382,381100,0.0,0.0
2009-03-10 00:00:00-04:00,4.047958982337084,4.636007161459754,3.8975278935602526,4.4924139976501465,401700,0.0,0.0
2009-03-11 00:00:00-04:00,4.553953899773986,5.244568702547036,4.403523130187404,5.142002105712891,375800,0.0,0.0
2009-03-12 00:00:00-04:00,5.114651036996985,6.1403160232372,4.943706818281913,6.024074554443359,403500,0.0,0.0
2009-03-13 00:00:00-04:00,6.044588306265354,6.201856690818616,5.771077136637206,5.9967241287231445,426200,0.0,0.0
2009-03-16 00:00:00-04:00,6.11296362612805,6.735200992782402,5.812102154467959,5.928344249725342,330100,0.0,0.0
2009-03-17 00:00:00-04:00,5.9488578614280785,7.0223878505116755,5.647996364856466,6.78990364074707,424800,0.0,0.0
2009-03-18 00:00:00-04:00,7.04974188808208,7.972840542560114,6.87195969313942,7.439494609832764,634200,0.0,0.0
2009-03-19 00:00:00-04:00,7.596763037529234,7.849760475995936,7.364279380741374,7.521547794342041,407500,0.0,0.0
2009-03-20 00:00:00-04:00,7.630948929965021,7.7677041585826005,6.441177462841521,6.605283737182617,402700,0.0,0.0
2009-03-23 00:00:00-04:00,6.954012224903422,7.890786647796631,6.865121135593773,7.890786647796631,484200,0.0,0.0
2009-03-24 00:00:00-04:00,7.630947984439915,8.020700500732188,7.241195468147644,7.740352153778076,458500,0.0,0.0
2009-03-25 00:00:00-04:00,7.699328828665572,8.376267871578836,7.3574403441113345,7.97283935546875,412100,0.0,0.0
2009-03-26 00:00:00-04:00,8.164295785342135,8.841235402508305,8.061729512611134,8.820721626281738,318400,0.0,0.0
2009-03-27 00:00:00-04:00,8.567723732752286,8.567723732752286,7.842920638210977,8.212160110473633,193200,0.0,0.0
2009-03-30 00:00:00-04:00,7.8634333700426335,7.931811312361419,7.350600758952896,7.589922904968262,244900,0.0,0.0
2009-03-31 00:00:00-04:00,7.781380808932246,8.417293502624823,7.678813887829979,8.109593391418457,346200,0.0,0.0
2009-04-01 00:00:00-04:00,7.89762404484134,8.943802614553148,7.1659822517653,8.738669395446777,320900,0.0,0.0
2009-04-02 00:00:00-04:00,9.053207834546768,10.687435191554622,8.930128411027354,10.044684410095215,751000,0.0,0.0
2009-04-03 00:00:00-04:00,10.017330330260064,10.017330330260064,9.401931442158915,9.716468811035156,392300,0.0,0.0
2009-04-06 00:00:00-04:00,9.25150102059017,9.94211582714676,8.854910481638958,9.853224754333496,281200,0.0,0.0
2009-04-07 00:00:00-04:00,9.983142268561318,10.154086481022297,9.600226945724541,9.75065803527832,255200,0.0,0.0
2009-04-08 00:00:00-04:00,9.948952686734383,10.154085859552692,9.709630543096292,10.11989688873291,272800,0.0,0.0
2009-04-09 00:00:00-04:00,10.454950354536228,11.808829160183661,10.345546138342609,11.51480484008789,534700,0.0,0.0
2009-04-13 00:00:00-04:00,11.309672787125614,12.526795074974583,10.899405653104644,12.10969066619873,481900,0.0,0.0
2009-04-14 00:00:00-04:00,11.884042270593039,12.855005547105547,11.30967085887388,11.754125595092773,356400,0.0,0.0
2009-04-15 00:00:00-04:00,11.555829558796365,11.945582190194795,11.042996874492967,11.453263282775879,439700,0.0,0.0
2009-04-16 00:00:00-04:00,11.672071881138965,12.068662444793448,11.487451798696108,11.945582389831543,584900,0.0,0.0
2009-04-17 00:00:00-04:00,12.082336688366237,13.408864109242774,11.972932499448667,12.745599746704102,477600,0.0,0.0
2009-04-20 00:00:00-04:00,12.301146104458386,12.9917609204162,12.22593022915379,12.335335731506348,350600,0.0,0.0
2009-04-21 00:00:00-04:00,12.184903925867626,13.19689340630042,12.13703975241756,13.08065128326416,356100,0.0,0.0
2009-04-22 00:00:00-04:00,12.800298088662153,15.453352152653082,12.6430297762226,15.261894226074219,747000,0.0,0.0
2009-04-23 00:00:00-04:00,15.090963014201481,16.57475963155468,14.667021868787163,15.446527481079102,513000,0.0,0.0
2009-04-24 00:00:00-04:00,15.37130647410945,17.49785333753637,15.282416038957702,17.354259490966797,837100,0.0,0.0
2009-04-27 00:00:00-04:00,16.814074377690226,18.250006154351635,16.465347995915245,17.87392807006836,914900,0.0,0.0
2009-04-28 00:00:00-04:00,19.32353359242682,21.019299837135836,18.803863039202934,19.419261932373047,2137800,0.0,0.0
2009-04-29 00:00:00-04:00,19.644912942880836,21.5389755503135,19.48764454552174,20.57485008239746,1112100,0.0,0.0
2009-04-30 00:00:00-04:00,20.581686892755513,23.733897812315057,20.581686892755513,21.908214569091797,1284000,0.0,0.0
2009-05-01 00:00:00-04:00,21.538974917883564,23.262093224322513,21.538974917883564,22.98174476623535,732800,0.0,0.0
2009-05-04 00:00:00-04:00,23.00225243134551,23.52876091003418,22.27061142277335,23.52876091003418,946000,0.0,0.0
2009-05-05 00:00:00-04:00,22.940717338621607,23.45355007767456,22.40053289413597,23.139013290405273,620500,0.0,0.0
2009-05-06 00:00:00-04:00,23.029602708937077,23.446706972040268,21.108190276436783,22.051801681518555,702800,0.0,0.0
2009-05-07 00:00:00-04:00,21.88769794476494,22.858662522355306,20.29449908603129,20.520145416259766,766800,0.0,0.0
2009-05-08 00:00:00-04:00,21.402211290417156,21.409049214273338,19.20045067255067,20.32184410095215,887600,0.0,0.0
2009-05-11 00:00:00-04:00,20.43125608668017,20.51330990012918,19.48764440512272,19.63807487487793,583200,0.0,0.0
2009-05-12 00:00:00-04:00,19.644909116866714,19.86371750609085,17.764522728695603,18.03119659423828,777900,0.0,0.0
2009-05-13 00:00:00-04:00,17.778198476333923,18.831215473640885,16.841423598155636,18.270517349243164,1061000,0.0,0.0
2009-05-14 00:00:00-04:00,18.32522095376811,19.056863354473414,17.4363114785051,18.30470848083496,805900,0.0,0.0
2009-05-15 00:00:00-04:00,17.91495643490394,19.66542504445484,17.04655940396463,17.51836585998535,467500,0.0,0.0
2009-05-18 00:00:00-04:00,17.873927282486477,19.460289440440476,17.57306639335789,19.022672653198242,421400,0.0,0.0
2009-05-19 00:00:00-04:00,18.879078908704006,19.959446260242906,17.908115746875314,19.419261932373047,544900,0.0,0.0
2009-05-20 00:00:00-04:00,19.754311084356416,20.944082544777185,19.159426006246395,19.48080062866211,459800,0.0,0.0
2009-05-21 00:00:00-04:00,18.817546328501173,19.296189521665145,17.620936389289234,18.420955657958984,469600,0.0,0.0
2009-05-22 00:00:00-04:00,18.564538863548975,18.96796725824929,17.62092750400291,17.880762100219727,283700,0.0,0.0
2009-05-26 00:00:00-04:00,17.63460572855547,19.877392979804426,17.63460572855547,19.487640380859375,422100,0.0,0.0
2009-05-27 00:00:00-04:00,19.64490768780953,19.897905684571292,18.407272011166043,18.66710662841797,328100,0.0,0.0
2009-05-28 00:00:00-04:00,19.104727222261186,19.296183922289245,17.88760385347858,18.728649139404297,313400,0.0,0.0
2009-05-29 00:00:00-04:00,18.776513872791035,19.713288840789737,18.44830125938166,18.96113395690918,280900,0.0,0.0
2009-06-01 00:00:00-04:00,19.56285655868875,20.61587225441798,19.159428103307828,20.48595428466797,338900,0.0,0.0
2009-06-02 00:00:00-04:00,20.27398583377562,20.34920171386556,19.166267930965358,19.5696964263916,311000,0.0,0.0
2009-06-03 00:00:00-04:00,19.337210670981815,20.22612009491356,19.145752674722267,19.706449508666992,193800,0.0,0.0
2009-06-04 00:00:00-04:00,19.966285022098646,19.973121643066406,18.97480804406191,19.973121643066406,212500,0.0,0.0
2009-06-05 00:00:00-04:00,20.19193452606302,20.827846016805434,19.521832099874615,20.533823013305664,318400,0.0,0.0
2009-06-08 00:00:00-04:00,20.4517650555166,20.76630307818555,19.37823563192632,20.280820846557617,294300,0.0,0.0
2009-06-09 00:00:00-04:00,20.574844560470833,22.940711725023625,20.48595284376753,22.38685417175293,629300,0.0,0.0
2009-06-10 00:00:00-04:00,22.790287283003384,23.24841659324911,21.791972245226376,22.489423751831055,498200,0.0,0.0
2009-06-11 00:00:00-04:00,22.49626065575052,22.872337422423175,20.73211503289802,21.16289520263672,489600,0.0,0.0
2009-06-12 00:00:00-04:00,20.827843948424828,21.9287251853637,20.561171372202747,21.224435806274414,566300,0.0,0.0
2009-06-15 00:00:00-04:00,20.964599890876404,21.094517868547463,19.94577245465819,20.43125343322754,537600,0.0,0.0
2009-06-16 00:00:00-04:00,20.745793922108835,21.14238452301621,20.000476900786186,20.4996337890625,350000,0.0,0.0
2009-06-17 00:00:00-04:00,20.581687433658995,20.69109164652062,19.37140186165109,19.672264099121094,300900,0.0,0.0
2009-06-18 00:00:00-04:00,19.938938178467527,20.540662697875995,19.20045903497618,20.103044509887695,147700,0.0,0.0
2009-06-19 00:00:00-04:00,20.56800476658404,20.84151520812093,20.157738452178375,20.55432891845703,266700,0.0,0.0
2009-06-22 00:00:00-04:00,20.383388210697,20.67741247464004,19.590207142674366,19.897907257080078,301100,0.0,0.0
2009-06-23 00:00:00-04:00,19.904741345774962,20.36287181436513,18.25683950447315,18.338891983032227,431900,0.0,0.0
2009-06-24 00:00:00-04:00,18.195302876621298,19.08421228342874,18.010682809234854,18.544029235839844,399500,0.0,0.0
2009-06-25 00:00:00-04:00,18.537184564277634,19.699604034423828,18.455130796123594,19.699604034423828,236900,0.0,0.0
2009-06-26 00:00:00-04:00,19.432938207991366,20.547493904163826,19.1731035777858,20.349199295043945,330900,0.0,0.0
2009-06-29 00:00:00-04:00,20.062010565158882,21.66204831360964,19.932092613494742,20.80048942565918,336200,0.0,0.0
2009-06-30 00:00:00-04:00,20.85519888252243,21.969756143318076,20.85519888252243,21.32700538635254,293400,0.0,0.0
2009-07-01 00:00:00-04:00,21.497946299707007,22.564637908381503,21.497946299707007,22.13385772705078,312200,0.0,0.0
2009-07-02 00:00:00-04:00,21.88086835917102,21.88086835917102,20.390233993530273,20.390233993530273,191100,0.0,0.0
2009-07-06 00:00:00-04:00,20.068851881324935,21.128705533809867,19.501317117649624,19.863718032836914,303700,0.0,0.0
2009-07-07 00:00:00-04:00,20.09620033113812,20.09620033113812,19.371397266801196,19.521827697753906,341500,0.0,0.0
2009-07-08 00:00:00-04:00,19.87055280779567,20.09619909241638,18.66710552175165,18.995319366455078,453000,0.0,0.0
2009-07-09 00:00:00-04:00,19.261996560400412,21.867186351289632,19.234644856629952,21.74410629272461,1072900,0.0,0.0
2009-07-10 00:00:00-04:00,21.82615571060457,22.52360706188083,21.34751142448487,21.791967391967773,694500,0.0,0.0
2009-07-13 00:00:00-04:00,21.463760086667993,21.860350703258376,20.834685180607263,20.985116958618164,744300,0.0,0.0
2009-07-14 00:00:00-04:00,20.77314179908752,21.87402303343073,20.479118825479958,21.62786293029785,608800,0.0,0.0
2009-07-15 00:00:00-04:00,22.085989728988796,22.51676983574744,21.42956463857659,21.962909698486328,484600,0.0,0.0
2009-07-16 00:00:00-04:00,21.99709958235049,22.60566315800845,20.65689760857231,21.135541915893555,615100,0.0,0.0
2009-07-17 00:00:00-04:00,20.882549509607642,21.231274620281074,20.232960859590225,20.52698516845703,773500,0.0,0.0
2009-07-20 00:00:00-04:00,20.663739040548045,21.019303368951114,20.212446356113784,20.4791202545166,272600,0.0,0.0
2009-07-21 00:00:00-04:00,20.403899622699804,20.738950095016033,19.562854479689634,20.16457748413086,440000,0.0,0.0
2009-07-22 00:00:00-04:00,20.068857579148723,21.067171490942343,19.69961732955846,19.870561599731445,240300,0.0,0.0
2009-07-23 00:00:00-04:00,19.932099729346465,21.38170757520855,19.49448285702636,20.985116958618164,541100,0.0,0.0
2009-07-24 00:00:00-04:00,20.88254644831971,21.197083185704056,20.232957893529072,21.080841064453125,222400,0.0,0.0
2009-07-27 00:00:00-04:00,21.06033098274952,21.292815266030615,20.301339403050527,21.25862693786621,561600,0.0,0.0
2009-07-28 00:00:00-04:00,21.70991653419813,22.21591258694398,18.03119739296037,18.414112091064453,1791500,0.0,0.0
2009-07-29 00:00:00-04:00,18.085902893605255,18.32522380979719,17.436314195995536,17.497854232788086,608000,0.0,0.0
2009-07-30 00:00:00-04:00,17.92862944248856,18.619244252353496,17.38844638190565,17.484174728393555,489100,0.0,0.0
2009-07-31 00:00:00-04:00,17.50468809323679,17.545714340167724,16.807235374406527,16.89612579345703,500400,0.0,0.0
2009-08-03 00:00:00-04:00,17.087585172307982,17.552553689247134,16.882452616811758,17.449987411499023,414400,0.0,0.0
2009-08-04 00:00:00-04:00,17.2516923151587,17.901280946104222,16.92347968874879,17.826065063476562,366000,0.0,0.0
2009-08-05 00:00:00-04:00,17.791875791012725,17.94230624406613,17.313231424804925,17.456825256347656,278600,0.0,0.0
2009-08-06 00:00:00-04:00,17.285882954500796,17.456827203758987,15.86362685284068,16.000381469726562,552300,0.0,0.0
2009-08-07 00:00:00-04:00,16.362779771084753,16.615776468149466,16.01405343084349,16.178159713745117,377600,0.0,0.0
2009-08-10 00:00:00-04:00,16.17132245441574,16.17132245441574,15.426005573774008,15.54908561706543,409700,0.0,0.0
2009-08-11 00:00:00-04:00,15.569599972810073,15.726868343234198,15.241387381263838,15.610626220703125,221900,0.0,0.0
2009-08-12 00:00:00-04:00,15.590112897226062,15.720030874226547,15.152496095794042,15.173009872436523,245600,0.0,0.0
2009-08-13 00:00:00-04:00,15.357624576854613,16.342263423425887,14.906332043884571,16.29439926147461,413900,0.0,0.0
2009-08-14 00:00:00-04:00,16.444833358652833,16.52688715768376,15.822596505354676,16.30807876586914,353500,0.0,0.0
2009-08-17 00:00:00-04:00,15.665328592827988,15.713192766905795,14.796931621356283,15.077280044555664,258900,0.0,0.0
2009-08-18 00:00:00-04:00,15.227708387309201,15.986699685566112,15.097790440897406,15.672163009643555,334400,0.0,0.0
2009-08-19 00:00:00-04:00,15.357628541393131,15.911488769180126,15.173009769665068,15.521736145019531,251400,0.0,0.0
2009-08-20 00:00:00-04:00,15.378145828482305,16.185002963000834,15.323443716186196,16.102949142456055,231800,0.0,0.0
2009-08-21 00:00:00-04:00,16.335432888648242,17.11493959253442,16.308082485533586,16.985021591186523,542600,0.0,0.0
2009-08-24 00:00:00-04:00,16.882454555511636,17.258531385175228,15.87046360070208,16.157649993896484,333500,0.0,0.0
2009-08-25 00:00:00-04:00,16.342270209132444,16.520052387485656,15.69268283489689,15.754222869873047,361700,0.0,0.0
2009-08-26 00:00:00-04:00,15.733707864795079,16.027732163626528,15.672167834611704,15.836274147033691,198600,0.0,0.0
2009-08-27 00:00:00-04:00,16.226022229708533,16.226022229708533,15.111466682839247,15.576435089111328,300400,0.0,0.0
2009-08-28 00:00:00-04:00,15.644811279396434,15.80891884513402,14.878982058890657,14.981548309326172,387100,0.0,0.0
2009-08-31 00:00:00-04:00,14.899495048333481,14.899495048333481,14.345634977501964,14.414012908935547,346500,0.0,0.0
2009-09-01 00:00:00-04:00,14.256755517503152,14.88583062176377,13.955893170891141,14.147351264953613,369100,0.0,0.0
2009-09-02 00:00:00-04:00,14.031102703287218,14.359315311689018,13.846482621985839,14.1268310546875,263600,0.0,0.0
2009-09-03 00:00:00-04:00,14.195207548675128,14.742228506461885,14.195207548675128,14.571284294128418,401600,0.0,0.0
2009-09-04 00:00:00-04:00,14.557611479143025,15.453358893092899,14.407179719715645,15.432845115661621,388500,0.0,0.0
2009-09-08 00:00:00-04:00,15.426009043046939,16.602106339710144,15.426009043046939,16.581592559814453,545700,0.0,0.0
2009-09-09 00:00:00-04:00,16.67732140488919,17.135452068820115,15.98670644557833,16.985021591186523,509900,0.0,0.0
2009-09-10 00:00:00-04:00,17.039720293440368,17.087584467468425,16.56791387021925,17.06023406982422,298500,0.0,0.0
2009-09-11 00:00:00-04:00,17.0533976960898,17.64144499305769,16.916641782822264,17.149126052856445,413200,0.0,0.0
2009-09-14 00:00:00-04:00,16.889290218280532,17.491013325930417,16.69099428813395,17.36793327331543,167900,0.0,0.0
2009-09-15 00:00:00-04:00,17.89443901516456,19.036346330160416,17.89443901516456,18.701295852661133,608400,0.0,0.0
2009-09-16 00:00:00-04:00,18.858562897106424,19.740635539241815,18.564538683061294,19.453449249267578,581200,0.0,0.0
2009-09-17 00:00:00-04:00,19.41925906656783,19.95260539084689,19.25515280622057,19.56285285949707,529000,0.0,0.0
2009-09-18 00:00:00-04:00,19.69961238934887,20.349200974784857,19.412426035309938,19.918420791625977,407600,0.0,0.0
2009-09-21 00:00:00-04:00,19.50131857228717,20.137231332892338,19.371400588974033,20.0688533782959,266900,0.0,0.0
2009-09-22 00:00:00-04:00,20.342362056131154,20.86203263827088,19.426100938174386,19.54918098449707,469400,0.0,0.0
2009-09-23 00:00:00-04:00,19.446613794106245,19.6175580049794,18.24316639305514,18.318382263183594,365600,0.0,0.0
2009-09-24 00:00:00-04:00,18.12693175197314,18.30471396109224,17.381614580905186,18.051715850830078,258500,0.0,0.0
2009-09-25 00:00:00-04:00,17.90128036853118,18.147440482496936,17.491013946655247,17.764524459838867,149500,0.0,0.0
2009-09-28 00:00:00-04:00,17.873931916026315,18.250010081230837,17.641447611485702,18.03803825378418,160000,0.0,0.0
2009-09-29 00:00:00-04:00,17.873936095554498,18.072232115172643,17.491021217914426,17.620939254760742,149300,0.0,0.0
2009-09-30 00:00:00-04:00,17.279041450703517,17.320067696855403,16.40380660619121,16.923477172851562,452200,0.0,0.0
2009-10-01 00:00:00-04:00,16.73886023336411,17.128612905060898,15.911490709825465,16.027732849121094,288700,0.0,0.0
2009-10-02 00:00:00-04:00,15.808916820830406,16.355937622575208,15.391812644374701,16.034563064575195,345200,0.0,0.0
2009-10-05 00:00:00-04:00,16.191835000423247,16.718343454886174,16.13713290802455,16.458507537841797,275700,0.0,0.0
2009-10-06 00:00:00-04:00,16.424321247382178,17.299554833842574,16.424321247382178,17.128610610961914,318400,0.0,0.0
2009-10-07 00:00:00-04:00,16.943990122088234,17.32690477730921,16.793558386529405,16.882450103759766,164800,0.0,0.0
2009-10-08 00:00:00-04:00,17.13544852745328,17.72349707120066,17.108098129991102,17.2995548248291,201700,0.0,0.0
2009-10-09 00:00:00-04:00,17.484179315066093,17.484179315066093,16.608945507972138,16.861942291259766,247600,0.0,0.0
2009-10-12 00:00:00-04:00,16.745698733804208,17.614095845125735,16.745698733804208,17.265369415283203,139800,0.0,0.0
2009-10-13 00:00:00-04:00,17.183310544212095,17.25852641014315,16.663641319854403,16.978178024291992,109700,0.0,0.0
2009-10-14 00:00:00-04:00,17.26536829776071,17.68247266210045,17.26536829776071,17.477338790893555,237800,0.0,0.0
2009-10-15 00:00:00-04:00,17.40212290137568,17.422635374010873,17.053396520366864,17.36793327331543,116200,0.0,0.0
2009-10-16 00:00:00-04:00,17.190153527218794,17.573069589909302,17.026047202151922,17.265369415283203,238300,0.0,0.0
2009-10-19 00:00:00-04:00,17.313231949883587,17.326907801721653,16.738859214694948,17.073909759521484,257600,0.0,0.0
2009-10-20 00:00:00-04:00,17.07390965999374,17.07390965999374,15.856787545923037,15.89781379699707,339500,0.0,0.0
2009-10-21 00:00:00-04:00,15.740539408770944,16.33542438707694,15.043086885611734,15.084113121032715,410800,0.0,0.0
2009-10-22 00:00:00-04:00,15.049932195339089,15.487549065811821,14.571287765108677,15.241390228271484,493900,0.0,0.0
2009-10-23 00:00:00-04:00,15.398656252762342,15.87729930495882,14.844796019279363,14.858471870422363,340700,0.0,0.0
2009-10-26 00:00:00-04:00,14.940524979406968,15.508059733481973,14.735391134388951,14.776418685913086,920700,0.0,0.0
2009-10-27 00:00:00-04:00,15.00207238686132,16.56108359453522,14.359321442815984,15.460203170776367,1162300,0.0,0.0
2009-10-28 00:00:00-04:00,15.384980127256204,15.426006375752628,14.099480139360537,14.400341033935547,560600,0.0,0.0
2009-10-29 00:00:00-04:00,14.687527775084659,15.193522534092123,14.386666872453816,15.186684608459473,369300,0.0,0.0
2009-10-30 00:00:00-04:00,15.070444894028196,15.070444894028196,14.41401833121156,14.468720436096191,410700,0.0,0.0
2009-11-02 00:00:00-05:00,14.502907370873363,14.84479581964493,13.716564199538949,14.195208549499512,477400,0.0,0.0
2009-11-03 00:00:00-05:00,13.949047665988529,14.926848783256991,13.81229307667739,14.86530876159668,462500,0.0,0.0
2009-11-04 00:00:00-05:00,15.104629601876091,15.398653834266735,14.502905288099717,14.55077075958252,386200,0.0,0.0
2009-11-05 00:00:00-05:00,14.824284293720881,15.255063192823574,14.578124177547336,15.21403694152832,274000,0.0,0.0
2009-11-06 00:00:00-05:00,15.214037103809016,15.685843563440505,14.974714910998781,15.200361251831055,342500,0.0,0.0
2009-11-09 00:00:00-05:00,15.508058246798855,16.19183505624007,15.378140287828812,16.10978126525879,333800,0.0,0.0
2009-11-10 00:00:00-05:00,16.007212687621415,16.29439895818423,15.248220121662417,15.480704307556152,285200,0.0,0.0
2009-11-11 00:00:00-05:00,15.7405432087777,16.020891609535706,15.473869353660927,15.925163269042969,303000,0.0,0.0
2009-11-12 00:00:00-05:00,15.918331540319691,16.342272616835523,15.706359697860444,15.856791496276855,336700,0.0,0.0
2009-11-13 00:00:00-05:00,15.952518659692064,16.37646100813783,15.754223991694131,16.102949142456055,438900,0.0,0.0
2009-11-16 00:00:00-05:00,16.376457363697956,16.677318262271932,15.945677184056448,16.53372573852539,296100,0.0,0.0
2009-11-17 00:00:00-05:00,16.45167592029161,16.492703483469803,15.897816859398592,16.18500328063965,184400,0.0,0.0
2009-11-18 00:00:00-05:00,16.143972214476033,16.608940691765266,16.000378394512772,16.219186782836914,147800,0.0,0.0
2009-11-19 00:00:00-05:00,16.055078302456206,16.055078302456206,14.810604785398114,15.036251068115234,370800,0.0,0.0
2009-11-20 00:00:00-05:00,14.899498065939515,15.118306447481949,14.708040079989471,14.892660140991211,172200,0.0,0.0
2009-11-23 00:00:00-05:00,15.09778896757321,15.521731080925038,14.967871033839511,15.084113121032715,113400,0.0,0.0
2009-11-24 00:00:00-05:00,15.008902576643017,15.788407778554207,15.002064651548954,15.54908561706543,277900,0.0,0.0
2009-11-25 00:00:00-05:00,15.596953702797835,15.692683373938568,15.111472637088772,15.20720100402832,167300,0.0,0.0
2009-11-27 00:00:00-05:00,14.56444334596441,15.070439257137766,14.53025503227458,14.79008960723877,80900,0.0,0.0
2009-11-30 00:00:00-05:00,14.769580206451643,14.858470623016675,14.359313836011156,14.571284294128418,210900,0.0,0.0
2009-12-01 00:00:00-05:00,14.646500378161997,14.851632914268684,14.256747777038777,14.352476119995117,291800,0.0,0.0
2009-12-02 00:00:00-05:00,14.352476663701278,14.920011426243603,14.352476663701278,14.557610511779785,141000,0.0,0.0
2009-12-03 00:00:00-05:00,14.708040971587266,14.776418921014539,13.655023941329638,13.76442813873291,235400,0.0,0.0
2009-12-04 00:00:00-05:00,14.010591254108613,14.755908324651047,14.010591254108613,14.366155624389648,216500,0.0,0.0
2009-12-07 00:00:00-05:00,14.434531866678123,14.749068638420676,14.290938028647062,14.48923397064209,229500,0.0,0.0
2009-12-08 00:00:00-05:00,14.263587440889964,14.865310576567891,14.126831530680835,14.564448356628418,182100,0.0,0.0
2009-12-09 00:00:00-05:00,14.54393362351767,15.220872535062673,14.393501884818237,15.138818740844727,229700,0.0,0.0
2009-12-10 00:00:00-05:00,15.207198385357424,15.549086841784167,15.118307960534892,15.186684608459473,182900,0.0,0.0
2009-12-11 00:00:00-05:00,15.27557470664558,15.309763026957887,14.844794567185915,14.961036682128906,99500,0.0,0.0
2009-12-14 00:00:00-05:00,15.070444761441353,15.131983487719234,14.872148817853473,15.125146865844727,244500,0.0,0.0
2009-12-15 00:00:00-05:00,14.98155074761597,15.34395294928412,14.625986470983163,14.735390663146973,208900,0.0,0.0
2009-12-16 00:00:00-05:00,14.9473673797745,15.302930470030002,14.673855504530035,15.029419898986816,160500,0.0,0.0
2009-12-17 00:00:00-05:00,14.824284472378011,15.097794991310975,14.70120441280792,14.831122398376465,156400,0.0,0.0
2009-12-18 00:00:00-05:00,15.125146607202316,15.726869745349862,14.981552770473286,15.713193893432617,518500,0.0,0.0
2009-12-21 00:00:00-05:00,15.83627452407338,16.36278310408834,15.713194460776265,16.280729293823242,145100,0.0,0.0
2009-12-22 00:00:00-05:00,16.219188310452996,16.964505268505864,16.17816205982835,16.75937271118164,237300,0.0,0.0
2009-12-23 00:00:00-05:00,16.759372484170914,17.532039830773872,16.759372484170914,17.456825256347656,181400,0.0,0.0
2009-12-24 00:00:00-05:00,17.586736824605467,18.038029356899187,17.415792644063885,17.92178726196289,75500,0.0,0.0
2009-12-28 00:00:00-05:00,17.928631042541543,18.079062805248956,17.402123785668664,17.682472229003906,206700,0.0,0.0
2009-12-29 00:00:00-05:00,17.66879852859881,18.00384911620801,17.38161212433361,17.66196060180664,160300,0.0,0.0
2009-12-30 00:00:00-05:00,17.51152193946034,17.64143857518025,16.97817563678724,17.08074188232422,175500,0.0,0.0
2009-12-31 00:00:00-05:00,17.026047021930125,17.128613310986108,16.608943939208984,16.608943939208984,75300,0.0,0.0
2010-01-04 00:00:00-05:00,16.937149528791164,16.937149528791164,16.492694925268786,16.834583282470703,152400,0.0,0.0
2010-01-05 00:00:00-05:00,16.84826165045089,16.84826165045089,16.171322706016795,16.492698669433594,277600,0.0,0.0
2010-01-06 00:00:00-05:00,16.362777461106887,16.492695405805108,15.78156697608918,15.86362075805664,259800,0.0,0.0
2010-01-07 00:00:00-05:00,15.890977290066003,15.973031103741882,15.494386683068356,15.829437255859375,272200,0.0,0.0
2010-01-08 00:00:00-05:00,15.781570875098431,15.81575919858111,15.460196200078048,15.514898300170898,103900,0.0,0.0
2010-01-11 00:00:00-05:00,15.590111283100459,15.890973455035612,15.521734643106804,15.658489227294922,229800,0.0,0.0
2010-01-12 00:00:00-05:00,15.535411530921811,15.897813776852752,15.350792749222093,15.39181900024414,110900,0.0,0.0
2010-01-13 00:00:00-05:00,15.460196701252915,15.460196701252915,15.13198278585512,15.302927017211914,138900,0.0,0.0
2010-01-14 00:00:00-05:00,15.357628499469866,16.38329384622986,15.19352220049238,16.20551300048828,388900,0.0,0.0
2010-01-15 00:00:00-05:00,16.287567872365127,16.287567872365127,15.72687094306709,15.80208683013916,163800,0.0,0.0
2010-01-19 00:00:00-05:00,15.856787347798942,16.3422683413453,15.802085245650044,16.25337791442871,196300,0.0,0.0
2010-01-20 00:00:00-05:00,16.014055201099396,16.79356045710188,16.014055201099396,16.697832107543945,347700,0.0,0.0
2010-01-21 00:00:00-05:00,16.649968506715258,16.99869489752723,16.61577887769389,16.75937271118164,279400,0.0,0.0
2010-01-22 00:00:00-05:00,16.581587504381297,16.923475906533486,16.561073730739892,16.636289596557617,242300,0.0,0.0
2010-01-25 00:00:00-05:00,16.73201950809426,16.80039745580655,16.294402729457005,16.554237365722656,205100,0.0,0.0
2010-01-26 00:00:00-05:00,16.396968515817466,16.417482290787017,15.890973804376156,15.911487579345703,110800,0.0,0.0
2010-01-27 00:00:00-05:00,15.795245280932471,15.97986534092876,15.596949371114052,15.815757751464844,155800,0.0,0.0
2010-01-28 00:00:00-05:00,15.8978095912723,15.95251167963338,15.337112859521037,15.412328720092773,117200,0.0,0.0
2010-01-29 00:00:00-05:00,15.460195199244323,15.884136121469377,15.460195199244323,15.54908561706543,141100,0.0,0.0
2010-02-01 00:00:00-05:00,15.62430632017818,16.410649690333052,15.610630465761266,16.349109649658203,176400,0.0,0.0
2010-02-02 00:00:00-05:00,16.34910443004566,16.65680453518362,16.232862313015858,16.417482376098633,130400,0.0,0.0
2010-02-03 00:00:00-05:00,16.34226796131621,16.766210221262416,16.34226796131621,16.68415641784668,112100,0.0,0.0
2010-02-04 00:00:00-05:00,16.431155883872563,16.69782840084381,16.273886239109405,16.34226417541504,179400,0.0,0.0
2010-02-05 00:00:00-05:00,16.349102099465668,16.42431795982193,16.150807518800054,16.34226417541504,268000,0.0,0.0
2010-02-08 00:00:00-05:00,16.321753954468914,17.080745369769396,16.321753954468914,16.424320220947266,331700,0.0,0.0
2010-02-09 00:00:00-05:00,16.663639357084755,17.388442320190517,16.62944973832468,17.333740234375,271300,0.0,0.0
2010-02-10 00:00:00-05:00,17.279039740003608,18.51667536069451,16.978177588207778,18.455135345458984,419000,0.0,0.0
2010-02-11 00:00:00-05:00,18.202140933765072,19.679098875162286,18.202140933765072,19.556018829345703,473400,0.0,0.0
2010-02-12 00:00:00-05:00,19.309859159377943,19.58336965372023,18.92010654191508,19.008996963500977,314800,0.0,0.0
2010-02-16 00:00:00-05:00,19.37139979911424,19.945772507582934,19.303021847305878,19.74747657775879,216600,0.0,0.0
2010-02-17 00:00:00-05:00,19.918421359647727,20.3628774066739,19.22780780934147,19.303022384643555,237400,0.0,0.0
2010-02-18 00:00:00-05:00,19.1867804435056,19.385076380802115,19.050025838936524,19.227807998657227,174300,0.0,0.0
2010-02-19 00:00:00-05:00,19.200456619262695,19.296184974496725,18.906432323385573,19.200456619262695,160200,0.0,0.0
2010-02-22 00:00:00-05:00,19.35088480994951,19.467126929480692,19.08421224922539,19.289344787597656,175900,0.0,0.0
2010-02-23 00:00:00-05:00,19.173105848666935,19.651748919778836,19.173105848666935,19.460290908813477,171400,0.0,0.0
2010-02-24 00:00:00-05:00,19.521828621629783,19.521828621629783,19.070536003213324,19.494478225708008,284700,0.0,0.0
2010-02-25 00:00:00-05:00,19.220975156614763,20.048344841324443,19.11840754580827,20.00048065185547,297600,0.0,0.0
2010-02-26 00:00:00-05:00,20.075691385261994,20.171419739563053,19.95261132733148,20.062015533447266,308400,0.0,0.0
2010-03-01 00:00:00-05:00,20.020989444100397,20.335526213176475,19.884233533249304,20.04833984375,291700,0.0,0.0
2010-03-02 00:00:00-05:00,20.062015271556522,20.383389959801274,19.938935215232704,20.25347328186035,230300,0.0,0.0
2010-03-03 00:00:00-05:00,21.053493237375523,23.47406430328196,21.053493237375523,22.762935638427734,1573400,0.0,0.0
2010-03-04 00:00:00-05:00,22.284284865224006,23.863810130656937,21.744100595111284,23.58346176147461,895700,0.0,0.0
2010-03-05 00:00:00-05:00,23.802276638838244,24.56810609474798,23.802276638838244,24.027921676635742,477200,0.0,0.0
2010-03-08 00:00:00-05:00,23.870647572685062,23.945863436734314,23.460382543109155,23.68602752685547,686700,0.0,0.0
2010-03-09 00:00:00-05:00,23.392006081111997,23.761246216682622,23.159521841130687,23.37833023071289,386100,0.0,0.0
2010-03-10 00:00:00-05:00,23.337299458019007,23.795428594135807,23.30994776405353,23.562944412231445,224500,0.0,0.0
2010-03-11 00:00:00-05:00,23.44670711793952,24.007403885743837,23.35781540351157,23.76124382019043,206900,0.0,0.0
2010-03-12 00:00:00-05:00,23.89799947724915,24.43134454199827,23.809107763657142,24.185184478759766,390600,0.0,0.0
2010-03-15 00:00:00-04:00,24.07578329263147,24.349295087695086,24.07578329263147,24.25356674194336,209500,0.0,0.0
2010-03-16 00:00:00-04:00,24.31510359548384,24.595451975094587,24.068943533698516,24.36980438232422,126300,0.0,0.0
2010-03-17 00:00:00-04:00,24.547589342144775,25.668982930650262,24.445021773858848,25.491199493408203,457600,0.0,0.0
2010-03-18 00:00:00-04:00,26.414304630420805,27.275862450212518,26.05874029908391,27.098081588745117,611300,0.0,0.0
2010-03-19 00:00:00-04:00,26.612600326538086,27.29637734551474,26.57841199726972,26.612600326538086,312800,0.0,0.0
2010-03-22 00:00:00-04:00,26.38012324910068,27.81605419624868,26.38012324910068,27.419462203979492,243400,0.0,0.0
2010-03-23 00:00:00-04:00,27.43312523442759,27.699797776362107,26.94764431919287,27.597232818603516,211200,0.0,0.0
2010-03-24 00:00:00-04:00,27.419459074688138,28.137427074725625,27.330569934898865,27.412622451782227,200900,0.0,0.0
2010-03-25 00:00:00-04:00,27.836552717506756,28.116901099312788,27.18012761987334,27.221155166625977,204100,0.0,0.0
2010-03-26 00:00:00-04:00,27.39210276980411,27.857071257181445,27.262183493141684,27.487831115722656,133200,0.0,0.0
2010-03-29 00:00:00-04:00,27.911765888295612,27.95963005068642,27.13909745364211,27.3442325592041,160100,0.0,0.0
2010-03-30 00:00:00-04:00,27.474160619564103,27.56988898413922,27.098083783703732,27.241676330566406,178200,0.0,0.0
2010-03-31 00:00:00-04:00,26.927126757801908,27.80919670470633,26.742506738663476,27.029691696166992,159600,0.0,0.0
2010-04-01 00:00:00-04:00,27.330565047022333,28.055366931937602,26.551059755033144,26.776704788208008,253300,0.0,0.0
2010-04-05 00:00:00-04:00,26.9066115691408,27.754495808057126,26.9066115691408,27.214311599731445,270900,0.0,0.0
2010-04-06 00:00:00-04:00,27.091240492550085,27.44680479939752,26.756191266752825,27.3237247467041,178800,0.0,0.0
2010-04-07 00:00:00-04:00,27.050211937527482,28.855382324936713,27.050211937527482,28.62289810180664,334600,0.0,0.0
2010-04-08 00:00:00-04:00,28.72545966762884,29.375048091583768,28.390410526107658,28.698110580444336,187300,0.0,0.0
2010-04-09 00:00:00-04:00,28.739140499662277,29.42975658676967,28.171607064037087,29.334028244018555,279900,0.0,0.0
2010-04-12 00:00:00-04:00,29.436598770502354,29.675922281008578,28.766497636208896,28.90325355529785,222000,0.0,0.0
2010-04-13 00:00:00-04:00,28.903250386811187,29.074194614832262,28.479309431671464,28.848546981811523,159100,0.0,0.0
2010-04-14 00:00:00-04:00,29.108380844721086,29.614376870959333,29.087868373522824,29.545997619628906,278000,0.0,0.0
2010-04-15 00:00:00-04:00,29.559671866627852,29.840020260872652,29.11521849489426,29.176755905151367,122500,0.0,0.0
2010-04-16 00:00:00-04:00,29.504963413278443,30.503276693637204,29.265640021367183,29.87420082092285,403500,0.0,0.0
2010-04-19 00:00:00-04:00,29.66908055384301,30.475937539330126,29.299840385894264,29.853700637817383,356700,0.0,0.0
2010-04-20 00:00:00-04:00,30.04514524152822,30.346008638702795,29.45026028282539,30.20241355895996,254400,0.0,0.0
2010-04-21 00:00:00-04:00,30.154558956393736,30.763122562412246,30.004129818543532,30.592178344726562,238100,0.0,0.0
2010-04-22 00:00:00-04:00,30.551159350866122,32.93753983748071,30.46226760241841,32.39735794067383,533100,0.0,0.0
2010-04-23 00:00:00-04:00,32.76660121950083,33.08114070474403,31.980259027400184,32.13752746582031,386700,0.0,0.0
2010-04-26 00:00:00-04:00,32.19905238915543,32.561453289675086,31.68621974499288,32.123836517333984,241000,0.0,0.0
2010-04-27 00:00:00-04:00,31.98708361693651,32.97172405523938,31.939219441008117,32.19221878051758,280500,0.0,0.0
2010-04-28 00:00:00-04:00,32.02126899707708,32.08964563414578,29.74429098674844,29.771642684936523,445300,0.0,0.0
2010-04-29 00:00:00-04:00,29.901563516369414,30.12721114534479,28.992141595970214,29.402406692504883,542300,0.0,0.0
2010-04-30 00:00:00-04:00,29.320350576943735,30.086179879897788,28.096389451267886,28.123741149902344,411200,0.0,0.0
2010-05-03 00:00:00-04:00,28.2126393157393,29.204116538146454,28.2126393157393,29.060523986816406,373900,0.0,0.0
2010-05-04 00:00:00-04:00,28.055366598446337,28.17844665449759,25.08093799681232,25.279233932495117,702000,0.0,0.0
2010-05-05 00:00:00-04:00,25.20401557303297,26.195492545493256,24.150998578601996,25.0467472076416,399000,0.0,0.0
2010-05-06 00:00:00-04:00,24.93051176783925,25.26556368550317,21.272305424828115,24.349302291870117,568100,0.0,0.0
2010-05-07 00:00:00-04:00,24.205699293935197,24.74588097307423,22.633010597713437,23.173194885253906,515100,0.0,0.0
2010-05-10 00:00:00-04:00,24.643321126758515,25.744202398880706,24.280917580975434,24.83477783203125,524800,0.0,0.0
2010-05-11 00:00:00-04:00,24.451862890718935,25.921984395002426,24.20570537669197,25.299747467041016,325000,0.0,0.0
2010-05-12 00:00:00-04:00,25.13563637629503,25.744199976393634,25.13563637629503,25.443336486816406,195600,0.0,0.0
2010-05-13 00:00:00-04:00,25.29973959721972,25.580087958690697,24.745879494039908,24.800582885742188,217500,0.0,0.0
2010-05-14 00:00:00-04:00,24.63648441657229,24.670675353212573,23.672358953207077,24.109975814819336,221200,0.0,0.0
2010-05-17 00:00:00-04:00,24.226217693341276,24.226217693341276,22.516775308027338,23.51508903503418,324400,0.0,0.0
2010-05-18 00:00:00-04:00,23.65184415367993,24.048433417392406,22.78344713807942,23.022768020629883,249900,0.0,0.0
2010-05-19 00:00:00-04:00,23.002253756156037,23.29627802233725,22.154371888230227,22.61250114440918,257000,0.0,0.0
2010-05-20 00:00:00-04:00,21.880859701347756,22.127019790332195,21.31332495501208,21.511619567871094,418700,0.0,0.0
2010-05-21 00:00:00-04:00,21.162893579359782,22.516771400574697,20.92357142610644,21.935562133789062,302500,0.0,0.0
2010-05-24 00:00:00-04:00,21.81248454651819,22.05864336281663,21.422731891861382,21.49110984802246,178100,0.0,0.0
2010-05-25 00:00:00-04:00,20.86203629741326,21.580001621290155,20.417581511003696,21.4295711517334,295800,0.0,0.0
2010-05-26 00:00:00-04:00,21.69623867633491,22.496258930199232,21.69623867633491,21.935562133789062,317700,0.0,0.0
2010-05-27 00:00:00-04:00,22.55779748141262,23.692866850067425,22.530445783757937,23.617650985717773,319900,0.0,0.0
2010-05-28 00:00:00-04:00,23.658683854177117,24.09630333813751,22.639857554843932,23.091150283813477,191700,0.0,0.0
2010-06-01 00:00:00-04:00,22.95439053147117,22.95439053147117,21.03981571587418,21.11503028869629,356800,0.0,0.0
2010-06-02 00:00:00-04:00,21.306486088791296,22.010775394632983,20.622709253325077,21.935562133789062,286100,0.0,0.0
2010-06-03 00:00:00-04:00,21.79880676960723,22.605665016021,21.79197014837573,22.400529861450195,220500,0.0,0.0
2010-06-04 00:00:00-04:00,21.627862299706308,21.867184470307606,20.75262872155423,20.88938331604004,240500,0.0,0.0
2010-06-07 00:00:00-04:00,20.944090206091523,20.971441913766526,19.747480383535365,19.85688591003418,279300,0.0,0.0
2010-06-08 00:00:00-04:00,20.027821258618594,20.78681255005471,19.65858119451403,20.663732528686523,392000,0.0,0.0
2010-06-09 00:00:00-04:00,21.005620798430364,21.668885065081792,20.79365037607196,21.019296646118164,284000,0.0,0.0
2010-06-10 00:00:00-04:00,21.484267464718794,22.13385465297883,21.197081151784648,21.778291702270508,318100,0.0,0.0
2010-06-11 00:00:00-04:00,21.176569603665406,22.32531628034015,21.176569603665406,22.25693702697754,112500,0.0,0.0
2010-06-14 00:00:00-04:00,22.42104715821729,23.651845165294464,22.42104715821729,22.762935638427734,270900,0.0,0.0
2010-06-15 00:00:00-04:00,22.940717338621607,23.289445061882844,22.598828845919638,23.139013290405273,132400,0.0,0.0
2010-06-16 00:00:00-04:00,22.803960202910282,23.200552085313202,22.441559254674694,22.91336441040039,150600,0.0,0.0
2010-06-17 00:00:00-04:00,22.906525891026046,22.981741766519978,22.359504898890865,22.74241828918457,101300,0.0,0.0
2010-06-18 00:00:00-04:00,23.26208893605508,23.26208893605508,21.88769599585794,22.56463623046875,222600,0.0,0.0
2010-06-21 00:00:00-04:00,23.569788593714605,23.569788593714605,21.901371428775505,22.147531509399414,244300,0.0,0.0
2010-06-22 00:00:00-04:00,22.16121027232177,22.544126293448567,21.23811115284263,21.4364070892334,221800,0.0,0.0
2010-06-23 00:00:00-04:00,21.36802800176842,21.429568026749585,20.8483574042613,20.971437454223633,155500,0.0,0.0
2010-06-24 00:00:00-04:00,20.80733548452232,20.90306385254169,20.150908849557673,20.198774337768555,180900,0.0,0.0
2010-06-25 00:00:00-04:00,20.253467876392403,20.69108457834692,19.665419454990534,20.226116180419922,209500,0.0,0.0
2010-06-28 00:00:00-04:00,20.27398605816939,21.019303028870407,20.055177645523404,20.397066116333008,157900,0.0,0.0
2010-06-29 00:00:00-04:00,20.123551689115203,20.301333815884846,19.25515482904067,19.37823486328125,349100,0.0,0.0
2010-06-30 00:00:00-04:00,19.432935668699685,19.850039911733003,18.995318957452053,19.091047286987305,138700,0.0,0.0
2010-07-01 00:00:00-04:00,19.077375643704347,19.077375643704347,18.065386123783334,18.489328384399414,561800,0.0,0.0
2010-07-02 00:00:00-04:00,18.626082420656253,18.67394659452453,17.942305527221585,18.085899353027344,214000,0.0,0.0
2010-07-06 00:00:00-04:00,18.311544744920933,18.708135270786396,17.039719370434764,17.087583541870117,271600,0.0,0.0
2010-07-07 00:00:00-04:00,17.12861203143079,18.44830175018298,17.060235379968816,18.35257339477539,279700,0.0,0.0
2010-07-08 00:00:00-04:00,18.537195000731035,18.988487719155373,17.860255923094527,18.277359008789062,146600,0.0,0.0
2010-07-09 00:00:00-04:00,18.18846844587616,19.774830875898843,18.18846844587616,19.740642547607422,217400,0.0,0.0
2010-07-12 00:00:00-04:00,20.30817135884422,21.928721634689737,20.239793418417662,21.880857467651367,515100,0.0,0.0
2010-07-13 00:00:00-04:00,22.414203483990846,23.227899574942857,21.942398413866886,22.427879333496094,400900,0.0,0.0
2010-07-14 00:00:00-04:00,22.325317654080084,22.84498696960364,21.682565674930203,22.81079864501953,207900,0.0,0.0
2010-07-15 00:00:00-04:00,22.906527312660135,23.81595188785244,22.67404305052392,23.74073600769043,321900,0.0,0.0
2010-07-16 00:00:00-04:00,23.515084842273783,23.665516580047964,21.744102742520134,21.83299446105957,304100,0.0,0.0
2010-07-19 00:00:00-04:00,21.949239996654583,22.550964468914156,21.40221893478323,22.482587814331055,272000,0.0,0.0
2010-07-20 00:00:00-04:00,22.072315812474205,23.433032887303963,21.73726661775443,23.33046531677246,299500,0.0,0.0
2010-07-21 00:00:00-04:00,23.597139634507926,23.67235551073494,22.42788176334761,22.434720993041992,214100,0.0,0.0
2010-07-22 00:00:00-04:00,22.892849885792543,24.821100500316877,22.749257365400734,24.73904800415039,359100,0.0,0.0
2010-07-23 00:00:00-04:00,24.520238856712197,25.771549166379078,24.520238856712197,25.716848373413086,330400,0.0,0.0
2010-07-26 00:00:00-04:00,25.66214705734374,26.804055873869807,25.66214705734374,26.099763870239258,340100,0.0,0.0
2010-07-27 00:00:00-04:00,26.366431883113055,26.63310439284859,25.723680081800488,26.106595993041992,344900,0.0,0.0
2010-07-28 00:00:00-04:00,26.038227868750276,26.414304674779796,25.586932571432335,25.744203567504883,212000,0.0,0.0
2010-07-29 00:00:00-04:00,24.698022151238007,24.85529053321221,22.338991204820967,23.74073600769043,614700,0.0,0.0
2010-07-30 00:00:00-04:00,23.234739312448333,24.930505752563477,23.029606759154117,24.930505752563477,352700,0.0,0.0
2010-08-02 00:00:00-04:00,25.368120880949032,25.921981085706573,24.923667479661212,25.190340042114258,539200,0.0,0.0
2010-08-03 00:00:00-04:00,25.115123916069674,25.292907361516278,24.410834580435598,24.58861541748047,288900,0.0,0.0
2010-08-04 00:00:00-04:00,24.636482771515617,24.73905035778321,23.781761580625933,23.856977462768555,372400,0.0,0.0
2010-08-05 00:00:00-04:00,23.32363325699541,23.74757425518527,22.844988848250892,22.98174476623535,373000,0.0,0.0
2010-08-06 00:00:00-04:00,22.626178471935066,23.002255257664146,22.38685759239891,22.70823097229004,372600,0.0,0.0
2010-08-09 00:00:00-04:00,22.851820670857645,22.974900710353243,22.393691441491967,22.674039840698242,321000,0.0,0.0
2010-08-10 00:00:00-04:00,22.092839155594977,22.872344636328233,22.092839155594977,22.352672576904297,345900,0.0,0.0
2010-08-11 00:00:00-04:00,22.1817225683848,22.1817225683848,21.25862476048163,21.34067726135254,293100,0.0,0.0
2010-08-12 00:00:00-04:00,20.978273487537365,21.6073482273376,20.732113409815287,21.484268188476562,233800,0.0,0.0
2010-08-13 00:00:00-04:00,21.30648797678725,21.54581015124724,20.81416908113884,20.971437454223633,317800,0.0,0.0
2010-08-16 00:00:00-04:00,20.875706487479256,21.60050954120396,20.821004394824573,21.265459060668945,201800,0.0,0.0
2010-08-17 00:00:00-04:00,21.566326662076957,21.826161341674986,21.244950645493887,21.354354858398438,176200,0.0,0.0
2010-08-18 00:00:00-04:00,21.2449457395087,22.667202787235574,21.12870362711567,22.427879333496094,237000,0.0,0.0
2010-08-19 00:00:00-04:00,22.31163728361496,22.530445646718633,21.19708039077963,21.388538360595703,371700,0.0,0.0
2010-08-20 00:00:00-04:00,21.292811895970157,22.017616336989462,21.19708354890006,21.9013729095459,218200,0.0,0.0
2010-08-23 00:00:00-04:00,22.044967822213515,22.25010036512233,21.197083340881463,21.238109588623047,155900,0.0,0.0
2010-08-24 00:00:00-04:00,20.896220260156873,21.6346992091459,20.697925650993586,21.545808792114258,448800,0.0,0.0
2010-08-25 00:00:00-04:00,21.340678012532525,22.07915837157074,21.19024755284013,22.003942489624023,196200,0.0,0.0
2010-08-26 00:00:00-04:00,22.154373764111842,22.359506323179136,22.024454476927684,22.04496955871582,204200,0.0,0.0
2010-08-27 00:00:00-04:00,22.3116386366536,22.762931238972726,21.703076372640822,22.701391220092773,132300,0.0,0.0
2010-08-30 00:00:00-04:00,22.633016096314222,23.214228071286698,22.26377852415525,22.277454376220703,134100,0.0,0.0
2010-08-31 00:00:00-04:00,22.209073219284917,22.4210449955944,21.36119002664976,21.82615852355957,210800,0.0,0.0
2010-09-01 00:00:00-04:00,22.277448525834785,23.38516616821289,22.16120511800669,23.38516616821289,251200,0.0,0.0
2010-09-02 00:00:00-04:00,23.24841805951108,26.004038541876174,22.981745446172816,25.997201919555664,424100,0.0,0.0
2010-09-03 00:00:00-04:00,26.427976347304078,27.316885732354052,26.05873622156893,26.510028839111328,329900,0.0,0.0
2010-09-07 00:00:00-04:00,26.284382589280952,26.366437693745368,25.25871725909213,25.42282485961914,235700,0.0,0.0
2010-09-08 00:00:00-04:00,25.751036375746768,25.778388076091467,25.121962918228974,25.231367111206055,160900,0.0,0.0
2010-09-09 00:00:00-04:00,25.710006348197155,25.874113926052676,25.07409372265938,25.224525451660156,153500,0.0,0.0
2010-09-10 00:00:00-04:00,25.45017651982039,27.761340515380578,25.29290814912145,27.699800491333008,800000,0.0,0.0
2010-09-13 00:00:00-04:00,28.06220672173695,28.99214379332543,27.97331498766986,28.97846794128418,588900,0.0,0.0
2010-09-14 00:00:00-04:00,28.759661080279095,29.395573888365597,28.540852652593657,28.561365127563477,350400,0.0,0.0
2010-09-15 00:00:00-04:00,28.322035198986466,28.49981863644813,28.055362651195583,28.34255027770996,158600,0.0,0.0
2010-09-16 00:00:00-04:00,28.335701530844428,28.37672906610885,27.959624920323133,28.22629737854004,142600,0.0,0.0
2010-09-17 00:00:00-04:00,28.438278600381853,28.48614277003921,27.727150067756,27.8297176361084,220800,0.0,0.0
2010-09-20 00:00:00-04:00,28.192118605297754,28.64341121224187,27.55620593982173,28.568195343017578,293600,0.0,0.0
2010-09-21 00:00:00-04:00,28.67760361877686,28.7186311737641,27.822882452891022,28.089557647705078,164900,0.0,0.0
2010-09-22 00:00:00-04:00,28.034846571717246,28.287843237255995,27.077558084444437,27.747661590576172,177400,0.0,0.0
2010-09-23 00:00:00-04:00,28.185284723071945,29.1220583480587,27.816044570133442,28.20579719543457,429600,0.0,0.0
2010-09-24 00:00:00-04:00,28.451952342577226,29.55967000008538,28.219468132146982,29.395565032958984,273500,0.0,0.0
2010-09-27 00:00:00-04:00,29.320348285837113,30.168230010039103,29.25880827291912,29.82634162902832,158400,0.0,0.0
2010-09-28 00:00:00-04:00,29.675913604569484,29.881046119026585,28.862217558514253,29.723777770996094,208500,0.0,0.0
2010-09-29 00:00:00-04:00,29.696431907036757,31.358010034820726,29.696431907036757,30.79047393798828,370700,0.0,0.0
2010-09-30 00:00:00-04:00,31.022957287962264,31.385360819438528,30.243452037665417,30.756284713745117,243400,0.0,0.0
2010-10-01 00:00:00-04:00,30.927223345004894,31.1186800080888,30.407554141605114,30.742603302001953,262000,0.0,0.0
2010-10-04 00:00:00-04:00,30.530646827136906,30.975100351892824,30.270810813518032,30.626375198364258,157700,0.0,0.0
2010-10-05 00:00:00-04:00,31.1528807987501,31.96657448292708,30.879368957674323,31.843494415283203,239500,0.0,0.0
2010-10-06 00:00:00-04:00,31.665708459684463,32.13067694980875,31.043471599136055,31.22125244140625,281300,0.0,0.0
2010-10-07 00:00:00-04:00,31.48792267924327,31.973403605293235,31.234925981054097,31.829811096191406,177900,0.0,0.0
2010-10-08 00:00:00-04:00,31.939224764287697,32.34265332035318,31.65887628352371,31.946063995361328,156200,0.0,0.0
2010-10-11 00:00:00-04:00,32.05545814422379,33.84695268742815,31.918702258149825,33.593955993652344,531600,0.0,0.0
2010-10-12 00:00:00-04:00,33.49822734296221,34.770050028883766,32.99223135173631,34.42816162109375,389100,0.0,0.0
2010-10-13 00:00:00-04:00,34.55125105226756,35.036734705734595,34.12047341935771,34.21620178222656,243800,0.0,0.0
2010-10-14 00:00:00-04:00,34.40764733850411,34.537563987594936,33.96319138843321,34.35978317260742,194000,0.0,0.0
2010-10-15 00:00:00-04:00,34.62646286587642,35.330752259894695,34.13414264801404,34.742706298828125,327000,0.0,0.0
2010-10-18 00:00:00-04:00,34.08626950070456,34.08626950070456,33.53241200978663,33.607627868652344,383300,0.0,0.0
2010-10-19 00:00:00-04:00,33.03326098908962,34.01789872677984,32.493076644597714,32.63666915893555,234300,0.0,0.0
2010-10-20 00:00:00-04:00,32.94437270280581,32.94437270280581,31.932383159207202,31.99392318725586,315400,0.0,0.0
2010-10-21 00:00:00-04:00,32.069134569138605,32.85547636347172,31.501598544688008,32.34264373779297,296400,0.0,0.0
2010-10-22 00:00:00-04:00,32.46572993194697,33.63498791416284,32.40418990086181,33.42985534667969,191300,0.0,0.0
2010-10-25 00:00:00-04:00,33.57343914605976,33.82643843490484,32.67769322586152,32.78025817871094,176700,0.0,0.0
2010-10-26 00:00:00-04:00,32.26058695970593,32.301614503331116,31.241758464424798,31.34432601928711,318800,0.0,0.0
2010-10-27 00:00:00-04:00,31.200736213071657,31.200736213071657,30.332339361315867,30.640039443969727,167200,0.0,0.0
2010-10-28 00:00:00-04:00,30.75628101337194,31.255437778359695,29.75796748339643,29.88788414001465,368900,0.0,0.0
2010-10-29 00:00:00-04:00,29.805838438855908,30.469102939167087,29.730622554276025,30.352859497070312,318800,0.0,0.0
2010-11-01 00:00:00-04:00,30.407554202384095,30.421230050974767,28.8895689180378,28.951108932495117,766100,0.0,0.0
2010-11-02 00:00:00-04:00,30.85201375056249,33.80592982197795,30.619529494552854,33.183692932128906,816000,0.0,0.0
2010-11-03 00:00:00-04:00,33.85379209870869,35.098268417009486,33.73755128142446,34.82475662231445,581000,0.0,0.0
2010-11-04 00:00:00-04:00,35.255541938364004,35.488026215310164,34.619629139905456,35.10511016845703,368900,0.0,0.0
2010-11-05 00:00:00-04:00,35.228190233216885,35.488026215310164,34.8315983337902,35.10511016845703,130500,0.0,0.0
2010-11-08 00:00:00-05:00,35.07775364672453,35.549561366320006,34.77005352707571,35.1392936706543,252400,0.0,0.0
2010-11-09 00:00:00-05:00,35.2418685402089,35.33075767552445,33.81961107433176,33.99739456176758,368500,0.0,0.0
2010-11-10 00:00:00-05:00,33.915337488576064,34.61279032784593,33.56661237314223,34.56492614746094,209500,0.0,0.0
2010-11-11 00:00:00-05:00,34.038425779720605,35.754707891333545,34.011076676036524,35.21452331542969,185400,0.0,0.0
2010-11-12 00:00:00-05:00,34.93415916151217,34.93415916151217,33.9153305134202,34.400814056396484,161900,0.0,0.0
2010-11-15 00:00:00-05:00,34.66749403177244,35.15981169252178,34.29825382990878,34.708518981933594,147900,0.0,0.0
2010-11-16 00:00:00-05:00,34.36662259468835,34.91364614965295,33.42984906067416,34.052085876464844,179800,0.0,0.0
2010-11-17 00:00:00-05:00,34.05892726595469,34.496544050964054,33.94268384021057,34.31192398071289,132800,0.0,0.0
2010-11-18 00:00:00-05:00,34.92731967029315,35.118776336722796,34.51021541122733,34.66064453125,132900,0.0,0.0
2010-11-19 00:00:00-05:00,34.54440255575757,34.790562609035874,34.20935079248403,34.2435417175293,214400,0.0,0.0
2010-11-22 00:00:00-05:00,34.1273040384875,35.317076959546604,34.08627648658829,35.15296936035156,210000,0.0,0.0
2010-11-23 00:00:00-05:00,34.5991075268337,35.1461310929257,34.34611082297724,35.07091522216797,174800,0.0,0.0
2010-11-24 00:00:00-05:00,35.69315703973227,36.91027916677029,35.39229351464725,36.889766693115234,260400,0.0,0.0
2010-11-26 00:00:00-05:00,36.48633472462548,37.49832419375325,36.48633472462548,37.20429992675781,78000,0.0,0.0
2010-11-29 00:00:00-05:00,36.82821405003772,37.0265099221268,35.761521442483755,36.76667404174805,238800,0.0,0.0
2010-11-30 00:00:00-05:00,36.38377029233585,37.2316548442567,36.0076934976266,36.52736282348633,170300,0.0,0.0
2010-12-01 00:00:00-05:00,37.46413248416258,37.46413248416258,36.53419559434017,36.65043640136719,175800,0.0,0.0
2010-12-02 00:00:00-05:00,36.60257538391552,37.40259568621695,36.315390347664916,37.21797561645508,133300,0.0,0.0
2010-12-03 00:00:00-05:00,36.8829109558747,37.3478792789059,36.39059354967763,37.12223434448242,175000,0.0,0.0
2010-12-06 00:00:00-05:00,36.78035928784663,37.703457039679634,36.52735996222571,37.689781188964844,233500,0.0,0.0
2010-12-07 00:00:00-05:00,38.33253177945907,39.5223020572906,37.81285990422092,38.09320831298828,257200,0.0,0.0
2010-12-08 00:00:00-05:00,38.147920903321285,38.48980941629229,37.122255364408275,37.8470573425293,113400,0.0,0.0
2010-12-09 00:00:00-05:00,37.84705391422668,38.04534985980417,37.40943707460885,37.696624755859375,138900,0.0,0.0
2010-12-10 00:00:00-05:00,37.63508515413427,38.571858875153794,37.55986926989144,37.99748611450195,107800,0.0,0.0
2010-12-13 00:00:00-05:00,38.02482891245836,38.17526064570691,36.25384686598338,36.335899353027344,254000,0.0,0.0
2010-12-14 00:00:00-05:00,36.61624976009951,36.61624976009951,35.645287886079515,35.75469207763672,139500,0.0,0.0
2010-12-15 00:00:00-05:00,35.83674989204514,36.732498636741695,35.65896903250948,35.679481506347656,154000,0.0,0.0
2010-12-16 00:00:00-05:00,35.69998174032714,36.86240267998829,35.59741679789894,36.739322662353516,114900,0.0,0.0
2010-12-17 00:00:00-05:00,36.814546652540734,36.814546652540734,35.76152965051697,36.356414794921875,309000,0.0,0.0
2010-12-20 00:00:00-05:00,36.37009554943599,36.841903321032504,35.78204955511912,35.80939865112305,123300,0.0,0.0
2010-12-21 00:00:00-05:00,35.96667126696758,35.96667126696758,34.428172926696874,34.94100570678711,224500,0.0,0.0
2010-12-22 00:00:00-05:00,34.968354351270186,35.88461560910537,34.67433004110204,35.43332290649414,175900,0.0,0.0
2010-12-23 00:00:00-05:00,35.55640608625636,35.76837790771852,34.70852140881011,34.94100570678711,104100,0.0,0.0
2010-12-27 00:00:00-05:00,34.83842964331184,34.94099460169081,34.359785345671916,34.44867706298828,74200,0.0,0.0
2010-12-28 00:00:00-05:00,34.53072700666174,34.69483457973654,34.01789442735488,34.04524612426758,108300,0.0,0.0
2010-12-29 00:00:00-05:00,34.120464140803975,34.51705333747159,33.771736504153296,34.42816162109375,91000,0.0,0.0
2010-12-30 00:00:00-05:00,34.50337264878176,34.69483190400356,33.99737933692696,34.1683235168457,114100,0.0,0.0
2010-12-31 00:00:00-05:00,33.97003273248057,34.01789690135809,33.75806097859327,33.76490020751953,130600,0.0,0.0
2011-01-03 00:00:00-05:00,34.09994943070041,35.26237055141401,34.052085261765285,34.61962127685547,168700,0.0,0.0
2011-01-04 00:00:00-05:00,34.86578447481019,35.54956135904462,34.71535272559004,35.310237884521484,232100,0.0,0.0
2011-01-05 00:00:00-05:00,35.310241623343245,35.952993631958506,35.11878491017381,35.82307434082031,125400,0.0,0.0
2011-01-06 00:00:00-05:00,35.980350698979876,37.04020469488706,35.93248651008361,36.84191131591797,247300,0.0,0.0
2011-01-07 00:00:00-05:00,37.06754591116878,37.211138437205605,35.47434705666079,36.247013092041016,167600,0.0,0.0
2011-01-10 00:00:00-05:00,35.93247588227263,36.329067739715484,35.82991091143188,35.94615173339844,107100,0.0,0.0
2011-01-11 00:00:00-05:00,36.04871530093887,36.04871530093887,35.1666425645002,35.27604675292969,106600,0.0,0.0
2011-01-12 00:00:00-05:00,35.542724011221246,35.542724011221246,34.71535456351094,35.0845947265625,182400,0.0,0.0
2011-01-13 00:00:00-05:00,35.00937013311744,35.37861020425438,34.270889990843564,34.43499755859375,114400,0.0,0.0
2011-01-14 00:00:00-05:00,34.42133283212544,36.32907120765591,34.42133283212544,36.31539535522461,240300,0.0,0.0
2011-01-18 00:00:00-05:00,36.192312557776006,36.506849314729266,35.31707893550538,35.59742736816406,149000,0.0,0.0
2011-01-19 00:00:00-05:00,35.59742338073546,35.90512087332205,34.82475481789868,34.92732238769531,144800,0.0,0.0
2011-01-20 00:00:00-05:00,34.694845703452245,35.13929918297617,34.34611797701119,34.87946319580078,104600,0.0,0.0
2011-01-21 00:00:00-05:00,35.05040718188141,35.48802664431909,34.544413672553716,34.56492614746094,144800,0.0,0.0
2011-01-24 00:00:00-05:00,34.58543561344228,35.00253731642314,34.26405964728154,34.325599670410156,111700,0.0,0.0
2011-01-25 00:00:00-05:00,34.00422666750318,35.57691309645975,33.9221741656486,35.529048919677734,128200,0.0,0.0
2011-01-26 00:00:00-05:00,35.535882839747266,35.80939200786049,34.988859286717584,35.26237106323242,124300,0.0,0.0
2011-01-27 00:00:00-05:00,35.22134873814579,36.04188158098735,35.00254032784164,35.87093734741211,93700,0.0,0.0
2011-01-28 00:00:00-05:00,35.81622434319225,35.9461409774103,34.359779239121934,34.54439926147461,142600,0.0,0.0
2011-01-31 00:00:00-05:00,34.75638194238809,35.39913130532943,33.81960568806904,35.26921463012695,147700,0.0,0.0
2011-02-01 00:00:00-05:00,35.45383335590506,36.06923364631195,34.85211152573169,35.89145278930664,116800,0.0,0.0
2011-02-02 00:00:00-05:00,35.7615345556473,36.575230809002086,35.69315790287558,36.308555603027344,98400,0.0,0.0
2011-02-03 00:00:00-05:00,36.233332264641575,36.87608149074122,36.06238807178941,36.58889389038086,66100,0.0,0.0
2011-02-04 00:00:00-05:00,36.6230865660056,40.28129142451857,36.6230865660056,37.402591705322266,301400,0.0,0.0
2011-02-07 00:00:00-05:00,37.58720644547385,37.94960726575577,36.588890470151995,37.47780227661133,144300,0.0,0.0
2011-02-08 00:00:00-05:00,37.279520255953166,37.7376495681493,36.86925251399028,37.53935623168945,74100,0.0,0.0
2011-02-09 00:00:00-05:00,37.38208509053622,37.53935608647499,36.87609160166208,37.16327667236328,73700,0.0,0.0
2011-02-10 00:00:00-05:00,37.55301894953378,38.56501086434284,37.19061809618817,38.49663162231445,176500,0.0,0.0
2011-02-11 00:00:00-05:00,38.776985982809514,40.30864733159552,38.776985982809514,39.78213882446289,317800,0.0,0.0
2011-02-14 00:00:00-05:00,39.918893080891884,40.76677491094866,39.39238459539455,40.72574996948242,150300,0.0,0.0
2011-02-15 00:00:00-05:00,40.46591706264964,41.10182978693853,39.5017917400829,39.54965591430664,250100,0.0,0.0
2011-02-16 00:00:00-05:00,39.74111425644541,40.500107062560296,39.474441672329796,39.631710052490234,125600,0.0,0.0
2011-02-17 00:00:00-05:00,39.48127991271762,39.97359751397514,39.235119807887905,39.49495315551758,98600,0.0,0.0
2011-02-18 00:00:00-05:00,39.706925079890134,40.219757764002786,38.74963635951908,40.212921142578125,250300,0.0,0.0
2011-02-22 00:00:00-05:00,39.6453814423651,40.46591418388759,38.84536378005181,39.17357635498047,348700,0.0,0.0
2011-02-23 00:00:00-05:00,38.98211413621109,38.98211413621109,37.19061965442812,37.600887298583984,222600,0.0,0.0
2011-02-24 00:00:00-05:00,37.573534375069684,39.09151704456919,36.77351419052142,38.8111686706543,413200,0.0,0.0
2011-02-25 00:00:00-05:00,39.07785079335759,39.73427598991327,39.07785079335759,39.54965591430664,226300,0.0,0.0
2011-02-28 00:00:00-05:00,39.93257362429525,40.13770618094157,38.80434065013751,39.11887741088867,163500,0.0,0.0
2011-03-01 00:00:00-05:00,39.310333222445905,39.590681633515075,38.46928538083665,38.57868957519531,252800,0.0,0.0
2011-03-02 00:00:00-05:00,38.537673099519914,38.537673099519914,37.49149509808856,37.888084411621094,401400,0.0,0.0
2011-03-03 00:00:00-05:00,37.16326461563066,40.78044418067296,36.85556717067648,38.25730895996094,467700,0.0,0.0
2011-03-04 00:00:00-05:00,38.59236771098269,39.20776797094528,38.32569513446621,39.16674041748047,258200,0.0,0.0
2011-03-07 00:00:00-05:00,38.49664192749132,38.83853040394933,36.65044363293766,37.19062805175781,603600,0.0,0.0
2011-03-08 00:00:00-05:00,37.35472430470967,37.580369274160844,36.59573170051691,37.00599670410156,383400,0.0,0.0
2011-03-09 00:00:00-05:00,36.17863106302555,37.78550552983881,36.17863106302555,37.36156463623047,263500,0.0,0.0
2011-03-10 00:00:00-05:00,36.87609357370273,37.771842376777045,36.725661800013334,37.265846252441406,165100,0.0,0.0
2011-03-11 00:00:00-05:00,36.958141301143534,37.58721741194357,36.9239529774744,37.30002975463867,180600,0.0,0.0
2011-03-14 00:00:00-04:00,36.226497170751955,36.84189737861591,35.90512121682281,36.43846893310547,235900,0.0,0.0
2011-03-15 00:00:00-04:00,35.00938266688741,36.83506599156728,35.00938266688741,36.59574508666992,195100,0.0,0.0
2011-03-16 00:00:00-04:00,36.4247929090057,36.75984210292887,35.139291707835234,35.42647933959961,205000,0.0,0.0
2011-03-17 00:00:00-04:00,35.95299533474136,35.994020284705186,35.371783329032446,35.56324005126953,150600,0.0,0.0
2011-03-18 00:00:00-04:00,35.85726084896322,35.952991809096346,35.235023954308666,35.92564010620117,238700,0.0,0.0
2011-03-21 00:00:00-04:00,36.445303218745835,37.05386415841809,36.09657819556787,36.363250732421875,105500,0.0,0.0
2011-03-22 00:00:00-04:00,36.37693346684846,36.44531011699361,35.45383303947686,35.529048919677734,96000,0.0,0.0
2011-03-23 00:00:00-04:00,35.42647934646691,36.07606526374231,34.89313163263016,35.93931198120117,95300,0.0,0.0
2011-03-24 00:00:00-04:00,36.13760941072273,36.34274457476171,35.802560178476064,36.25385284423828,96900,0.0,0.0
2011-03-25 00:00:00-04:00,36.22650309802086,37.20430436138861,36.0418830054547,36.308555603027344,76500,0.0,0.0
2011-03-28 00:00:00-04:00,36.47949585671967,36.60941513455073,36.007690743990715,36.151283264160156,108000,0.0,0.0
2011-03-29 00:00:00-04:00,36.06923074515154,36.67095513532838,36.048718273255204,36.66411590576172,138800,0.0,0.0
2011-03-30 00:00:00-04:00,36.773519762117694,37.20429992675781,36.698303887993035,37.20429992675781,158300,0.0,0.0
2011-03-31 00:00:00-04:00,37.21113538136291,37.60772721125992,36.99916622464017,37.594051361083984,136400,0.0,0.0
2011-04-01 00:00:00-04:00,37.79918507569284,38.12056104384522,37.01284322906715,37.375244140625,106600,0.0,0.0
2011-04-04 00:00:00-04:00,37.600890918289075,37.75132005473284,36.80770985997944,37.05386734008789,93200,0.0,0.0
2011-04-05 00:00:00-04:00,36.971819772114664,37.60773254934854,36.855578941722406,37.347896575927734,98000,0.0,0.0
2011-04-06 00:00:00-04:00,37.60089176908721,37.86072510537013,36.84873563624236,37.20429992675781,133700,0.0,0.0
2011-04-07 00:00:00-04:00,37.02651809504336,37.27951480345583,36.15812116789596,36.21282196044922,130400,0.0,0.0
2011-04-08 00:00:00-04:00,36.52735426529649,36.73248938562298,35.25553164800039,35.39912414550781,172400,0.0,0.0
2011-04-11 00:00:00-04:00,35.412800922122116,35.57006927233279,34.38713572721656,34.510215759277344,289100,0.0,0.0
2011-04-12 00:00:00-04:00,34.2640533710379,34.72902176986191,34.004217475600655,34.43499755859375,179400,0.0,0.0
2011-04-13 00:00:00-04:00,34.68800121437791,34.72902876668156,34.34611277038633,34.61278533935547,162400,0.0,0.0
2011-04-14 00:00:00-04:00,34.1614939961467,34.79740673481509,34.1614939961467,34.722190856933594,174800,0.0,0.0
2011-04-15 00:00:00-04:00,34.59911067061915,35.11878258394526,34.21619726964403,34.393978118896484,163400,0.0,0.0
2011-04-18 00:00:00-04:00,34.02473584730193,35.05040115060776,33.81276668732918,34.86578369140625,113300,0.0,0.0
2011-04-19 00:00:00-04:00,34.97518569927811,35.36493828149304,34.49654139931544,34.6059455871582,84600,0.0,0.0
2011-04-20 00:00:00-04:00,35.207672579521535,35.891449457203116,35.15980579835418,35.85042190551758,106100,0.0,0.0
2011-04-21 00:00:00-04:00,36.13077407245864,36.13077407245864,35.17348530094923,35.35126876831055,125200,0.0,0.0
2011-04-25 00:00:00-04:00,35.07775567552092,35.125619851523304,34.73586721355989,34.89997482299805,74400,0.0,0.0
2011-04-26 00:00:00-04:00,34.93416265407888,35.111943504090654,34.462357522261485,34.551246643066406,110400,0.0,0.0
2011-04-27 00:00:00-04:00,34.592263821784556,34.783720465666775,33.89481126541217,34.16148376464844,132700,0.0,0.0
2011-04-28 00:00:00-04:00,34.11363119364882,34.64697637332326,34.0247394609024,34.14781951904297,130000,0.0,0.0
2011-04-29 00:00:00-04:00,34.12729597464078,34.25721261235459,33.34779093155552,34.1683235168457,201000,0.0,0.0
2011-05-02 00:00:00-04:00,34.22303008529087,34.585433581715165,33.34779657079012,34.052085876464844,137000,0.0,0.0
2011-05-03 00:00:00-04:00,35.35126966743895,37.36157300865655,34.7290327326524,36.000858306884766,638300,0.0,0.0
2011-05-04 00:00:00-04:00,35.94614939302611,37.42310730922777,35.60426096234608,37.238487243652344,363700,0.0,0.0
2011-05-05 00:00:00-04:00,37.04019438011033,38.086374837914086,36.60257757012269,36.62309265136719,216800,0.0,0.0
2011-05-06 00:00:00-04:00,37.01283008550971,38.182087508584935,36.951290083853074,37.306854248046875,259700,0.0,0.0
2011-05-09 00:00:00-04:00,37.129086403490746,37.573542446876594,36.73249714445278,36.93762969970703,94000,0.0,0.0
2011-05-10 00:00:00-04:00,37.13591819269218,37.607723236083984,37.02651401125053,37.607723236083984,92200,0.0,0.0
2011-05-11 00:00:00-04:00,37.61456585554257,37.93594183096053,37.238489084880065,37.354732513427734,105400,0.0,0.0
2011-05-12 00:00:00-04:00,37.13592565910767,38.824852886657546,36.7940371973135,38.291507720947266,162000,0.0,0.0
2011-05-13 00:00:00-04:00,38.31886066340578,38.31886066340578,37.5598678363273,37.730812072753906,75200,0.0,0.0
2011-05-16 00:00:00-04:00,37.48464517099357,37.874397750836756,36.85557174682617,36.85557174682617,127400,0.0,0.0
2011-05-17 00:00:00-04:00,36.31538889153268,36.75984227863293,36.15812052916781,36.43846893310547,94600,0.0,0.0
2011-05-18 00:00:00-04:00,36.62992872432842,37.36840903642556,36.52736114484763,36.9581413269043,138300,0.0,0.0
2011-05-19 00:00:00-04:00,37.10856823523568,37.19062072306396,36.61624809146291,36.821380615234375,146700,0.0,0.0
2011-05-20 00:00:00-04:00,36.650447109637014,37.22481990890815,36.035049358676574,37.04703903198242,121500,0.0,0.0
2011-05-23 00:00:00-04:00,36.33590886909973,37.55303107787867,36.294883919034426,36.95130920410156,151600,0.0,0.0
2011-05-24 00:00:00-04:00,36.93078915189502,37.37524517942045,36.3495798313481,36.828224182128906,256500,0.0,0.0
2011-05-25 00:00:00-04:00,36.657282111252776,36.82822634597535,36.48633787653021,36.52736282348633,87700,0.0,0.0
2011-05-26 00:00:00-04:00,36.39745034341114,37.43679172344473,36.00086102946805,37.04703903198242,112100,0.0,0.0
2011-05-27 00:00:00-04:00,37.16327105136588,37.272675243904814,36.80087015265599,36.9239501953125,174200,0.0,0.0
2011-05-31 00:00:00-04:00,37.259005176048504,37.5256777550532,36.67095661290896,36.75984573364258,217400,0.0,0.0
2011-06-01 00:00:00-04:00,36.73249467055374,38.435097633737506,36.73249467055374,36.8760871887207,385300,0.0,0.0
2011-06-02 00:00:00-04:00,36.24017587299555,36.24017587299555,35.41280644606248,35.61793899536133,338200,0.0,0.0
2011-06-03 00:00:00-04:00,35.22818087403094,35.54955680312315,34.45551236351634,34.510215759277344,202200,0.0,0.0
2011-06-06 00:00:00-04:00,34.4350070909329,35.084595705145254,33.62131086354189,33.64866256713867,171400,0.0,0.0
2011-06-07 00:00:00-04:00,33.819601611801765,34.1888417284858,32.80761220964678,32.85547637939453,257300,0.0,0.0
2011-06-08 00:00:00-04:00,32.84180035138246,33.61446890060353,32.294779408377025,32.356319427490234,212200,0.0,0.0
2011-06-09 00:00:00-04:00,32.44522106526524,32.848649623146436,32.267437574184086,32.60248947143555,146500,0.0,0.0
2011-06-10 00:00:00-04:00,32.39052363169404,32.69822387815657,31.631530559887427,32.520442962646484,219400,0.0,0.0
2011-06-13 00:00:00-04:00,32.57511948092217,33.409327836095045,32.527255323664804,33.06060028076172,277000,0.0,0.0
2011-06-14 00:00:00-04:00,33.32044653371517,34.106790976906204,32.855478053839015,33.49822998046875,218800,0.0,0.0
2011-06-15 00:00:00-04:00,33.156340547206995,33.69652227539324,32.75291210206435,33.01958465576172,124400,0.0,0.0
2011-06-16 00:00:00-04:00,34.01106226466445,34.46235488926281,32.65718178246763,33.47771453857422,279100,0.0,0.0
2011-06-17 00:00:00-04:00,33.805933342226695,34.18201277228763,33.20421147093362,33.38199234008789,168900,0.0,0.0
2011-06-20 00:00:00-04:00,33.265748207131914,34.12046935728019,33.09480397710226,33.55977249145508,152900,0.0,0.0
2011-06-21 00:00:00-04:00,33.758064918980345,34.530733548537775,33.614472395587036,34.264060974121094,148400,0.0,0.0
2011-06-22 00:00:00-04:00,34.18885747363245,34.47604262437761,33.498243700362316,33.52559280395508,130400,0.0,0.0
2011-06-23 00:00:00-04:00,33.14949826664196,34.3666201108268,32.96487822144515,34.33243179321289,161300,0.0,0.0
2011-06-24 00:00:00-04:00,34.31875842994445,34.701674396795745,33.983709241300986,34.22303009033203,497400,0.0,0.0
2011-06-27 00:00:00-04:00,34.15465978794368,35.03673269531113,34.072607282821764,34.95467758178711,140500,0.0,0.0
2011-06-28 00:00:00-04:00,34.77006034779314,35.61110837595257,34.77006034779314,35.535892486572266,178700,0.0,0.0
2011-06-29 00:00:00-04:00,35.56323594081073,35.727343546904834,34.98202661068117,35.24869918823242,167700,0.0,0.0
2011-06-30 00:00:00-04:00,35.22819126856329,35.78205157626045,35.02989531302208,35.741024017333984,144000,0.0,0.0
2011-07-01 00:00:00-04:00,35.78888945373115,37.15644349841572,35.71367356392913,36.69147491455078,213700,0.0,0.0
2011-07-05 00:00:00-04:00,36.62991432988448,37.22479927525641,36.26751354602814,37.12223434448242,111100,0.0,0.0
2011-07-06 00:00:00-04:00,36.99233199534947,37.14276375921588,36.73933525390311,36.8624153137207,74100,0.0,0.0
2011-07-07 00:00:00-04:00,37.04019002945761,38.24363872397134,36.69830161076193,37.983802795410156,205100,0.0,0.0
2011-07-08 00:00:00-04:00,37.64875830860574,37.662434160070056,37.05387050771697,37.10857391357422,98400,0.0,0.0
2011-07-11 00:00:00-04:00,36.923944822295795,37.546181565891025,36.77351310129431,37.52566909790039,276100,0.0,0.0
2011-07-12 00:00:00-04:00,37.286365542030076,38.018006852211506,36.71199265653784,36.787208557128906,194000,0.0,0.0
2011-07-13 00:00:00-04:00,37.01284255513773,37.58721522797222,36.739330764873024,37.21113586425781,108300,0.0,0.0
2011-07-14 00:00:00-04:00,37.2521565327805,37.38207317453248,36.54102809619848,36.67778396606445,120300,0.0,0.0
2011-07-15 00:00:00-04:00,36.91027741790353,37.78551103107648,36.81454906751298,37.614566802978516,139700,0.0,0.0
2011-07-18 00:00:00-04:00,37.52567792689921,37.66243383194894,36.34274417376266,37.13592529296875,186900,0.0,0.0
2011-07-19 00:00:00-04:00,37.39576065583423,38.53083029454927,37.39576065583423,38.031673431396484,113500,0.0,0.0
2011-07-20 00:00:00-04:00,38.168420638579676,38.168420638579676,37.22480792741021,37.55302047729492,139300,0.0,0.0
2011-07-21 00:00:00-04:00,37.600893345697806,38.353046901678766,37.15643731181694,38.31201934814453,163600,0.0,0.0
2011-07-22 00:00:00-04:00,38.29834569916384,38.544505817719916,38.00432401133526,38.059024810791016,127700,0.0,0.0
2011-07-25 00:00:00-04:00,37.737643553379726,37.860723595511416,37.327378485208556,37.621402740478516,86400,0.0,0.0
2011-07-26 00:00:00-04:00,37.621405433363016,37.792349658737216,36.92395268082804,36.98549270629883,99100,0.0,0.0
2011-07-27 00:00:00-04:00,36.67095502441223,36.766683370841356,35.44015715472008,35.48118209838867,192400,0.0,0.0
2011-07-28 00:00:00-04:00,35.48117842215754,36.04187520034978,35.09142584727761,35.125614166259766,124500,0.0,0.0
2011-07-29 00:00:00-04:00,34.7974017957074,36.137603730853954,34.63329682035151,35.62477111816406,140500,0.0,0.0
2011-08-01 00:00:00-04:00,35.95297608977597,36.82820933253753,35.44014362252021,36.61623764038086,370300,0.0,0.0
2011-08-02 00:00:00-04:00,34.18200433813116,34.71534942239723,29.47077986297516,29.88788414001465,1642800,0.0,0.0
2011-08-03 00:00:00-04:00,30.53747284517871,32.274266603567845,30.53747284517871,32.04178237915039,637500,0.0,0.0
2011-08-04 00:00:00-04:00,32.2469165119628,32.2469165119628,28.951112265788442,28.99213981628418,787400,0.0,0.0
2011-08-05 00:00:00-04:00,29.42292913182903,29.607549270330267,26.892955832166937,28.103239059448242,723200,0.0,0.0
2011-08-08 00:00:00-04:00,27.057051768496287,28.44511804307359,26.1476298463807,26.168142318725586,588400,0.0,0.0
2011-08-09 00:00:00-04:00,26.61258749830621,27.15961093652426,24.745877449330145,27.029691696166992,468800,0.0,0.0
2011-08-10 00:00:00-04:00,26.277542596282668,27.04337188086972,24.29458883566809,24.342453002929688,521800,0.0,0.0
2011-08-11 00:00:00-04:00,24.95785735750393,27.61091251380483,24.390321266930506,27.255348205566406,508800,0.0,0.0
2011-08-12 00:00:00-04:00,27.52202103531779,28.11690622548019,26.92029661524898,26.954484939575195,209800,0.0,0.0
2011-08-15 00:00:00-04:00,27.52202276712661,28.97162919866988,26.37327726034829,28.937440872192383,334900,0.0,0.0
2011-08-16 00:00:00-04:00,28.602382486927365,28.910079935365385,28.02117068880841,28.157926559448242,283300,0.0,0.0
2011-08-17 00:00:00-04:00,28.26732491380446,28.75964490337459,27.27584831632051,28.22629737854004,310000,0.0,0.0
2011-08-18 00:00:00-04:00,27.186965787653744,28.000661889955,26.455324783528464,27.371585845947266,649800,0.0,0.0
2011-08-19 00:00:00-04:00,26.97499576706498,27.747664295320696,25.94249131978139,26.072410583496094,441800,0.0,0.0
2011-08-22 00:00:00-04:00,26.886104317540802,27.296369365627985,26.43481172128428,26.797212600708008,337400,0.0,0.0
2011-08-23 00:00:00-04:00,27.016025341476034,28.356230105911123,26.920296988673954,28.32887840270996,230000,0.0,0.0
2011-08-24 00:00:00-04:00,28.260500611256802,28.910086581425272,27.706640381620673,28.034852981567383,286200,0.0,0.0
2011-08-25 00:00:00-04:00,28.110073450987144,28.37674606898991,26.722006947843365,27.241676330566406,280900,0.0,0.0
2011-08-26 00:00:00-04:00,27.084393942216,28.1647597095359,26.7356663846247,27.891250610351562,193200,0.0,0.0
2011-08-29 00:00:00-04:00,28.192121772227065,28.957951183408934,27.904936721184583,28.848546981811523,180300,0.0,0.0
2011-08-30 00:00:00-04:00,28.520328521728516,29.245132838758515,28.110063502067085,28.520328521728516,246000,0.0,0.0
2011-08-31 00:00:00-04:00,28.766482626920677,29.36136756490611,28.260489381222996,28.65024185180664,276500,0.0,0.0
2011-09-01 00:00:00-04:00,28.718623011236573,28.81435133726316,26.886101143752235,27.200637817382812,380500,0.0,0.0
2011-09-02 00:00:00-04:00,26.352759556245502,26.76302460935963,25.52539022103777,25.9630069732666,430500,0.0,0.0
2011-09-06 00:00:00-04:00,24.923668351630777,25.73736191789118,24.253567307345406,25.566417694091797,421900,0.0,0.0
2011-09-07 00:00:00-04:00,25.956167221069336,26.42113566304015,25.59376634451032,25.956167221069336,405100,0.0,0.0
2011-09-08 00:00:00-04:00,25.81941131558966,26.496351508271868,25.368118723268708,25.61427879333496,213200,0.0,0.0
2011-09-09 00:00:00-04:00,25.333934676779442,25.675823140996172,24.349296838859967,24.83477783203125,279900,0.0,0.0
2011-09-12 00:00:00-04:00,24.595455259259246,26.482678304273467,24.513400155439907,26.46216583251953,514400,0.0,0.0
2011-09-13 00:00:00-04:00,26.489515896500908,27.31004601676372,25.990356508525455,26.8929443359375,298100,0.0,0.0
2011-09-14 00:00:00-04:00,27.186959836115125,28.575028279775964,26.708318243543506,27.980140686035156,319900,0.0,0.0
2011-09-15 00:00:00-04:00,28.30836154866214,28.814354937568925,27.89809388934146,28.609222412109375,218200,0.0,0.0
2011-09-16 00:00:00-04:00,28.65709348862558,28.780173555248915,28.239989108224517,28.561365127563477,252100,0.0,0.0
2011-09-19 00:00:00-04:00,27.631425305962335,28.59555066137683,27.631425305962335,28.356229782104492,115400,0.0,0.0
2011-09-20 00:00:00-04:00,28.513498563192382,29.231463819535666,27.563049045819636,27.64510154724121,163200,0.0,0.0
2011-09-21 00:00:00-04:00,27.49466405832817,27.6519324067823,26.168138026757607,26.209165573120117,149800,0.0,0.0
2011-09-22 00:00:00-04:00,25.03307192046731,25.969845512957708,25.012559448816255,25.62112045288086,227900,0.0,0.0
2011-09-23 00:00:00-04:00,25.545911016983702,27.34424538965575,25.258723299483584,27.337406158447266,225000,0.0,0.0
2011-09-26 00:00:00-04:00,27.795533888400865,28.9647918396296,27.234837001551924,28.889575958251953,243600,0.0,0.0
2011-09-27 00:00:00-04:00,29.381897377614695,30.510127818527046,28.97846885902852,29.23830223083496,191800,0.0,0.0
2011-09-28 00:00:00-04:00,29.238304695467416,29.27933225634891,27.364757091386245,27.460485458374023,194500,0.0,0.0
2011-09-29 00:00:00-04:00,28.103233801714662,28.30836898949542,25.812581883250676,27.166460037231445,219500,0.0,0.0
2011-09-30 00:00:00-04:00,26.687808593094047,27.398937115725694,26.229679373268894,26.318571090698242,167700,0.0,0.0
2011-10-03 00:00:00-04:00,25.98352402058498,26.708328524394457,24.643321828697616,24.656997680664062,212000,0.0,0.0
2011-10-04 00:00:00-04:00,24.451866749054005,26.304904581557235,24.068953261211792,26.28438949584961,266000,0.0,0.0
2011-10-05 00:00:00-04:00,26.2980530053439,27.091233925770663,25.757868750394298,26.70832061767578,141300,0.0,0.0
2011-10-06 00:00:00-04:00,26.510038543776155,26.968167949844883,25.887801485615515,26.769874572753906,169000,0.0,0.0
2011-10-07 00:00:00-04:00,26.92029721656011,27.159620708993227,26.045063573929777,26.27754783630371,134300,0.0,0.0
2011-10-10 00:00:00-04:00,26.87242949275749,27.97331063079501,26.61943279040405,27.95963478088379,150900,0.0,0.0
2011-10-11 00:00:00-04:00,27.638266166401998,28.492987449752913,27.604077836748434,28.144262313842773,188900,0.0,0.0
2011-10-12 00:00:00-04:00,28.29468557698336,28.554518890855924,27.788689581860208,28.164766311645508,302800,0.0,0.0
2011-10-13 00:00:00-04:00,27.91860557093087,29.375048150370407,27.85022633182962,29.03999900817871,248800,0.0,0.0
2011-10-14 00:00:00-04:00,29.368213528683114,29.75796608867204,29.08786515029807,29.723777770996094,217400,0.0,0.0
2011-10-17 00:00:00-04:00,29.395566567389313,29.928911650992514,29.09470309795033,29.2041072845459,215900,0.0,0.0
2011-10-18 00:00:00-04:00,29.204108204092798,30.25028854278056,28.636574783383903,29.922073364257812,195700,0.0,0.0
2011-10-19 00:00:00-04:00,29.969937605701528,30.181906738734778,29.16991741442992,29.51864242553711,156100,0.0,0.0
2011-10-20 00:00:00-04:00,29.511817275067553,29.703274013739133,28.998984489280883,29.56652069091797,136300,0.0,0.0
2011-10-21 00:00:00-04:00,30.202417988544948,30.44174141761567,29.74428881514885,30.140880584716797,211800,0.0,0.0
2011-10-24 00:00:00-04:00,30.380212436471204,31.45374212196163,30.284484073444382,31.24860954284668,212800,0.0,0.0
2011-10-25 00:00:00-04:00,30.913543103122652,31.15970312547655,30.735762313867635,30.85200309753418,134500,0.0,0.0
2011-10-26 00:00:00-04:00,31.713578531989043,31.80930689627963,30.756289672278598,31.549470901489258,163400,0.0,0.0
2011-10-27 00:00:00-04:00,32.71872942083255,33.94269091478864,31.952899887446506,33.464046478271484,208000,0.0,0.0
2011-10-28 00:00:00-04:00,33.15634890545548,33.53242574543241,32.67086523802107,33.464046478271484,174300,0.0,0.0
2011-10-31 00:00:00-04:00,32.99223752550916,33.368314322772385,32.09648879045506,32.110164642333984,157400,0.0,0.0
2011-11-01 00:00:00-04:00,31.11868262517024,31.569975232108447,30.414393319536785,30.5648250579834,498600,0.0,0.0
2011-11-02 00:00:00-04:00,31.96658259873777,31.96658259873777,29.901575238709356,31.4195613861084,353700,0.0,0.0
2011-11-03 00:00:00-04:00,30.475936733370272,30.769961013953537,28.185285123470052,29.1904354095459,495300,0.0,0.0
2011-11-04 00:00:00-04:00,28.86222166220652,30.23661466044596,28.86222166220652,29.969942092895508,134100,0.0,0.0
2011-11-07 00:00:00-05:00,29.846865409144232,30.34602227796924,29.70327026486139,30.065673828125,130600,0.0,0.0
2011-11-08 00:00:00-05:00,30.346016994139507,30.571661995748336,29.3682159008974,30.36652946472168,134200,0.0,0.0
2011-11-09 00:00:00-05:00,29.368203962222687,30.16822129052649,29.279312278499845,29.381879806518555,141600,0.0,0.0
2011-11-10 00:00:00-05:00,29.874211054779252,29.874211054779252,28.937437456188945,29.52548599243164,131600,0.0,0.0
2011-11-11 00:00:00-05:00,29.89472870361531,30.797314057316964,29.840025296286953,30.42807388305664,123900,0.0,0.0
2011-11-14 00:00:00-05:00,30.216104666350645,30.6810732346439,30.031484563492832,30.421239852905273,94600,0.0,0.0
2011-11-15 00:00:00-05:00,30.33234156960575,31.419546868533697,30.127209035702712,31.12552261352539,99400,0.0,0.0
2011-11-16 00:00:00-05:00,30.79731668091834,31.41955364607516,30.40072476920846,30.421239852905273,85400,0.0,0.0
2011-11-17 00:00:00-05:00,30.33917909036362,30.99560687008697,29.997290654250072,30.304990768432617,136700,0.0,0.0
2011-11-18 00:00:00-05:00,30.31183088103465,31.057145189412193,30.229775775927344,30.681068420410156,104300,0.0,0.0
2011-11-21 00:00:00-05:00,30.168232286023628,30.168232286023628,29.210946312013633,29.50497055053711,179400,0.0,0.0
2011-11-22 00:00:00-05:00,29.340862967574562,29.85369557778041,29.19043123389235,29.50497055053711,93800,0.0,0.0
2011-11-23 00:00:00-05:00,29.224623469957102,29.641725153878156,28.957948309651194,29.27248764038086,125700,0.0,0.0
2011-11-25 00:00:00-05:00,29.169921818006085,29.511810260602687,28.957950044571536,29.11522102355957,62700,0.0,0.0
2011-11-28 00:00:00-05:00,30.08618231268017,30.701582539709328,29.894725623560767,30.592178344726562,129900,0.0,0.0
2011-11-29 00:00:00-05:00,30.503285038473567,30.872525155532546,30.2297732610073,30.5648250579834,95900,0.0,0.0
2011-11-30 00:00:00-05:00,31.45373845179043,32.61615974234134,31.378522572930965,32.19221878051758,297100,0.0,0.0
2011-12-01 00:00:00-05:00,32.075974747841336,32.25375559676709,31.77511384642778,31.911867141723633,147900,0.0,0.0
2011-12-02 00:00:00-05:00,32.103323621198854,32.29478030446272,31.255439179712916,31.70673179626465,169700,0.0,0.0
2011-12-05 00:00:00-05:00,32.274271971928215,32.274271971928215,31.54263085746976,31.79562759399414,134000,0.0,0.0
2011-12-06 00:00:00-05:00,31.44006206777726,31.44006206777726,30.15456074421296,31.228090286254883,175800,0.0,0.0
2011-12-07 00:00:00-05:00,30.954582953376985,31.50160399370883,30.797314567306707,31.399036407470703,113800,0.0,0.0
2011-12-08 00:00:00-05:00,31.091344603469423,31.31698968307321,30.482783420765124,30.5032958984375,101800,0.0,0.0
2011-12-09 00:00:00-05:00,30.516968317130473,31.3648503385584,30.41440072351152,30.97509765625,85800,0.0,0.0
2011-12-12 00:00:00-05:00,30.43491112810959,30.43491112810959,29.730621698945622,30.14772605895996,162500,0.0,0.0
2011-12-13 00:00:00-05:00,30.46909833536143,30.53063835813714,29.019489489622888,29.053680419921875,204300,0.0,0.0
2011-12-14 00:00:00-05:00,28.766495255482702,28.978467042947827,28.2673384092603,28.554523468017578,213600,0.0,0.0
2011-12-15 00:00:00-05:00,28.95795260946688,29.183600253599817,28.704955869889197,28.889575958251953,136700,0.0,0.0
2011-12-16 00:00:00-05:00,29.135731967460238,29.6007004336794,28.869059413564298,29.142568588256836,159300,0.0,0.0
2011-12-19 00:00:00-05:00,29.306679286074576,29.79216027454244,28.23998634902796,28.356229782104492,85400,0.0,0.0
2011-12-20 00:00:00-05:00,28.985307899462253,29.142576303435934,28.342558429952113,28.575042724609375,198400,0.0,0.0
2011-12-21 00:00:00-05:00,28.43143464204594,29.552827941864418,28.43143464204594,29.368207931518555,140400,0.0,0.0
2011-12-22 00:00:00-05:00,29.600696195018067,29.7648011546543,28.711786939851425,29.28615951538086,149800,0.0,0.0
2011-12-23 00:00:00-05:00,29.36137407869258,29.61437336606986,29.081025702421652,29.51864242553711,76400,0.0,0.0
2011-12-27 00:00:00-05:00,29.416074543729895,29.840015375977465,29.224617898534444,29.669071197509766,61700,0.0,0.0
2011-12-28 00:00:00-05:00,29.675916674136147,29.812669958985172,28.916923944576187,28.99213981628418,81600,0.0,0.0
2011-12-29 00:00:00-05:00,29.12889140786902,29.34769978099017,28.91008303474787,29.03316307067871,63200,0.0,0.0
2011-12-30 00:00:00-05:00,28.903254045148735,29.231466691483437,28.85538986391673,28.862226486206055,101900,0.0,0.0
2012-01-03 00:00:00-05:00,29.422914191926644,29.8126667502815,28.479304107699846,28.52716827392578,188800,0.0,0.0
2012-01-04 00:00:00-05:00,28.424604258712986,28.492980902307742,28.069039973536377,28.267335891723633,144300,0.0,0.0
2012-01-05 00:00:00-05:00,28.03485298156738,28.301525555998964,27.54253277744638,28.034852981567383,184600,0.0,0.0
2012-01-06 00:00:00-05:00,28.09638661602455,28.68443503531697,27.60406652389112,28.212627410888672,182500,0.0,0.0
2012-01-09 00:00:00-05:00,28.369901977073543,28.69127531518997,28.048526030555497,28.34255027770996,131500,0.0,0.0
2012-01-10 00:00:00-05:00,28.739143512372976,29.983617315398465,28.691279335979843,29.853700637817383,205500,0.0,0.0
2012-01-11 00:00:00-05:00,30.26396888446883,32.110167306891434,30.181916374788475,31.761442184448242,263200,0.0,0.0
2012-01-12 00:00:00-05:00,31.829813318883726,32.137513437304236,31.645193247831422,31.973405838012695,103700,0.0,0.0
2012-01-13 00:00:00-05:00,31.665716716795227,32.01444187112065,31.39220484831853,31.453744888305664,105600,0.0,0.0
2012-01-17 00:00:00-05:00,31.97340199900163,32.48623459865996,31.091331909974425,31.166547775268555,139100,0.0,0.0
2012-01-18 00:00:00-05:00,31.234933053124195,31.672549908556753,31.002448772625375,31.52895736694336,109000,0.0,0.0
2012-01-19 00:00:00-05:00,31.665716716795227,31.665716716795227,31.12553221117512,31.453744888305664,69600,0.0,0.0
2012-01-20 00:00:00-05:00,31.433230909158322,31.959739535356547,31.262286651629122,31.75460433959961,77500,0.0,0.0
2012-01-23 00:00:00-05:00,31.78193934492253,31.95288351261794,31.09816267414089,31.590482711791992,74500,0.0,0.0
2012-01-24 00:00:00-05:00,31.27595534736067,31.987081313546607,31.111847749993597,31.77511215209961,94800,0.0,0.0
2012-01-25 00:00:00-05:00,31.638352044805995,32.7939338684082,31.56313618137364,32.7939338684082,95200,0.0,0.0
2012-01-26 00:00:00-05:00,33.012746763751615,33.012746763751615,32.45888916314664,32.61615753173828,130900,0.0,0.0
2012-01-27 00:00:00-05:00,32.38367603667722,33.238397204839515,32.01443586601463,32.99223709106445,108300,0.0,0.0
2012-01-30 00:00:00-05:00,32.65718395498542,32.882831586496664,32.3494864333274,32.71188735961914,95600,0.0,0.0
2012-01-31 00:00:00-05:00,32.88967326482182,32.930700824605296,32.09649203449072,32.49308395385742,85400,0.0,0.0
2012-02-01 00:00:00-05:00,32.71188781380468,33.13582877199458,32.60932023289332,33.01274871826172,132900,0.0,0.0
2012-02-02 00:00:00-05:00,33.12214088700501,34.0999417317469,32.971711793630014,33.93583679199219,128200,0.0,0.0
2012-02-03 00:00:00-05:00,34.26406300123319,35.67948106333832,34.140982942928225,35.37862014770508,136600,0.0,0.0
2012-02-06 00:00:00-05:00,35.02305593488735,35.4948610876068,34.41449487157614,34.52389907836914,126200,0.0,0.0
2012-02-07 00:00:00-05:00,34.503386405921184,35.20767848171349,34.3050904521349,34.708518981933594,91600,0.0,0.0
2012-02-08 00:00:00-05:00,34.87946093487504,35.17348523089294,34.27089986910843,34.68116760253906,65000,0.0,0.0
2012-02-09 00:00:00-05:00,34.81792379398497,34.845275500163346,34.2572268593395,34.373470306396484,77000,0.0,0.0
2012-02-10 00:00:00-05:00,33.90849420719125,34.264058483367116,33.78541416511492,34.03157424926758,56600,0.0,0.0
2012-02-13 00:00:00-05:00,34.414492413478975,34.47602983002774,33.84011971674047,34.12046813964844,70400,0.0,0.0
2012-02-14 00:00:00-05:00,34.03840565808005,34.168324909490345,33.19736057160839,33.58027648925781,55700,0.0,0.0
2012-02-15 00:00:00-05:00,33.75806632337382,33.901661461142815,33.14950527266433,33.347801208496094,80000,0.0,0.0
2012-02-16 00:00:00-05:00,33.477724422173736,34.1341497774942,33.33413186477285,33.72388458251953,114500,0.0,0.0
2012-02-17 00:00:00-05:00,33.86063875509053,34.24355482997091,33.81961119436687,34.1546630859375,59700,0.0,0.0
2012-02-21 00:00:00-05:00,34.17515980509471,34.817908976334735,34.01105485466801,34.31875228881836,93500,0.0,0.0
2012-02-22 00:00:00-05:00,34.352952116659374,35.55639829590074,34.352952116659374,35.45383071899414,207500,0.0,0.0
2012-02-23 00:00:00-05:00,35.34442933134978,35.88461374366141,35.07092011852005,35.70683288574219,114600,0.0,0.0
2012-02-24 00:00:00-05:00,35.5837412318935,35.80254957421835,35.262365337928365,35.54955291748047,228200,0.0,0.0
2012-02-27 00:00:00-05:00,35.21451506749628,35.501700151936,34.763222357375135,35.09827423095703,132200,0.0,0.0
2012-02-28 00:00:00-05:00,35.009380860262674,35.91880286034503,34.94100159924762,35.80939865112305,88700,0.0,0.0
2012-02-29 00:00:00-05:00,35.92563874703296,36.93078901058453,35.92563874703296,36.5000114440918,342900,0.0,0.0
2012-03-01 00:00:00-05:00,37.08122340296786,37.42995110551603,35.33075348528004,36.889766693115234,312200,0.0,0.0
2012-03-02 00:00:00-05:00,36.75300721054927,36.75300721054927,34.53756897704449,34.82475662231445,456400,0.0,0.0
2012-03-05 00:00:00-05:00,34.065767112402945,35.37862020013419,33.204209311393406,34.646976470947266,225700,0.0,0.0
2012-03-06 00:00:00-05:00,34.140981846721694,34.27773775249201,32.99907303320181,33.38882827758789,239500,0.0,0.0
2012-03-07 00:00:00-05:00,33.52558275693068,34.56492402566524,33.38199022459025,34.52389907836914,217600,0.0,0.0
2012-03-08 00:00:00-05:00,34.6401306116292,35.070910701457656,34.40080978861414,34.906803131103516,219200,0.0,0.0
2012-03-09 00:00:00-05:00,34.91364864803446,36.082906494058896,34.9068094184871,35.310237884521484,111600,0.0,0.0
2012-03-12 00:00:00-04:00,35.37861179848026,35.37861179848026,34.701671637558356,35.04356002807617,75000,0.0,0.0
2012-03-13 00:00:00-04:00,35.351274493955394,36.103428215961955,35.23503103748385,36.07607650756836,112100,0.0,0.0
2012-03-14 00:00:00-04:00,35.93247638940128,36.370093197995935,35.84358466002989,36.12393569946289,89400,0.0,0.0
2012-03-15 00:00:00-04:00,36.007697610635304,36.5752337867745,35.91196924560033,36.547882080078125,86000,0.0,0.0
2012-03-16 00:00:00-04:00,36.602582389790676,36.602582389790676,35.556404402632715,35.69999694824219,86000,0.0,0.0
2012-03-19 00:00:00-04:00,35.6931508962288,36.13760426880196,35.36493833222965,35.802555084228516,57600,0.0,0.0
2012-03-20 00:00:00-04:00,35.467504123717795,35.81623177442804,34.90680732100883,35.61109924316406,74900,0.0,0.0
2012-03-21 00:00:00-04:00,35.76153199139087,36.048719650924106,35.419643535242955,35.74785614013672,58400,0.0,0.0
2012-03-22 00:00:00-04:00,35.481184562170036,36.53420166281462,35.481184562170036,35.71366882324219,116100,0.0,0.0
2012-03-23 00:00:00-04:00,35.62477148947959,36.02819992000329,34.89996972536696,35.81623077392578,90300,0.0,0.0
2012-03-26 00:00:00-04:00,36.32222204454538,36.753002148922356,36.32222204454538,36.58205795288086,95200,0.0,0.0
2012-03-27 00:00:00-04:00,36.67094854770001,36.79402857377138,35.754687580502754,35.76152420043945,115800,0.0,0.0
2012-03-28 00:00:00-04:00,35.658968633994675,35.686317729339244,34.9546766087309,35.0367317199707,229700,0.0,0.0
2012-03-29 00:00:00-04:00,34.85209970162552,34.899963862596074,33.95635127357448,34.16148376464844,157000,0.0,0.0
2012-03-30 00:00:00-04:00,34.49655635754457,34.599121360895005,33.77175166854901,33.91534423828125,169000,0.0,0.0
2012-04-02 00:00:00-04:00,33.484554082831615,34.14097925053007,32.9922339028569,33.79225158691406,292800,0.0,0.0
2012-04-03 00:00:00-04:00,33.68969230942529,34.00422909599963,33.012751947674076,33.566612243652344,230400,0.0,0.0
2012-04-04 00:00:00-04:00,33.060616909157844,33.211048683858024,32.144355624751945,33.04694366455078,312800,0.0,0.0
2012-04-05 00:00:00-04:00,32.964882266217586,33.12898986266226,32.41102467107055,32.64350891113281,107500,0.0,0.0
2012-04-09 00:00:00-04:00,32.07597817304659,32.274274124163114,31.864006369259734,32.05546569824219,84200,0.0,0.0
2012-04-10 00:00:00-04:00,32.08280656364903,32.08280656364903,30.947737167259778,31.022953033447266,155900,0.0,0.0
2012-04-11 00:00:00-04:00,31.40587180187062,32.458888806147996,31.344331779324495,32.42469787597656,142500,0.0,0.0
2012-04-12 00:00:00-04:00,32.602482187908606,32.602482187908606,31.829813575078386,32.06229782104492,147900,0.0,0.0
2012-04-13 00:00:00-04:00,31.95972989065058,32.1238348676502,31.45373389336497,32.04178237915039,67300,0.0,0.0
2012-04-16 00:00:00-04:00,32.14436307559664,32.32898322141267,31.481101005520003,31.569990158081055,62400,0.0,0.0
2012-04-17 00:00:00-04:00,31.836650748588134,32.11015992074271,31.63151560897014,31.905027389526367,75800,0.0,0.0
2012-04-18 00:00:00-04:00,31.734090579076714,32.44521928763472,31.617849740694368,32.31529998779297,109300,0.0,0.0
2012-04-19 00:00:00-04:00,32.2811042352899,32.4794001464107,31.80245992197825,32.00759506225586,172200,0.0,0.0
2012-04-20 00:00:00-04:00,32.3289675614885,32.479399298189676,32.04861916661913,32.19905090332031,134000,0.0,0.0
2012-04-23 00:00:00-04:00,32.01443101206164,32.445211145854124,31.37851835069232,32.356319427490234,140500,0.0,0.0
2012-04-24 00:00:00-04:00,32.308466304229036,32.930703328715126,32.23325040977426,32.55462646484375,121100,0.0,0.0
2012-04-25 00:00:00-04:00,32.91701063056309,33.24522314063338,32.4315297891092,32.97171401977539,105500,0.0,0.0
2012-04-26 00:00:00-04:00,32.84181137328401,33.306779982985184,32.84181137328401,33.2384033203125,63000,0.0,0.0
2012-04-27 00:00:00-04:00,33.245230465587426,33.245230465587426,32.17854022493438,33.12215042114258,79800,0.0,0.0
2012-04-30 00:00:00-04:00,33.12215690745695,33.32729209397117,32.25375980532746,33.21788787841797,114000,0.0,0.0
2012-05-01 00:00:00-04:00,34.195680515855,36.85557476192583,33.416175292398464,35.5085334777832,426100,0.0,0.0
2012-05-02 00:00:00-04:00,35.20083591190367,35.446996023128484,34.12730634448585,34.715354919433594,180000,0.0,0.0
2012-05-03 00:00:00-04:00,34.893131264290766,35.54955901220649,34.53073037425934,35.23501968383789,158000,0.0,0.0
2012-05-04 00:00:00-04:00,35.04356586498071,35.440157716070935,34.72902911933098,34.80424499511719,125100,0.0,0.0
2012-05-07 00:00:00-04:00,34.619617488988865,35.364934248804154,34.55123824913348,34.79056167602539,130000,0.0,0.0
2012-05-08 00:00:00-04:00,34.60594723753488,34.60594723753488,33.5597694783706,33.66233444213867,135300,0.0,0.0
2012-05-09 00:00:00-04:00,33.3546291192929,34.15464927529582,32.79393239146922,33.90848922729492,320200,0.0,0.0
2012-05-10 00:00:00-04:00,34.2572162311665,34.75637558465169,33.71019531932141,34.13413619995117,124300,0.0,0.0
2012-05-11 00:00:00-04:00,33.826443658313885,34.537569643112036,33.29993513883323,34.25722122192383,229000,0.0,0.0
2012-05-14 00:00:00-04:00,33.94952545470027,34.2230346603446,33.53242111206055,33.53242111206055,77500,0.0,0.0
2012-05-15 00:00:00-04:00,33.457199293697855,34.277731981779766,33.457199293697855,33.956356048583984,54000,0.0,0.0
2012-05-16 00:00:00-04:00,34.20936061324963,34.61962835595955,33.71020374342768,33.77174377441406,82300,0.0,0.0
2012-05-17 00:00:00-04:00,33.73754359216663,34.07943195341339,32.39734184209561,32.41785430908203,152600,0.0,0.0
2012-05-18 00:00:00-04:00,32.40418942602413,32.49991778222003,31.590495789956908,31.672548294067383,98900,0.0,0.0
2012-05-21 00:00:00-04:00,31.73408793862338,32.82813000814201,31.385362844089954,32.60932159423828,148900,0.0,0.0
2012-05-22 00:00:00-04:00,32.74608381577208,33.08797235443481,32.417871131664164,32.670867919921875,157000,0.0,0.0
2012-05-23 00:00:00-04:00,32.36315950690639,33.1426646972223,32.23324023625263,33.01958465576172,83000,0.0,0.0
2012-05-24 00:00:00-04:00,33.149514857792,33.36832333011516,32.588817821413556,33.2315673828125,84100,0.0,0.0
2012-05-25 00:00:00-04:00,33.142661666453975,33.48455005960196,32.84179821110683,32.951202392578125,69800,0.0,0.0
2012-05-29 00:00:00-04:00,33.30677603634102,34.2640648507407,32.9648875466843,33.922176361083984,83100,0.0,0.0
2012-05-30 00:00:00-04:00,33.40249629591785,33.49822724086458,32.6776945429891,32.718719482421875,62200,0.0,0.0
2012-05-31 00:00:00-04:00,32.78025770221848,33.156337015737336,31.993915974864045,32.821285247802734,89100,0.0,0.0
2012-06-01 00:00:00-04:00,32.01443800868919,32.25375890843119,31.686225371156368,31.898197174072266,120800,0.0,0.0
2012-06-04 00:00:00-04:00,31.973411879013273,32.06230362077465,31.337501658665527,31.720415115356445,54800,0.0,0.0
2012-06-05 00:00:00-04:00,31.542632868203256,32.609323289331975,31.405876950304087,32.56829833984375,102100,0.0,0.0
2012-06-06 00:00:00-04:00,32.869159535444055,33.094807193043124,32.78026779683816,32.882835388183594,105400,0.0,0.0
2012-06-07 00:00:00-04:00,33.40933488731953,33.54609076908978,31.66570456785294,31.679380416870117,113100,0.0,0.0
2012-06-08 00:00:00-04:00,31.481081889636435,31.542621900873566,31.029789343364552,31.34432601928711,116100,0.0,0.0
2012-06-11 00:00:00-04:00,31.43322227782261,31.576814788701103,30.352853614866348,30.36652946472168,132600,0.0,0.0
2012-06-12 00:00:00-04:00,30.489609173385904,30.578500892277862,29.8947240573586,30.051992416381836,211600,0.0,0.0
2012-06-13 00:00:00-04:00,29.92206915879216,31.132354308237353,29.751124972854722,30.475929260253906,135800,0.0,0.0
2012-06-14 00:00:00-04:00,30.45541899913408,30.995603291849196,30.304987269921906,30.90671157836914,94400,0.0,0.0
2012-06-15 00:00:00-04:00,30.988767770004653,31.58365292097274,30.988767770004653,31.487924575805664,122400,0.0,0.0
2012-06-18 00:00:00-04:00,31.337492519638275,31.611001679167337,31.016116583580057,31.180221557617188,52900,0.0,0.0
2012-06-19 00:00:00-04:00,31.310145403424674,31.90503058607378,31.2622812282921,31.61784553527832,57100,0.0,0.0
2012-06-20 00:00:00-04:00,31.57681939929397,31.754600256568096,30.605854785006272,30.872529983520508,104900,0.0,0.0
2012-06-21 00:00:00-04:00,30.790470046959637,30.852010066448894,29.922073153456367,30.222936630249023,65800,0.0,0.0
2012-06-22 00:00:00-04:00,30.161394915477494,30.53063501165916,30.01780241420734,30.093015670776367,87800,0.0,0.0
2012-06-25 00:00:00-04:00,29.757972759756992,29.846864492363174,29.375056734101307,29.41608428955078,83000,0.0,0.0
2012-06-26 00:00:00-04:00,29.50496866458046,29.9220703031628,29.381888637326206,29.675912857055664,65900,0.0,0.0
2012-06-27 00:00:00-04:00,29.812666650455576,29.846857576275127,29.094701551069186,29.51864242553711,77900,0.0,0.0
2012-06-28 00:00:00-04:00,29.299841662585713,29.34770584106445,28.465635545954804,29.347705841064453,78000,0.0,0.0
2012-06-29 00:00:00-04:00,29.867363511078782,30.557976762087325,29.429746883699007,30.523788452148438,162300,0.0,0.0
2012-07-02 00:00:00-04:00,30.42807516820637,30.633207737547558,29.95626999788142,30.31183433532715,86400,0.0,0.0
2012-07-03 00:00:00-04:00,30.3049875687524,30.763119381142708,29.983611638048814,30.708415985107422,28700,0.0,0.0
2012-07-05 00:00:00-04:00,30.6468805954909,31.303305796605112,30.564828097452093,31.029796600341797,34700,0.0,0.0
2012-07-06 00:00:00-04:00,30.7289276990347,30.927223592185825,29.67591343525576,30.031475067138672,129800,0.0,0.0
2012-07-09 00:00:00-04:00,29.928910114696016,30.10669093063747,29.607534191892565,30.031475067138672,56400,0.0,0.0
2012-07-10 00:00:00-04:00,30.113546613250655,30.39389514321894,29.799009747120934,29.928926467895508,52200,0.0,0.0
2012-07-11 00:00:00-04:00,29.935745806615717,30.08617752894889,29.696424983268706,29.82634162902832,61100,0.0,0.0
2012-07-12 00:00:00-04:00,29.55283422122711,30.06566682279823,29.28616168575436,29.84001922607422,39800,0.0,0.0
2012-07-13 00:00:00-04:00,30.010971827549028,30.913557250302215,29.792163398299905,30.72893714904785,44800,0.0,0.0
2012-07-16 00:00:00-04:00,30.530634395818343,30.687902742856426,29.792154218351072,29.860530853271484,46000,0.0,0.0
2012-07-17 00:00:00-04:00,29.96993584677543,30.0314732494756,29.42291236658432,29.963096618652344,34000,0.0,0.0
2012-07-18 00:00:00-04:00,29.840016679894546,30.80414178424563,29.587020015059498,30.475929260253906,37800,0.0,0.0
2012-07-19 00:00:00-04:00,30.530639532554133,30.96825632983657,30.35969530809056,30.769960403442383,71200,0.0,0.0
2012-07-20 00:00:00-04:00,30.462261670739725,30.462261670739725,29.026331162942668,29.457111358642578,98100,0.0,0.0
2012-07-23 00:00:00-04:00,28.855380600761823,28.95110893249512,28.369899713599303,28.951108932495117,74500,0.0,0.0
2012-07-24 00:00:00-04:00,28.910085459507528,28.910085459507528,28.643412895424742,28.869060516357422,65400,0.0,0.0
2012-07-25 00:00:00-04:00,29.539162540019888,30.872528013916973,29.258814115941163,30.25712776184082,126500,0.0,0.0
2012-07-26 00:00:00-04:00,30.756290154291307,31.857171577690647,30.544318338324203,30.838342666625977,148600,0.0,0.0
2012-07-27 00:00:00-04:00,30.865689877617672,31.898194491743073,30.585341443607838,31.80246353149414,82100,0.0,0.0
2012-07-30 00:00:00-04:00,31.775118238232977,32.54094775302709,31.344337994985292,31.57682228088379,124100,0.0,0.0
2012-07-31 00:00:00-04:00,32.930688900854584,36.75300112186455,32.930688900854584,36.4453010559082,570300,0.0,0.0
2012-08-01 00:00:00-04:00,36.52052055166,38.01799087712955,35.6042594909668,35.6042594909668,465100,0.0,0.0
2012-08-02 00:00:00-04:00,35.34442997456818,36.876091506216504,34.811084782702345,35.652130126953125,884300,0.0,0.0
2012-08-03 00:00:00-04:00,36.19231370439333,36.732498113928045,35.282889120614485,35.89145278930664,198900,0.0,0.0
2012-08-06 00:00:00-04:00,35.97350162958482,36.240174192145,35.54956069957637,35.87777328491211,164000,0.0,0.0
2012-08-07 00:00:00-04:00,36.07607103396374,36.39744703782186,35.76153426036758,36.16496276855469,220100,0.0,0.0
2012-08-08 00:00:00-04:00,35.89828294492929,36.92394817192727,35.89828294492929,36.65043640136719,121500,0.0,0.0
2012-08-09 00:00:00-04:00,36.759846985501426,36.923954598078666,35.52221239890608,36.02820587158203,187800,0.0,0.0
2012-08-10 00:00:00-04:00,35.98717027251042,36.13759938041025,35.17347428895601,35.665794372558594,86200,0.0,0.0
2012-08-13 00:00:00-04:00,35.56324053705489,35.76837572328496,35.17348785666134,35.741024017333984,56800,0.0,0.0
2012-08-14 00:00:00-04:00,35.93931678887666,36.02136929105801,35.48118488419329,35.686317443847656,75800,0.0,0.0
2012-08-15 00:00:00-04:00,35.747854796730415,36.28803916316041,35.61110150613198,36.151283264160156,76800,0.0,0.0
2012-08-16 00:00:00-04:00,36.15811936151842,36.23333522987305,35.925635135877585,36.14444351196289,54600,0.0,0.0
2012-08-17 00:00:00-04:00,36.103413646767535,36.42478956969785,35.925632830755895,36.240169525146484,37600,0.0,0.0
2012-08-20 00:00:00-04:00,36.09658510999796,36.33590599445291,35.898289172362716,36.19915008544922,46500,0.0,0.0
2012-08-21 00:00:00-04:00,36.253846362397,36.657274779994836,35.85725456512389,36.035037994384766,92900,0.0,0.0
2012-08-22 00:00:00-04:00,35.84359091504422,36.397451252301295,35.62478247256294,35.966670989990234,194100,0.0,0.0
2012-08-23 00:00:00-04:00,35.8504301460981,36.10342691864163,35.72735007115208,35.966670989990234,142100,0.0,0.0
2012-08-24 00:00:00-04:00,36.315389211289585,37.17694690148346,35.96666155429557,36.75300598144531,181300,0.0,0.0
2012-08-27 00:00:00-04:00,36.910268162316214,36.93078062985567,36.62308318315882,36.67778396606445,34100,0.0,0.0
2012-08-28 00:00:00-04:00,36.60942240222236,37.129091791505466,36.20599385470432,36.69147491455078,89900,0.0,0.0
2012-08-29 00:00:00-04:00,36.78718179613278,37.21112257204531,36.3769168656885,36.61623764038086,109100,0.0,0.0
2012-08-30 00:00:00-04:00,36.547879104532555,36.561554956767324,36.219666476104535,36.308555603027344,195500,0.0,0.0
2012-08-31 00:00:00-04:00,36.63677373879798,36.63677373879798,35.91880578587413,36.219669342041016,64800,0.0,0.0
2012-09-04 00:00:00-04:00,36.2948789070905,36.88292484684209,35.71366698020313,36.32906723022461,204900,0.0,0.0
2012-09-05 00:00:00-04:00,36.24018190074979,37.115415647815006,36.24018190074979,36.547882080078125,110700,0.0,0.0
2012-09-06 00:00:00-04:00,36.876092167829405,37.853893442728065,36.876092167829405,37.84021759033203,63100,0.0,0.0
2012-09-07 00:00:00-04:00,37.76500401386966,38.21629673690527,37.76500401386966,37.915435791015625,39400,0.0,0.0
2012-09-10 00:00:00-04:00,37.79918918732525,38.20261769457356,37.607732474869124,37.8607292175293,102200,0.0,0.0
2012-09-11 00:00:00-04:00,37.91542534949218,38.3667179482464,37.71029282431328,37.8812370300293,39100,0.0,0.0
2012-09-12 00:00:00-04:00,37.888079969085105,38.12740085363799,37.53251564889081,37.7718391418457,56600,0.0,0.0
2012-09-13 00:00:00-04:00,37.73764600534235,38.57185465434745,37.64191765710934,38.366722106933594,62400,0.0,0.0
2012-09-14 00:00:00-04:00,38.53083109588179,39.0436638217812,38.31886190522073,38.353050231933594,71100,0.0,0.0
2012-09-17 00:00:00-04:00,38.18210679784138,38.18210679784138,37.34789804470575,37.662437438964844,45200,0.0,0.0
2012-09-18 00:00:00-04:00,37.60772400203532,39.02998099814501,37.60772400203532,38.62655258178711,75500,0.0,0.0
2012-09-19 00:00:00-04:00,38.67442226406416,38.67442226406416,37.68294524094625,37.85388946533203,93100,0.0,0.0
2012-09-20 00:00:00-04:00,37.53934413395549,38.13422916842677,37.14959160015693,37.717124938964844,45500,0.0,0.0
2012-09-21 00:00:00-04:00,38.325698066062735,38.653910693681006,37.990648816545,38.2231330871582,114300,0.0,0.0
2012-09-24 00:00:00-04:00,37.970129737438505,38.48296240318846,37.91542894279412,38.35988235473633,65600,0.0,0.0
2012-09-25 00:00:00-04:00,38.51714595589883,39.24878687687588,38.38039008288228,38.906898498535156,204500,0.0,0.0
2012-09-26 00:00:00-04:00,38.91374008335417,38.91374008335417,37.498322225104516,38.00431823730469,143100,0.0,0.0
2012-09-27 00:00:00-04:00,38.141070376914776,38.74279471189631,37.58037359036434,38.56501388549805,89400,0.0,0.0
2012-09-28 00:00:00-04:00,38.339371896926295,38.5445044523224,37.87440338021406,38.291507720947266,59700,0.0,0.0
2012-10-01 00:00:00-04:00,38.435091608689596,38.729115828408204,38.01798736172128,38.49663162231445,115500,0.0,0.0
2012-10-02 00:00:00-04:00,38.61971564083484,39.12571165053305,38.14791055988508,38.65390396118164,205500,0.0,0.0
2012-10-03 00:00:00-04:00,39.65906340039754,40.869348924073094,39.529146717938225,39.93257522583008,213600,0.0,0.0
2012-10-04 00:00:00-04:00,40.178722531894834,40.178722531894834,39.37186832948122,39.70008087158203,57700,0.0,0.0
2012-10-05 00:00:00-04:00,40.00095250498119,40.2197609253961,38.790666962335045,39.036827087402344,64500,0.0,0.0
2012-10-08 00:00:00-04:00,39.04366679846755,39.371882063460156,38.9205867261959,39.2146110534668,25600,0.0,0.0
2012-10-09 00:00:00-04:00,39.20776117622001,39.32400197828952,38.56501193373824,39.14622116088867,41100,0.0,0.0
2012-10-10 00:00:00-04:00,39.303491317572515,39.69324389646878,38.988954606252996,39.04365539550781,36000,0.0,0.0
2012-10-11 00:00:00-04:00,39.25563688624891,39.42658113372576,38.612887454760724,38.804344177246094,39100,0.0,0.0
2012-10-12 00:00:00-04:00,38.85904095482286,39.09152258763819,38.592365783225375,38.77014923095703,42600,0.0,0.0
2012-10-15 00:00:00-04:00,38.85221128712258,39.78214848085346,38.65391531908241,39.71377182006836,44100,0.0,0.0
2012-10-16 00:00:00-04:00,39.76162566570143,40.21291829138677,39.7069222645751,40.130863189697266,52400,0.0,0.0
2012-10-17 00:00:00-04:00,40.144546762313794,40.718919542619865,40.144546762313794,40.677894592285156,79100,0.0,0.0
2012-10-18 00:00:00-04:00,40.69839427985856,40.8556626263325,40.267614177881235,40.568477630615234,87700,0.0,0.0
2012-10-19 00:00:00-04:00,39.84367516517543,39.84367516517543,38.98211492098454,39.426570892333984,83500,0.0,0.0
2012-10-22 00:00:00-04:00,39.44024173714724,39.80948179494884,38.688088382426535,39.30348587036133,42800,0.0,0.0
2012-10-23 00:00:00-04:00,38.99579616504995,39.686412301710405,38.94109536886802,39.508628845214844,34500,0.0,0.0
2012-10-24 00:00:00-04:00,39.5291423115975,39.577006484452426,37.95645340327223,38.57185363769531,228900,0.0,0.0
2012-10-25 00:00:00-04:00,38.84536705766278,39.09152455332776,38.42826272670521,38.99579620361328,29400,0.0,0.0
2012-10-26 00:00:00-04:00,39.064178414883685,39.55649605186276,38.80434243999895,39.40606689453125,101700,0.0,0.0
2012-10-31 00:00:00-04:00,40.739430879964914,43.0642708848292,40.739430879964914,42.8728141784668,239100,0.0,0.0
2012-11-01 00:00:00-04:00,42.154847403606986,44.03523389980613,41.026614462526744,43.631805419921875,237900,0.0,0.0
2012-11-02 00:00:00-04:00,44.01471740716342,44.267711501153926,42.59929693775444,42.961700439453125,114500,0.0,0.0
2012-11-05 00:00:00-05:00,42.90016171262085,42.90016171262085,42.079628951891905,42.16851806640625,83300,0.0,0.0
2012-11-06 00:00:00-05:00,42.79760158584308,43.515566898250874,42.277932225057135,42.8659782409668,100200,0.0,0.0
2012-11-07 00:00:00-05:00,42.15485414810715,42.551443461660945,41.73774975032652,42.12750244140625,97800,0.0,0.0
2012-11-08 00:00:00-05:00,41.92236059626397,41.92236059626397,41.40268871736455,41.4847412109375,96600,0.0,0.0
2012-11-09 00:00:00-05:00,41.19072865832009,42.948035383617054,41.19072865832009,42.12750244140625,204100,0.0,0.0
2012-11-12 00:00:00-05:00,42.14801147886442,42.19587565748515,41.58047795733194,41.75825881958008,54300,0.0,0.0
2012-11-13 00:00:00-05:00,41.42320251198939,41.983899316079956,41.24541907162799,41.25225830078125,65900,0.0,0.0
2012-11-14 00:00:00-05:00,41.2864558871512,41.97706950772792,41.04713237270807,41.334320068359375,89900,0.0,0.0
2012-11-15 00:00:00-05:00,41.19072441545826,41.539449510566115,40.79413253435321,40.93772506713867,80000,0.0,0.0
2012-11-16 00:00:00-05:00,40.93089282110588,41.70356158380484,40.759948566162,41.4437255859375,89500,0.0,0.0
2012-11-19 00:00:00-05:00,41.6830409066758,42.50357374199187,41.42320755207393,42.387332916259766,62700,0.0,0.0
2012-11-20 00:00:00-05:00,42.42152142192597,43.24205426074195,41.84714869559499,42.20271301269531,166100,0.0,0.0
2012-11-21 00:00:00-05:00,42.35313929035599,43.15315960165511,41.963386674831376,42.46254348754883,48800,0.0,0.0
2012-11-23 00:00:00-05:00,42.59930618687846,43.0711139819205,42.195877656249436,42.701873779296875,27900,0.0,0.0
2012-11-26 00:00:00-05:00,42.62665650165713,43.43351353658594,42.48306396367882,43.10530090332031,85300,0.0,0.0
2012-11-27 00:00:00-05:00,43.03008143121557,43.33094233452235,42.25057616615563,42.40784454345703,364600,0.0,0.0
2012-11-28 00:00:00-05:00,42.33262193242835,43.67966307421465,41.91551766364773,43.536067962646484,95000,0.0,0.0
2012-11-29 00:00:00-05:00,43.86429869247301,44.40448318665481,43.22154659768368,43.570274353027344,140900,0.0,0.0
2012-11-30 00:00:00-05:00,43.52922964928653,43.69333722395251,42.85912871883648,43.112125396728516,203600,0.0,0.0
2012-12-03 00:00:00-05:00,43.317279014895774,43.61130338181662,42.75658199155898,42.88650131225586,173400,0.0,0.0
2012-12-04 00:00:00-05:00,42.30528086998919,42.86597778289905,41.59415479573421,42.736061096191406,176500,0.0,0.0
2012-12-05 00:00:00-05:00,42.81810141679748,42.886480660131454,41.908679651867764,42.400997161865234,75100,0.0,0.0
2012-12-06 00:00:00-05:00,42.38733121471854,42.79759631170645,42.17535943651374,42.599300384521484,48800,0.0,0.0
2012-12-07 00:00:00-05:00,42.81810776597789,43.02324030959454,42.41467929989102,42.8044319152832,66900,0.0,0.0
2012-12-10 00:00:00-05:00,42.852292787349874,43.0779403938265,42.47621605162377,42.640323638916016,92000,0.0,0.0
2012-12-11 00:00:00-05:00,42.818100318285865,42.88647955986555,42.476211935591536,42.66767120361328,79200,0.0,0.0
2012-12-12 00:00:00-05:00,42.90015713629608,42.90015713629608,41.54627679089599,41.710384368896484,114100,0.0,0.0
2012-12-13 00:00:00-05:00,41.77876861566608,42.33946547934093,41.56679944061945,42.05228042602539,117900,0.0,0.0
2012-12-14 00:00:00-05:00,41.92236173834345,42.32579020463675,41.60782238900836,42.29159927368164,80900,0.0,0.0
2012-12-17 00:00:00-05:00,42.45570343518916,43.1052919446986,42.414675886406954,42.995887756347656,139100,0.0,0.0
2012-12-18 00:00:00-05:00,43.18051161866899,43.59761333023913,42.82494732309291,43.508724212646484,180000,0.0,0.0
2012-12-19 00:00:00-05:00,43.4608664251809,43.65232314769993,42.94119445205467,43.057437896728516,66400,0.0,0.0
2012-12-20 00:00:00-05:00,43.06426512760143,45.64894335996022,43.06426512760143,45.211326599121094,309400,0.0,0.0
2012-12-21 00:00:00-05:00,46.38059430184843,46.81821115638793,45.348089590292226,46.65410614013672,443700,0.0,0.0
2012-12-24 00:00:00-05:00,46.305379545277624,46.79769982284325,45.58741160436032,46.77718734741211,109400,0.0,0.0
2012-12-26 00:00:00-05:00,46.701966303317164,46.80452866914909,46.31904767593009,46.619911193847656,189900,0.0,0.0
2012-12-27 00:00:00-05:00,46.61306881356407,46.68144545843219,45.73099600939567,46.052371978759766,148400,0.0,0.0
2012-12-28 00:00:00-05:00,45.75150901766277,45.9703173889391,45.03354127798568,45.21815872192383,76400,0.0,0.0
2012-12-31 00:00:00-05:00,45.18397962372426,46.49683004350804,44.74636281712967,45.813053131103516,169700,0.0,0.0
2013-01-02 00:00:00-05:00,46.886583112253625,47.19428063898426,45.84724449109771,46.845558166503906,205700,0.0,0.0
2013-01-03 00:00:00-05:00,46.99599424587906,48.254141388093956,46.96180331007359,47.64558029174805,120900,0.0,0.0
2013-01-04 00:00:00-05:00,47.77549841217146,47.96695512764099,47.522499057127156,47.693443298339844,73900,0.0,0.0
2013-01-07 00:00:00-05:00,47.41308148477816,47.61821661442775,46.64725479659954,47.4677848815918,70500,0.0,0.0
2013-01-08 00:00:00-05:00,47.317354818922176,47.522489955812446,46.77033648188685,47.08487319946289,72700,0.0,0.0
2013-01-09 00:00:00-05:00,47.2353042885961,47.42676096476801,46.954953286484965,46.968631744384766,69000,0.0,0.0
2013-01-10 00:00:00-05:00,47.00966442630996,47.32420119136406,46.517344196902144,47.078041076660156,72000,0.0,0.0
2013-01-11 00:00:00-05:00,47.15324622535009,47.38573304379326,46.87290045767776,47.11906051635742,79000,0.0,0.0
2013-01-14 00:00:00-05:00,46.92760659688455,47.242143343714815,46.209643984599296,46.40793991088867,79600,0.0,0.0
2013-01-15 00:00:00-05:00,46.22331270399647,47.06436050100599,46.07972019559059,46.366905212402344,107500,0.0,0.0
2013-01-16 00:00:00-05:00,46.086579216618425,46.982325579985,45.68314800058253,46.893436431884766,63700,0.0,0.0
2013-01-17 00:00:00-05:00,46.93444665608489,48.28148800264202,46.93444665608489,48.20627212524414,219300,0.0,0.0
2013-01-18 00:00:00-05:00,48.04900717938912,48.85586424276806,47.89858062249175,48.623382568359375,89200,0.0,0.0
2013-01-22 00:00:00-05:00,48.3908860784101,50.04563004409359,48.3908860784101,49.71741485595703,149900,0.0,0.0
2013-01-23 00:00:00-05:00,49.505442845863705,49.79946708734075,49.300307712999484,49.464412689208984,81800,0.0,0.0
2013-01-24 00:00:00-05:00,49.389212038053074,50.75676595588941,49.389212038053074,50.428550720214844,135200,0.0,0.0
2013-01-25 00:00:00-05:00,50.50376921259528,50.7020651669441,50.25076984667344,50.647361755371094,113900,0.0,0.0
2013-01-28 00:00:00-05:00,50.55163639789451,50.55163639789451,49.39605153955735,50.0456428527832,162000,0.0,0.0
2013-01-29 00:00:00-05:00,49.902041330048604,50.24392978602734,49.58066534673999,50.05930709838867,64200,0.0,0.0
2013-01-30 00:00:00-05:00,49.908868238009596,50.2234049467159,49.16355401414524,49.72425079345703,53200,0.0,0.0
2013-01-31 00:00:00-05:00,49.53279759661772,50.2028960005625,49.32082322178324,50.0934944152832,47400,0.0,0.0
2013-02-01 00:00:00-05:00,50.168701993722735,51.016583702480126,50.141350297723775,50.56528854370117,197900,0.0,0.0
2013-02-04 00:00:00-05:00,50.41488647460937,51.23541688503988,50.07983194883906,50.414886474609375,193700,0.0,0.0
2013-02-05 00:00:00-05:00,50.5037622482423,50.77043482188162,50.35333049556294,50.5926513671875,139700,0.0,0.0
2013-02-06 00:00:00-05:00,50.31913776930803,50.7225688386336,50.31913776930803,50.52427291870117,67000,0.0,0.0
2013-02-07 00:00:00-05:00,50.58582371119686,50.654200366424526,49.96358414997502,50.53112030029297,52300,0.0,0.0
2013-02-08 00:00:00-05:00,50.592653240088104,51.037109284874965,50.503764117852306,50.75676345825195,73700,0.0,0.0
2013-02-11 00:00:00-05:00,50.66103669757812,50.852498644499796,50.54479585669344,50.60633850097656,140500,0.0,0.0
2013-02-12 00:00:00-05:00,50.62684132413681,50.961890537960144,50.62684132413681,50.84564971923828,151000,0.0,0.0
2013-02-13 00:00:00-05:00,50.86616615495986,51.153351217759095,50.3259817462828,50.61316680908203,229400,0.0,0.0
2013-02-14 00:00:00-05:00,50.476406001549144,52.404656477147185,50.278110092398585,51.392669677734375,290700,0.0,0.0
2013-02-15 00:00:00-05:00,51.66618231846835,52.32260753454204,51.2148922647694,51.5431022644043,231800,0.0,0.0
2013-02-19 00:00:00-05:00,51.61830216261345,51.980702982718554,51.61830216261345,51.83027648925781,216900,0.0,0.0
2013-02-20 00:00:00-05:00,51.8302964871993,51.85080896164009,50.59949585270898,50.85932922363281,984400,0.0,0.0
2013-02-21 00:00:00-05:00,50.7430871436541,51.03027221237655,50.02512447184798,50.62684631347656,88200,0.0,0.0
2013-02-22 00:00:00-05:00,50.770426877580405,51.04393863812661,50.19605687555602,50.961883544921875,101900,0.0,0.0
2013-02-25 00:00:00-05:00,51.016604990290105,51.22174018747822,49.984100206904856,50.0456428527832,142600,0.0,0.0
2013-02-26 00:00:00-05:00,50.24392865547995,50.90035385017231,49.42339324951171,49.42339324951172,291600,0.0,0.0
2013-02-27 00:00:00-05:00,52.30893651512502,53.601274529330844,49.14988513773074,49.313995361328125,774200,0.0,0.0
2013-02-28 00:00:00-05:00,49.396051942655255,49.56699620277209,47.57036849664062,47.78917694091797,358800,0.0,0.0
2013-03-01 00:00:00-05:00,47.86438783759335,47.98746790070504,47.0370183309886,47.8370361328125,274900,0.0,0.0
2013-03-04 00:00:00-05:00,47.79602274098402,48.37723226190016,47.61823922532308,48.32252883911133,245600,0.0,0.0
2013-03-05 00:00:00-05:00,48.42507353821292,48.78063518447984,48.2062651674018,48.66439437866211,116600,0.0,0.0
2013-03-06 00:00:00-05:00,48.66441673839172,48.98579282185816,48.00799132435206,48.37723159790039,122100,0.0,0.0
2013-03-07 00:00:00-05:00,48.541328871483884,48.9310815616615,48.19260634966496,48.89005661010742,133900,0.0,0.0
2013-03-08 00:00:00-05:00,48.95843473053378,49.4302425547156,48.377225293338725,48.98578643798828,173900,0.0,0.0
2013-03-11 00:00:00-04:00,48.71909947415669,49.20458040079505,48.51396433701789,48.96525955200195,124100,0.0,0.0
2013-03-12 00:00:00-04:00,49.00628129544873,49.177225492977264,48.57550379572586,48.73960876464844,128500,0.0,0.0
2013-03-13 00:00:00-04:00,48.89856338206783,49.230263506397996,48.62905505394516,49.08514404296875,183000,0.75,0.0
2013-03-14 00:00:00-04:00,49.0160425991553,49.70017875106307,48.94693884268722,49.188804626464844,107800,0.0,0.0
2013-03-15 00:00:00-04:00,49.257909143126696,49.65871831801738,48.88474252570558,49.04368591308594,268700,0.0,0.0
2013-03-18 00:00:00-04:00,48.60831613905554,49.2648149341577,48.34571978438153,48.94002151489258,134500,0.0,0.0
2013-03-19 00:00:00-04:00,48.97458290311636,49.08514786240361,48.324995973362746,48.629058837890625,197400,0.0,0.0
2013-03-20 00:00:00-04:00,48.64978940799224,49.057505274011284,48.31808398577908,48.5461311340332,142300,0.0,0.0
2013-03-21 00:00:00-04:00,48.43554504009648,48.608307016023105,47.785963595760784,48.15913009643555,109500,0.0,0.0
2013-03-22 00:00:00-04:00,48.17986314555995,48.38717436387166,47.84125113172335,48.02091979980469,112800,0.0,0.0
2013-03-25 00:00:00-04:00,48.19368102579059,48.55993558409136,47.6339338912009,47.97945785522461,101000,0.0,0.0
2013-03-26 00:00:00-04:00,48.276614054630485,48.276614054630485,47.60629664616676,47.95873260498047,129700,0.0,0.0
2013-03-27 00:00:00-04:00,47.79978467023911,48.02783175543162,47.69612642494458,48.02091979980469,84300,0.0,0.0
2013-03-28 00:00:00-04:00,48.027840607432445,48.228245179331104,47.51646651461282,47.53719711303711,149100,0.0,0.0
2013-04-01 00:00:00-04:00,47.772136537320925,48.16603360558715,47.24694396115045,47.93107986450195,115300,0.0,0.0
2013-04-02 00:00:00-04:00,48.1660463698819,48.35263229350937,47.53028343723024,47.90345001220703,104700,0.0,0.0
2013-04-03 00:00:00-04:00,48.0416550975927,48.42864556642609,47.75832815647968,48.3111686706543,404300,0.0,0.0
2013-04-04 00:00:00-04:00,48.57376666023161,49.92130820978871,48.48393231435382,48.8294563293457,286700,0.0,0.0
2013-04-05 00:00:00-04:00,48.3042679077127,48.884745837057864,47.71687802046225,48.65670394897461,122900,0.0,0.0
2013-04-08 00:00:00-04:00,48.73271127462043,48.73271127462043,48.04166315218107,48.345726013183594,187800,0.0,0.0
2013-04-09 00:00:00-04:00,48.46318875466133,48.629044051579925,47.841249844186905,47.86198043823242,122300,0.0,0.0
2013-04-10 00:00:00-04:00,48.05548432594414,48.97457954170872,47.95182605903532,48.47702407836914,128200,0.0,0.0
2013-04-11 00:00:00-04:00,48.49084358803607,49.368477621654954,48.359548035061756,49.223358154296875,145800,0.0,0.0
2013-04-12 00:00:00-04:00,49.105854581400294,49.18878221474516,48.5461075550822,48.691226959228516,143600,0.0,0.0
2013-04-15 00:00:00-04:00,48.55303744207291,48.67742630189444,46.83232400249532,47.05345916748047,249900,0.0,0.0
2013-04-16 00:00:00-04:00,47.44044922925986,47.44044922925986,46.95671243555992,47.28841781616211,211500,0.0,0.0
2013-04-17 00:00:00-04:00,47.07419550655119,47.191672410808785,46.3555048951216,46.714847564697266,142500,0.0,0.0
2013-04-18 00:00:00-04:00,46.86687632741481,47.59247885456872,46.5213523187278,47.19858169555664,234400,0.0,0.0
2013-04-19 00:00:00-04:00,47.26076323387276,48.20058875540181,47.115643814379176,47.703033447265625,118200,0.0,0.0
2013-04-22 00:00:00-04:00,47.86888823341735,48.21441220160863,46.853052195647976,47.481903076171875,111000,0.0,0.0
2013-04-23 00:00:00-04:00,47.71687210746673,47.88963412773666,47.13638897777496,47.772151947021484,50300,0.0,0.0
2013-04-24 00:00:00-04:00,47.77215329920371,48.477025314332245,47.592484589077976,48.179874420166016,63600,0.0,0.0
2013-04-25 00:00:00-04:00,48.45629374233744,49.29936797948299,48.421739229087535,48.85709762573242,56200,0.0,0.0
2013-04-26 00:00:00-04:00,48.857088039062624,49.02294334338406,48.02092065081586,48.92619705200195,105200,0.0,0.0
2013-04-29 00:00:00-04:00,49.06440778814976,49.25790038374984,48.61522553563367,48.72579574584961,100800,0.0,0.0
2013-04-30 00:00:00-04:00,48.85708859638927,49.306270824231554,48.69123856245339,49.230255126953125,91300,0.0,0.0
2013-05-01 00:00:00-04:00,49.195716541332416,49.29246285475996,48.32499444820584,48.64978790283203,175800,0.0,0.0
2013-05-02 00:00:00-04:00,49.06441120375256,50.01805560800254,48.96766489921756,49.1473388671875,232500,0.0,0.0
2013-05-03 00:00:00-04:00,49.49285677658787,49.686349361758445,49.2302551776185,49.31318283081055,214400,0.0,0.0
2013-05-06 00:00:00-04:00,49.38921103111502,50.059528565345985,49.02295636328462,49.90058517456055,267200,0.0,0.0
2013-05-07 00:00:00-04:00,50.08025686741673,50.487972717488454,49.824567171289274,50.06643295288086,134600,0.0,0.0
2013-05-08 00:00:00-04:00,50.08025972345147,50.32212551883645,49.969689489973234,50.18391799926758,97700,0.0,0.0
2013-05-09 00:00:00-04:00,50.25300763092048,50.35666587759411,49.63106342315613,49.99040603637695,61500,0.0,0.0
2013-05-10 00:00:00-04:00,50.107892859769294,50.411950400103045,49.997322647082164,50.19772720336914,67400,0.0,0.0
2013-05-13 00:00:00-04:00,50.2668362401879,50.28756683917892,49.52741499993007,49.82456588745117,122400,0.0,0.0
2013-05-14 00:00:00-04:00,49.93512500928924,50.34975271375753,49.93512500928924,50.100975036621094,162900,0.0,0.0
2013-05-15 00:00:00-04:00,50.10788699217414,50.674546085145515,50.00422874798773,50.100975036621094,187400,0.0,0.0
2013-05-16 00:00:00-04:00,49.893666240476826,50.25301417275426,48.97457635676158,49.40302276611328,131000,0.0,0.0
2013-05-17 00:00:00-04:00,49.40993902716838,49.44449354099392,48.85019175468904,49.064414978027344,182600,0.0,0.0
2013-05-20 00:00:00-04:00,49.009129864817915,49.55505849513418,48.74653348549102,49.064414978027344,243300,0.0,0.0
2013-05-21 00:00:00-04:00,49.1127840404862,49.824562678825714,48.91929143265932,49.057498931884766,210300,0.0,0.0
2013-05-22 00:00:00-04:00,49.06440778814976,49.64488557495001,48.290432133471604,48.72579574584961,203800,0.0,0.0
2013-05-23 00:00:00-04:00,48.40791312343768,49.133510339303804,48.290430959868964,49.022945404052734,78100,0.0,0.0
2013-05-24 00:00:00-04:00,48.66359700364859,49.23025613073783,48.43554990716353,49.09204864501953,68700,0.0,0.0
2013-05-28 00:00:00-04:00,49.62415755244583,50.18391004421038,49.48595005478535,49.90748977661133,99600,0.0,0.0
2013-05-29 00:00:00-04:00,49.63107150329609,50.10789635225735,49.47904008639376,49.7347297668457,91200,0.0,0.0
2013-05-30 00:00:00-04:00,49.79000837036694,50.460320472862804,49.58960382630123,50.23918533325195,176400,0.0,0.0
2013-05-31 00:00:00-04:00,50.23919422990664,50.84040796857026,50.01805905113586,50.02497100830078,165100,0.0,0.0
2013-06-03 00:00:00-04:00,50.211561026954584,50.34976854781525,49.38230008495367,50.218467712402344,140600,0.0,0.0
2013-06-04 00:00:00-04:00,50.01805295433177,50.65382112904639,49.513590860631425,50.004234313964844,238100,0.0,0.0
2013-06-05 00:00:00-04:00,50.08025732939987,50.31521115589093,49.30628154888837,49.644893646240234,88400,0.0,0.0
2013-06-06 00:00:00-04:00,49.727827979595034,50.49489190554106,49.693278732865195,50.38432693481445,93700,0.0,0.0
2013-06-07 00:00:00-04:00,50.591624291071554,51.455434305477795,50.58471233471849,50.895687103271484,117700,0.0,0.0
2013-06-10 00:00:00-04:00,51.22738833496216,51.80095946262341,51.17210849974267,51.48307800292969,314300,0.0,0.0
2013-06-11 00:00:00-04:00,51.39325197776325,51.39325197776325,50.329037211396034,50.44651412963867,86400,0.0,0.0
2013-06-12 00:00:00-04:00,50.746748395484595,50.746748395484595,49.93680874590106,50.048526763916016,52800,0.75,0.0
2013-06-13 00:00:00-04:00,50.041534614984144,50.63502183630578,49.79017444385846,50.3836669921875,59200,0.0,0.0
2013-06-14 00:00:00-04:00,50.43255534980599,50.59314335645488,49.98568856436993,50.16024398803711,48700,0.0,0.0
2013-06-17 00:00:00-04:00,50.558220381994936,50.774667338114405,49.50390444607721,49.832069396972656,65600,0.0,0.0
2013-06-18 00:00:00-04:00,49.901899550249304,50.076454953558134,49.475983940015105,49.96473693847656,248000,0.0,0.0
2013-06-19 00:00:00-04:00,49.985675137627005,50.18118163430626,49.685445003493236,49.74129867553711,89500,0.0,0.0
2013-06-20 00:00:00-04:00,49.55278584695291,49.741303327622795,48.63811729172551,48.910423278808594,131300,0.0,0.0
2013-06-21 00:00:00-04:00,49.09194676008899,49.11987625637131,47.13692996338665,47.62568283081055,240500,0.0,0.0
2013-06-24 00:00:00-04:00,47.2835635111651,47.45113518909681,46.35492758507161,46.86463165283203,121900,0.0,0.0
2013-06-25 00:00:00-04:00,47.136946018220144,47.31150143418318,46.71103037710966,46.97635269165039,112700,0.0,0.0
2013-06-26 00:00:00-04:00,47.29752587204226,47.57681555488461,47.02521989619806,47.16486740112305,122500,0.0,0.0
2013-06-27 00:00:00-04:00,47.49302385826032,48.05160318638335,47.37432748231154,47.946868896484375,94900,0.0,0.0
2013-06-28 00:00:00-04:00,47.911973358951904,48.19824147627121,47.82818484004915,48.08652877807617,287000,0.0,0.0
2013-07-01 00:00:00-04:00,48.309939664829855,48.763779306593996,47.667571937689935,47.932899475097656,137300,0.0,0.0
2013-07-02 00:00:00-04:00,48.086515974453405,48.19124493643569,47.36734336446267,47.91196060180664,126500,0.0,0.0
2013-07-03 00:00:00-04:00,47.856108658741334,48.875511546031895,47.793265945280844,48.728885650634766,58500,0.0,0.0
2013-07-05 00:00:00-04:00,49.23161106010545,49.922849016463324,49.105930947403245,49.35030746459961,84400,0.0,0.0
2013-07-08 00:00:00-04:00,49.64355648324744,50.16722270211505,49.475984784772116,49.538822174072266,86100,0.0,0.0
2013-07-09 00:00:00-04:00,49.8879233923064,50.03455459315677,49.51088847499957,49.90887451171875,86500,0.0,0.0
2013-07-10 00:00:00-04:00,49.825085484548374,49.99964085540876,49.16177720608179,49.48993682861328,65300,0.0,0.0
2013-07-11 00:00:00-04:00,49.87396624798055,50.02059213635167,49.27349528017056,49.55976867675781,66100,0.0,0.0
2013-07-12 00:00:00-04:00,49.664495843660774,50.05550352544353,49.5318373744378,49.97869873046875,75700,0.0,0.0
2013-07-15 00:00:00-04:00,50.03456148936643,50.61408135814284,49.91585977103144,50.20213317871094,61900,0.0,0.0
2013-07-16 00:00:00-04:00,50.13230350955487,50.13230350955487,49.517865208720195,49.7482795715332,42400,0.0,0.0
2013-07-17 00:00:00-04:00,49.839040897592376,49.87395409789294,48.91041049747105,49.27348327636719,43400,0.0,0.0
2013-07-18 00:00:00-04:00,49.3503027652692,50.40461886993,49.31538955456206,50.090415954589844,60600,0.0,0.0
2013-07-19 00:00:00-04:00,49.399173736572266,49.58769120765536,48.93834496524626,49.399173736572266,164400,0.0,0.0
2013-07-22 00:00:00-04:00,49.32935932847868,49.39918042622362,48.198238367780675,49.077999114990234,105400,0.0,0.0
2013-07-23 00:00:00-04:00,49.07799459182848,49.16876147783075,47.925927940685426,48.04462432861328,97600,0.0,0.0
2013-07-24 00:00:00-04:00,48.27503334827202,48.27503334827202,46.18735258664408,46.361907958984375,175600,0.0,0.0
2013-07-25 00:00:00-04:00,46.117539950240776,46.27114423134915,45.67765692208732,46.02676773071289,226900,0.0,0.0
2013-07-26 00:00:00-04:00,45.80333188919225,46.382857044995916,45.68463550605394,45.85220718383789,188100,0.0,0.0
2013-07-29 00:00:00-04:00,45.94996237255362,46.38984539540262,45.489138880769104,45.64972686767578,194000,0.0,0.0
2013-07-30 00:00:00-04:00,47.513982243143296,50.572190948374825,47.04616972032961,48.65906524658203,520700,0.0,0.0
2013-07-31 00:00:00-04:00,48.68000139985914,49.04307421783376,48.44958703789083,48.64508819580078,288600,0.0,0.0
2013-08-01 00:00:00-04:00,49.10591601984092,50.048513915065655,48.756805293683094,49.7831916809082,98700,0.0,0.0
2013-08-02 00:00:00-04:00,50.125318336121786,50.299873697930124,49.42709688888846,50.15324783325195,68600,0.0,0.0
2013-08-05 00:00:00-04:00,50.223074542042035,50.61407689167767,49.81112107195522,50.139286041259766,106200,0.0,0.0
2013-08-06 00:00:00-04:00,50.08342851543641,50.195141180879254,49.53881129275365,49.734317779541016,81800,0.0,0.0
2013-08-07 00:00:00-04:00,49.615615138836496,49.615615138836496,48.973252675466206,49.05704116821289,88100,0.0,0.0
2013-08-08 00:00:00-04:00,49.399163381788334,49.44803866604695,48.924372623130466,49.14081954956055,91300,0.0,0.0
2013-08-09 00:00:00-04:00,49.189697939634975,49.40615020673821,48.98721841135515,49.119876861572266,56800,0.0,0.0
2013-08-12 00:00:00-04:00,49.07799567458242,49.13385467966594,48.70793908816801,48.93136978149414,48000,0.0,0.0
2013-08-13 00:00:00-04:00,49.09195192396169,49.14082721584516,48.50544842136001,48.60319900512695,51700,0.0,0.0
2013-08-14 00:00:00-04:00,48.61018427843746,48.75681015881378,48.0097133433683,48.06556701660156,72100,0.0,0.0
2013-08-15 00:00:00-04:00,47.716460474145265,48.08652238820108,47.33942550670594,47.69551467895508,66800,0.0,0.0
2013-08-16 00:00:00-04:00,47.47209027191961,48.01670232701868,47.10203363586557,47.520965576171875,90700,0.0,0.0
2013-08-19 00:00:00-04:00,47.555872398890834,47.555872398890834,46.49457261061958,46.634220123291016,205000,0.0,0.0
2013-08-20 00:00:00-04:00,46.815760659580405,47.87007144573717,46.52250353749592,47.46510696411133,150900,0.0,0.0
2013-08-21 00:00:00-04:00,47.430177114095365,47.73041251144525,46.99727795393784,47.29053497314453,61200,0.0,0.0
2013-08-22 00:00:00-04:00,47.46509792221563,48.240118853848514,47.03918239892675,47.737403869628906,73200,0.0,0.0
2013-08-23 00:00:00-04:00,47.80024098582692,47.80024098582692,46.920480445950815,46.99030685424805,45100,0.0,0.0
2013-08-26 00:00:00-04:00,47.060134275473665,47.7374100419458,46.73895299666366,46.997291564941406,61600,0.0,0.0
2013-08-27 00:00:00-04:00,46.47362547847479,46.69705616531331,46.08262310825932,46.45966339111328,120000,0.0,0.0
2013-08-28 00:00:00-04:00,46.45268398148462,46.62723938819515,46.061681575095676,46.27114486694336,248700,0.0,0.0
2013-08-29 00:00:00-04:00,46.27112857205397,47.73739773366613,46.27112857205397,46.84366989135742,68500,0.0,0.0
2013-08-30 00:00:00-04:00,46.815762210567144,46.97635020161621,46.08961107941035,46.27114486694336,83500,0.0,0.0
2013-09-03 00:00:00-04:00,46.669121791938394,46.9414330736359,46.124509882557824,46.361907958984375,108400,0.0,0.0
2013-09-04 00:00:00-04:00,46.34794616699219,46.941438766531704,46.1524449785825,46.34794616699219,52300,0.0,0.0
2013-09-05 00:00:00-04:00,46.487596955312675,46.487596955312675,45.73351632370698,45.970909118652344,76600,0.0,0.0
2013-09-06 00:00:00-04:00,46.12629346639436,46.302860206520975,45.511844659322854,45.759037017822266,175100,0.75,0.0
2013-09-09 00:00:00-04:00,45.77315725381897,46.613616610937,45.744905930478396,46.535926818847656,81900,0.0,0.0
2013-09-10 00:00:00-04:00,46.77605584259697,46.77605584259697,45.90734524627651,46.33110427856445,118200,0.0,0.0
2013-09-11 00:00:00-04:00,46.40879855800954,46.797247518456274,45.99916245215462,46.535926818847656,52900,0.0,0.0
2013-09-12 00:00:00-04:00,46.58535353986635,47.02324085863696,46.02034338070397,46.60654067993164,110900,0.0,0.0
2013-09-13 00:00:00-04:00,46.85374273686574,47.680079090531564,46.69130437021575,47.468196868896484,62200,0.0,0.0
2013-09-16 00:00:00-04:00,47.94139466059591,48.48522318460982,46.93849696776633,47.1998176574707,37400,0.0,0.0
2013-09-17 00:00:00-04:00,47.08680834653551,47.60944968130354,46.931428781517354,47.56707000732422,31200,0.0,0.0
2013-09-18 00:00:00-04:00,47.609452050369725,48.322777705792745,47.24219026234475,48.11090087890625,53100,0.0,0.0
2013-09-19 00:00:00-04:00,48.146214559754746,48.66885595928913,47.77895813288231,48.5770378112793,77400,0.0,0.0
2013-09-20 00:00:00-04:00,48.50641917592986,49.51638123062333,48.266285587034545,48.56998062133789,164900,0.0,0.0
2013-09-23 00:00:00-04:00,48.63354172891707,49.06436499170017,47.96259029390162,48.49229049682617,165200,0.0,0.0
2013-09-24 00:00:00-04:00,48.6335303420887,49.30448162001074,48.2238943211906,48.739471435546875,91100,0.0,0.0
2013-09-25 00:00:00-04:00,48.647654977503656,49.170296286278045,47.98376785324683,48.07558059692383,82800,0.0,0.0
2013-09-26 00:00:00-04:00,48.12501527903929,48.598212702083586,47.595315223527365,48.17445373535156,76000,0.0,0.0
2013-09-27 00:00:00-04:00,47.976708450006136,48.76066510277989,47.78601876696943,48.11090087890625,77200,0.0,0.0
2013-09-30 00:00:00-04:00,47.588259971323524,48.788916888668716,47.588259971323524,48.73241424560547,108000,0.0,0.0
2013-10-01 00:00:00-04:00,48.87366202647523,49.064357086300596,48.14620806047739,48.95841598510742,52000,0.0,0.0
2013-10-02 00:00:00-04:00,48.44989574584036,49.14203949992394,48.02613679299145,48.88778305053711,73700,0.0,0.0
2013-10-03 00:00:00-04:00,48.54173368239923,48.795984847183824,47.33401236062686,47.397579193115234,123000,0.0,0.0
2013-10-04 00:00:00-04:00,47.270435645827085,47.89194847036807,47.03736631597876,47.24924850463867,177300,0.0,0.0
2013-10-07 00:00:00-04:00,47.044437135596674,47.595324437837164,46.89612173794644,47.26337814331055,95500,0.0,0.0
2013-10-08 00:00:00-04:00,47.37637393322609,47.616502036984976,46.63479170524116,46.67716598510742,80300,0.0,0.0
2013-10-09 00:00:00-04:00,46.65599636335635,47.75071237029928,46.58537074093188,47.319889068603516,98100,0.0,0.0
2013-10-10 00:00:00-04:00,47.63769794912604,48.167398098545775,47.623574982699154,47.96258544921875,88500,0.0,0.0
2013-10-11 00:00:00-04:00,47.70832407983259,49.55873963114777,47.60238298307769,49.44573974609375,98100,0.0,0.0
2013-10-14 00:00:00-04:00,49.36803773454547,50.22261969673464,48.98665311376583,49.7070426940918,123200,0.0,0.0
2013-10-15 00:00:00-04:00,49.48104893154808,50.34269526614398,49.40335915460006,49.558738708496094,123500,0.0,0.0
2013-10-16 00:00:00-04:00,49.93306110225927,50.596953625159564,49.728248469999684,50.34269714355469,83600,0.0,0.0
2013-10-17 00:00:00-04:00,50.293275816417534,51.50805600051473,49.92601932253208,51.50099182128906,122500,0.0,0.0
2013-10-18 00:00:00-04:00,51.91768995023784,52.25669510104207,51.169043247798214,51.54336929321289,108700,0.0,0.0
2013-10-21 00:00:00-04:00,51.444469416423246,51.635164463585056,51.048961745847464,51.3455924987793,78300,0.0,0.0
2013-10-22 00:00:00-04:00,51.423302016213164,52.179007541679255,51.423302016213164,51.45155334472656,108100,0.0,0.0
2013-10-23 00:00:00-04:00,51.3879771691206,51.3879771691206,50.6605231806555,50.96421813964844,75300,0.0,0.0
2013-10-24 00:00:00-04:00,51.161967034179405,51.60691316373075,50.77351815159562,51.3950309753418,64000,0.0,0.0
2013-10-25 00:00:00-04:00,51.684607738506564,51.684607738506564,50.89358693525784,51.38091278076172,86300,0.0,0.0
2013-10-28 00:00:00-04:00,51.39503776132482,51.61398415513894,50.49101702982627,50.49808120727539,202700,0.0,0.0
2013-10-29 00:00:00-04:00,52.26373441274787,56.58608844183775,52.26373441274787,56.49427032470703,459100,0.0,0.0
2013-10-30 00:00:00-04:00,56.55080098705539,58.71904055785618,55.89397243233646,58.429473876953125,271500,0.0,0.0
2013-10-31 00:00:00-04:00,58.50005906447195,58.902630778546765,57.73022573044945,57.963294982910156,181400,0.0,0.0
2013-11-01 00:00:00-04:00,57.95625889984372,58.07632836555413,56.04227628674543,57.07342529296875,253200,0.0,0.0
2013-11-04 00:00:00-05:00,57.15816902889594,57.40536131690079,56.81915861364091,56.93922805786133,141000,0.0,0.0
2013-11-05 00:00:00-05:00,56.91096710920715,58.168120865487566,56.91096710920715,57.892677307128906,73500,0.0,0.0
2013-11-06 00:00:00-05:00,58.10458627561359,58.10458627561359,57.10875256376116,57.299442291259766,86600,0.0,0.0
2013-11-07 00:00:00-05:00,57.4759862265128,57.63842995004846,56.62140410485609,56.83328628540039,101400,0.0,0.0
2013-11-08 00:00:00-05:00,56.762683863986474,57.313571292261535,56.44486046340402,57.1087532043457,79100,0.0,0.0
2013-11-11 00:00:00-05:00,57.17229243722224,57.36298748115542,56.52959248341804,57.26411056518555,70100,0.0,0.0
2013-11-12 00:00:00-05:00,57.490134235847556,57.7726421103715,57.10168523482844,57.55369567871094,70300,0.0,0.0
2013-11-13 00:00:00-05:00,57.41241937270786,58.18931164721041,57.32060664363324,58.16106033325195,91900,0.0,0.0
2013-11-14 00:00:00-05:00,58.316452969926175,58.35176846740667,57.9421324055418,58.252891540527344,40900,0.0,0.0
2013-11-15 00:00:00-05:00,58.18224479435858,58.620132057984506,57.91386540668349,58.493003845214844,80800,0.0,0.0
2013-11-18 00:00:00-05:00,58.627207900364056,58.7190206434851,57.878561436897336,58.12575912475586,47100,0.0,0.0
2013-11-19 00:00:00-05:00,58.22462650454195,58.556572704465566,57.278226356564815,57.539546966552734,57000,0.0,0.0
2013-11-20 00:00:00-05:00,57.68788156081856,58.521276732125834,57.63844309253715,58.23170471191406,72800,0.0,0.0
2013-11-21 00:00:00-05:00,58.436500906383245,59.785472789556614,58.436500906383245,59.63715744018555,74800,0.0,0.0
2013-11-22 00:00:00-05:00,59.60892897373817,59.95499825490715,59.19222869003805,59.43942642211914,78000,0.0,0.0
2013-11-25 00:00:00-05:00,59.84904437733437,60.55531114493034,59.29109298432701,59.57360076904297,76100,0.0,0.0
2013-11-26 00:00:00-05:00,59.566528403202774,59.82078483565228,59.01564126235786,59.10039520263672,89600,0.0,0.0
2013-11-27 00:00:00-05:00,59.31228953420285,59.42528942271646,59.079220191884026,59.25578689575195,67400,0.0,0.0
2013-11-29 00:00:00-05:00,59.53830525389836,59.70780781091038,58.881476783539014,59.418235778808594,37500,0.0,0.0
2013-12-02 00:00:00-05:00,59.92673720027386,59.92673720027386,58.80377556911685,59.1215934753418,100300,0.0,0.0
2013-12-03 00:00:00-05:00,58.768462466287325,59.84904985751291,58.36589058743096,59.71486282348633,291200,0.0,0.0
2013-12-04 00:00:00-05:00,59.35467427760682,59.644240921012276,58.78259978055495,58.923851013183594,100900,0.0,0.0
2013-12-05 00:00:00-05:00,58.853205013722565,59.163958695557355,58.47182035164657,58.81082534790039,66800,0.0,0.0
2013-12-06 00:00:00-05:00,59.48788957461541,59.822852798626805,58.94624679882333,59.4736328125,52400,0.75,0.0
2013-12-09 00:00:00-05:00,59.359585964298745,60.14353905911755,58.95335537824247,59.972496032714844,88200,0.0,0.0
2013-12-10 00:00:00-05:00,59.73733270015979,59.85136505558178,58.12666102267698,58.226436614990234,80900,0.0,0.0
2013-12-11 00:00:00-05:00,58.447391643184254,58.483022687631475,57.88436894222639,58.29059982299805,102000,0.0,0.0
2013-12-12 00:00:00-05:00,58.447376867347565,59.074538552178545,57.94849343493357,58.169429779052734,68700,0.0,0.0
2013-12-13 00:00:00-05:00,58.347584446863465,59.30970912414895,58.148027869012154,58.68967056274414,105900,0.0,0.0
2013-12-16 00:00:00-05:00,58.99614229799837,59.9582672467275,58.99614229799837,59.338233947753906,62100,0.0,0.0
2013-12-17 00:00:00-05:00,59.42373791459052,59.758701098550745,58.72530890057046,59.27407455444336,54900,0.0,0.0
2013-12-18 00:00:00-05:00,59.39522371757528,60.02951899390271,58.73243123544242,59.92261505126953,75500,0.0,0.0
2013-12-19 00:00:00-05:00,60.001016280300306,60.001016280300306,58.454484038242796,59.145790100097656,72300,0.0,0.0
2013-12-20 00:00:00-05:00,59.38812873509795,59.829990597879544,58.71820212073496,59.616188049316406,210500,0.0,0.0
2013-12-23 00:00:00-05:00,59.79434574352234,60.17919676685518,59.487890601092225,60.02953338623047,62000,0.0,0.0
2013-12-24 00:00:00-05:00,60.20057647303561,60.36449117866004,59.79434574352234,60.02953338623047,23500,0.0,0.0
2013-12-26 00:00:00-05:00,60.371600729250815,60.80633941052527,60.172049617326806,60.278953552246094,31600,0.0,0.0
2013-12-27 00:00:00-05:00,60.53554561947593,60.53554561947593,59.765843497580796,60.06517028808594,34900,0.0,0.0
2013-12-30 00:00:00-05:00,60.20770485421632,60.428635734563024,59.65893368789736,60.02953338623047,37100,0.0,0.0
2013-12-31 00:00:00-05:00,60.008140393094195,60.23619962478945,59.22418712397681,59.544898986816406,61800,0.0,0.0
2014-01-02 00:00:00-05:00,59.4665252248625,60.001039757624724,59.16719295411978,59.879878997802734,70900,0.0,0.0
2014-01-03 00:00:00-05:00,59.84422637156757,60.435756879420005,59.16004866890589,59.886985778808594,58800,0.0,0.0
2014-01-06 00:00:00-05:00,59.99389023998429,60.16493330775124,58.53288219017523,58.83221435546875,49900,0.0,0.0
2014-01-07 00:00:00-05:00,58.97475871629502,59.97964845360006,58.44737266836291,59.49502182006836,45900,0.0,0.0
2014-01-08 00:00:00-05:00,59.47362438280777,60.164930438657514,58.93911006383456,59.345340728759766,80900,0.0,0.0
2014-01-09 00:00:00-05:00,59.701696113902806,60.1649430415223,58.44737283086667,59.18143844604492,56800,0.0,0.0
2014-01-10 00:00:00-05:00,59.36674079504306,59.40950021135613,58.68968589170025,59.252708435058594,34500,0.0,0.0
2014-01-13 00:00:00-05:00,59.33823586943041,59.33823586943041,57.88435582626932,58.32621765136719,77400,0.0,0.0
2014-01-14 00:00:00-05:00,58.22642481099427,59.54489782580324,57.96273455792117,59.145790100097656,62300,0.0,0.0
2014-01-15 00:00:00-05:00,59.224192547813296,60.38587395342279,59.224192547813296,59.64468002319336,44300,0.0,0.0
2014-01-16 00:00:00-05:00,59.48077111441288,60.157826056420035,59.25984020102911,59.316856384277344,40000,0.0,0.0
2014-01-17 00:00:00-05:00,59.16005180491396,59.85848086789191,58.33333363869037,58.589900970458984,28200,0.0,0.0
2014-01-21 00:00:00-05:00,59.15292342420891,59.33109488030592,57.91997455557858,58.589900970458984,41600,0.0,0.0
2014-01-22 00:00:00-05:00,58.86784197645423,58.96761754665847,58.36183574545825,58.76806640625,27000,0.0,0.0
2014-01-23 00:00:00-05:00,58.61841609102145,59.14580214190181,58.35472034690028,58.867855072021484,108200,0.0,0.0
2014-01-24 00:00:00-05:00,58.63978949199784,58.63978949199784,56.929342404662385,57.143150329589844,60300,0.0,0.0
2014-01-27 00:00:00-05:00,57.05761969651899,57.33556670545,56.02422752868429,56.03847885131836,49100,0.0,0.0
2014-01-28 00:00:00-05:00,56.23805454430651,57.050516144613205,55.55387120338889,56.67991638183594,130200,0.0,0.0
2014-01-29 00:00:00-05:00,56.35920543615815,56.416221616321025,54.87681737609666,55.054988861083984,39000,0.0,0.0
2014-01-30 00:00:00-05:00,55.44696850635083,56.173905775325764,55.18327275015209,55.3828239440918,53500,0.0,0.0
2014-01-31 00:00:00-05:00,55.06923527796471,55.9458412983914,54.54184925188064,55.45408630371094,86700,0.0,0.0
2014-02-03 00:00:00-05:00,55.53247615179066,56.21665386633103,53.60822666948095,54.77703094482422,120500,0.0,0.0
2014-02-04 00:00:00-05:00,55.14051682069105,55.190404622330924,54.24965933614858,54.64876174926758,99200,0.0,0.0
2014-02-05 00:00:00-05:00,54.59173859343068,55.347189341251344,52.888419735503724,53.49420166015625,158300,0.0,0.0
2014-02-06 00:00:00-05:00,53.54407937303016,54.90531178918215,53.54407937303016,54.456321716308594,207700,0.0,0.0
2014-02-07 00:00:00-05:00,55.58950325020763,57.12177910675631,55.41133176543132,55.85319900512695,234900,0.0,0.0
2014-02-10 00:00:00-05:00,56.33069504301139,58.4402446865295,56.33069504301139,57.3712158203125,260900,0.0,0.0
2014-02-11 00:00:00-05:00,57.3498398159885,57.54939101392258,56.12401910026505,56.245174407958984,155000,0.0,0.0
2014-02-12 00:00:00-05:00,56.47322170114051,56.572997278914166,54.13561312925291,54.65587615966797,250100,0.0,0.0
2014-02-13 00:00:00-05:00,54.527599578227914,55.724912104357706,53.985956773288706,55.57524871826172,201700,0.0,0.0
2014-02-14 00:00:00-05:00,55.34006382142474,55.34006382142474,54.49909420243555,54.55611038208008,136600,0.0,0.0
2014-02-18 00:00:00-05:00,54.66301656191064,56.273688519121855,54.21402631852401,56.14540481567383,155400,0.0,0.0
2014-02-19 00:00:00-05:00,56.20241061550161,56.287934881113976,55.64651648242601,55.82468795776367,100900,0.0,0.0
2014-02-20 00:00:00-05:00,56.430470431981654,58.297709469022216,56.430470431981654,57.7631950378418,212800,0.0,0.0
2014-02-21 00:00:00-05:00,58.048269033943896,58.425997158611395,57.71331120147341,58.169429779052734,155300,0.0,0.0
2014-02-24 00:00:00-05:00,58.440255497727044,58.8393579416578,58.1195489534774,58.447383880615234,78200,0.0,0.0
2014-02-25 00:00:00-05:00,58.73956713992466,58.79658331355913,58.03400966262319,58.133785247802734,119700,0.0,0.0
2014-02-26 00:00:00-05:00,58.368971709973984,60.26471322755034,55.69639979502427,59.64468002319336,220400,0.0,0.0
2014-02-27 00:00:00-05:00,59.2954792063455,60.464283933199184,59.138692837385854,59.89413833618164,168800,0.0,0.0
2014-02-28 00:00:00-05:00,60.036657340207775,60.38587733823632,59.266960717953125,59.687442779541016,212300,0.0,0.0
2014-03-03 00:00:00-05:00,60.856256439856274,60.856256439856274,58.254951480815826,59.45939254760742,160800,0.0,0.0
2014-03-04 00:00:00-05:00,60.1791863899054,60.77071142922438,60.065154060123916,60.48564147949219,377000,0.0,0.0
2014-03-05 00:00:00-05:00,60.28608958353555,61.09855640291403,59.93687506184489,60.37874221801758,253000,0.0,0.0
2014-03-06 00:00:00-05:00,60.67807014383535,60.67807014383535,59.47362937077881,59.66605758666992,509400,0.0,0.0
2014-03-07 00:00:00-05:00,60.008153339515374,60.164945114637995,58.768081339468935,59.936885833740234,126100,0.0,0.0
2014-03-10 00:00:00-04:00,60.00816232170369,60.22197030839466,59.53779236329172,59.86562728881836,234100,0.0,0.0
2014-03-11 00:00:00-04:00,60.08653417905071,60.27896237755041,58.98899746542082,59.33108901977539,135300,0.0,0.0
2014-03-12 00:00:00-04:00,59.14409894212288,59.719432853555396,58.978694146169836,59.460533142089844,79400,0.75,0.0
2014-03-13 00:00:00-04:00,59.690673614355696,59.690673614355696,57.60509476420664,57.907142639160156,239600,0.0,0.0
2014-03-14 00:00:00-04:00,57.87839793556486,59.021867579227546,57.87839793556486,58.25236129760742,127900,0.0,0.0
2014-03-17 00:00:00-04:00,58.55438815163589,59.10095485615204,58.30987478898913,58.38179016113281,57000,0.0,0.0
2014-03-18 00:00:00-04:00,58.56160406953881,58.9715278853678,58.24516972511175,58.575984954833984,52900,0.0,0.0
2014-03-19 00:00:00-04:00,58.540028133090786,58.676665742818244,56.90033292201615,57.6123046875,244200,0.0,0.0
2014-03-20 00:00:00-04:00,57.54755782403276,58.15885221849565,57.39653389296976,58.02220916748047,43700,0.0,0.0
2014-03-21 00:00:00-04:00,58.317082289208585,58.611942547957135,57.83524309674897,58.09414291381836,113100,0.0,0.0
2014-03-24 00:00:00-04:00,58.072555035749694,58.21638579468191,57.0872973280096,57.36777114868164,110000,0.0,0.0
2014-03-25 00:00:00-04:00,57.85680341055962,57.85680341055962,56.99380788338283,57.36777114868164,117300,0.0,0.0
2014-03-26 00:00:00-04:00,57.576332685149026,57.799277506308584,56.188344388348085,56.30341339111328,128200,0.0,0.0
2014-03-27 00:00:00-04:00,56.01573937349471,56.49039072041954,55.67773107858606,56.16676330566406,79400,0.0,0.0
2014-03-28 00:00:00-04:00,56.39689713652544,57.166403182612186,56.08046838451029,56.17395782470703,59800,0.0,0.0
2014-03-31 00:00:00-04:00,56.31060149748749,56.56230805984782,55.97259319083581,56.14519119262695,85500,0.0,0.0
2014-04-01 00:00:00-04:00,56.440068523302855,56.90752135826843,56.25308409724069,56.49040985107422,136400,0.0,0.0
2014-04-02 00:00:00-04:00,56.89313300703001,57.52599611407413,56.720534975434795,57.38935852050781,90700,0.0,0.0
2014-04-03 00:00:00-04:00,57.49004713232763,57.74175376428843,56.31780476709252,56.67738723754883,57400,0.0,0.0
2014-04-04 00:00:00-04:00,56.5047773947367,56.562311894831836,55.893488419903704,56.03731918334961,175500,0.0,0.0
2014-04-07 00:00:00-04:00,56.00855495619437,56.01574814079247,54.89385276234608,55.016109466552734,172000,0.0,0.0
2014-04-08 00:00:00-04:00,55.12398609642786,55.57705797049006,54.38324718893901,54.68529510498047,143500,0.0,0.0
2014-04-09 00:00:00-04:00,54.87947946271121,55.62021853574863,54.483942004293716,55.51234817504883,93600,0.0,0.0
2014-04-10 00:00:00-04:00,55.634589222609065,56.102047438754724,54.49830752472687,54.656524658203125,89500,0.0,0.0
2014-04-11 00:00:00-04:00,54.12434378889282,55.02329977900362,53.98770072262256,54.275367736816406,127700,0.0,0.0
2014-04-14 00:00:00-04:00,54.850699325939814,55.296583497053376,54.260984383134,54.821937561035156,105900,0.0,0.0
2014-04-15 00:00:00-04:00,54.83632697425525,55.23905758707927,53.59216920707663,54.167503356933594,82000,0.0,0.0
2014-04-16 00:00:00-04:00,54.3688751568607,54.98016433484701,54.29695975123768,54.80037307739258,60200,0.0,0.0
2014-04-17 00:00:00-04:00,54.69247927357428,55.20308556750631,54.69247927357428,54.93699264526367,64500,0.0,0.0
2014-04-21 00:00:00-04:00,54.915425497171235,55.28938878531743,54.59180352640611,55.008914947509766,64000,0.0,0.0
2014-04-22 00:00:00-04:00,55.09523020904648,56.01576051645821,55.09523020904648,55.77843475341797,75800,0.0,0.0
2014-04-23 00:00:00-04:00,55.52672113987409,55.52672113987409,54.64933908605262,54.872283935546875,115800,0.0,0.0
2014-04-24 00:00:00-04:00,55.05209169419573,55.275031123853765,54.60620734808526,54.92264175415039,84900,0.0,0.0
2014-04-25 00:00:00-04:00,54.60618529075299,54.95138682036648,54.4048200179752,54.527076721191406,105500,0.0,0.0
2014-04-28 00:00:00-04:00,54.55584602579262,55.109600546772356,53.26854028432375,54.138729095458984,150900,0.0,0.0
2014-04-29 00:00:00-04:00,54.36886215005024,54.95857711394991,54.124348732068825,54.47673797607422,140500,0.0,0.0
2014-04-30 00:00:00-04:00,54.1531196795469,54.54865708623159,53.505870166034995,54.51988983154297,165300,0.0,0.0
2014-05-01 00:00:00-04:00,56.094847456437755,59.50368665018125,56.094847456437755,58.17323303222656,358400,0.0,0.0
2014-05-02 00:00:00-04:00,58.3242758211961,58.878035900301924,57.55476955111353,57.64107131958008,121400,0.0,0.0
2014-05-05 00:00:00-04:00,57.29584448558733,57.96466780781091,56.80681232001751,57.54036331176758,120100,0.0,0.0
2014-05-06 00:00:00-04:00,57.252722461371796,57.69860670836593,56.885946798308765,57.2023811340332,110000,0.0,0.0
2014-05-07 00:00:00-04:00,57.34619919570384,57.34619919570384,56.28902606955968,56.936275482177734,73900,0.0,0.0
2014-05-08 00:00:00-04:00,57.02977796230935,57.62668065094845,55.886302934265785,56.102054595947266,75000,0.0,0.0
2014-05-09 00:00:00-04:00,55.8719235694827,56.749305636875604,55.771240921105765,56.68457794189453,77200,0.0,0.0
2014-05-12 00:00:00-04:00,57.10888897957727,57.81366752917445,57.10888897957727,57.403743743896484,117700,0.0,0.0
2014-05-13 00:00:00-04:00,57.50443011356628,57.64826639906891,57.35340612888347,57.446895599365234,160200,0.0,0.0
2014-05-14 00:00:00-04:00,57.245519422170446,57.64825545835167,55.99417415314588,56.21711349487305,69900,0.0,0.0
2014-05-15 00:00:00-04:00,55.8647327868688,57.12327143250403,55.073652449828124,57.001014709472656,203100,0.0,0.0
2014-05-16 00:00:00-04:00,56.8499821364382,57.66982960557277,56.8499821364382,57.52599334716797,124500,0.0,0.0
2014-05-19 00:00:00-04:00,57.24551959473731,57.720171018055666,57.24551959473731,57.482845306396484,134100,0.0,0.0
2014-05-20 00:00:00-04:00,57.41093518430125,57.439702438666515,56.6342357768175,57.123268127441406,111400,0.0,0.0
2014-05-21 00:00:00-04:00,57.20954440488919,57.432483668414264,56.31777637720829,56.655784606933594,73500,0.0,0.0
2014-05-22 00:00:00-04:00,56.6126584442563,57.77770200152925,56.6126584442563,57.353397369384766,69200,0.0,0.0
2014-05-23 00:00:00-04:00,57.5044200880808,57.59790954226334,57.17360491928992,57.51880645751953,53700,0.0,0.0
2014-05-27 00:00:00-04:00,57.533170129200045,57.64104592055043,57.382146216025774,57.54036331176758,92600,0.0,0.0
2014-05-28 00:00:00-04:00,57.31743764445002,57.56195655210303,57.1448396128548,57.38935852050781,54900,0.0,0.0
2014-05-29 00:00:00-04:00,57.46127650774227,57.46127650774227,56.87874920873308,57.123268127441406,45200,0.0,0.0
2014-05-30 00:00:00-04:00,57.18079561847091,57.21675056692023,56.78525277798382,57.0944938659668,80700,0.0,0.0
2014-06-02 00:00:00-04:00,57.50440722696436,58.03658755453455,56.90031152866162,57.55474853515625,123900,0.0,0.0
2014-06-03 00:00:00-04:00,57.35339022384584,58.676650762748515,57.35339022384584,57.84242248535156,391900,0.0,0.0
2014-06-04 00:00:00-04:00,57.698598005159134,58.755765719807435,57.62667713112976,58.15886306762695,143900,0.0,0.0
2014-06-05 00:00:00-04:00,58.41055969963622,59.16567936696592,58.1804272076703,58.935546875,414200,0.0,0.0
2014-06-06 00:00:00-04:00,59.26638403786402,59.43178889782843,58.82769299515206,59.201656341552734,163100,0.0,0.0
2014-06-09 00:00:00-04:00,59.04342258036251,59.51088074703283,59.04342258036251,59.453346252441406,169400,0.0,0.0
2014-06-10 00:00:00-04:00,59.345502507663134,59.48933882184798,58.48969975713938,58.98591995239258,116300,0.0,0.0
2014-06-11 00:00:00-04:00,58.540020834230425,59.43178372635263,58.540020834230425,59.30233383178711,138700,0.0,0.0
2014-06-12 00:00:00-04:00,59.014661993501235,59.021855177834844,58.08693873897891,58.47528839111328,141700,0.0,0.0
2014-06-13 00:00:00-04:00,58.48249263942244,58.48249263942244,57.935925749298946,58.09414291381836,95500,0.0,0.0
2014-06-16 00:00:00-04:00,58.08687604966745,58.36998390175472,57.91266051917763,58.10865783691406,88000,0.75,0.0
2014-06-17 00:00:00-04:00,58.02880204183637,58.39175425768331,57.88361783257081,58.173980712890625,175300,0.0,0.0
2014-06-18 00:00:00-04:00,57.977988217005596,58.595005868468924,57.83280400958343,58.36271667480469,118500,0.0,0.0
2014-06-19 00:00:00-04:00,58.48610974187319,58.89987497496981,57.91990526902627,58.07960510253906,102200,0.0,0.0
2014-06-20 00:00:00-04:00,58.261099117249536,58.29013596302937,57.64408137451109,57.912662506103516,145000,0.0,0.0
2014-06-23 00:00:00-04:00,58.11590967338998,58.3191620373982,57.8182917227241,58.072357177734375,63400,0.0,0.0
2014-06-24 00:00:00-04:00,58.0723524734066,58.29012601046632,57.5787372558542,57.66584777832031,86600,0.0,0.0
2014-06-25 00:00:00-04:00,57.45534721288871,58.050588732437944,57.24483422523916,57.919925689697266,114700,0.0,0.0
2014-06-26 00:00:00-04:00,57.80377955462943,58.188513633082806,57.66586145078851,57.97800064086914,72300,0.0,0.0
2014-06-27 00:00:00-04:00,57.72392065621327,58.159467766055855,57.68762875586743,57.963470458984375,145100,0.0,0.0
2014-06-30 00:00:00-04:00,57.94895502184487,57.94895502184487,57.40452667072993,57.702144622802734,82800,0.0,0.0
2014-07-01 00:00:00-04:00,58.065100993329274,58.25383771919361,57.89088545926094,58.03606414794922,148300,0.0,0.0
2014-07-02 00:00:00-04:00,57.99976122224084,58.03605311840978,57.419035501428574,57.5787353515625,112500,0.0,0.0
2014-07-03 00:00:00-04:00,57.68762559028257,58.007025309783785,57.53518632548733,57.99250411987305,69400,0.0,0.0
2014-07-07 00:00:00-04:00,57.73843925586838,58.54419361942219,57.73843925586838,58.130428314208984,286300,0.0,0.0
2014-07-08 00:00:00-04:00,58.09413177219875,58.15946605203429,57.49889034959605,57.78925323486328,122800,0.0,0.0
2014-07-09 00:00:00-04:00,58.00701856592291,58.25382338359956,57.353703551175,57.54243469238281,111100,0.0,0.0
2014-07-10 00:00:00-04:00,56.90365322676594,57.586005227972336,56.381001101434386,57.223052978515625,95800,0.0,0.0
2014-07-11 00:00:00-04:00,57.31016973726541,57.31016973726541,56.25761021308006,56.30116271972656,126100,0.0,0.0
2014-07-14 00:00:00-04:00,56.75122943021277,56.88189249719491,55.8075511088736,55.81481170654297,125600,0.0,0.0
2014-07-15 00:00:00-04:00,55.72768671402899,56.511664912848275,55.38651624692813,56.39552307128906,122500,0.0,0.0
2014-07-16 00:00:00-04:00,56.64233938081456,56.64233938081456,55.77851106856788,55.84384536743164,58900,0.0,0.0
2014-07-17 00:00:00-04:00,55.459126457122586,55.764005136416955,55.00906349848758,55.161502838134766,77900,0.0,0.0
2014-07-18 00:00:00-04:00,54.99453157369432,56.03983038470455,54.99453157369432,55.54621505737305,75600,0.0,0.0
2014-07-21 00:00:00-04:00,55.2703667056504,55.57524525830856,54.39202294877617,55.33570098876953,94800,0.0,0.0
2014-07-22 00:00:00-04:00,55.58249918724085,55.96722762967153,55.292136322206616,55.5244255065918,49000,0.0,0.0
2014-07-23 00:00:00-04:00,55.53171177487959,55.80755357817439,54.87113581307119,55.31393814086914,68800,0.0,0.0
2014-07-24 00:00:00-04:00,55.36473244818093,55.90190575278913,55.059853894675754,55.82205581665039,78700,0.0,0.0
2014-07-25 00:00:00-04:00,55.58977047114782,55.72768856644561,55.09615516713639,55.713172912597656,86800,0.0,0.0
2014-07-28 00:00:00-04:00,55.82207326702766,57.19403272489696,55.48815776525024,57.17225646972656,179500,0.0,0.0
2014-07-29 00:00:00-04:00,59.52418015531437,61.49138105439837,58.39902575416658,60.613037109375,394300,0.0,0.0
2014-07-30 00:00:00-04:00,61.02680176140724,61.02680176140724,59.37174009820413,59.545955657958984,205800,0.0,0.0
2014-07-31 00:00:00-04:00,59.074100833722845,59.15395076450429,58.67485671802696,58.834556579589844,137600,0.0,0.0
2014-08-01 00:00:00-04:00,58.91442475185561,59.14671402108515,57.861859673930326,58.471622467041016,103700,0.0,0.0
2014-08-04 00:00:00-04:00,58.58048184574133,58.943434039427984,57.948948573181575,58.72566604614258,102300,0.0,0.0
2014-08-05 00:00:00-04:00,58.609533037454156,59.625800536270944,58.3845043944935,58.957969665527344,123500,0.0,0.0
2014-08-06 00:00:00-04:00,58.82729543569562,60.075851936398635,58.82729543569562,59.509647369384766,111200,0.0,0.0
2014-08-07 00:00:00-04:00,59.741937268320655,60.104889486139825,59.008772237626744,59.255577087402344,147000,0.0,0.0
2014-08-08 00:00:00-04:00,59.22655541461721,59.89439187549274,59.04507925922758,59.364479064941406,124700,0.0,0.0
2014-08-11 00:00:00-04:00,59.60401976583355,60.794502719309946,59.38624619752439,60.2718505859375,96200,0.0,0.0
2014-08-12 00:00:00-04:00,60.21377491600446,60.53317466216551,59.887120112493726,60.46784591674805,105000,0.0,0.0
2014-08-13 00:00:00-04:00,60.72191522951298,61.23004618679611,60.30088927164292,60.99775695800781,141200,0.0,0.0
2014-08-14 00:00:00-04:00,61.24456488014998,61.629293380426844,60.65657846704042,60.94694137573242,171700,0.0,0.0
2014-08-15 00:00:00-04:00,61.37524523540286,61.37524523540286,60.083130203932704,60.37349319458008,85300,0.0,0.0
2014-08-18 00:00:00-04:00,60.85256870582064,61.15018663740765,60.56946642578445,61.01952362060547,56300,0.0,0.0
2014-08-19 00:00:00-04:00,61.18649603311822,61.38974842382463,60.94694619912326,61.2663459777832,99100,0.0,0.0
2014-08-20 00:00:00-04:00,60.9759755120433,61.4042564912268,60.765462551047285,61.15745162963867,56800,0.0,0.0
2014-08-21 00:00:00-04:00,61.2518151627393,61.35344134212739,60.51139506459587,61.2227783203125,52800,0.0,0.0
2014-08-22 00:00:00-04:00,61.30262476878399,61.41151153714392,60.70738337838898,60.80900955200195,59600,0.0,0.0
2014-08-25 00:00:00-04:00,61.10664916309233,61.34619900914046,60.583996967428234,61.28086471557617,106400,0.0,0.0
2014-08-26 00:00:00-04:00,61.266348564770205,61.41152726763005,61.150201171912315,61.27360916137695,78300,0.0,0.0
2014-08-27 00:00:00-04:00,61.0703429692197,61.0703429692197,60.511398946725954,60.540435791015625,59500,0.0,0.0
2014-08-28 00:00:00-04:00,60.32265575390358,61.05582076344942,60.19925333257532,60.57672119140625,62200,0.0,0.0
2014-08-29 00:00:00-04:00,60.76546891182724,60.76546891182724,60.29362984904601,60.39525604248047,35400,0.0,0.0
2014-09-02 00:00:00-04:00,60.69288335041582,61.41152734544392,60.11941805843152,61.16472244262695,102300,0.0,0.0
2014-09-03 00:00:00-04:00,61.578473515564525,61.694615343343195,60.6347955506359,60.67109298706055,230100,0.0,0.0
2014-09-04 00:00:00-04:00,60.67110683659218,61.084872230512715,60.4678544379242,60.830806732177734,77200,0.0,0.0
2014-09-05 00:00:00-04:00,60.678339686834505,60.94692628003656,60.438795469341294,60.68560028076172,105700,0.0,0.0
2014-09-08 00:00:00-04:00,60.78084280671102,60.9346620502218,60.15091318756398,60.627017974853516,223300,0.75,0.0
2014-09-09 00:00:00-04:00,60.37064716104992,60.76618471822289,60.048361646141224,60.319374084472656,113600,0.0,0.0
2014-09-10 00:00:00-04:00,60.341353130447835,60.72956999054152,60.202186531433696,60.67829132080078,80500,0.0,0.0
2014-09-11 00:00:00-04:00,60.67828605031833,61.2715951844535,60.67828605031833,61.14707565307617,166600,0.0,0.0
2014-09-12 00:00:00-04:00,61.169050415677184,61.19835011578465,60.341349255593855,60.50249481201172,80300,0.0,0.0
2014-09-15 00:00:00-04:00,60.670952388536634,60.9712644642392,60.33401429924702,60.53178024291992,74900,0.0,0.0
2014-09-16 00:00:00-04:00,60.524471282958984,61.007907976917416,60.13626001630267,60.524471282958984,156700,0.0,0.0
2014-09-17 00:00:00-04:00,60.40728122111753,60.736893101786286,59.887224064240606,60.070343017578125,85300,0.0,0.0
2014-09-18 00:00:00-04:00,60.443898354356826,60.78084212782275,59.997093273918956,60.17288589477539,77300,0.0,0.0
2014-09-19 00:00:00-04:00,60.048377461581026,60.64168115943069,59.147429634894785,59.5869140625,229500,0.0,0.0
2014-09-22 00:00:00-04:00,59.498986311501824,59.498986311501824,58.66395911443273,58.97892379760742,89000,0.0,0.0
2014-09-23 00:00:00-04:00,58.97161867618036,59.04486512665356,58.69327434069784,58.72990036010742,110900,0.0,0.0
2014-09-24 00:00:00-04:00,58.663978353165554,59.19136177128163,58.414939288136466,59.030216217041016,83200,0.0,0.0
2014-09-25 00:00:00-04:00,59.03754597316366,59.088819053554836,57.741066318502995,57.96813201904297,192500,0.0,0.0
2014-09-26 00:00:00-04:00,58.26112732025012,60.09964319087888,57.82164294647133,59.396461486816406,353300,0.0,0.0
2014-09-29 00:00:00-04:00,59.00824294944339,60.08498316538168,58.81047696145402,60.048362731933594,171800,0.0,0.0
2014-09-30 00:00:00-04:00,60.04837750249491,60.6270285530883,59.70411293099282,59.7627067565918,172600,0.0,0.0
2014-10-01 00:00:00-04:00,59.865248231674876,60.22415980077693,58.898380421193096,59.24996566772461,121100,0.0,0.0
2014-10-02 00:00:00-04:00,59.118128350042404,59.953150416709384,58.93500937773215,59.69678497314453,90000,0.0,0.0
2014-10-03 00:00:00-04:00,60.31205552309445,60.90536472936974,60.20950935674503,60.436580657958984,97100,0.0,0.0
2014-10-06 00:00:00-04:00,60.43658884028316,60.744227380981656,59.75538602110923,59.7627067565918,155000,0.0,0.0
2014-10-07 00:00:00-04:00,59.447738174011526,59.58690477491406,58.51016446268272,58.68596267700195,148500,0.0,0.0
2014-10-08 00:00:00-04:00,58.58342672186232,59.75538707982145,58.429601860439995,59.73341369628906,201400,0.0,0.0
2014-10-09 00:00:00-04:00,59.87989680994021,59.90919651262009,58.092654064895456,58.12928009033203,158100,0.0,0.0
2014-10-10 00:00:00-04:00,57.77769465223633,58.7079421372298,57.49202950981406,57.60190200805664,185900,0.0,0.0
2014-10-13 00:00:00-04:00,57.90953564025696,58.14392767547756,56.459236668687915,57.39680480957031,224700,0.0,0.0
2014-10-14 00:00:00-04:00,57.499355979284324,58.94233434194462,57.462729950327976,58.90570831298828,424700,0.0,0.0
2014-10-15 00:00:00-04:00,58.37831918869193,59.74072462758775,57.61654927229676,59.381813049316406,241900,0.0,0.0
2014-10-16 00:00:00-04:00,58.663989980322846,60.341360399927545,58.663989980322846,59.85792922973633,165000,0.0,0.0
2014-10-17 00:00:00-04:00,60.31936122252894,60.81011850631621,59.447719106576415,59.8212776184082,131800,0.0,0.0
2014-10-20 00:00:00-04:00,59.66015275832987,60.58307384783096,59.447739690216835,60.48785400390625,140400,0.0,0.0
2014-10-21 00:00:00-04:00,60.480525053894695,61.13975437490285,60.10696084059895,60.627017974853516,141300,0.0,0.0
2014-10-22 00:00:00-04:00,60.6416733764076,61.85025958846738,60.6416733764076,61.25695037841797,131300,0.0,0.0
2014-10-23 00:00:00-04:00,61.51331581870197,62.194518488349686,60.94930636287562,61.01523208618164,183100,0.0,0.0
2014-10-24 00:00:00-04:00,60.92732473768735,61.87221899596927,60.4219147513551,61.454708099365234,134500,0.0,0.0
2014-10-27 00:00:00-04:00,62.44357347169522,63.00757748288907,61.96013667208801,62.37032699584961,493600,0.0,0.0
2014-10-28 00:00:00-04:00,64.67762913774848,66.65531198323039,64.43591073111126,65.33685302734375,711300,0.0,0.0
2014-10-29 00:00:00-04:00,64.09894103895644,65.3295002650807,63.959768887297734,64.42122650146484,374300,0.0,0.0
2014-10-30 00:00:00-04:00,64.0769779182467,65.95944027965331,64.0769779182467,65.83491516113281,283500,0.0,0.0
2014-10-31 00:00:00-04:00,66.7358574070678,66.7358574070678,64.80944844527113,65.1610336303711,741700,0.0,0.0
2014-11-03 00:00:00-05:00,65.02919988030366,65.94479461975004,64.34067084796902,65.79830169677734,170600,0.0,0.0
2014-11-04 00:00:00-05:00,65.90815529456796,66.99954234647042,65.76165682523344,66.9336166381836,305200,0.0,0.0
2014-11-05 00:00:00-05:00,66.98490731080736,67.67343632678062,66.53809664150727,67.63681030273438,367100,0.0,0.0
2014-11-06 00:00:00-05:00,67.53425838018731,68.03966840950703,67.33649239691005,67.7613296508789,143700,0.0,0.0
2014-11-07 00:00:00-05:00,67.57821813697068,67.91515633070058,67.18268053867551,67.88585662841797,268500,0.0,0.0
2014-11-10 00:00:00-05:00,67.90050279619119,69.02851617173947,67.90050279619119,68.86737060546875,409700,0.0,0.0
2014-11-11 00:00:00-05:00,69.16768232824779,69.2116290830913,68.5890258399747,68.69889831542969,189300,0.0,0.0
2014-11-12 00:00:00-05:00,68.53044174420643,70.06864556736627,68.53044174420643,69.8269271850586,347300,0.0,0.0
2014-11-13 00:00:00-05:00,70.0173499055843,70.4934602311434,69.21162774836294,69.57786560058594,201700,0.0,0.0
2014-11-14 00:00:00-05:00,69.4680192634118,69.80496313197095,68.90401521766377,69.29955291748047,163600,0.0,0.0
2014-11-17 00:00:00-05:00,69.22630416958278,69.91482776817877,69.10177900991233,69.7829818725586,162500,0.0,0.0
2014-11-18 00:00:00-05:00,70.0246805573097,70.22977287310098,69.32883083039692,69.92213439941406,292200,0.0,0.0
2014-11-19 00:00:00-05:00,70.105262645247,70.105262645247,69.4606859116968,69.75367736816406,124900,0.0,0.0
2014-11-20 00:00:00-05:00,69.66578155425285,70.72054861215233,69.58520876019955,70.24443817138672,144800,0.0,0.0
2014-11-21 00:00:00-05:00,71.16735141816412,71.16735141816412,69.87819244528647,70.36894989013672,162300,0.0,0.0
2014-11-24 00:00:00-05:00,70.27371417334956,71.37242762527387,70.01002249782007,71.29185485839844,147600,0.0,0.0
2014-11-25 00:00:00-05:00,71.54824391187636,71.95110787969475,71.10875950320468,71.26990509033203,180500,0.0,0.0
2014-11-26 00:00:00-05:00,71.48964450049415,71.76066258687628,71.07213347400393,71.26990509033203,94400,0.0,0.0
2014-11-28 00:00:00-05:00,71.51159350017919,73.10106985897811,71.51159350017919,72.75680541992188,209400,0.0,0.0
2014-12-01 00:00:00-05:00,72.75312686218268,72.84180715996352,72.14715892237807,72.47970581054688,318600,0.875,0.0
2014-12-02 00:00:00-05:00,72.56838604062695,73.50690094064029,72.13238722859877,72.65706634521484,204000,0.0,0.0
2014-12-03 00:00:00-05:00,72.50924974879514,72.9156883375081,72.30232910009208,72.34667205810547,143200,0.0,0.0
2014-12-04 00:00:00-05:00,72.3836358018012,72.79008012879137,72.06587177470324,72.74574279785156,200500,0.0,0.0
2014-12-05 00:00:00-05:00,72.67182980702508,73.48471835002145,72.67182980702508,73.3664779663086,169000,0.0,0.0
2014-12-08 00:00:00-05:00,72.98222085623216,73.67686349991416,72.78269158305851,73.28520202636719,184000,0.0,0.0
2014-12-09 00:00:00-05:00,72.59054887717573,73.8911593109126,72.036309746591,73.56600952148438,162100,0.0,0.0
2014-12-10 00:00:00-05:00,73.53646006702793,73.88378420787534,73.05611829006904,73.28520202636719,336100,0.0,0.0
2014-12-11 00:00:00-05:00,73.51426822078872,74.16457332672252,73.25561882689556,73.84680938720703,298300,0.0,0.0
2014-12-12 00:00:00-05:00,73.44777704869588,74.19415407028873,73.15957312077626,73.76554107666016,418000,0.0,0.0
2014-12-15 00:00:00-05:00,74.12764154612863,74.43062833944094,73.49211349782662,73.69164276123047,553500,0.0,0.0
2014-12-16 00:00:00-05:00,73.60295271680667,73.60295271680667,71.12735248518443,71.58552551269531,345300,0.0,0.0
2014-12-17 00:00:00-05:00,71.93285009656944,73.10784004247672,70.68396836192838,73.10044860839844,220300,0.0,0.0
2014-12-18 00:00:00-05:00,72.43535064329392,74.00200181216313,72.34667599845986,73.9576644897461,239400,0.0,0.0
2014-12-19 00:00:00-05:00,74.08328874000925,75.33217591046332,73.9354939104457,74.83705139160156,476200,0.0,0.0
2014-12-22 00:00:00-05:00,74.86662807706251,75.80514293062001,74.50452671777494,75.7238540649414,116000,0.0,0.0
2014-12-23 00:00:00-05:00,75.9824864424348,76.30764185614827,75.46519886426498,75.57604217529297,156300,0.0,0.0
2014-12-24 00:00:00-05:00,75.59820521716486,75.88640905894084,74.97745457779365,75.28044128417969,67100,0.0,0.0
2014-12-26 00:00:00-05:00,75.54648678492826,75.79034770419068,75.33956611820341,75.67950439453125,115000,0.0,0.0
2014-12-29 00:00:00-05:00,75.7755652974659,76.75841725470217,75.70166788340549,76.46282196044922,89000,0.0,0.0
2014-12-30 00:00:00-05:00,76.21157744348146,76.95056299058867,75.84947610404237,76.25592041015625,66300,0.0,0.0
2014-12-31 00:00:00-05:00,76.44065274375549,76.88404286290262,76.1524488844093,76.58844757080078,139600,0.0,0.0
2015-01-02 00:00:00-05:00,76.80275096746738,76.95054578864504,74.98484760452914,75.87162780761719,343900,0.0,0.0
2015-01-05 00:00:00-05:00,75.34695222238251,75.81251100405913,74.43800331939322,74.82227325439453,113200,0.0,0.0
2015-01-06 00:00:00-05:00,75.05136990755638,75.05136990755638,74.01679465825362,74.68187713623047,283900,0.0,0.0
2015-01-07 00:00:00-05:00,75.33957048508366,78.69456537685754,74.85923441402011,78.62805938720703,326500,0.0,0.0
2015-01-08 00:00:00-05:00,79.44832490598486,80.40900257913137,78.65761072391294,78.93842315673828,210100,0.0,0.0
2015-01-09 00:00:00-05:00,78.61325945658353,79.2709559666517,78.2511582139418,78.30288696289062,176700,0.0,0.0
2015-01-12 00:00:00-05:00,78.3029036756445,79.31531585031298,78.13294016625504,79.07144927978516,183100,0.0,0.0
2015-01-13 00:00:00-05:00,79.55177689851898,80.36465968497167,78.76844856567317,79.40397644042969,205400,0.0,0.0
2015-01-14 00:00:00-05:00,78.90887070231577,80.05430048127795,78.827581846363,79.6995849609375,167600,0.0,0.0
2015-01-15 00:00:00-05:00,79.86955140104683,79.86955140104683,77.85211857584692,78.59849548339844,176900,0.0,0.0
2015-01-16 00:00:00-05:00,78.42854156772093,80.66767272502302,77.84474225324409,80.4977035522461,255000,0.0,0.0
2015-01-20 00:00:00-05:00,80.7637098338359,81.37706902940097,80.20947081958066,81.14797973632812,246900,0.0,0.0
2015-01-21 00:00:00-05:00,80.66767149249074,80.66767149249074,78.42854036940062,78.90888214111328,154800,0.0,0.0
2015-01-22 00:00:00-05:00,79.4778958967278,80.7120003769972,78.6650073044429,80.61592864990234,148000,0.0,0.0
2015-01-23 00:00:00-05:00,80.54941616716056,80.87457157787064,79.81043069773706,80.36466979980469,103300,0.0,0.0
2015-01-26 00:00:00-05:00,80.46072151069669,81.23665837021213,80.35726401449605,80.55679321289062,117800,0.0,0.0
2015-01-27 00:00:00-05:00,79.8104256966583,80.34988753625885,79.71435962133714,79.94344329833984,131600,0.0,0.0
2015-01-28 00:00:00-05:00,80.51245950080936,80.68982006152166,78.9679826745163,79.18228912353516,126200,0.0,0.0
2015-01-29 00:00:00-05:00,79.33746860101132,80.6971989554586,78.70933217340229,80.6380844116211,129700,0.0,0.0
2015-01-30 00:00:00-05:00,80.22426546521189,80.22426546521189,78.45809054066508,78.88670349121094,168500,0.0,0.0
2015-02-02 00:00:00-05:00,78.9088727693617,79.3153170597725,76.53672993135736,77.88168334960938,259300,0.0,0.0
2015-02-03 00:00:00-05:00,78.103366099084,79.18228407017699,77.94078841447899,78.642822265625,228300,0.0,0.0
2015-02-04 00:00:00-05:00,78.26594644530242,79.90648929789825,77.63780434469237,79.16011810302734,113500,0.0,0.0
2015-02-05 00:00:00-05:00,79.35963876643865,79.47787913238032,78.16248043232862,79.20445251464844,99500,0.0,0.0
2015-02-06 00:00:00-05:00,79.44094294528715,79.8104357031722,78.58371704074803,79.08622741699219,184900,0.0,0.0
2015-02-09 00:00:00-05:00,78.71673851033783,78.79064157594021,77.37917646551733,77.65260314941406,135800,0.0,0.0
2015-02-10 00:00:00-05:00,78.1994634912388,78.42854724511837,77.74868178082123,78.07383728027344,177600,0.0,0.0
2015-02-11 00:00:00-05:00,77.83734953739534,78.62067241827201,77.43090522863159,77.65260314941406,162800,0.0,0.0
2015-02-12 00:00:00-05:00,77.52699222345836,77.85214209647772,76.91363274146958,77.59349822998047,161300,0.0,0.0
2015-02-13 00:00:00-05:00,77.51218619962852,77.99991932049367,76.52933416249968,77.21659088134766,120100,0.0,0.0
2015-02-17 00:00:00-05:00,77.15007882515583,77.97773888561461,76.94316381004114,77.92601013183594,140300,0.0,0.0
2015-02-18 00:00:00-05:00,78.01470762786262,81.54705780600388,78.01470762786262,81.3475341796875,254000,0.0,0.0
2015-02-19 00:00:00-05:00,81.42881977152854,82.75899038219836,80.86718917341692,82.5964126586914,192300,0.0,0.0
2015-02-20 00:00:00-05:00,82.2121441498836,82.2121441498836,80.88196787697265,81.8426513671875,152900,0.0,0.0
2015-02-23 00:00:00-05:00,81.98304166936522,82.67029831344199,81.46574850915056,82.07171630859375,128000,0.0,0.0
2015-02-24 00:00:00-05:00,82.18995864521945,84.41430631995003,82.07171827273682,84.03742218017578,337600,0.0,0.0
2015-02-25 00:00:00-05:00,84.02263946890089,84.02263946890089,80.06906862443662,82.655517578125,444100,0.0,0.0
2015-02-26 00:00:00-05:00,81.59876710167907,82.72202807504304,80.20947656937228,81.05931091308594,234500,0.0,0.0
2015-02-27 00:00:00-05:00,80.46813791621653,80.9189195629966,79.29315357127379,80.20210266113281,170100,0.0,0.0
2015-03-02 00:00:00-05:00,79.66264755834263,80.62332542687165,78.70196405180107,79.83261108398438,372500,0.0,0.0
2015-03-03 00:00:00-05:00,80.00996016181949,80.7415598895739,78.93843340777255,79.33748626708984,397600,0.0,0.0
2015-03-04 00:00:00-05:00,79.10101620456803,79.37444289555074,77.80040002083025,78.17728424072266,332800,0.0,0.0
2015-03-05 00:00:00-05:00,78.31030264434555,79.40399814307958,78.07382748478042,79.13057708740234,381800,0.0,0.0
2015-03-06 00:00:00-05:00,79.0714598531495,79.85478279145588,78.70935848480201,78.96800231933594,308900,0.0,0.0
2015-03-09 00:00:00-04:00,78.90148778772578,79.51484717140808,78.70935559655817,78.95321655273438,156200,0.0,0.0
2015-03-10 00:00:00-04:00,78.783234218857,79.07882950748659,77.75604496032783,78.4802474975586,196000,0.0,0.0
2015-03-11 00:00:00-04:00,78.45418372913583,78.96086877438462,77.23963246229486,77.91024017333984,198100,0.875,0.0
2015-03-12 00:00:00-04:00,78.25301211748004,80.2275941794157,77.79849117236287,80.02641296386719,143300,0.0,0.0
2015-03-13 00:00:00-04:00,80.14562224185072,80.85349421782232,78.23810455936523,79.40049743652344,183500,0.0,0.0
2015-03-16 00:00:00-04:00,79.87736825887276,80.84603267546835,79.0577321982114,79.15460205078125,168200,0.0,0.0
2015-03-17 00:00:00-04:00,79.20674413360024,79.86990454668715,78.66280069569503,79.69107055664062,207500,0.0,0.0
2015-03-18 00:00:00-04:00,79.13970372239037,79.25147357850835,76.89687649973327,78.20829772949219,268600,0.0,0.0
2015-03-19 00:00:00-04:00,78.08907575295652,79.19931003413473,78.08907575295652,78.99812316894531,99100,0.0,0.0
2015-03-20 00:00:00-04:00,79.75815147492104,79.89972699222922,79.16204941927127,79.16950225830078,187600,0.0,0.0
2015-03-23 00:00:00-04:00,79.29617715038763,79.40794700355038,77.8953446206538,79.12480163574219,120400,0.0,0.0
2015-03-24 00:00:00-04:00,78.97576548992996,80.36169788897631,78.56595031517236,79.66873168945312,185600,0.0,0.0
2015-03-25 00:00:00-04:00,79.76559611279342,80.13070559979339,78.72242046508644,78.95340728759766,290800,0.0,0.0
2015-03-26 00:00:00-04:00,78.32750981572732,79.25146284377314,77.98475313894986,78.69261932373047,152100,0.0,0.0
2015-03-27 00:00:00-04:00,78.70005663202207,79.62400947773818,78.3423943484405,79.22164154052734,152700,0.0,0.0
2015-03-30 00:00:00-04:00,79.49737454018167,80.13818238591632,79.28128764477331,79.8103256225586,159400,0.0,0.0
2015-03-31 00:00:00-04:00,79.89225428018754,80.10834107948823,79.15458257557422,79.73577880859375,155700,0.0,0.0
2015-04-01 00:00:00-04:00,79.52716791506377,79.63148492638572,78.18594107685182,78.88636016845703,158700,0.0,0.0
2015-04-02 00:00:00-04:00,78.9385022915177,79.57185706734285,78.7000626458594,79.3036117553711,144100,0.0,0.0
2015-04-06 00:00:00-04:00,78.67771414293196,79.78050119744402,78.3200574713634,78.90870666503906,116200,0.0,0.0
2015-04-07 00:00:00-04:00,78.48399120591226,79.38559147035767,77.2098285668274,77.28433990478516,239100,0.0,0.0
2015-04-08 00:00:00-04:00,77.20983760400766,78.66282876122953,77.20983760400766,78.37223052978516,184200,0.0,0.0
2015-04-09 00:00:00-04:00,78.34985379469971,78.92359724245244,77.74629899554728,78.24553680419922,93600,0.0,0.0
2015-04-10 00:00:00-04:00,78.2976992589594,79.02791822939,77.80591426328785,78.1933822631836,109000,0.0,0.0
2015-04-13 00:00:00-04:00,77.89532447201768,78.33494524659973,77.01607723800416,77.15019989013672,134200,0.0,0.0
2015-04-14 00:00:00-04:00,76.82980526536507,77.12040343220566,76.09213343298896,76.76274108886719,257400,0.0,0.0
2015-04-15 00:00:00-04:00,76.85961418900293,77.0831481888112,75.89094980194943,76.47959899902344,152600,0.0,0.0
2015-04-16 00:00:00-04:00,76.47959324582597,77.5525745557114,76.26350641620459,76.59881591796875,138300,0.0,0.0
2015-04-17 00:00:00-04:00,76.55410949607926,76.78510201699673,75.3619111222401,75.50348663330078,114100,0.0,0.0
2015-04-20 00:00:00-04:00,75.58543181921222,76.02505254967282,75.22776955447151,75.99524688720703,136200,0.0,0.0
2015-04-21 00:00:00-04:00,75.87604318503878,76.01761300043613,75.20542987445978,75.31719970703125,113100,0.0,0.0
2015-04-22 00:00:00-04:00,75.31719677121538,75.98035721781342,75.1458156099728,75.49602508544922,146400,0.0,0.0
2015-04-23 00:00:00-04:00,75.49603589080924,75.80898690672193,73.87166378483563,75.33210754394531,379000,0.0,0.0
2015-04-24 00:00:00-04:00,75.35445160812274,76.83725371142708,75.13091763055836,76.78509521484375,133500,0.0,0.0
2015-04-27 00:00:00-04:00,76.91178752078191,77.87299925439264,76.59138360957834,77.75377655029297,373000,0.0,0.0
2015-04-28 00:00:00-04:00,77.67179861054713,78.36476482209449,77.00863806974756,78.09651947021484,161700,0.0,0.0
2015-04-29 00:00:00-04:00,77.60473403218168,77.60473403218168,74.59442974081432,74.8254165649414,274200,0.0,0.0
2015-04-30 00:00:00-04:00,77.28433887743232,77.28433887743232,71.26372961892743,71.85237884521484,344900,0.0,0.0
2015-05-01 00:00:00-04:00,71.85238862385395,72.50064928187946,70.02683503788238,70.93588256835938,332000,0.0,0.0
2015-05-04 00:00:00-04:00,70.965681735473,71.99395755974541,70.86881756160204,71.6884536743164,256300,0.0,0.0
2015-05-05 00:00:00-04:00,71.69588889888965,71.69588889888965,70.80173598073432,71.2339096069336,271600,0.0,0.0
2015-05-06 00:00:00-04:00,71.18175607865467,71.55431839933001,70.44408427547546,71.30842590332031,282100,0.0,0.0
2015-05-07 00:00:00-04:00,71.38295306684233,73.03712523060996,70.93587367057201,72.8284912109375,302500,0.0,0.0
2015-05-08 00:00:00-04:00,73.50655114135493,73.75989080493795,72.70181511906148,72.73162078857422,206900,0.0,0.0
2015-05-11 00:00:00-04:00,72.5527959373894,72.68691861420677,71.98649955917712,72.15787506103516,146800,0.0,0.0
2015-05-12 00:00:00-04:00,71.84492581783343,71.9492428262844,70.92097273518871,71.53197479248047,113600,0.0,0.0
2015-05-13 00:00:00-04:00,71.56178542067767,72.21004603368061,71.42020989160955,71.60649108886719,297600,0.0,0.0
2015-05-14 00:00:00-04:00,71.7852951984548,72.37394426513404,71.15194047868698,71.58411407470703,157200,0.0,0.0
2015-05-15 00:00:00-04:00,71.740613305672,72.03121151669143,71.13706404968563,71.3904037475586,92100,0.0,0.0
2015-05-18 00:00:00-04:00,70.9284258692703,71.60648642702137,70.77939751025589,71.42765808105469,143700,0.0,0.0
2015-05-19 00:00:00-04:00,71.53942818892983,73.03712482972254,71.24137715466912,72.4931869506836,130900,0.0,0.0
2015-05-20 00:00:00-04:00,72.03866701173109,73.39479394142738,71.96415566754251,73.11164855957031,112300,0.0,0.0
2015-05-21 00:00:00-04:00,72.94026313331813,73.38733685744576,72.75398194119404,72.96261596679688,137100,0.0,0.0
2015-05-22 00:00:00-04:00,72.89554330106465,73.4469339308457,72.73161497427441,72.97005462646484,186700,0.0,0.0
2015-05-26 00:00:00-04:00,72.79867192406967,73.08182291339946,72.10570581126987,72.6272964477539,125000,0.0,0.0
2015-05-27 00:00:00-04:00,72.64219998823403,73.49164162803206,72.64219998823403,73.22339630126953,103600,0.0,0.0
2015-05-28 00:00:00-04:00,72.92535679554943,73.35752480319664,72.59750010677884,73.29046630859375,159600,0.0,0.0
2015-05-29 00:00:00-04:00,72.98497468192633,73.64068816934972,72.29200836398653,72.72418212890625,114400,0.0,0.0
2015-06-01 00:00:00-04:00,72.70181325067279,73.13398692022567,72.10571124543776,72.91790008544922,138900,0.0,0.0
2015-06-02 00:00:00-04:00,72.75397640800334,73.38733127608623,72.63475941023322,73.09673309326172,164700,0.0,0.0
2015-06-03 00:00:00-04:00,73.39478028524036,74.33363896491112,72.9775122875423,74.19951629638672,187800,0.0,0.0
2015-06-04 00:00:00-04:00,73.80458587264455,74.1995009580946,73.25318963555492,73.46927642822266,296700,0.0,0.0
2015-06-05 00:00:00-04:00,73.63320944603643,73.6928207757299,72.4410112764136,73.64810943603516,263900,0.0,0.0
2015-06-08 00:00:00-04:00,73.6928207757299,74.04303023161738,73.22338866045548,73.64810943603516,207700,0.0,0.0
2015-06-09 00:00:00-04:00,73.3649676538613,73.68537146021627,72.99240535274389,73.56615447998047,107300,0.0,0.0
2015-06-10 00:00:00-04:00,73.93075976523437,74.87801336200357,73.76537137846807,74.23147583007812,110400,0.875,0.0
2015-06-11 00:00:00-04:00,74.29915304545263,74.89306580313072,74.25404189941133,74.49461364746094,105300,0.0,0.0
2015-06-12 00:00:00-04:00,74.44199933186422,74.82541258142604,74.28412463749964,74.32171630859375,130500,0.0,0.0
2015-06-15 00:00:00-04:00,73.65261954879938,74.34426264646837,73.3519034128658,74.1262435913086,110800,0.0,0.0
2015-06-16 00:00:00-04:00,73.91574622149513,74.81037517526815,73.62254955752779,74.48710632324219,103600,0.0,0.0
2015-06-17 00:00:00-04:00,74.66754682202179,75.02840740638237,74.40442229992783,74.77279663085938,69300,0.0,0.0
2015-06-18 00:00:00-04:00,74.85547370626065,75.41931427522485,74.63745466464587,74.80284881591797,107400,0.0,0.0
2015-06-19 00:00:00-04:00,74.93815612786001,75.18624730625432,74.52467083053617,74.73517608642578,101600,0.0,0.0
2015-06-22 00:00:00-04:00,74.85548193139047,75.35166443972734,74.79533755419507,74.93817901611328,77200,0.0,0.0
2015-06-23 00:00:00-04:00,75.38171324104438,75.38171324104438,74.18637413652802,74.57730102539062,96900,0.0,0.0
2015-06-24 00:00:00-04:00,74.42695660729918,74.9907971876575,74.33674004959596,74.38185119628906,88900,0.0,0.0
2015-06-25 00:00:00-04:00,74.59234782936998,74.81788061123686,74.33673712710153,74.55475616455078,89500,0.0,0.0
2015-06-26 00:00:00-04:00,74.78781853466246,74.99079862377813,74.22397794350623,74.36681365966797,337200,0.0,0.0
2015-06-29 00:00:00-04:00,74.03603632611495,74.23901642961417,73.70524798711112,73.82553100585938,170000,0.0,0.0
2015-06-30 00:00:00-04:00,74.4795804225691,74.90809902802256,74.11120618804878,74.49461364746094,134900,0.0,0.0
2015-07-01 00:00:00-04:00,74.87801462515505,75.2539082786304,74.26154926288274,74.50212097167969,85200,0.0,0.0
2015-07-02 00:00:00-04:00,74.7427080380763,75.08852958204875,74.0886566174758,74.29915618896484,46400,0.0,0.0
2015-07-06 00:00:00-04:00,73.81050938681038,75.03592115295334,73.81050938681038,74.77279663085938,68800,0.0,0.0
2015-07-07 00:00:00-04:00,73.67516116683396,74.90057249690607,72.71287426522123,74.62992858886719,231900,0.0,0.0
2015-07-08 00:00:00-04:00,74.2390128592441,74.59987336950104,73.81801371034702,74.1262435913086,147100,0.0,0.0
2015-07-09 00:00:00-04:00,74.71264653756995,75.05846813100564,73.01361076143166,73.21659088134766,184300,0.0,0.0
2015-07-10 00:00:00-04:00,73.76538799404979,74.4495116033777,73.5323299800668,74.27660369873047,100700,0.0,0.0
2015-07-13 00:00:00-04:00,74.47959067832184,74.99080643028144,74.2164661888611,74.81037902832031,129100,0.0,0.0
2015-07-14 00:00:00-04:00,74.8103739256934,75.17122870500265,74.3968885163981,74.41944122314453,60600,0.0,0.0
2015-07-15 00:00:00-04:00,74.3592898410028,74.80284162616107,73.85558795535633,74.0886459350586,96200,0.0,0.0
2015-07-16 00:00:00-04:00,74.29916305986573,74.91562860581334,74.23149919952516,74.83293151855469,83900,0.0,0.0
2015-07-17 00:00:00-04:00,74.87802541156236,75.08101122566168,74.00595499242975,74.50965118408203,82700,0.0,0.0
2015-07-20 00:00:00-04:00,74.63744315266908,75.29901965571679,74.38935196402618,75.1486587524414,178700,0.0,0.0
2015-07-21 00:00:00-04:00,75.17123657564986,75.44940003790788,74.79534279536362,75.24641418457031,196100,0.0,0.0
2015-07-22 00:00:00-04:00,74.99830790153035,76.19364703903945,74.65248640761548,76.09591674804688,127300,0.0,0.0
2015-07-23 00:00:00-04:00,76.45678092084557,76.76501652665975,75.14115289108689,75.18626403808594,179400,0.0,0.0
2015-07-24 00:00:00-04:00,75.4418784699986,75.66741702620673,74.97577386617128,75.32910919189453,221800,0.0,0.0
2015-07-27 00:00:00-04:00,74.9532025089974,76.29138891723994,74.77277513652534,75.22384643554688,188300,0.0,0.0
2015-07-28 00:00:00-04:00,75.38924467976321,75.61478320936992,74.89306794458474,75.52456665039062,210000,0.0,0.0
2015-07-29 00:00:00-04:00,76.60714158104646,78.53923507993267,75.61478238581469,75.6749267578125,302400,0.0,0.0
2015-07-30 00:00:00-04:00,75.68244451099757,78.56179194646054,75.40428681322062,78.3437728881836,219400,0.0,0.0
2015-07-31 00:00:00-04:00,78.47909759870488,78.68208343809968,77.7949739481309,78.19342041015625,153500,0.0,0.0
2015-08-03 00:00:00-04:00,78.60688927511102,78.80235560651091,77.59197742493296,78.38887023925781,181000,0.0,0.0
2015-08-04 00:00:00-04:00,78.26861014758913,79.24593635498704,78.22350472547933,78.83245086669922,173500,0.0,0.0
2015-08-05 00:00:00-04:00,79.10308320327938,79.7571346701386,78.22349318776857,78.32874298095703,128700,0.0,0.0
2015-08-06 00:00:00-04:00,78.34376542672237,78.35880438692753,76.34401389564233,76.80260467529297,164600,0.0,0.0
2015-08-07 00:00:00-04:00,76.62969962459604,77.18602076512117,76.03578681503292,77.09580993652344,120000,0.0,0.0
2015-08-10 00:00:00-04:00,77.39652035269401,78.2836298266422,75.6899652619351,75.98316192626953,171900,0.0,0.0
2015-08-11 00:00:00-04:00,75.58470972685961,76.12599760008686,75.04342185363238,75.92301177978516,151100,0.0,0.0
2015-08-12 00:00:00-04:00,75.32158737464867,75.83280307634546,74.80285219236842,75.63733673095703,143600,0.0,0.0
2015-08-13 00:00:00-04:00,75.67491682768608,76.06584372300804,75.0358929965079,75.51703643798828,105500,0.0,0.0
2015-08-14 00:00:00-04:00,75.42684284876213,76.05082786353934,75.14867940302587,75.90046691894531,119200,0.0,0.0
2015-08-17 00:00:00-04:00,75.58469887018035,77.05068186986713,75.47944910280192,76.87025451660156,65100,0.0,0.0
2015-08-18 00:00:00-04:00,76.74246346065824,77.34388997288555,75.93053164668423,76.08088684082031,132200,0.0,0.0
2015-08-19 00:00:00-04:00,75.87038568033266,76.37408187935459,75.18626210500254,75.91549682617188,68900,0.0,0.0
2015-08-20 00:00:00-04:00,75.17874973540334,75.56967671032673,74.99832234202974,75.11109161376953,136200,0.0,0.0
2015-08-21 00:00:00-04:00,74.01347317718859,74.68256355804547,73.44963258192605,73.65261840820312,196000,0.0,0.0
2015-08-24 00:00:00-04:00,72.26933006954388,72.26933006954388,70.02148705801912,70.92362976074219,213300,0.0,0.0
2015-08-25 00:00:00-04:00,72.32947615015439,72.4647981323197,70.91611768640406,71.79570770263672,251100,0.0,0.0
2015-08-26 00:00:00-04:00,72.9534539298582,73.47218909933166,71.53257612586681,72.60011291503906,237000,0.0,0.0
2015-08-27 00:00:00-04:00,72.96097391689479,74.16383268316564,72.44223874381925,73.40452575683594,107100,0.0,0.0
2015-08-28 00:00:00-04:00,73.23912339633634,73.88566098621838,72.54748040017307,73.06621551513672,191000,0.0,0.0
2015-08-31 00:00:00-04:00,72.53246199124412,73.45715742297068,71.55513592719659,71.79570770263672,101800,0.0,0.0
2015-09-01 00:00:00-04:00,70.72816099829194,71.64534255735437,70.04403170120405,70.38233947753906,131600,0.0,0.0
2015-09-02 00:00:00-04:00,70.88603332822568,71.29951294919782,70.2094235335555,71.15667724609375,110900,0.0,0.0
2015-09-03 00:00:00-04:00,71.5250600153165,71.93102594068124,70.73568087116007,70.8033447265625,70300,0.0,0.0
2015-09-04 00:00:00-04:00,69.82600611758147,70.97624556646662,69.77338123317618,70.00643920898438,133800,0.0,0.0
2015-09-08 00:00:00-04:00,70.78079016459672,71.23938097183853,70.37482424987367,70.86348724365234,149700,0.0,0.0
2015-09-09 00:00:00-04:00,71.428817575765,72.72641893796079,69.7518004074502,70.4043960571289,126800,0.875,0.0
2015-09-10 00:00:00-04:00,69.98702570248865,70.56373342392102,69.40272225625336,69.5924301147461,100100,0.0,0.0
2015-09-11 00:00:00-04:00,69.43308621916297,71.0645751953125,69.29649630977777,71.0645751953125,92100,0.0,0.0
2015-09-14 00:00:00-04:00,71.44398761315784,71.44398761315784,70.51821224738694,70.88245391845703,172100,0.0,0.0
2015-09-15 00:00:00-04:00,70.7838087042625,71.755112198271,70.45751089398537,71.32257843017578,179300,0.0,0.0
2015-09-16 00:00:00-04:00,71.14804204085148,71.15562618735682,70.46509254275928,70.65480041503906,126800,0.0,0.0
2015-09-17 00:00:00-04:00,70.37403895721037,72.05864598750502,70.37403895721037,71.32257843017578,114000,0.0,0.0
2015-09-18 00:00:00-04:00,70.61687149111853,72.23318661073068,70.10086573757997,70.28298950195312,116600,0.0,0.0
2015-09-21 00:00:00-04:00,70.48787437706659,71.29223410622039,70.04016646425119,70.32093048095703,102100,0.0,0.0
2015-09-22 00:00:00-04:00,69.85803173204056,70.53339135894024,69.54691380217992,70.29056549072266,99400,0.0,0.0
2015-09-23 00:00:00-04:00,70.23744035217224,70.62444603030326,70.02496846282182,70.43473815917969,107600,0.0,0.0
2015-09-24 00:00:00-04:00,70.04014544146538,70.49544315547016,69.41790388145981,70.4726791381836,110100,0.0,0.0
2015-09-25 00:00:00-04:00,70.63964856373838,71.1708342904816,69.99464270001822,70.48788452148438,124200,0.0,0.0
2015-09-28 00:00:00-04:00,69.95667138340805,70.73826682999001,67.93058706537182,68.41624450683594,149700,0.0,0.0
2015-09-29 00:00:00-04:00,68.42384721887801,69.28891482064029,67.99131341799686,68.59838104248047,179000,0.0,0.0
2015-09-30 00:00:00-04:00,69.28131696710344,69.76696865484598,68.8336033799948,69.55449676513672,103200,0.0,0.0
2015-10-01 00:00:00-04:00,69.2661348879008,69.70625852508664,68.0368316253519,68.53006744384766,121600,0.0,0.0
2015-10-02 00:00:00-04:00,68.52248582140231,68.84878359348232,67.24005875146058,68.77289581298828,299000,0.0,0.0
2015-10-05 00:00:00-04:00,68.1127065770887,69.56966144337132,66.96686956741767,69.32683563232422,295100,0.0,0.0
2015-10-06 00:00:00-04:00,69.07644156946189,69.41032933549285,68.16584593955581,68.59078979492188,233200,0.0,0.0
2015-10-07 00:00:00-04:00,68.50732096796678,68.50732096796678,67.41460153086045,68.24932098388672,240700,0.0,0.0
2015-10-08 00:00:00-04:00,67.89265219264082,69.75178696866168,67.89265219264082,69.47860717773438,223500,0.0,0.0
2015-10-09 00:00:00-04:00,69.64555021086647,70.4043816680159,69.23578052927485,69.53931427001953,150200,0.0,0.0
2015-10-12 00:00:00-04:00,68.91707986711342,70.30574296743873,68.6590799238006,69.8200912475586,267400,0.0,0.0
2015-10-13 00:00:00-04:00,69.61520012708131,70.16914966893587,68.8791326464276,69.13713836669922,361800,0.0,0.0
2015-10-14 00:00:00-04:00,69.25095121428392,69.55448491476453,66.50397961959882,66.61780548095703,346300,0.0,0.0
2015-10-15 00:00:00-04:00,66.66335767735714,66.80753753997566,65.24434623151512,66.70130157470703,406300,0.0,0.0
2015-10-16 00:00:00-04:00,67.04274624999518,67.611869742422,66.53433065288887,66.73162841796875,280800,0.0,0.0
2015-10-19 00:00:00-04:00,66.65576198648318,68.46937475571134,66.64058790250856,68.10513305664062,203400,0.0,0.0
2015-10-20 00:00:00-04:00,67.83955370407338,67.9230256524633,66.61783422974072,66.8910140991211,170500,0.0,0.0
2015-10-21 00:00:00-04:00,67.08829627158285,67.18694228323928,65.37333544577733,65.4416275024414,167000,0.0,0.0
2015-10-22 00:00:00-04:00,65.93486313813128,66.86822835355927,64.94079580766866,65.89691925048828,142500,0.0,0.0
2015-10-23 00:00:00-04:00,66.44330015990577,66.44330015990577,65.54029439599726,66.09423828125,142600,0.0,0.0
2015-10-26 00:00:00-04:00,65.89692016183214,66.5798696228801,65.68444828271154,66.26116180419922,307600,0.0,0.0
2015-10-27 00:00:00-04:00,66.00318785463676,66.2384238434235,64.32616460025956,64.54622650146484,215200,0.0,0.0
2015-10-28 00:00:00-04:00,64.71316312914162,66.67095020414635,64.59175307387314,66.36741638183594,207700,0.0,0.0
2015-10-29 00:00:00-04:00,64.37928902802214,65.60859866439957,63.863288946684236,64.38687896728516,304400,0.0,0.0
2015-10-30 00:00:00-04:00,64.28063057026365,64.38686654173473,63.27138305186212,63.324501037597656,226500,0.0,0.0
2015-11-02 00:00:00-05:00,63.286548630567275,63.863262195002406,62.65671709239635,63.536964416503906,199900,0.0,0.0
2015-11-03 00:00:00-05:00,63.263789951565904,64.38685743089479,63.03613816524024,64.31856536865234,229900,0.0,0.0
2015-11-04 00:00:00-05:00,64.48551012483077,64.57656620907007,63.612852651176,63.68114471435547,259400,0.0,0.0
2015-11-05 00:00:00-05:00,63.85566617005726,63.85566617005726,62.38353133914539,62.838829040527344,196700,0.0,0.0
2015-11-06 00:00:00-05:00,62.679491831334296,63.79497525999296,62.573255865693085,63.62044143676758,195300,0.0,0.0
2015-11-09 00:00:00-05:00,63.347269058853044,63.40038704308584,61.85236977332511,62.2469596862793,179800,0.0,0.0
2015-11-10 00:00:00-05:00,62.049664665783915,62.983030190655676,62.049664665783915,62.88438415527344,143400,0.0,0.0
2015-11-11 00:00:00-05:00,63.04371933990265,63.665960908029106,62.53530364911907,63.33207321166992,140700,0.0,0.0
2015-11-12 00:00:00-05:00,63.24101988080378,63.514199707498754,62.34560419149019,62.618778228759766,155500,0.0,0.0
2015-11-13 00:00:00-05:00,62.55807674126268,62.80848676043147,61.37429555037418,61.457767486572266,139400,0.0,0.0
2015-11-16 00:00:00-05:00,61.472945561832525,62.46701304093399,61.13146789025911,62.383541107177734,113200,0.0,0.0
2015-11-17 00:00:00-05:00,62.54288789164873,62.945067641378024,61.336348642460855,61.472938537597656,157900,0.0,0.0
2015-11-18 00:00:00-05:00,61.77647934008935,62.59601301512993,61.290821821223254,62.383541107177734,126400,0.0,0.0
2015-11-19 00:00:00-05:00,62.406315865815486,63.31691735727556,61.86754606667909,63.218265533447266,139400,0.0,0.0
2015-11-20 00:00:00-05:00,63.58250944746641,64.12127926490186,62.98303170398644,63.339683532714844,152600,0.0,0.0
2015-11-23 00:00:00-05:00,63.263778188084395,64.15919950401536,62.945064588606066,63.92395782470703,111600,0.0,0.0
2015-11-24 00:00:00-05:00,63.65838140886344,65.13051654115198,63.127201613411685,64.27303314208984,235000,0.0,0.0
2015-11-25 00:00:00-05:00,64.38686105622979,65.57064230658106,64.37927111907814,65.2974624633789,105400,0.0,0.0
2015-11-27 00:00:00-05:00,65.29746470505822,65.44922871674696,64.43998124968157,64.66763305664062,40600,0.0,0.0
2015-11-30 00:00:00-05:00,64.6676245208861,64.83456838536365,64.07573684822943,64.37926483154297,163900,0.0,0.0
2015-12-01 00:00:00-05:00,64.60692732465169,65.03946114098454,64.14403954706769,64.53863525390625,181500,0.0,0.0
2015-12-02 00:00:00-05:00,64.48550326549972,65.03944701711737,63.93155372445717,64.6979751586914,123700,0.0,0.0
2015-12-03 00:00:00-05:00,64.80420254706019,64.88008452897533,63.64319143442849,63.85566329956055,132300,0.0,0.0
2015-12-04 00:00:00-05:00,63.90121027858815,64.70556994635804,63.65838439080333,64.08332824707031,109100,0.0,0.0
2015-12-07 00:00:00-05:00,64.00744120058208,64.32614906767667,63.559733357200436,64.17438507080078,131100,0.0,0.0
2015-12-08 00:00:00-05:00,63.84808897093045,64.5993306175374,63.27896528331976,64.40203857421875,168200,0.0,0.0
2015-12-09 00:00:00-05:00,64.44038446943001,64.92368524591738,63.79598343411353,64.7779312133789,181300,0.92,0.0
2015-12-10 00:00:00-05:00,64.7779376648111,65.06945161179127,63.82667053764654,64.80862426757812,171200,0.0,0.0
2015-12-11 00:00:00-05:00,64.00313324305007,65.10015469498562,63.33571263286633,64.85466766357422,196700,0.0,0.0
2015-12-14 00:00:00-05:00,64.97740185474656,65.65249551430817,64.256287063222,64.67054748535156,197700,0.0,0.0
2015-12-15 00:00:00-05:00,64.86233242198065,65.8289341913766,64.46341238929226,65.29960632324219,120200,0.0,0.0
2015-12-16 00:00:00-05:00,65.62946810744847,66.26619605653184,64.84697441392474,66.1434555053711,161200,0.0,0.0
2015-12-17 00:00:00-05:00,66.13580004738064,66.57307398595273,64.5784912109375,64.5784912109375,109300,0.0,0.0
2015-12-18 00:00:00-05:00,64.40969819392137,65.06177234566536,64.0951707878253,64.47874450683594,252300,0.0,0.0
2015-12-21 00:00:00-05:00,64.78561731931683,65.43002439495706,64.35601650413808,64.60917663574219,171500,0.0,0.0
2015-12-22 00:00:00-05:00,64.67053357002314,65.68316798860243,64.01845354318873,65.50672149658203,126600,0.0,0.0
2015-12-23 00:00:00-05:00,65.76756236054545,66.07441669975907,65.08479565304249,65.43001556396484,109700,0.0,0.0
2015-12-24 00:00:00-05:00,65.04643585856698,66.41195744337284,64.7242353200361,65.96701049804688,81800,0.0,0.0
2015-12-28 00:00:00-05:00,65.9209871150691,66.71114813005138,64.63985215188671,65.64481353759766,79900,0.0,0.0
2015-12-29 00:00:00-05:00,65.69084460704694,66.12045122812867,65.3379574256069,65.73687744140625,90900,0.0,0.0
2015-12-30 00:00:00-05:00,65.75989371622194,65.86729391282148,65.10014630689798,65.29960632324219,84000,0.0,0.0
2015-12-31 00:00:00-05:00,65.23823056022897,65.77523152223792,64.86232988682269,64.95438385009766,191400,0.0,0.0
2016-01-04 00:00:00-05:00,64.40969409457792,64.6705272503971,63.358700064345726,64.30996704101562,157200,0.0,0.0
2016-01-05 00:00:00-05:00,64.48642406996325,64.93137107359213,63.89572300525507,64.50943756103516,107100,0.0,0.0
2016-01-06 00:00:00-05:00,63.65789322279632,64.44038098810329,63.54281994331497,64.1642074584961,139000,0.0,0.0
2016-01-07 00:00:00-05:00,63.58887238409564,64.7626074286236,63.57353200535969,64.4404067993164,313400,0.0,0.0
2016-01-08 00:00:00-05:00,64.44038216696528,65.05410243351305,63.99543526636167,64.1335220336914,272200,0.0,0.0
2016-01-11 00:00:00-05:00,64.35600160013163,64.78560231582047,63.7576275024591,64.54011535644531,169300,0.0,0.0
2016-01-12 00:00:00-05:00,64.67820336735261,65.44535086160325,63.78831531751474,64.27928924560547,213500,0.0,0.0
2016-01-13 00:00:00-05:00,64.27927367652602,64.5631202876818,63.611853411150264,63.95707321166992,254800,0.0,0.0
2016-01-14 00:00:00-05:00,64.12585603304089,64.29462941770376,62.530193698207675,63.719268798828125,203600,0.0,0.0
2016-01-15 00:00:00-05:00,62.69895961476839,63.26664705230432,60.842458457476525,63.09787368774414,229800,0.0,0.0
2016-01-19 00:00:00-05:00,63.32034240740893,63.757616158899744,61.93180758919365,62.591548919677734,139000,0.0,0.0
2016-01-20 00:00:00-05:00,61.93182900653143,62.69897661499505,59.3465394589752,61.908809661865234,166400,0.0,0.0
2016-01-21 00:00:00-05:00,62.03153432269546,62.37674828422516,60.52792624004412,61.026573181152344,219300,0.0,0.0
2016-01-22 00:00:00-05:00,61.2950879336164,62.883083063700525,61.2950879336164,62.79102325439453,118600,0.0,0.0
2016-01-25 00:00:00-05:00,63.059533992193906,63.604213969931436,61.83977204767936,62.108272552490234,166800,0.0,0.0
2016-01-26 00:00:00-05:00,62.21565323618744,64.21790842700211,61.61727919808103,64.20256805419922,159200,0.0,0.0
2016-01-27 00:00:00-05:00,63.957083582596326,64.35599767240822,62.3000423182921,62.814029693603516,136900,0.0,0.0
2016-01-28 00:00:00-05:00,63.151588563387456,64.96973043536389,63.02117487945205,64.7319107055664,183700,0.0,0.0
2016-01-29 00:00:00-05:00,64.73958428588222,65.32261808979024,64.31765077261885,65.14617156982422,163700,0.0,0.0
2016-02-01 00:00:00-05:00,65.0080864941924,66.55772793593384,64.89301318271706,66.1664810180664,136400,0.0,0.0
2016-02-02 00:00:00-05:00,65.90565476834723,66.02839534391376,64.7626006017843,65.42234802246094,98100,0.0,0.0
2016-02-03 00:00:00-05:00,65.66781827820463,65.68316450428136,64.1105099450258,64.89299774169922,90100,0.0,0.0
2016-02-04 00:00:00-05:00,64.5938195023193,65.37631325831595,64.01845885644518,64.78560638427734,72800,0.0,0.0
2016-02-05 00:00:00-05:00,64.71656532731872,64.8699924903407,61.38714204332732,62.09292221069336,281400,0.0,0.0
2016-02-08 00:00:00-05:00,61.693999983518026,63.765301726379064,60.857812025510505,63.17459487915039,175800,0.0,0.0
2016-02-09 00:00:00-05:00,62.59156060234367,63.903387954537415,62.06990593037813,62.99815368652344,118900,0.0,0.0
2016-02-10 00:00:00-05:00,63.37406722154191,64.43272886126468,62.929120184157775,63.21296691894531,79900,0.0,0.0
2016-02-11 00:00:00-05:00,62.7143141909091,62.83706061215954,61.83976642455,62.3460807800293,117000,0.0,0.0
2016-02-12 00:00:00-05:00,62.84471772717732,63.7576250660007,62.12360310380955,63.189937591552734,117000,0.0,0.0
2016-02-16 00:00:00-05:00,63.588863335545824,64.88534463696494,63.21296265484391,64.69355773925781,116200,0.0,0.0
2016-02-17 00:00:00-05:00,64.69355128797623,65.62947219191587,64.15654451622396,64.6628646850586,180800,0.0,0.0
2016-02-18 00:00:00-05:00,64.30230893100784,65.37631669703873,63.489134381652434,65.24590301513672,238900,0.0,0.0
2016-02-19 00:00:00-05:00,65.07711960937186,66.7034684580641,64.57079948282919,65.61412048339844,192400,0.0,0.0
2016-02-22 00:00:00-05:00,65.61414103772717,67.42461005569484,64.23327870643018,65.59880065917969,199500,0.0,0.0
2016-02-23 00:00:00-05:00,65.59878991838663,67.25582561520336,64.24860856525605,66.25853729248047,336600,0.0,0.0
2016-02-24 00:00:00-05:00,66.68813906600106,72.1962588999427,66.54237915353242,71.97378540039062,697500,0.0,0.0
2016-02-25 00:00:00-05:00,72.21157809670224,75.80950104850636,71.32936332468708,74.38260650634766,479100,0.0,0.0
2016-02-26 00:00:00-05:00,73.94534142893805,73.94534142893805,69.53424363965789,69.73370361328125,513900,0.0,0.0
2016-02-29 00:00:00-05:00,69.72604298970843,70.95347794558039,68.81313549774514,70.17098999023438,446700,0.0,0.0
2016-03-01 00:00:00-05:00,70.53921305152113,70.76935965169952,70.01755249693848,70.45482635498047,230300,0.0,0.0
2016-03-02 00:00:00-05:00,70.19399368347534,71.62088844953301,70.19399368347534,70.94580078125,288500,0.0,0.0
2016-03-03 00:00:00-05:00,71.2986910764099,71.38307777029466,69.5189090967083,71.30635833740234,261300,0.0,0.0
2016-03-04 00:00:00-05:00,71.36774246663423,72.72559703762607,71.24500189038672,71.9968032836914,276100,0.0,0.0
2016-03-07 00:00:00-05:00,71.94309763920522,72.68723171299025,70.97649006944219,71.9277572631836,214200,0.0,0.0
2016-03-08 00:00:00-05:00,71.78199800960468,72.48777237048378,71.58253800227051,71.63623809814453,130600,0.0,0.0
2016-03-09 00:00:00-05:00,72.318983845374,72.45707061344145,71.40608240641672,72.04281616210938,141600,0.0,0.0
2016-03-10 00:00:00-05:00,72.17323692418489,72.95572478503871,71.2143025661984,71.70527648925781,134000,0.0,0.0
2016-03-11 00:00:00-05:00,71.95077680185545,72.52613752341034,71.65158969487666,72.25763702392578,133900,0.0,0.0
2016-03-14 00:00:00-04:00,72.55681953069046,73.04012039912067,71.25266513279496,71.8280258178711,188300,0.0,0.0
2016-03-15 00:00:00-04:00,71.61321498066594,72.34200858712514,71.26800096114944,71.32170104980469,201900,0.0,0.0
2016-03-16 00:00:00-04:00,71.12026310084809,73.22001085080316,70.49266489947921,72.68538665771484,199000,0.92,0.0
2016-03-17 00:00:00-04:00,72.45294452894586,72.97206910450056,71.98805676111526,72.27473449707031,230300,0.0,0.0
2016-03-18 00:00:00-04:00,72.66987827253152,73.80110713180186,72.5614046772157,72.73960876464844,231000,0.0,0.0
2016-03-21 00:00:00-04:00,72.40644236304311,72.93331667563226,71.98804756341075,72.25923156738281,112700,0.0,0.0
2016-03-22 00:00:00-04:00,72.3289568051032,73.04953476976637,71.53089854656209,72.6233901977539,134000,0.0,0.0
2016-03-23 00:00:00-04:00,72.77060723260513,73.40595515515908,71.12800358039486,72.07327270507812,288600,0.0,0.0
2016-03-24 00:00:00-04:00,71.9648092600059,71.9648092600059,70.50815930573836,71.28297424316406,133500,0.0,0.0
2016-03-28 00:00:00-04:00,71.21325403350274,72.27474686798897,70.73286657474326,70.94981384277344,189200,0.0,0.0
2016-03-29 00:00:00-04:00,71.2287239490096,72.8325903293828,70.84131655364055,72.74736022949219,136900,0.0,0.0
2016-03-30 00:00:00-04:00,72.8325969735386,73.70039174642227,72.75511666967019,73.09603118896484,85000,0.0,0.0
2016-03-31 00:00:00-04:00,72.9952923265903,73.41369297480814,71.36043283334484,72.39093780517578,180000,0.0,0.0
2016-04-01 00:00:00-04:00,72.03454114528628,73.01855345289256,72.00354784037535,72.45294189453125,108800,0.0,0.0
2016-04-04 00:00:00-04:00,72.32121711017726,72.74736765311755,71.42243493511455,72.14301300048828,86400,0.0,0.0
2016-04-05 00:00:00-04:00,71.8020867531318,73.06503867194334,71.27521244786448,71.30620574951172,127000,0.0,0.0
2016-04-06 00:00:00-04:00,71.5618945774105,72.16624916863704,71.26746708489102,71.59288787841797,106600,0.0,0.0
2016-04-07 00:00:00-04:00,71.43018984392057,72.623405538061,70.34544776639576,71.01953887939453,220000,0.0,0.0
2016-04-08 00:00:00-04:00,71.35270967586871,71.98806364333316,70.79484784796036,71.31397247314453,154400,0.0,0.0
2016-04-11 00:00:00-04:00,71.46890711315855,72.53815519500581,70.97302617223727,71.74784088134766,148200,0.0,0.0
2016-04-12 00:00:00-04:00,72.3289661379359,72.45293935323126,70.95754643409839,71.48442077636719,389600,0.0,0.0
2016-04-13 00:00:00-04:00,71.92607719327293,72.49168882759446,70.9808019563309,72.06554412841797,307300,0.0,0.0
2016-04-14 00:00:00-04:00,72.25924271950372,72.59241337905152,69.83406818208522,71.28297424316406,279500,0.0,0.0
2016-04-15 00:00:00-04:00,71.36045249039307,71.93381387231922,71.12801156271047,71.67037963867188,141800,0.0,0.0
2016-04-18 00:00:00-04:00,71.65487595951724,71.89506665807352,70.75608794585092,71.30620574951172,208600,0.0,0.0
2016-04-19 00:00:00-04:00,70.8335891038074,70.8335891038074,68.63311724115539,69.48541259765625,324900,0.0,0.0
2016-04-20 00:00:00-04:00,70.33767110692624,71.79432639338607,69.91927049771117,70.50038146972656,279800,0.0,0.0
2016-04-21 00:00:00-04:00,70.58563674717696,70.73285347094,68.91978351717196,69.11348724365234,175200,0.0,0.0
2016-04-22 00:00:00-04:00,69.11348930156741,69.57063318358465,68.5168844072456,68.57112121582031,356000,0.0,0.0
2016-04-25 00:00:00-04:00,68.36968613852268,69.12125776838427,68.32319912186992,68.89656066894531,235400,0.0,0.0
2016-04-26 00:00:00-04:00,68.79580857909318,69.71784010655678,67.84278374946456,68.9585189819336,387500,0.0,0.0
2016-04-27 00:00:00-04:00,68.68733039208212,69.51638195770859,67.78079853189915,68.53236389160156,240400,0.0,0.0
2016-04-28 00:00:00-04:00,68.33867046412014,68.91203773496771,67.55611168677986,68.19145965576172,311400,0.0,0.0
2016-04-29 00:00:00-04:00,68.24568751775848,68.50912170656983,66.23891415551296,66.63407135009766,266200,0.0,0.0
2016-05-02 00:00:00-04:00,66.99049663771112,67.60260112806299,66.40163564891955,67.40889739990234,390500,0.0,0.0
2016-05-03 00:00:00-04:00,67.19193438442896,68.50137317079954,66.11494238178865,66.35513305664062,546800,0.0,0.0
2016-05-04 00:00:00-04:00,66.31640360288534,67.05248129526463,66.11495598765474,66.33965301513672,651500,0.0,0.0
2016-05-05 00:00:00-04:00,65.08445559212804,66.31640852123624,62.94596468177482,64.47235107421875,442700,0.0,0.0
2016-05-06 00:00:00-04:00,64.17016991253648,64.65830117244022,63.13966467470444,64.39486694335938,305100,0.0,0.0
2016-05-09 00:00:00-04:00,64.2089107085206,65.9135010660312,64.04620029441564,65.47960662841797,307600,0.0,0.0
2016-05-10 00:00:00-04:00,65.56482701046046,65.87474818485202,65.03795273808034,65.71978759765625,268900,0.0,0.0
2016-05-11 00:00:00-04:00,65.47185692463816,65.75079075249283,64.02295098058018,64.33287811279297,284700,0.0,0.0
2016-05-12 00:00:00-04:00,64.58858210471381,65.03797624592868,63.759530249685504,64.17018127441406,267500,0.0,0.0
2016-05-13 00:00:00-04:00,63.84475319110232,65.03796892587431,63.31012898288547,63.46509552001953,176600,0.0,0.0
2016-05-16 00:00:00-04:00,63.32561564773915,64.13141783064447,62.930458448033534,63.7595100402832,180500,0.0,0.0
2016-05-17 00:00:00-04:00,63.73627775999777,64.36387596129556,62.41134493983086,63.08543014526367,242100,0.0,0.0
2016-05-18 00:00:00-04:00,62.79874288914785,63.4883275990502,62.05491546748197,62.395835876464844,130300,0.0,0.0
2016-05-19 00:00:00-04:00,62.29510359537446,62.86846482309832,62.039413323458255,62.73674774169922,351600,0.0,0.0
2016-05-20 00:00:00-04:00,62.89172793463995,63.387609028641315,62.54306357245331,62.72126770019531,218900,0.0,0.0
2016-05-23 00:00:00-04:00,62.73675941969016,63.65879098384752,62.73675941969016,63.41859436035156,261400,0.0,0.0
2016-05-24 00:00:00-04:00,63.573556425922405,64.759022118908,63.44183341786019,64.44134521484375,184300,0.0,0.0
2016-05-25 00:00:00-04:00,64.44911127454945,64.71254553438665,63.65880258366858,63.86800003051758,190400,0.0,0.0
2016-05-26 00:00:00-04:00,63.99970903920397,64.27864287385356,63.62780120058354,64.0384521484375,145400,0.0,0.0
2016-05-27 00:00:00-04:00,64.11592267316597,65.37886862914928,64.11592267316597,65.27814483642578,197100,0.0,0.0
2016-05-31 00:00:00-04:00,65.25490888481862,65.52609290533111,64.84425795213279,65.13093566894531,165200,0.0,0.0
2016-06-01 00:00:00-04:00,65.15417731253716,65.85151185353351,65.0999405099801,65.81277465820312,147000,0.0,0.0
2016-06-02 00:00:00-04:00,65.61907026927076,66.10720148723928,65.27814985022528,65.45635986328125,280100,0.0,0.0
2016-06-03 00:00:00-04:00,65.08445096316015,65.51834541127663,64.51108959795359,65.34014129638672,319600,0.0,0.0
2016-06-06 00:00:00-04:00,65.5338463887931,66.64183194455728,65.45636608020602,66.20018768310547,160100,0.0,0.0
2016-06-07 00:00:00-04:00,65.9832494633099,66.07622348176083,65.09221101448212,65.16194152832031,166800,0.0,0.0
2016-06-08 00:00:00-04:00,64.8907429064086,65.44086073392265,64.68928939265042,65.3633804321289,223800,0.0,0.0
2016-06-09 00:00:00-04:00,65.48735608574977,66.20793421594185,65.40987577407329,66.02198028564453,122700,0.0,0.0
2016-06-10 00:00:00-04:00,65.96774562729088,66.23892968268527,65.44087121479505,65.93675231933594,150800,0.0,0.0
2016-06-13 00:00:00-04:00,65.82827575801079,66.22343302758155,64.89075040186748,65.06121063232422,160300,0.0,0.0
2016-06-14 00:00:00-04:00,64.88299366154523,65.99872893336084,64.52657954113039,65.41761779785156,207300,0.0,0.0
2016-06-15 00:00:00-04:00,65.41762669420868,65.58996482569081,64.57160639956489,64.64210510253906,111100,0.92,0.0
2016-06-16 00:00:00-04:00,64.47758115816897,64.70475353238204,63.80389921436203,64.58724975585938,154700,0.0,0.0
2016-06-17 00:00:00-04:00,64.74393708352964,65.49595304454427,64.18775879912793,64.43843078613281,194000,0.0,0.0
2016-06-20 00:00:00-04:00,65.11212163896643,65.43329236408073,64.13293312405682,64.14076232910156,135300,0.0,0.0
2016-06-21 00:00:00-04:00,64.30525532428275,64.64993154063283,63.64724361287783,63.75691223144531,112000,0.0,0.0
2016-06-22 00:00:00-04:00,63.63158417837704,64.75177599215874,63.58457906926929,64.32876586914062,158500,0.0,0.0
2016-06-23 00:00:00-04:00,65.01811981201172,65.46462955238391,64.67344352944632,65.01811981201172,119700,0.0,0.0
2016-06-24 00:00:00-04:00,63.451404670827735,65.51161479440538,63.451404670827735,65.2217788696289,515900,0.0,0.0
2016-06-27 00:00:00-04:00,64.60292436647653,64.60292436647653,63.138056605904524,64.22691345214844,313900,0.0,0.0
2016-06-28 00:00:00-04:00,64.36010575411797,65.04161713741865,63.74908709887635,64.63427734375,252800,0.0,0.0
2016-06-29 00:00:00-04:00,65.28444736442594,66.00513458251953,65.13561478883999,66.00513458251953,286500,0.0,0.0
2016-06-30 00:00:00-04:00,66.14613160102728,66.57697087785994,65.45677919570902,66.41246795654297,268000,0.0,0.0
2016-07-01 00:00:00-04:00,66.21664203666991,66.73365643236266,65.63696411923536,65.83280181884766,125600,0.0,0.0
2016-07-05 00:00:00-04:00,65.67612375767047,66.3733114208508,65.5272911797597,65.98163604736328,205500,0.0,0.0
2016-07-06 00:00:00-04:00,65.98164100379529,66.56131892668353,65.61346516882156,65.79363250732422,139800,0.0,0.0
2016-07-07 00:00:00-04:00,65.7858068191992,66.1461474919604,65.32362671128215,65.67613220214844,116000,0.0,0.0
2016-07-08 00:00:00-04:00,65.72311462160422,66.5377999390615,65.57427609946097,65.68394470214844,211900,0.0,0.0
2016-07-11 00:00:00-04:00,66.24796216873348,67.10964666160571,65.67611358238254,66.49079895019531,225900,0.0,0.0
2016-07-12 00:00:00-04:00,66.90599369518361,67.10966059706041,66.52214750585503,66.77281951904297,134900,0.0,0.0
2016-07-13 00:00:00-04:00,66.78849258530404,67.20366756365708,66.31848328861179,66.47515106201172,136100,0.0,0.0
2016-07-14 00:00:00-04:00,66.75715767641694,66.75715767641694,65.63696576744577,65.77013397216797,168500,0.0,0.0
2016-07-15 00:00:00-04:00,65.87978970133913,65.87978970133913,64.93977129436175,64.97893524169922,189100,0.0,0.0
2016-07-18 00:00:00-04:00,64.91627312182962,65.05727648354708,64.08591733549726,64.48542785644531,206200,0.0,0.0
2016-07-19 00:00:00-04:00,64.60293535853792,64.68910441655605,63.952752821307236,64.16426086425781,275400,0.0,0.0
2016-07-20 00:00:00-04:00,64.4775945128565,64.6891025497032,64.10158952189369,64.2190933227539,246200,0.0,0.0
2016-07-21 00:00:00-04:00,64.0545976862998,65.0494566330045,64.0545976862998,64.97112274169922,245400,0.0,0.0
2016-07-22 00:00:00-04:00,64.97895394716897,65.6213014380305,64.92411962391833,65.34712982177734,299600,0.0,0.0
2016-07-25 00:00:00-04:00,65.30014023285057,65.79364921429598,65.21397114421018,65.78582000732422,204300,0.0,0.0
2016-07-26 00:00:00-04:00,65.51161596920704,65.51161596920704,63.18506944314145,63.43574142456055,214100,0.0,0.0
2016-07-27 00:00:00-04:00,63.615903671248816,63.615903671248816,62.67588530989209,62.863887786865234,185800,0.0,0.0
2016-07-28 00:00:00-04:00,62.94222619062991,63.96058446923776,62.73855333961006,63.79608154296875,158500,0.0,0.0
2016-07-29 00:00:00-04:00,63.56107579247673,64.26609262301706,63.26340467580041,63.741249084472656,156100,0.0,0.0
2016-08-01 00:00:00-04:00,63.76475359576257,64.62643824371368,63.459247274911654,64.25042724609375,188100,0.0,0.0
2016-08-02 00:00:00-04:00,63.92925497288771,63.92925497288771,62.67589497235679,62.816898345947266,239800,0.0,0.0
2016-08-03 00:00:00-04:00,62.03354870706306,62.03354870706306,59.03331385657589,59.84016418457031,440600,0.0,0.0
2016-08-04 00:00:00-04:00,59.85583245836852,60.14566840501658,59.12731603663149,59.189979553222656,204800,0.0,0.0
2016-08-05 00:00:00-04:00,59.44065032497168,59.73049224214269,59.22131308019002,59.479820251464844,277700,0.0,0.0
2016-08-08 00:00:00-04:00,59.58165585204825,59.76182915335655,58.978478407044086,59.05681228637695,121200,0.0,0.0
2016-08-09 00:00:00-04:00,58.85312766142026,60.051659084092584,58.79046415636783,59.3153076171875,224800,0.0,0.0
2016-08-10 00:00:00-04:00,59.17430346976069,59.57381393856881,58.915796344267754,58.97063064575195,96800,0.0,0.0
2016-08-11 00:00:00-04:00,59.22131243335547,59.54248909291468,58.806137513626055,59.03330993652344,125000,0.0,0.0
2016-08-12 00:00:00-04:00,59.04114002251937,59.7618211785994,59.03330484268406,59.42498016357422,121300,0.0,0.0
2016-08-15 00:00:00-04:00,59.54248974325722,59.82449647983127,59.26048300668318,59.479820251464844,125800,0.0,0.0
2016-08-16 00:00:00-04:00,59.46416746059906,59.46416746059906,58.884483513235004,59.10382080078125,113100,0.0,0.0
2016-08-17 00:00:00-04:00,59.00980618325012,59.354476406897234,58.821797723270386,59.291812896728516,144100,0.0,0.0
2016-08-18 00:00:00-04:00,59.495471822920685,59.78531367766988,59.088132166980294,59.76181411743164,127000,0.0,0.0
2016-08-19 00:00:00-04:00,59.74615197127944,59.74615197127944,59.23697882549447,59.51115036010742,133400,0.0,0.0
2016-08-22 00:00:00-04:00,59.534656630148305,59.85583330436916,59.330983762995864,59.644325256347656,112900,0.0,0.0
2016-08-23 00:00:00-04:00,59.85584091186231,60.208346401378,59.667832406060796,60.13001251220703,142100,0.0,0.0
2016-08-24 00:00:00-04:00,60.20050430297852,60.545180547521554,60.02033697623427,60.200504302978516,124400,0.0,0.0
2016-08-25 00:00:00-04:00,60.18483080581172,60.59217050692691,60.12999650034446,60.58433532714844,126000,0.0,0.0
2016-08-26 00:00:00-04:00,60.49034623375261,60.976019876708385,59.761829792826994,60.200504302978516,169600,0.0,0.0
2016-08-29 00:00:00-04:00,60.16134024540753,60.48251094649203,59.81666400147025,59.87933349609375,107900,0.0,0.0
2016-08-30 00:00:00-04:00,60.0203345153944,60.31800563843668,59.628659154105854,60.29450607299805,111100,0.0,0.0
2016-08-31 00:00:00-04:00,60.20834071351637,61.446036365568034,59.94199834370516,61.09352493286133,323200,0.0,0.0
2016-09-01 00:00:00-04:00,61.26586969860963,61.3207040194413,60.349350631926164,60.9055290222168,357800,0.0,0.0
2016-09-02 00:00:00-04:00,61.19537560479016,61.7280544658188,61.015202264761314,61.68104934692383,217600,0.0,0.0
2016-09-06 00:00:00-04:00,61.986537246650144,62.04137155526991,60.92117984218767,61.32852554321289,186100,0.0,0.0
2016-09-07 00:00:00-04:00,62.63674073705033,64.78312064923234,62.221565693154936,64.7752914428711,397700,0.0,0.0
2016-09-08 00:00:00-04:00,64.80661721496968,64.80661721496968,62.495728665618635,62.5818977355957,254000,0.0,0.0
2016-09-09 00:00:00-04:00,62.401724214004275,62.401724214004275,61.51653403303415,61.60270309448242,192000,0.0,0.0
2016-09-12 00:00:00-04:00,61.42252937856289,62.48005159594531,60.96034937191211,62.38604736328125,238400,0.0,0.0
2016-09-13 00:00:00-04:00,62.16671170761466,62.16671170761466,61.34419108628506,61.626197814941406,236300,0.0,0.0
2016-09-14 00:00:00-04:00,61.50730541952013,61.71338829474323,60.70675759620784,60.81772994995117,199100,0.92,0.0
2016-09-15 00:00:00-04:00,60.96039900645383,61.21403713087948,60.61957220983093,60.98417663574219,125600,0.0,0.0
2016-09-16 00:00:00-04:00,61.01589494799564,61.30916050030937,60.476913064702785,61.16648864746094,268500,0.0,0.0
2016-09-19 00:00:00-04:00,61.20611438750041,61.74509620314645,61.20611438750041,61.72924041748047,172800,0.0,0.0
2016-09-20 00:00:00-04:00,62.006674367968984,62.0225241095242,61.53902535473373,61.705474853515625,198400,0.0,0.0
2016-09-21 00:00:00-04:00,61.760946267460255,62.46637755305873,61.642052063179634,62.42675018310547,165200,0.0,0.0
2016-09-22 00:00:00-04:00,62.52978903685417,63.52849189366792,62.52978903685417,63.3541145324707,149500,0.0,0.0
2016-09-23 00:00:00-04:00,63.09254198671628,63.77419557537618,63.04498672845949,63.60774612426758,102100,0.0,0.0
2016-09-26 00:00:00-04:00,63.18767329852857,63.702877556329256,62.458464281413505,63.330345153808594,131100,0.0,0.0
2016-09-27 00:00:00-04:00,63.33826834558905,63.702872827078636,62.70416991426145,63.480934143066406,195200,0.0,0.0
2016-09-28 00:00:00-04:00,63.21937171856172,63.845542232592344,62.94987777901953,63.04499435424805,239600,0.0,0.0
2016-09-29 00:00:00-04:00,62.89438153440299,62.94194283572563,61.86397939628878,61.951168060302734,128700,0.0,0.0
2016-09-30 00:00:00-04:00,63.0925376687722,63.0925376687722,61.919463699182394,62.7675666809082,189800,0.0,0.0
2016-10-03 00:00:00-04:00,62.506001469550675,62.69622853915963,62.30784650827191,62.49807357788086,104100,0.0,0.0
2016-10-04 00:00:00-04:00,62.830979219681474,63.29070023062669,62.26029794947139,62.593196868896484,99500,0.0,0.0
2016-10-05 00:00:00-04:00,62.52978584882519,63.08461738142828,61.85606011717569,62.03043746948242,128900,0.0,0.0
2016-10-06 00:00:00-04:00,61.80056835933148,62.17310064244397,61.467669486119625,61.951168060302734,185800,0.0,0.0
2016-10-07 00:00:00-04:00,61.99872818365799,62.39503812495244,61.665829284301,62.11762237548828,169300,0.0,0.0
2016-10-10 00:00:00-04:00,62.26030491665153,62.75965335166827,61.93532780617257,62.616981506347656,88300,0.0,0.0
2016-10-11 00:00:00-04:00,62.72000476825708,62.72000476825708,62.14932357215683,62.315773010253906,116400,0.0,0.0
2016-10-12 00:00:00-04:00,62.537719027883085,62.69624060853859,62.22859771255738,62.38711929321289,85100,0.0,0.0
2016-10-13 00:00:00-04:00,61.848145237180425,62.30786634503745,61.70547337774933,62.085933685302734,137200,0.0,0.0
2016-10-14 00:00:00-04:00,62.16516759207825,62.86267079909642,61.81641296496475,62.29991149902344,81200,0.0,0.0
2016-10-17 00:00:00-04:00,62.4188259263042,62.45053145244,61.93532723535216,61.99081039428711,104600,0.0,0.0
2016-10-18 00:00:00-04:00,62.65659773526459,62.75170824124256,62.03834921036186,62.12553787231445,94600,0.0,0.0
2016-10-19 00:00:00-04:00,62.31579098538824,63.29863816169859,62.12555781793892,62.79928970336914,110700,0.0,0.0
2016-10-20 00:00:00-04:00,62.58527100511798,62.87061467307771,61.84813420409041,62.83890914916992,128400,0.0,0.0
2016-10-21 00:00:00-04:00,62.87854054659843,63.40166655625155,62.648680041056394,63.24314498901367,143200,0.0,0.0
2016-10-24 00:00:00-04:00,63.67909184440707,64.0437023885524,63.39375419015461,63.87724685668945,120400,0.0,0.0
2016-10-25 00:00:00-04:00,63.457142362110076,63.457142362110076,62.173102093409675,62.22065734863281,119500,0.0,0.0
2016-10-26 00:00:00-04:00,61.943251193498526,62.35541091265825,61.6816851549033,61.72924041748047,120800,0.0,0.0
2016-10-27 00:00:00-04:00,62.149335411790375,62.307856988593265,61.539014641957124,61.85606384277344,152600,0.0,0.0
2016-10-28 00:00:00-04:00,61.895683110294705,62.6962308769298,61.84019996095621,62.14139938354492,107400,0.0,0.0
2016-10-31 00:00:00-04:00,62.220664905122064,63.55226663797359,62.13347622848457,62.69623565673828,218800,0.0,0.0
2016-11-01 00:00:00-04:00,61.9432491065569,62.79135219480173,60.96040208074284,61.396339416503906,301700,0.0,0.0
2016-11-02 00:00:00-04:00,61.19026114722828,62.284080609687074,60.524463254610446,61.071372985839844,166800,0.0,0.0
2016-11-03 00:00:00-04:00,61.079296737023284,61.90362228255643,60.69884251429158,61.055519104003906,144900,0.0,0.0
2016-11-04 00:00:00-04:00,60.81773025060772,62.133476197666994,60.73846341936916,61.396339416503906,146400,0.0,0.0
2016-11-07 00:00:00-05:00,62.03835118506535,62.672449465411596,61.5944860171486,61.753013610839844,128900,0.0,0.0
2016-11-08 00:00:00-05:00,61.56278681798076,62.133474119432954,61.08721608250726,61.71338653564453,132800,0.0,0.0
2016-11-09 00:00:00-05:00,61.103064827716445,63.9168678749937,60.78602170735554,63.885162353515625,237800,0.0,0.0
2016-11-10 00:00:00-05:00,64.03577392448103,65.77953559815009,64.03577392448103,64.89972686767578,229000,0.0,0.0
2016-11-11 00:00:00-05:00,64.86008578906645,66.26302030631926,64.34488166114072,65.37528991699219,214600,0.0,0.0
2016-11-14 00:00:00-05:00,65.79536913065516,67.64216860813168,65.51795341920666,67.54705810546875,234700,0.0,0.0
2016-11-15 00:00:00-05:00,67.87998300438234,68.173254610274,66.63556972365976,68.04643249511719,176400,0.0,0.0
2016-11-16 00:00:00-05:00,67.9354640483616,68.18910222355036,67.08736083314808,67.45196533203125,141500,0.0,0.0
2016-11-17 00:00:00-05:00,67.45196649617968,68.03850365257465,66.58801352576081,67.1428451538086,192700,0.0,0.0
2016-11-18 00:00:00-05:00,65.85879540571601,67.33306914564382,65.84294566588504,67.29344177246094,158300,0.0,0.0
2016-11-21 00:00:00-05:00,67.30137293649172,68.60126936539274,67.30137293649172,68.49030303955078,122600,0.0,0.0
2016-11-22 00:00:00-05:00,68.29213375023562,69.35424151767408,67.5787746280404,69.04512023925781,163100,0.0,0.0
2016-11-23 00:00:00-05:00,69.0926742553711,69.75055021440551,68.6805145739674,69.0926742553711,159000,0.0,0.0
2016-11-25 00:00:00-05:00,69.43352510440138,69.62375225039806,68.91832078874897,69.52071380615234,48200,0.0,0.0
2016-11-28 00:00:00-05:00,69.22742610741375,69.3700979456133,68.29214033691851,68.31591796875,130400,0.0,0.0
2016-11-29 00:00:00-05:00,68.44273164865479,68.60125926738769,67.36476803011233,67.37269592285156,167400,0.0,0.0
2016-11-30 00:00:00-05:00,67.34098272681928,67.34098272681928,66.09656978579333,66.2471694946289,208700,0.0,0.0
2016-12-01 00:00:00-05:00,66.2551000932818,68.62503814697266,66.24717824760876,68.62503814697266,315400,0.0,0.0
2016-12-02 00:00:00-05:00,68.63294458155676,69.14022680961435,67.47572041604553,67.49950408935547,200800,0.0,0.0
2016-12-05 00:00:00-05:00,67.7293822504297,68.1811754463588,66.61971899531346,66.96846771240234,322200,0.0,0.0
2016-12-06 00:00:00-05:00,66.84956474834894,68.06227837088029,66.7306765917178,67.92752838134766,198100,0.0,0.0
2016-12-07 00:00:00-05:00,68.03056980767226,68.2049471592221,67.245871725698,67.60255432128906,196700,0.0,0.0
2016-12-08 00:00:00-05:00,67.84826362394406,68.82318878173828,67.18246579693148,68.82318878173828,160900,0.0,0.0
2016-12-09 00:00:00-05:00,68.63295450322948,69.51276307940192,68.52991609282739,69.04512023925781,193800,0.0,0.0
2016-12-12 00:00:00-05:00,69.00547448740815,69.38593463362466,67.03185297488275,67.38060760498047,147100,0.0,0.0
2016-12-13 00:00:00-05:00,67.69765879373796,67.90373558401251,66.77821693974111,67.15074920654297,155200,0.0,0.0
2016-12-14 00:00:00-05:00,66.73382468923242,67.3512080716327,66.34895795151913,66.5895004272461,128500,0.97,0.0
2016-12-15 00:00:00-05:00,66.49328489741124,67.09463499375202,66.28481515118324,66.46121215820312,136200,0.0,0.0
2016-12-16 00:00:00-05:00,66.725815068156,67.26301974565276,66.34896798723283,66.57347106933594,321200,0.0,0.0
2016-12-19 00:00:00-05:00,64.58500348101903,65.42688995450324,63.29410477109367,63.59076690673828,330300,0.0,0.0
2016-12-20 00:00:00-05:00,63.446445382315645,64.01572277013386,62.67671795157905,62.94933319091797,302300,0.0,0.0
2016-12-21 00:00:00-05:00,62.87716637301497,63.975634782090225,62.444193557406834,63.0455436706543,295500,0.0,0.0
2016-12-22 00:00:00-05:00,63.205907992570076,63.90347021575495,62.90122001715622,63.398338317871094,188800,0.0,0.0
2016-12-23 00:00:00-05:00,63.44645499138313,63.855374853698144,62.78096539721452,63.157806396484375,70500,0.0,0.0
2016-12-27 00:00:00-05:00,63.149771986968965,63.68697653817504,62.748871972531816,62.83707046508789,85400,0.0,0.0
2016-12-28 00:00:00-05:00,62.909230026801936,62.909230026801936,61.74662242267846,61.92301940917969,128600,0.0,0.0
2016-12-29 00:00:00-05:00,62.38004804661628,62.98941169689854,62.06734650792565,62.33193588256836,88300,0.0,0.0
2016-12-30 00:00:00-05:00,62.65265322013081,62.65265322013081,61.53815167910093,61.73860168457031,136100,0.0,0.0
2017-01-03 00:00:00-05:00,61.97112355405631,62.03526902304472,60.61607957860718,60.888694763183594,210600,0.0,0.0
2017-01-04 00:00:00-05:00,61.1693262131429,61.89094747763562,60.94482317913381,61.490047454833984,270500,0.0,0.0
2017-01-05 00:00:00-05:00,61.62635852655538,62.11545709559547,61.14527967165107,61.40185546875,201600,0.0,0.0
2017-01-06 00:00:00-05:00,61.586270773412764,61.64239654214765,60.84861606511144,60.928794860839844,173800,0.0,0.0
2017-01-09 00:00:00-05:00,61.08914518840065,61.17734367955764,60.535901219733844,60.584007263183594,159100,0.0,0.0
2017-01-10 00:00:00-05:00,60.85663160746741,62.08338483802957,60.55996335463719,61.7305908203125,215900,0.0,0.0
2017-01-11 00:00:00-05:00,61.65041338792972,62.66068329539367,61.24149359631936,61.706539154052734,215000,0.0,0.0
2017-01-12 00:00:00-05:00,61.52213176905167,61.57825753811668,61.17735743986657,61.43393325805664,99800,0.0,0.0
2017-01-13 00:00:00-05:00,61.8107603091416,61.8107603091416,60.54392093272502,60.584007263183594,160600,0.0,0.0
2017-01-17 00:00:00-05:00,60.55997060608861,60.87267220750815,59.349250541701245,59.50159454345703,334100,0.0,0.0
2017-01-18 00:00:00-05:00,59.83032927089825,60.24726265644211,59.541680728118,60.110958099365234,206500,0.0,0.0
2017-01-19 00:00:00-05:00,59.95861939792688,60.12699670984648,58.53141598687008,58.86015701293945,183500,0.0,0.0
2017-01-20 00:00:00-05:00,58.77995829011422,59.36527500408498,58.60356130460937,58.69977951049805,159800,0.0,0.0
2017-01-23 00:00:00-05:00,58.70780709397098,58.86816467470078,57.69753720707436,57.9541130065918,220400,0.0,0.0
2017-01-24 00:00:00-05:00,56.85565436176928,57.08817103349541,54.754935663511034,55.57276916503906,532100,0.0,0.0
2017-01-25 00:00:00-05:00,55.43646474027975,56.17411944817803,55.43646474027975,55.55673599243164,379600,0.0,0.0
2017-01-26 00:00:00-05:00,55.572767492423374,55.66898571445718,54.38610667358872,54.618629455566406,221400,0.0,0.0
2017-01-27 00:00:00-05:00,54.53042637281217,54.85114763543264,53.640427774733794,54.321956634521484,198500,0.0,0.0
2017-01-30 00:00:00-05:00,54.23375975749237,54.90727504087742,53.78475364673532,54.81907653808594,250800,0.0,0.0
2017-01-31 00:00:00-05:00,54.682773088486904,55.13979897363811,54.329985147988786,54.98746109008789,200600,0.0,0.0
2017-02-01 00:00:00-05:00,54.97140582301,55.43645128929298,53.88897705078125,53.88897705078125,197800,0.0,0.0
2017-02-02 00:00:00-05:00,54.04132978896864,54.37808437420439,53.84889947129813,54.017276763916016,131000,0.0,0.0
2017-02-03 00:00:00-05:00,54.2658375300879,54.37006935339653,54.04133445388468,54.21773147583008,165300,0.0,0.0
2017-02-06 00:00:00-05:00,54.21772420841102,54.62663784929124,53.89700294943204,54.049346923828125,173600,0.0,0.0
2017-02-07 00:00:00-05:00,54.057368312436296,54.26583807841005,53.28764085028333,53.3197135925293,181200,0.0,0.0
2017-02-08 00:00:00-05:00,53.29564937960848,53.51213269777121,52.854656912843346,53.24754333496094,461700,0.0,0.0
2017-02-09 00:00:00-05:00,53.38385880842226,53.94511650177753,53.21548150041568,53.39187240600586,402900,0.0,0.0
2017-02-10 00:00:00-05:00,53.64043301910415,53.832863348590436,53.21547990441575,53.568267822265625,214800,0.0,0.0
2017-02-13 00:00:00-05:00,53.961149502814514,54.434208628392035,53.27160092326984,53.50412368774414,309300,0.0,0.0
2017-02-14 00:00:00-05:00,53.30368015145664,53.74466659246229,53.159355870322955,53.37583923339844,242700,0.0,0.0
2017-02-15 00:00:00-05:00,53.39989226071238,53.568269569159995,53.09521038598574,53.37583923339844,199500,0.0,0.0
2017-02-16 00:00:00-05:00,53.29565295606268,53.576281764086524,53.15934840891528,53.359798431396484,188800,0.0,0.0
2017-02-17 00:00:00-05:00,52.91079446853997,52.91079446853997,48.019814381089006,48.22026443481445,1458500,0.0,0.0
2017-02-21 00:00:00-05:00,48.244320479939795,50.61765158904406,48.244320479939795,49.47107696533203,1313100,0.0,0.0
2017-02-22 00:00:00-05:00,49.46304503655088,49.46304503655088,47.69908733589267,47.891517639160156,548300,0.0,0.0
2017-02-23 00:00:00-05:00,48.19620163128787,48.43674103524377,47.594851592085895,47.69106674194336,589000,0.0,0.0
2017-02-24 00:00:00-05:00,47.546748866032395,47.995758056640625,46.63269717320929,47.995758056640625,420000,0.0,0.0
2017-02-27 00:00:00-05:00,47.987734540581826,48.9017892196176,47.939628492323116,48.29241943359375,267300,0.0,0.0
2017-02-28 00:00:00-05:00,48.40467739663474,48.4527865099177,47.707112076469436,47.963687896728516,366300,0.0,0.0
2017-03-01 00:00:00-05:00,44.86071967997546,46.0634199230921,41.71766145414572,42.41522979736328,1882600,0.0,0.0
2017-03-02 00:00:00-05:00,42.423243845642276,43.184954564522535,41.74171497321635,41.81387710571289,825000,0.0,0.0
2017-03-03 00:00:00-05:00,41.81387810607855,42.93639645567224,41.70964323250653,42.88829040527344,613000,0.0,0.0
2017-03-06 00:00:00-05:00,43.48964913018722,44.48387977820963,42.59965031778586,42.751991271972656,822800,0.0,0.0
2017-03-07 00:00:00-05:00,43.04062676132421,43.233057059746244,42.49540248475439,42.928375244140625,456800,0.0,0.0
2017-03-08 00:00:00-05:00,42.86424010119658,43.24910384940525,42.687846128241674,42.840187072753906,343100,0.0,0.0
2017-03-09 00:00:00-05:00,42.88027657915297,44.275410346159106,42.69586289051067,43.954689025878906,628300,0.0,0.0
2017-03-10 00:00:00-05:00,44.15514258637598,44.628204889042934,43.92261976367306,44.40370178222656,295300,0.0,0.0
2017-03-13 00:00:00-04:00,44.33954595397381,44.57206872247507,43.593871598866116,44.15513229370117,417100,0.0,0.0
2017-03-14 00:00:00-04:00,44.09099549508044,44.59612743206021,43.8183832976171,44.49991226196289,348700,0.0,0.0
2017-03-15 00:00:00-04:00,44.47586040667794,44.82063475546034,43.7462223087344,43.954689025878906,734100,0.0,0.0
2017-03-16 00:00:00-04:00,43.97916832857498,44.3546393153227,43.497584892974366,43.6934814453125,521200,0.97,0.0
2017-03-17 00:00:00-04:00,43.88121393003553,43.88121393003553,43.13843306643204,43.38330841064453,556200,0.0,0.0
2017-03-20 00:00:00-04:00,43.5139160646843,43.5139160646843,42.30587678129182,42.534423828125,415100,0.0,0.0
2017-03-21 00:00:00-04:00,42.53443096395624,42.5589172620192,41.65288686904375,41.726348876953125,531600,0.0,0.0
2017-03-22 00:00:00-04:00,41.62838733466221,41.66103779751149,40.42850929156699,41.29372787475586,625900,0.0,0.0
2017-03-23 00:00:00-04:00,41.33454610471435,41.65288038485909,41.252923048063906,41.44065856933594,330500,0.0,0.0
2017-03-24 00:00:00-04:00,41.53044494240873,42.0201894996397,41.30189478381031,41.9222412109375,328900,0.0,0.0
2017-03-27 00:00:00-04:00,41.66104084446338,42.24057259068535,41.52227792406502,41.856937408447266,316500,0.0,0.0
2017-03-28 00:00:00-04:00,41.92223940170354,43.41596241639751,41.81612694385234,43.27720260620117,454500,0.0,0.0
2017-03-29 00:00:00-04:00,43.073146183538306,43.791440940403724,42.975197889240334,43.57921600341797,256500,0.0,0.0
2017-03-30 00:00:00-04:00,43.70165070417258,44.16690896227374,43.37515226065039,44.07712173461914,224800,0.0,0.0
2017-03-31 00:00:00-04:00,43.93836058518745,44.77908984819373,43.930196411801475,44.41994094848633,270500,0.0,0.0
2017-04-03 00:00:00-04:00,44.50156553643018,44.6240001094019,43.72613411939708,43.93019485473633,252800,0.0,0.0
2017-04-04 00:00:00-04:00,44.09344571739113,44.142421416646165,43.66899899834032,43.864898681640625,243700,0.0,0.0
2017-04-05 00:00:00-04:00,44.068964230026765,44.41178482103464,43.75879099502905,43.8812255859375,313600,0.0,0.0
2017-04-06 00:00:00-04:00,44.00366246073069,44.83623074083202,44.00366246073069,44.69746780395508,259400,0.0,0.0
2017-04-07 00:00:00-04:00,44.33831626585204,44.713787271079134,44.09344400651784,44.57502746582031,413000,0.0,0.0
2017-04-10 00:00:00-04:00,44.57503321535554,45.154565030398985,44.45259551303589,44.69746780395508,231600,0.0,0.0
2017-04-11 00:00:00-04:00,44.730121639652666,45.14640736789486,44.41178732612648,45.064781188964844,221300,0.0,0.0
2017-04-12 00:00:00-04:00,44.942338792651206,45.30148457646241,44.575028835503495,45.2933235168457,175500,0.0,0.0
2017-04-13 00:00:00-04:00,45.13007894823716,45.285164006682606,44.166911900855695,44.55870819091797,169400,0.0,0.0
2017-04-17 00:00:00-04:00,44.59135367606555,44.999475155145035,44.37096770371626,44.6811408996582,300600,0.0,0.0
2017-04-18 00:00:00-04:00,44.61584528136387,45.21986651236625,44.53422222131604,45.17089080810547,214500,0.0,0.0
2017-04-19 00:00:00-04:00,45.43208525103953,45.709607995561385,45.228024501059345,45.334136962890625,212600,0.0,0.0
2017-04-20 00:00:00-04:00,45.56267939563559,46.10139959651719,45.38310495743519,45.8973388671875,242800,0.0,0.0
2017-04-21 00:00:00-04:00,45.9136691347084,46.076918358820244,45.619821154051074,46.0279426574707,222400,0.0,0.0
2017-04-24 00:00:00-04:00,46.54217353097199,46.54217353097199,45.7585810437675,46.19118881225586,186300,0.0,0.0
2017-04-25 00:00:00-04:00,46.26464890766303,46.517685333544854,45.913664203322284,46.231998443603516,173300,0.0,0.0
2017-04-26 00:00:00-04:00,46.24016315730073,46.7788833657051,46.16670116916742,46.45238494873047,379000,0.0,0.0
2017-04-27 00:00:00-04:00,46.697258094697766,46.697258094697766,45.9136656154862,46.223838806152344,201300,0.0,0.0
2017-04-28 00:00:00-04:00,46.32179328956035,46.40341634942834,45.987133762149334,46.15038299560547,270900,0.0,0.0
2017-05-01 00:00:00-04:00,46.28097650798815,46.55033506596374,45.742256278317164,46.158538818359375,439100,0.0,0.0
2017-05-02 00:00:00-04:00,46.15854145870628,46.15854145870628,43.26904046440493,43.90571212768555,785100,0.0,0.0
2017-05-03 00:00:00-04:00,43.53840251375929,43.74246326736451,42.85275825709694,43.28536605834961,436200,0.0,0.0
2017-05-04 00:00:00-04:00,43.07314057585944,43.27720131208368,42.681344335955266,42.8935661315918,267200,0.0,0.0
2017-05-05 00:00:00-04:00,42.85276150761535,43.10579798221865,42.52626303159304,42.901737213134766,245500,0.0,0.0
2017-05-08 00:00:00-04:00,42.89356616646907,42.99967862123348,42.08548739404706,42.167110443115234,263800,0.0,0.0
2017-05-09 00:00:00-04:00,42.0446760199279,42.19976418440531,41.38352117547569,41.86510467529297,297800,0.0,0.0
2017-05-10 00:00:00-04:00,42.00386190998834,42.99967931605381,41.94672515197341,42.97519302368164,282400,0.0,0.0
2017-05-11 00:00:00-04:00,42.86908764465127,42.86908764465127,41.78348283570079,42.248741149902344,155800,0.0,0.0
2017-05-12 00:00:00-04:00,42.06916276555854,42.06916276555854,41.53044253830183,41.7426643371582,186800,0.0,0.0
2017-05-15 00:00:00-04:00,41.75899935018407,42.22425769570327,41.636561632428275,41.726348876953125,223700,0.0,0.0
2017-05-16 00:00:00-04:00,41.832453465521006,41.832453465521006,40.567277446868744,40.64073944091797,487100,0.0,0.0
2017-05-17 00:00:00-04:00,40.64073257989413,40.64073257989413,39.77551403090619,40.159149169921875,425500,0.0,0.0
2017-05-18 00:00:00-04:00,40.028555401639565,40.32240336467088,39.84898095451603,40.03671646118164,407800,0.0,0.0
2017-05-19 00:00:00-04:00,40.00407012383619,40.79582687107455,39.922447065113104,40.56727981567383,398400,0.0,0.0
2017-05-22 00:00:00-04:00,40.64889407536358,40.95090306372896,39.88162690280416,40.04487609863281,253100,0.0,0.0
2017-05-23 00:00:00-04:00,40.093852877956394,40.093852877956394,39.4163728478168,39.67757034301758,238600,0.0,0.0
2017-05-24 00:00:00-04:00,39.66124558198024,40.09385335472839,39.47351007467973,39.644920349121094,182000,0.0,0.0
2017-05-25 00:00:00-04:00,39.73469876172296,39.93875945663168,39.057215760040854,39.204139709472656,229200,0.0,0.0
2017-05-26 00:00:00-04:00,39.12253135684372,39.12253135684372,38.25731256483806,38.56748580932617,307800,0.0,0.0
2017-05-30 00:00:00-04:00,38.44504397957631,38.722566723584166,38.13487388205924,38.208335876464844,187900,0.0,0.0
2017-05-31 00:00:00-04:00,38.36341265902493,38.42054940750466,36.89417620121038,37.343109130859375,545300,0.0,0.0
2017-06-01 00:00:00-04:00,37.41658323075882,39.016418933905996,37.17987198824778,38.983768463134766,491900,0.0,0.0
2017-06-02 00:00:00-04:00,39.26129361127908,39.563305813594475,38.48586512275588,38.49402618408203,431600,0.0,0.0
2017-06-05 00:00:00-04:00,38.51850758087989,38.551158049471134,37.54717949319092,37.718589782714844,321900,0.0,0.0
2017-06-06 00:00:00-04:00,37.63696908214929,37.86551614916169,37.22068336583926,37.563507080078125,318000,0.0,0.0
2017-06-07 00:00:00-04:00,37.587986232328795,37.68593451190116,36.755418071664536,36.80439376831055,457400,0.0,0.0
2017-06-08 00:00:00-04:00,36.812556915650646,37.24516780959662,36.526873119976756,36.5350341796875,245900,0.0,0.0
2017-06-09 00:00:00-04:00,36.60034347875278,37.841033457626494,36.290170205604205,37.62064743041992,319100,0.0,0.0
2017-06-12 00:00:00-04:00,37.718585811168296,38.975600696094226,37.57166183169801,38.02875900268555,452700,0.0,0.0
2017-06-13 00:00:00-04:00,37.938976412259876,38.28996117120989,36.97580936868358,37.212520599365234,372800,0.0,0.0
2017-06-14 00:00:00-04:00,37.22068284291719,37.473719316211856,36.77174977599845,37.090084075927734,362300,0.0,0.0
2017-06-15 00:00:00-04:00,36.839852362474296,37.323601122080134,35.92240198743536,35.96410369873047,431100,0.97,0.0
2017-06-16 00:00:00-04:00,35.96410369873047,36.314405073209976,35.75559196061829,35.96410369873047,635600,0.0,0.0
2017-06-19 00:00:00-04:00,36.02249976694293,36.81484529483603,35.38028299935117,36.74812316894531,469300,0.0,0.0
2017-06-20 00:00:00-04:00,36.61467504183666,36.61467504183666,35.92241430671387,36.022499084472656,283600,0.0,0.0
2017-06-21 00:00:00-04:00,36.08922225181757,36.08922225181757,35.33857850902114,35.41364288330078,258100,0.0,0.0
2017-06-22 00:00:00-04:00,35.447006361933255,36.0642026961557,35.346921587769856,35.9140739440918,169200,0.0,0.0
2017-06-23 00:00:00-04:00,35.91407134319372,36.29773226773335,35.64717651032811,36.24768829345703,294300,0.0,0.0
2017-06-26 00:00:00-04:00,36.27271238151897,36.92326814807301,36.172624431558795,36.73143768310547,175900,0.0,0.0
2017-06-27 00:00:00-04:00,36.84820507709619,37.42369649231261,36.656374605357385,36.83986282348633,216100,0.0,0.0
2017-06-28 00:00:00-04:00,37.05671318102489,37.507099381941856,36.773137037666494,36.831520080566406,182100,0.0,0.0
2017-06-29 00:00:00-04:00,36.85654531700899,37.423697678225466,36.85654531700899,37.35697555541992,165500,0.0,0.0
2017-06-30 00:00:00-04:00,37.390335556979394,37.390335556979394,36.7230952863999,36.739776611328125,223400,0.0,0.0
2017-07-03 00:00:00-04:00,37.01502078378504,38.032556346034376,36.83152935609702,37.390342712402344,133100,0.0,0.0
2017-07-05 00:00:00-04:00,37.381998252025525,37.54046608736428,35.730585045179005,36.097564697265625,295700,0.0,0.0
2017-07-06 00:00:00-04:00,35.872369143306955,36.03084014963671,35.37194208938826,35.688880920410156,225200,0.0,0.0
2017-07-07 00:00:00-04:00,35.78062782819371,35.78062782819371,35.34692288208762,35.54709243774414,228200,0.0,0.0
2017-07-10 00:00:00-04:00,35.53875616407019,35.74726799025541,35.03832587224289,35.713905334472656,304900,0.0,0.0
2017-07-11 00:00:00-04:00,35.805651870474954,35.855695855299935,35.371946880239285,35.52207565307617,204800,0.0,0.0
2017-07-12 00:00:00-04:00,35.555440268438545,36.07254874689956,35.32190484136081,35.66386413574219,167500,0.0,0.0
2017-07-13 00:00:00-04:00,35.81398856442707,35.99747998162336,35.44700891167231,35.839012145996094,176700,0.0,0.0
2017-07-14 00:00:00-04:00,35.77228343261346,36.04752053221153,35.50538858662369,35.8890495300293,162300,0.0,0.0
2017-07-17 00:00:00-04:00,35.89739084588923,36.639692315759476,35.705560379197614,36.27271270751953,250900,0.0,0.0
2017-07-18 00:00:00-04:00,36.26437642833611,36.26437642833611,35.58879696610634,35.713905334472656,152700,0.0,0.0
2017-07-19 00:00:00-04:00,35.76394362587193,36.45620112417374,35.75560137243503,36.297733306884766,113100,0.0,0.0
2017-07-20 00:00:00-04:00,36.289394208677514,36.62301437913632,36.14760770429706,36.48122787475586,118000,0.0,0.0
2017-07-21 00:00:00-04:00,36.656369016711,36.839857206865254,36.080874507597194,36.46453857421875,242100,0.0,0.0
2017-07-24 00:00:00-04:00,36.414502032652294,36.414502032652294,35.130068531398386,35.27185821533203,270400,0.0,0.0
2017-07-25 00:00:00-04:00,35.388622930312046,36.17262615247459,35.1550907325695,35.680538177490234,179200,0.0,0.0
2017-07-26 00:00:00-04:00,35.61382517041363,35.76395395928042,34.963266024778044,35.05501174926758,193300,0.0,0.0
2017-07-27 00:00:00-04:00,34.963250742395495,35.155084363371635,34.02077986846452,35.021636962890625,231300,0.0,0.0
2017-07-28 00:00:00-04:00,34.854831624233775,34.87151294925144,33.8789947913437,34.16257095336914,265200,0.0,0.0
2017-07-31 00:00:00-04:00,34.15423435228038,34.42112920859442,33.47865495756429,34.31270217895508,332400,0.0,0.0
2017-08-01 00:00:00-04:00,34.37108398950314,34.47951101522946,33.72052819842029,34.23763656616211,152400,0.0,0.0
2017-08-02 00:00:00-04:00,34.229292780858835,34.39610283247507,33.436947421909515,33.4786491394043,289900,0.0,0.0
2017-08-03 00:00:00-04:00,33.41193360622618,33.53703878334253,32.177544071846015,32.44443893432617,527500,0.0,0.0
2017-08-04 00:00:00-04:00,32.30264819043178,32.46111601557473,31.160004399029727,31.702133178710938,460100,0.0,0.0
2017-08-07 00:00:00-04:00,31.735500460091476,32.477802079171646,31.40188343507781,32.452781677246094,382600,0.0,0.0
2017-08-08 00:00:00-04:00,31.994053203722437,33.203422359530116,31.76052099049864,31.793880462646484,364800,0.0,0.0
2017-08-09 00:00:00-04:00,31.835578938986586,31.969029540505193,30.617870834866398,31.101619720458984,860900,0.0,0.0
2017-08-10 00:00:00-04:00,33.82061766896986,35.93909859274683,31.944011227862106,32.36937713623047,1136000,0.0,0.0
2017-08-11 00:00:00-04:00,31.577032215610842,33.32019125113539,31.201710283246598,33.128360748291016,662100,0.0,0.0
2017-08-14 00:00:00-04:00,33.03661674059842,33.10333887555637,32.060779666027955,32.99491500854492,471600,0.0,0.0
2017-08-15 00:00:00-04:00,33.00324228727297,33.24511670103324,32.31932394477893,32.97822189331055,433900,0.0,0.0
2017-08-16 00:00:00-04:00,33.028264133706074,33.52869430642115,32.85311500499255,33.07830810546875,294100,0.0,0.0
2017-08-17 00:00:00-04:00,33.00325263361393,34.02079139557276,32.89482558972371,33.403594970703125,322700,0.0,0.0
2017-08-18 00:00:00-04:00,33.49533467964466,34.80478849998539,33.22843983611263,34.18759536743164,652300,0.0,0.0
2017-08-21 00:00:00-04:00,34.17925205286122,34.17925205286122,33.57039801110232,33.66214370727539,181800,0.0,0.0
2017-08-22 00:00:00-04:00,33.737210010627685,33.962403137320635,33.503674630184484,33.770572662353516,138600,0.0,0.0
2017-08-23 00:00:00-04:00,33.653794705265064,33.66213695686466,32.57787650840153,32.79472732543945,276100,0.0,0.0
2017-08-24 00:00:00-04:00,32.84478424853231,33.16171993835009,32.31933354773627,32.41941833496094,174600,0.0,0.0
2017-08-25 00:00:00-04:00,32.544528666435475,33.378576034058206,32.47780334983932,32.99491500854492,195200,0.0,0.0
2017-08-28 00:00:00-04:00,33.094996251441785,33.33687072569778,32.452779465471316,33.270145416259766,272200,0.0,0.0
2017-08-29 00:00:00-04:00,33.09499041036901,33.67882403835692,32.83643465438709,32.9114990234375,286400,0.0,0.0
2017-08-30 00:00:00-04:00,32.89481616385759,33.72052418487719,32.544517912395264,33.29515838623047,358900,0.0,0.0
2017-08-31 00:00:00-04:00,33.36188934134237,33.77891295810915,33.036611429326314,33.153377532958984,263700,0.0,0.0
2017-09-01 00:00:00-04:00,33.2367773926453,33.87065500336168,32.9532012366169,33.65380096435547,235700,0.0,0.0
2017-09-05 00:00:00-04:00,33.63712363860215,33.862313572956154,33.019927337554776,33.20341873168945,239200,0.0,0.0
2017-09-06 00:00:00-04:00,33.20341967847888,33.470314523937546,32.652948662015696,32.81975555419922,229200,0.0,0.0
2017-09-07 00:00:00-04:00,32.861456157690014,33.120008715715386,31.51029760006467,31.852256774902344,336300,0.0,0.0
2017-09-08 00:00:00-04:00,31.735497353944165,32.00239222048771,30.951494081177252,31.760520935058594,292900,0.0,0.0
2017-09-11 00:00:00-04:00,31.96903601485388,32.6362732493881,31.852266714877054,32.22758865356445,185300,0.0,0.0
2017-09-12 00:00:00-04:00,32.15251660313286,34.029122667692796,32.1108148824701,33.84563446044922,349800,0.0,0.0
2017-09-13 00:00:00-04:00,33.87899486066973,35.14674692986954,33.87899486066973,34.85483169555664,432100,0.0,0.0
2017-09-14 00:00:00-04:00,34.871516724722575,35.029984557091254,33.95406283924467,34.38776779174805,477200,0.0,0.0
2017-09-15 00:00:00-04:00,34.31944480935941,35.00275813577301,33.89237357306404,34.8831787109375,611000,0.97,0.0
2017-09-18 00:00:00-04:00,34.87462851231678,35.10524404511727,33.53362222522054,33.81549072265625,281200,0.0,0.0
2017-09-19 00:00:00-04:00,33.96923410795692,34.11443671123474,33.209048106575956,33.61049270629883,254600,0.0,0.0
2017-09-20 00:00:00-04:00,33.584872696121565,34.28526907392609,33.584872696121565,34.01194381713867,230500,0.0,0.0
2017-09-21 00:00:00-04:00,34.011945670902406,34.18277478027882,33.58487452660851,33.92653274536133,126000,0.0,0.0
2017-09-22 00:00:00-04:00,34.02048945110936,35.18212024480984,34.02048945110936,35.05400085449219,299100,0.0,0.0
2017-09-25 00:00:00-04:00,35.0539969925707,35.56648101396921,35.01983052226575,35.31877899169922,268900,0.0,0.0
2017-09-26 00:00:00-04:00,35.16503861008482,36.27542625986554,35.07108568955526,36.19001007080078,395700,0.0,0.0
2017-09-27 00:00:00-04:00,36.47187431419562,37.18935392641335,35.660438534213384,36.352294921875,372000,0.0,0.0
2017-09-28 00:00:00-04:00,36.38646297866434,36.676871509368745,35.89960209752673,36.48041915893555,173100,0.0,0.0
2017-09-29 00:00:00-04:00,36.48896111161342,37.095401379458,36.30104875774267,36.711036682128906,203200,0.0,0.0
2017-10-02 00:00:00-04:00,36.71958278126648,37.48830897732145,36.30959156675026,37.47122573852539,266900,0.0,0.0
2017-10-03 00:00:00-04:00,37.48830090689147,37.48830090689147,36.57436900696729,37.08685302734375,351600,0.0,0.0
2017-10-04 00:00:00-04:00,37.027063109124455,37.27476512939892,36.30104354160983,36.34375,224700,0.0,0.0
2017-10-05 00:00:00-04:00,36.43770920823231,37.24060177125789,36.25834011302886,36.98435974121094,176000,0.0,0.0
2017-10-06 00:00:00-04:00,36.950194115317124,38.4705696105957,36.950194115317124,38.4705696105957,589300,0.0,0.0
2017-10-09 00:00:00-04:00,38.47056562546154,38.63285147113157,37.360181412632926,38.01786804199219,571500,0.0,0.0
2017-10-10 00:00:00-04:00,38.05203100685858,38.718264079819086,37.983701331189636,38.496185302734375,318700,0.0,0.0
2017-10-11 00:00:00-04:00,38.462022352263034,38.64139469116763,37.69329632466277,37.87266540527344,263200,0.0,0.0
2017-10-12 00:00:00-04:00,37.67620897528188,37.82995481567132,37.0356023930904,37.39434051513672,237000,0.0,0.0
2017-10-13 00:00:00-04:00,37.479762513088794,37.479762513088794,36.92456875214814,37.06977462768555,215300,0.0,0.0
2017-10-16 00:00:00-04:00,37.180812656584756,37.54809410012614,36.96727708514415,37.2747688293457,173600,0.0,0.0
2017-10-17 00:00:00-04:00,37.27477216601905,38.504739252926505,36.95874040431956,38.29974365234375,267500,0.0,0.0
2017-10-18 00:00:00-04:00,38.41932212929845,38.46202859471414,37.64205272887284,38.34244918823242,156700,0.0,0.0
2017-10-19 00:00:00-04:00,38.197246093448584,38.59015078380509,38.06058345079004,38.504737854003906,126500,0.0,0.0
2017-10-20 00:00:00-04:00,38.69263859768744,39.88843890650348,38.6755553637565,39.14533615112305,408300,0.0,0.0
2017-10-23 00:00:00-04:00,39.19658285903343,39.674903637445226,38.863467940867274,39.077003479003906,278200,0.0,0.0
2017-10-24 00:00:00-04:00,39.03430102413594,39.85427679263942,38.863471924457535,39.82011032104492,312200,0.0,0.0
2017-10-25 00:00:00-04:00,39.71760973272061,39.871355579446245,39.08554311192701,39.52969741821289,352200,0.0,0.0
2017-10-26 00:00:00-04:00,39.854273418095325,41.058613744327694,39.76886050463524,41.015907287597656,380700,0.0,0.0
2017-10-27 00:00:00-04:00,40.99883233526325,41.400280277866926,40.30697586661968,41.331947326660156,297400,0.0,0.0
2017-10-30 00:00:00-04:00,40.998831477667146,41.050081190000206,40.144689155215744,40.537593841552734,234200,0.0,0.0
2017-10-31 00:00:00-04:00,40.72550014224044,41.04153184225421,40.08489349561329,40.66571044921875,278700,0.0,0.0
2017-11-01 00:00:00-04:00,40.71695818803063,40.92195375510736,40.14468446286033,40.58029556274414,273800,0.0,0.0
2017-11-02 00:00:00-04:00,40.409476396531005,40.71696491047199,39.760326375523896,40.477806091308594,216400,0.0,0.0
2017-11-03 00:00:00-04:00,40.41800485889215,41.33193666665479,40.264259016624266,40.452171325683594,246500,0.0,0.0
2017-11-06 00:00:00-05:00,40.33259639451922,40.33259639451922,39.05992306179577,39.23929214477539,345300,0.0,0.0
2017-11-07 00:00:00-05:00,39.14534535114823,39.14534535114823,36.39500594945674,36.69395446777344,617000,0.0,0.0
2017-11-08 00:00:00-05:00,36.48896212901184,36.71958095383949,36.036264469182235,36.69395446777344,586900,0.0,0.0
2017-11-09 00:00:00-05:00,36.55729491893154,41.33195117635681,36.377925792748826,38.55598831176758,802200,0.0,0.0
2017-11-10 00:00:00-05:00,39.17096529939277,40.22155990789639,38.87201354781086,39.82865524291992,430300,0.0,0.0
2017-11-13 00:00:00-05:00,39.40158653873602,39.45283299315413,37.86413099859901,37.906837463378906,336500,0.0,0.0
2017-11-14 00:00:00-05:00,38.52180648600512,39.07700014105331,38.01786252871772,38.53034973144531,280500,0.0,0.0
2017-11-15 00:00:00-05:00,38.393691848622865,38.66701708702562,37.69329551792907,38.487648010253906,204400,0.0,0.0
2017-11-16 00:00:00-05:00,38.6413909966443,39.128251745063636,38.30827283241046,38.59014129638672,282800,0.0,0.0
2017-11-17 00:00:00-05:00,38.53035820573498,39.350334000490804,38.368069089612305,38.60723114013672,502800,0.0,0.0
2017-11-20 00:00:00-05:00,38.80368207524635,38.80368207524635,36.61707677623513,37.28330993652344,653900,0.0,0.0
2017-11-21 00:00:00-05:00,37.35164237451134,37.488305012130205,36.04480569863762,36.582916259765625,332800,0.0,0.0
2017-11-22 00:00:00-05:00,36.64270470664421,37.189355238420376,36.34375295700186,37.103939056396484,334800,0.0,0.0
2017-11-24 00:00:00-05:00,37.180812140917794,37.27476831237565,36.685411316359385,36.71957778930664,97400,0.0,0.0
2017-11-27 00:00:00-05:00,36.84769226212466,37.24914011999012,35.9850101141493,36.0447998046875,291300,0.0,0.0
2017-11-28 00:00:00-05:00,36.1473025492022,37.778714242283556,35.91668373290764,37.61642837524414,282600,0.0,0.0
2017-11-29 00:00:00-05:00,37.710375356325,39.41865957163679,37.710375356325,39.37594985961914,392700,0.0,0.0
2017-11-30 00:00:00-05:00,39.29053997469343,39.77740075284678,38.18015580098042,39.179500579833984,237700,0.0,0.0
2017-12-01 00:00:00-05:00,39.2307521562833,39.52116063942392,38.538895789841085,39.23929214477539,250900,0.0,0.0
2017-12-04 00:00:00-05:00,39.598030249315805,43.51854281388976,39.50407409230981,43.279380798339844,755300,0.0,0.0
2017-12-05 00:00:00-05:00,43.22813891520639,43.433131226395176,42.1519178774361,43.33063507080078,408800,0.0,0.0
2017-12-06 00:00:00-05:00,43.30501207725511,43.50146440081381,42.13483812462543,42.2800407409668,212500,0.0,0.0
2017-12-07 00:00:00-05:00,42.314206866171695,43.42459111377481,42.29712363057238,42.467952728271484,179800,0.0,0.0
2017-12-08 00:00:00-05:00,42.570454670119815,43.74062877223375,42.237339676388395,43.125648498535156,233300,0.0,0.0
2017-12-11 00:00:00-05:00,43.19397087338312,44.07373629835944,42.89502240614668,43.89436721801758,268300,0.0,0.0
2017-12-12 00:00:00-05:00,44.09937489434293,44.42394667413413,43.30502216799507,43.322105407714844,206900,0.0,0.0
2017-12-13 00:00:00-05:00,43.32209220081159,44.441016365842394,42.92064433551691,44.244564056396484,201000,0.0,0.0
2017-12-14 00:00:00-05:00,44.406859068062346,44.534978456520335,42.92065005057216,43.37334442138672,273800,0.0,0.0
2017-12-15 00:00:00-05:00,43.216611271544444,43.277565322224255,41.797245544828904,42.78122329711914,581500,0.97,0.0
2017-12-18 00:00:00-05:00,42.92924924822245,43.521377098963136,42.3632469320781,42.46773910522461,250600,0.0,0.0
2017-12-19 00:00:00-05:00,42.81605395929094,43.608463301389214,42.81605395929094,43.251441955566406,226400,0.0,0.0
2017-12-20 00:00:00-05:00,43.408179396232306,43.80002923462814,43.077286929806135,43.173072814941406,148000,0.0,0.0
2017-12-21 00:00:00-05:00,43.312389201822214,44.19187128705044,42.80733764981783,43.277557373046875,215100,0.0,0.0
2017-12-22 00:00:00-05:00,43.286270646705965,43.97418442804706,42.86829859926679,43.49525833129883,123200,0.0,0.0
2017-12-26 00:00:00-05:00,43.65199944263486,44.583729446362995,43.59104539168043,44.26154327392578,121100,0.0,0.0
2017-12-27 00:00:00-05:00,44.383445862855304,44.88849412542248,43.92193240642327,44.061256408691406,93200,0.0,0.0
2017-12-28 00:00:00-05:00,44.08737688227597,44.93202709580997,43.58232535593457,44.392147064208984,165600,0.0,0.0
2017-12-29 00:00:00-05:00,44.43568963524814,44.62726138120918,44.009011337830046,44.17445755004883,164100,0.0,0.0
2018-01-02 00:00:00-05:00,44.4095679131806,45.332591500930256,44.25282799598262,45.22809600830078,202400,0.0,0.0
2018-01-03 00:00:00-05:00,45.201969320033555,45.26292335715852,44.69692110932015,45.23680114746094,203200,0.0,0.0
2018-01-04 00:00:00-05:00,45.32388836314702,46.09887844135961,44.514066449077376,45.02782440185547,214200,0.0,0.0
2018-01-05 00:00:00-05:00,45.20196938365101,45.35870928554891,44.383441368430994,44.81011962890625,215400,0.0,0.0
2018-01-08 00:00:00-05:00,44.74046887633944,44.862376976866116,43.46042717731614,44.052555084228516,255600,0.0,0.0
2018-01-09 00:00:00-05:00,44.069968220122966,44.069968220122966,42.45032453707513,42.702850341796875,384700,0.0,0.0
2018-01-10 00:00:00-05:00,42.44161656141591,43.930642473690845,42.44161656141591,43.70423889160156,172800,0.0,0.0
2018-01-11 00:00:00-05:00,44.009010788970336,46.02050080949019,43.93064083221332,45.80280685424805,282500,0.0,0.0
2018-01-12 00:00:00-05:00,46.05533177493723,47.074141193652025,45.828931527303986,46.516841888427734,275600,0.0,0.0
2018-01-16 00:00:00-05:00,46.8216178242713,46.873865571067775,44.409568322647374,44.66209411621094,254700,0.0,0.0
2018-01-17 00:00:00-05:00,44.705631461215894,45.149725675094714,44.30507537469834,44.94944763183594,184400,0.0,0.0
2018-01-18 00:00:00-05:00,44.93203135751619,45.57640693125114,44.70563110399892,44.775291442871094,165800,0.0,0.0
2018-01-19 00:00:00-05:00,44.89720597403012,46.464601907833725,44.844958224929655,46.19466018676758,197000,0.0,0.0
2018-01-22 00:00:00-05:00,46.00309375871517,46.830328230904584,45.37613402912217,46.77808380126953,206400,0.0,0.0
2018-01-23 00:00:00-05:00,46.778083676006254,47.883969497522955,46.37752422664639,47.51824188232422,235100,0.0,0.0
2018-01-24 00:00:00-05:00,47.58789243667572,47.735922708447454,46.6561627209783,47.039302825927734,387200,0.0,0.0
2018-01-25 00:00:00-05:00,47.19604711442551,47.38761552388582,46.586503414743234,47.352787017822266,135300,0.0,0.0
2018-01-26 00:00:00-05:00,47.37020713725357,47.7533473119353,46.84773963896442,47.735931396484375,159200,0.0,0.0
2018-01-29 00:00:00-05:00,47.805593615430354,48.153901948697666,47.10897030540348,48.0319938659668,214000,0.0,0.0
2018-01-30 00:00:00-05:00,47.70980795201975,48.67636964323319,47.5878998687579,48.27581024169922,266600,0.0,0.0
2018-01-31 00:00:00-05:00,48.31935766081305,48.754745624403284,47.80559973090671,48.22357177734375,200100,0.0,0.0
2018-02-01 00:00:00-05:00,47.93620237142535,48.58057786108563,47.72721806032983,48.04940414428711,151200,0.0,0.0
2018-02-02 00:00:00-05:00,47.85784021699835,47.88396575144859,46.899988104728166,46.987064361572266,211600,0.0,0.0
2018-02-05 00:00:00-05:00,46.51683818914066,47.796879583096334,46.1685298880393,46.34268569946289,344100,0.0,0.0
2018-02-06 00:00:00-05:00,45.27163253163596,48.232268077311865,44.94073681780744,47.396324157714844,345800,0.0,0.0
2018-02-07 00:00:00-05:00,47.352784237725814,48.815687702377396,46.69099283518329,48.04940414428711,251300,0.0,0.0
2018-02-08 00:00:00-05:00,48.180024675311195,48.2235627992151,46.70841150643924,46.71712112426758,297600,0.0,0.0
2018-02-09 00:00:00-05:00,47.16122119012037,47.48340733332361,45.62865711386633,46.94352722167969,407100,0.0,0.0
2018-02-12 00:00:00-05:00,47.135103803044395,47.88397166263658,45.959554260051995,46.795501708984375,380600,0.0,0.0
2018-02-13 00:00:00-05:00,46.5603838493692,46.969646223265826,45.8637605405953,46.621337890625,240500,0.0,0.0
2018-02-14 00:00:00-05:00,46.40364433347315,47.204756494962076,45.916008677515016,47.004478454589844,281700,0.0,0.0
2018-02-15 00:00:00-05:00,47.13509923975328,47.95362736982676,46.778081262389215,47.85784149169922,405900,0.0,0.0
2018-02-16 00:00:00-05:00,47.62273207846416,48.39772540839324,47.06543604209668,47.605316162109375,394700,0.0,0.0
2018-02-20 00:00:00-05:00,47.38762095617161,58.995064825501956,46.56909283929221,55.24201965332031,2863800,0.0,0.0
2018-02-21 00:00:00-05:00,55.511962985883066,59.17792868545715,54.5192790027914,58.368106842041016,1394600,0.0,0.0
2018-02-22 00:00:00-05:00,59.03860976510939,60.42314028274104,58.7512521183769,59.909385681152344,549700,0.0,0.0
2018-02-23 00:00:00-05:00,60.475385229149836,60.806284331912515,59.49141082726093,60.0748291015625,476700,0.0,0.0
2018-02-26 00:00:00-05:00,61.320043567866215,65.26465773616597,60.75403784616128,64.48096466064453,1015000,0.0,0.0
2018-02-27 00:00:00-05:00,64.48094583134353,66.38794017333632,64.24583266254844,65.99609375,752000,0.0,0.0
2018-02-28 00:00:00-05:00,65.95254622995861,66.77107747133294,64.13262830042416,66.16153717041016,687800,0.0,0.0
2018-03-01 00:00:00-05:00,66.06576862358226,67.85085519733168,65.59554884962346,66.91041564941406,634400,0.0,0.0
2018-03-02 00:00:00-05:00,66.63176600656463,68.79129306647162,66.18767510046284,68.52135467529297,674100,0.0,0.0
2018-03-05 00:00:00-05:00,68.14691244020871,69.36599982579492,67.40675437722516,67.43287658691406,555900,0.0,0.0
2018-03-06 00:00:00-05:00,67.48512278186962,67.91180105282885,65.06436718245934,65.6826171875,693800,0.0,0.0
2018-03-07 00:00:00-05:00,65.39525862737457,67.77247938912723,64.82055007705016,67.25001525878906,448700,0.0,0.0
2018-03-08 00:00:00-05:00,67.45030422794346,67.66799821524388,65.12533403801334,65.28207397460938,424900,0.0,0.0
2018-03-09 00:00:00-05:00,65.73486877261846,66.8059260192198,65.23852679089897,65.93515014648438,389300,0.0,0.0
2018-03-12 00:00:00-04:00,65.96997528986142,67.15423088818832,63.55792264658848,64.89891815185547,585100,0.0,0.0
2018-03-13 00:00:00-04:00,65.07306881382364,65.9786696653477,61.433226243479766,61.511592864990234,888200,0.0,0.0
2018-03-14 00:00:00-04:00,61.694467332924084,61.694467332924084,59.43916108166494,60.797569274902344,559900,0.0,0.0
2018-03-15 00:00:00-04:00,60.788849700218805,61.11103910198415,58.79477254313948,59.16050338745117,516600,0.0,0.0
2018-03-16 00:00:00-04:00,59.151717127726876,59.151717127726876,57.437807559469775,57.83332824707031,673000,0.63,0.0
2018-03-19 00:00:00-04:00,57.58722050863774,57.92121663351695,56.8665015577485,57.72785186767578,427000,0.0,0.0
2018-03-20 00:00:00-04:00,57.98274900108426,58.641943497766576,57.00714060954058,57.45539474487305,415100,0.0,0.0
2018-03-21 00:00:00-04:00,57.39387276026565,58.47494802799716,57.156558975669526,57.31476593017578,299300,0.0,0.0
2018-03-22 00:00:00-04:00,57.244449627902604,59.82849428873911,57.17414064217301,58.87046813964844,642200,0.0,0.0
2018-03-23 00:00:00-04:00,58.85288809186629,59.65271402408812,57.218085086063866,57.59602355957031,368500,0.0,0.0
2018-03-26 00:00:00-04:00,58.05306228843235,58.53646754259696,56.99834711397038,58.483734130859375,448600,0.0,0.0
2018-03-27 00:00:00-04:00,58.64194351364025,58.82651716808047,56.91924936652493,57.138980865478516,279300,0.0,0.0
2018-03-28 00:00:00-04:00,57.12140381559,58.09701229664197,56.75225647294163,57.37629318237305,339000,0.0,0.0
2018-03-29 00:00:00-04:00,57.52570420007725,58.45737032288826,57.05109005956524,57.63996887207031,281400,0.0,0.0
2018-04-02 00:00:00-04:00,57.52570911905809,58.33432620707716,56.47979164616488,56.58525848388672,367100,0.0,0.0
2018-04-03 00:00:00-04:00,56.97198512828809,59.53844753246894,56.6116289421039,59.371456146240234,330100,0.0,0.0
2018-04-04 00:00:00-04:00,58.64194378297254,62.18401448946472,58.4573701276846,61.96428298950195,623400,0.0,0.0
2018-04-05 00:00:00-04:00,62.16644066500201,62.184016234996164,60.918360613867684,61.97307586669922,225900,0.0,0.0
2018-04-06 00:00:00-04:00,61.8412386650781,64.12644510015744,61.8412386650781,63.01021194458008,493400,0.0,0.0
2018-04-09 00:00:00-04:00,63.159620618739844,63.50240120992435,61.96428076539331,62.08732986450195,260100,0.0,0.0
2018-04-10 00:00:00-04:00,62.834413840165396,62.834413840165396,61.867596643189316,62.553157806396484,263300,0.0,0.0
2018-04-11 00:00:00-04:00,62.359799995587174,62.73773846186173,61.621505339054664,62.641056060791016,177100,0.0,0.0
2018-04-12 00:00:00-04:00,62.869570732766896,64.2846420172584,62.843204027760784,63.29145812988281,237400,0.0,0.0
2018-04-13 00:00:00-04:00,63.50240342092537,63.64303479947339,62.579528439805266,63.22993850708008,259800,0.0,0.0
2018-04-16 00:00:00-04:00,63.72213032261943,65.91065402438724,63.72213032261943,64.69773864746094,269700,0.0,0.0
2018-04-17 00:00:00-04:00,64.9526511662629,65.19874944316591,63.51999708823084,64.06493377685547,208500,0.0,0.0
2018-04-18 00:00:00-04:00,64.15280154122917,66.5083232940763,64.15280154122917,65.10204315185547,271000,0.0,0.0
2018-04-19 00:00:00-04:00,64.99657883775578,65.51514869518361,64.49559125653832,65.06689453125,195000,0.0,0.0
2018-04-20 00:00:00-04:00,64.92626319806683,65.55908425765975,64.53074249193924,65.11962127685547,331600,0.0,0.0
2018-04-23 00:00:00-04:00,65.26025264943584,66.27980998362477,64.6186337469655,65.11962127685547,194200,0.0,0.0
2018-04-24 00:00:00-04:00,65.6206191742223,66.22707356171638,64.42527926327769,65.02294921875,341900,0.0,0.0
2018-04-25 00:00:00-04:00,65.95460754864055,68.48591200323632,65.58546023965906,68.18708038330078,347100,0.0,0.0
2018-04-26 00:00:00-04:00,68.32770298881776,69.63730751140893,67.27299450772591,67.56304168701172,280500,0.0,0.0
2018-04-27 00:00:00-04:00,67.8530727099967,71.79945459133539,67.8530727099967,70.90294647216797,607200,0.0,0.0
2018-04-30 00:00:00-04:00,70.85022568053152,70.85022568053152,69.63731020971063,69.7339859008789,224600,0.0,0.0
2018-05-01 00:00:00-04:00,69.5054740353107,71.18421931332706,68.55623228659616,69.98009490966797,702800,0.0,0.0
2018-05-02 00:00:00-04:00,65.97218928501704,71.87857360353097,61.269936107700495,69.1978530883789,1387700,0.0,0.0
2018-05-03 00:00:00-04:00,69.39120162591281,69.39120162591281,65.37451027047422,65.92823791503906,569800,0.0,0.0
2018-05-04 00:00:00-04:00,65.74366872535386,68.76716966266459,65.64698632707193,68.15192413330078,482500,0.0,0.0
2018-05-07 00:00:00-04:00,68.09918822145252,68.42438654404803,66.13038918832217,66.55227661132812,436700,0.0,0.0
2018-05-08 00:00:00-04:00,65.9194384014374,68.9517298856347,65.9194384014374,68.57379150390625,395300,0.0,0.0
2018-05-09 00:00:00-04:00,68.4331786370398,69.09237313454095,67.00931610839497,67.23783874511719,326900,0.0,0.0
2018-05-10 00:00:00-04:00,67.47515384170896,68.88144096823237,67.47515384170896,67.89704132080078,193500,0.0,0.0
2018-05-11 00:00:00-04:00,68.16951036764222,68.3365084827406,65.7173055929697,65.90188598632812,333800,0.0,0.0
2018-05-14 00:00:00-04:00,65.77002160953788,65.95459522955372,60.16247051046261,61.507232666015625,804800,0.0,0.0
2018-05-15 00:00:00-04:00,61.23477122525701,62.27190414663235,60.707416980044975,61.99943923950195,337300,0.0,0.0
2018-05-16 00:00:00-04:00,61.99065080109673,63.449671205568514,61.25235616679053,62.06096649169922,296100,0.0,0.0
2018-05-17 00:00:00-04:00,61.832433518654085,63.502394010230574,61.832433518654085,63.22113800048828,307500,0.0,0.0
2018-05-18 00:00:00-04:00,63.414510473597126,63.414510473597126,58.57162647099317,59.529659271240234,534200,0.0,0.0
2018-05-21 00:00:00-04:00,59.71422468268097,61.050189030625575,59.3450707275906,59.933956146240234,378300,0.0,0.0
2018-05-22 00:00:00-04:00,59.99548337720585,60.42615518749939,59.35386452435545,59.67906951904297,267400,0.0,0.0
2018-05-23 00:00:00-04:00,59.09019196575287,59.23081662460772,58.088210257676586,58.39583969116211,568900,0.0,0.0
2018-05-24 00:00:00-04:00,58.395849935146714,59.679081186041174,57.18292767317723,59.09020233154297,308400,0.0,0.0
2018-05-25 00:00:00-04:00,58.84409433089655,59.09019924915414,57.727861236482894,57.73665237426758,253800,0.0,0.0
2018-05-29 00:00:00-04:00,57.54328973537761,58.14095971935955,56.725888238250455,56.93682861328125,467300,0.0,0.0
2018-05-30 00:00:00-04:00,57.13019020816962,57.56086207215039,56.38310444658205,57.165348052978516,480300,0.0,0.0
2018-05-31 00:00:00-04:00,57.21809425980672,57.27083439164798,54.72194371852465,55.76786804199219,445300,0.0,0.0
2018-06-01 00:00:00-04:00,56.049116909207314,56.260060645105526,54.396734928654936,55.091087341308594,585600,0.0,0.0
2018-06-04 00:00:00-04:00,55.13503045240383,56.43584059788777,54.695567429490204,54.94166564941406,385000,0.0,0.0
2018-06-05 00:00:00-04:00,55.0031884524321,56.00516351522883,54.45825194055181,55.407493591308594,312000,0.0,0.0
2018-06-06 00:00:00-04:00,55.7766462341278,58.35189982450586,55.38112884172836,58.000328063964844,514300,0.0,0.0
2018-06-07 00:00:00-04:00,57.92122614534789,58.0530663896788,56.26884093365742,56.31278991699219,413600,0.0,0.0
2018-06-08 00:00:00-04:00,56.154581178952206,57.6839105298002,56.09305662764433,57.41144561767578,218900,0.0,0.0
2018-06-11 00:00:00-04:00,57.886067480775104,59.2132476317606,57.886067480775104,58.93199157714844,310900,0.0,0.0
2018-06-12 00:00:00-04:00,59.204461718094535,61.85003111582482,58.914414500212295,61.52482604980469,548200,0.0,0.0
2018-06-13 00:00:00-04:00,61.7181963134982,64.67138876120796,61.58635604775367,63.41452407836914,511600,0.0,0.0
2018-06-14 00:00:00-04:00,63.44088220973877,65.40089024099949,62.465273763128636,65.04052734375,339500,0.0,0.0
2018-06-15 00:00:00-04:00,64.83837585535872,67.3521050536636,64.68896002677829,66.83354187011719,441200,0.0,0.0
2018-06-18 00:00:00-04:00,66.70169491027141,67.66851218807729,66.03370925959669,67.51909637451172,308100,0.0,0.0
2018-06-19 00:00:00-04:00,67.28869068897606,68.40529669018112,66.34046366128017,67.82926940917969,242600,0.63,0.0
2018-06-20 00:00:00-04:00,67.75836680412479,68.3875634948433,67.12030628364373,67.6343002319336,221000,0.0,0.0
2018-06-21 00:00:00-04:00,68.53821988373693,69.43327744481536,68.23691726065164,69.35352325439453,275600,0.0,0.0
2018-06-22 00:00:00-04:00,69.43328259825076,72.34886099984786,68.99018570003457,71.65763092041016,605800,0.0,0.0
2018-06-25 00:00:00-04:00,71.5335522964002,71.91461583520837,70.56759770499866,71.36517333984375,355800,0.0,0.0
2018-06-26 00:00:00-04:00,71.45378760592276,73.11983590271701,70.3460456048077,72.8096694946289,275900,0.0,0.0
2018-06-27 00:00:00-04:00,72.69445460777547,73.21731230930506,68.52934769694974,68.61796569824219,512600,0.0,0.0
2018-06-28 00:00:00-04:00,68.56480565077322,69.4864478650474,68.11284499275624,68.7863540649414,236800,0.0,0.0
2018-06-29 00:00:00-04:00,69.10538080636223,69.35351393582698,66.26069336338526,66.28728485107422,226800,0.0,0.0
2018-07-02 00:00:00-04:00,66.02142911536997,66.827868608963,64.61238441046065,66.58859252929688,252700,0.0,0.0
2018-07-03 00:00:00-04:00,66.58858402585905,66.9962322549918,64.82506072216906,65.89735412597656,159900,0.0,0.0
2018-07-05 00:00:00-04:00,66.36704249492453,66.94306972474627,65.16181857936924,66.15435791015625,314300,0.0,0.0
2018-07-06 00:00:00-04:00,66.14548883961908,67.13802809176514,65.54287692958762,66.11890411376953,145700,0.0,0.0
2018-07-09 00:00:00-04:00,66.43793538323307,66.43793538323307,64.20472372132642,64.33765411376953,222800,0.0,0.0
2018-07-10 00:00:00-04:00,64.18700541213059,65.73784427721343,63.229914661296164,64.24903869628906,315500,0.0,0.0
2018-07-11 00:00:00-04:00,63.91228780542831,65.79101399671664,63.6730117361961,65.35678100585938,202700,0.0,0.0
2018-07-12 00:00:00-04:00,65.7378461428671,66.3227304442289,64.59465550711325,64.6301040649414,216500,0.0,0.0
2018-07-13 00:00:00-04:00,64.5503576988143,65.73786099034166,63.97433709709047,65.046630859375,158900,0.0,0.0
2018-07-16 00:00:00-04:00,65.18839521718031,65.52515309248486,62.81339623846498,63.15015411376953,315400,0.0,0.0
2018-07-17 00:00:00-04:00,63.20333943387419,66.7215297841078,62.15763051436739,62.520973205566406,487500,0.0,0.0
2018-07-18 00:00:00-04:00,62.37031107913119,63.47805322024257,61.55501448594237,62.361454010009766,359300,0.0,0.0
2018-07-19 00:00:00-04:00,62.113299061970196,63.12356587044885,60.9346668474648,62.786808013916016,273100,0.0,0.0
2018-07-20 00:00:00-04:00,63.123591617210984,63.495791415709235,61.91836742682586,63.09700012207031,174600,0.0,0.0
2018-07-23 00:00:00-04:00,62.80453995531552,63.59325168187288,62.26396134347908,62.893157958984375,280400,0.0,0.0
2018-07-24 00:00:00-04:00,63.34512103521595,63.63755978260522,60.270028184140074,60.41181564331055,383500,0.0,0.0
2018-07-25 00:00:00-04:00,60.438400255573356,62.609578612129155,60.438400255573356,61.90948486328125,402200,0.0,0.0
2018-07-26 00:00:00-04:00,61.69681326901233,64.0983975964722,61.69681326901233,63.94774627685547,385100,0.0,0.0
2018-07-27 00:00:00-04:00,64.25790138983511,65.03774934277295,63.548943788167435,63.6375617980957,278200,0.0,0.0
2018-07-30 00:00:00-04:00,63.717324982707325,64.50603679273739,62.636167644611,63.416015625,368600,0.0,0.0
2018-07-31 00:00:00-04:00,62.999508113039795,63.61984777177859,61.776563217256474,62.94633865356445,447700,0.0,0.0
2018-08-01 00:00:00-04:00,63.80594553162893,72.21592173705885,61.35119199093046,62.90203094482422,1044300,0.0,0.0
2018-08-02 00:00:00-04:00,64.57692916441161,69.56619662875046,64.55033767744156,66.11890411376953,815200,0.0,0.0
2018-08-03 00:00:00-04:00,66.37591355571543,67.17348928688695,65.02889526282092,66.26070404052734,363200,0.0,0.0
2018-08-06 00:00:00-04:00,66.11004620527046,67.27096450659043,65.06433740777678,65.2149887084961,283100,0.0,0.0
2018-08-07 00:00:00-04:00,65.52516227179012,66.18094369596172,62.91975071252943,63.2387809753418,175800,0.0,0.0
2018-08-08 00:00:00-04:00,63.22104927319646,64.11610671780619,62.529819335008625,64.0274887084961,210700,0.0,0.0
2018-08-09 00:00:00-04:00,63.9831814663466,67.12030792816059,63.9831814663466,65.95939636230469,277000,0.0,0.0
2018-08-10 00:00:00-04:00,65.72897960548677,66.81900074015654,64.9136830923879,66.18980407714844,172000,0.0,0.0
2018-08-13 00:00:00-04:00,66.48224966021361,67.05827692836459,65.7378501834313,66.44680786132812,141300,0.0,0.0
2018-08-14 00:00:00-04:00,66.48225199451156,69.10539143815951,66.39363397194332,67.78495788574219,353200,0.0,0.0
2018-08-15 00:00:00-04:00,67.72291376494015,68.8661043283031,67.40388352580999,68.81293487548828,218100,0.0,0.0
2018-08-16 00:00:00-04:00,69.36237924773201,70.23085206519828,68.46732846165936,69.45100402832031,264800,0.0,0.0
2018-08-17 00:00:00-04:00,69.51303926784409,72.36658419811666,69.0433576664865,71.15249633789062,459800,0.0,0.0
2018-08-20 00:00:00-04:00,71.63990783691406,72.21593519363466,70.74485691332066,71.63990783691406,249100,0.0,0.0
2018-08-21 00:00:00-04:00,71.86144273796525,72.18933683572303,70.36378000648857,70.43467712402344,209300,0.0,0.0
2018-08-22 00:00:00-04:00,70.5498862365341,70.94867072669709,69.30034978141218,70.79801940917969,127100,0.0,0.0
2018-08-23 00:00:00-04:00,70.6739389766375,71.87916280289676,70.55873624365704,71.07272338867188,242500,0.0,0.0
2018-08-24 00:00:00-04:00,71.22338617286506,71.8348551945614,70.47011616053375,71.73737335205078,508400,0.0,0.0
2018-08-27 00:00:00-04:00,71.88802978865385,72.87170526006203,71.8614383003794,72.2513656616211,285300,0.0,0.0
2018-08-28 00:00:00-04:00,72.20705599634175,72.90714297594877,71.55126787801748,72.58811950683594,228600,0.0,0.0
2018-08-29 00:00:00-04:00,72.4995019043478,73.05780824298935,72.11843835619607,72.48178100585938,161100,0.0,0.0
2018-08-30 00:00:00-04:00,72.33112435945729,75.3264563056062,72.26909107765043,74.39595031738281,385700,0.0,0.0
2018-08-31 00:00:00-04:00,74.35165311343282,76.03542250315765,73.2882166120228,73.92627716064453,577700,0.0,0.0
2018-09-04 00:00:00-04:00,74.8124640068044,75.805003298247,73.84651620338467,75.56572723388672,253500,0.0,0.0
2018-09-05 00:00:00-04:00,75.67207188594263,79.27001578226151,75.61890243285282,78.29520416259766,460300,0.0,0.0
2018-09-06 00:00:00-04:00,78.49903321306829,84.18839468376532,78.18886679540489,81.88429260253906,792500,0.0,0.0
2018-09-07 00:00:00-04:00,81.80453830564393,82.35398083379675,81.14875686057992,81.2462387084961,684700,0.0,0.0
2018-09-10 00:00:00-04:00,80.09418930842764,80.50183762523552,74.38710611199558,74.43141174316406,766000,0.0,0.0
2018-09-11 00:00:00-04:00,74.25416826487601,77.1254338565392,73.31480514020522,75.32646179199219,421800,0.0,0.0
2018-09-12 00:00:00-04:00,75.27329908833124,75.27329908833124,71.30314812399831,71.47152709960938,470400,0.0,0.0
2018-09-13 00:00:00-04:00,71.8260017287682,71.8260017287682,68.92814455809207,71.12590789794922,538800,0.0,0.0
2018-09-14 00:00:00-04:00,71.02841471490999,73.15528059702108,71.02841471490999,73.04893493652344,417600,0.0,0.0
2018-09-17 00:00:00-04:00,72.94259119359127,74.44912433187153,72.11843089614914,72.90714263916016,323400,0.0,0.0
2018-09-18 00:00:00-04:00,72.41975752307394,74.440278280332,72.12731195001764,72.49951171875,326900,0.0,0.0
2018-09-19 00:00:00-04:00,72.57095813547957,72.78529328766211,70.40972093560217,71.2760009765625,252100,0.63,0.0
2018-09-20 00:00:00-04:00,71.81183654056103,72.69597485085467,70.88304195846258,72.3387451171875,254100,0.0,0.0
2018-09-21 00:00:00-04:00,72.21372728989743,73.67836330010925,72.07083264812479,72.42806243896484,351500,0.0,0.0
2018-09-24 00:00:00-04:00,72.26730687209943,72.9371101516412,70.9991476314289,71.9993896484375,205300,0.0,0.0
2018-09-25 00:00:00-04:00,72.14227320745563,73.42829760851019,72.14227320745563,72.37447357177734,150000,0.0,0.0
2018-09-26 00:00:00-04:00,72.6691860337259,74.03558350418399,72.51735879310448,73.68728637695312,213400,0.0,0.0
2018-09-27 00:00:00-04:00,73.5265369993137,74.79469618291442,73.13358357931703,73.89269256591797,213200,0.0,0.0
2018-09-28 00:00:00-04:00,74.35709311824729,75.36626089196754,72.43698911197336,72.6156005859375,310100,0.0,0.0
2018-10-01 00:00:00-04:00,72.57986576162689,73.00854277221396,70.5168742563021,70.8473129272461,254100,0.0,0.0
2018-10-02 00:00:00-04:00,70.94555841953841,70.94555841953841,67.31075992705811,67.59654235839844,417100,0.0,0.0
2018-10-03 00:00:00-04:00,67.67691806876101,68.141318795993,66.71239977090154,66.9803237915039,347500,0.0,0.0
2018-10-04 00:00:00-04:00,66.7302660261324,69.20406969132961,66.62309505353522,68.49854278564453,339200,0.0,0.0
2018-10-05 00:00:00-04:00,68.23955055783259,69.49877698041291,67.41792015369163,68.20382690429688,212100,0.0,0.0
2018-10-08 00:00:00-04:00,68.17702522006448,69.98103214742468,67.5786693875674,69.50770568847656,222100,0.0,0.0
2018-10-09 00:00:00-04:00,69.72205097393481,71.76718433101026,68.74860687852193,69.64167785644531,223600,0.0,0.0
2018-10-10 00:00:00-04:00,69.7131175156014,70.49009170991704,68.37351106487215,69.69525909423828,222600,0.0,0.0
2018-10-11 00:00:00-04:00,69.68632918720662,69.88280589779671,67.33755490513191,67.68585205078125,229400,0.0,0.0
2018-10-12 00:00:00-04:00,68.64144375128453,71.89222193727394,68.31100499880408,71.0973892211914,373300,0.0,0.0
2018-10-15 00:00:00-04:00,71.07952646063097,75.22338268456404,70.90091496385097,74.13383483886719,504000,0.0,0.0
2018-10-16 00:00:00-04:00,74.21420380761357,78.09013575548546,73.7587356586904,77.4113998413086,430400,0.0,0.0
2018-10-17 00:00:00-04:00,77.62573471613098,79.3850857903397,76.42009015070407,79.20647430419922,344300,0.0,0.0
2018-10-18 00:00:00-04:00,79.20645378987668,80.23347978957385,76.58082337937789,77.49175262451172,270200,0.0,0.0
2018-10-19 00:00:00-04:00,77.57215085550054,78.02761899239096,74.53570796554989,75.71456146240234,327900,0.0,0.0
2018-10-22 00:00:00-04:00,75.74136293960741,76.92914921830243,75.52702776889903,75.73243713378906,167400,0.0,0.0
2018-10-23 00:00:00-04:00,75.26802021536399,76.6076266695442,69.29337324937123,72.01724243164062,667900,0.0,0.0
2018-10-24 00:00:00-04:00,71.62429074565229,72.80314418111162,71.40102299792446,71.50819396972656,466500,0.0,0.0
2018-10-25 00:00:00-04:00,71.56177691760534,73.65156660477557,70.55260913851679,71.4010238647461,482900,0.0,0.0
2018-10-26 00:00:00-04:00,70.66871411559207,71.6689562065074,68.15025387097249,70.82054138183594,266100,0.0,0.0
2018-10-29 00:00:00-04:00,71.82076560909736,72.33874840578328,68.00735557383416,68.5967788696289,386800,0.0,0.0
2018-10-30 00:00:00-04:00,67.30183312106942,73.46402456837201,67.12322164115564,71.12417602539062,519200,0.0,0.0
2018-10-31 00:00:00-04:00,73.2586119407069,75.37519263184404,68.31099785730636,72.37447357177734,573000,0.0,0.0
2018-11-01 00:00:00-04:00,74.50891793383592,78.25981361637524,74.50891793383592,76.53618621826172,625900,0.0,0.0
2018-11-02 00:00:00-04:00,76.9916499728783,78.24195073365604,75.79493810525928,78.00975036621094,325600,0.0,0.0
2018-11-05 00:00:00-05:00,78.02762126509576,82.242910961086,78.02762126509576,81.59097290039062,455600,0.0,0.0
2018-11-06 00:00:00-05:00,81.52845413109463,82.38580149158754,79.26005292551105,79.87627410888672,279100,0.0,0.0
2018-11-07 00:00:00-05:00,79.95663126851342,81.72491453087584,78.81350168272309,81.32302856445312,261400,0.0,0.0
2018-11-08 00:00:00-05:00,81.32304290550687,83.10918490168206,80.63538123495945,82.1268081665039,217900,0.0,0.0
2018-11-09 00:00:00-05:00,82.1268022137056,83.63609427142471,80.97473989204664,83.41282653808594,215800,0.0,0.0
2018-11-12 00:00:00-05:00,83.23421305584924,84.9221166719919,82.42152200276875,83.7432632446289,239500,0.0,0.0
2018-11-13 00:00:00-05:00,84.06476189958835,84.47557369857434,81.61774952580649,81.88567352294922,204400,0.0,0.0
2018-11-14 00:00:00-05:00,82.22503945038078,83.25207237257929,81.03725348980693,82.18931579589844,289800,0.0,0.0
2018-11-15 00:00:00-05:00,81.7785161590294,82.10895490197015,79.3404291831285,81.6445541381836,225200,0.0,0.0
2018-11-16 00:00:00-05:00,81.05513056891,81.26946571353571,76.12537454737885,77.11668395996094,389900,0.0,0.0
2018-11-19 00:00:00-05:00,76.85769253730881,78.84031136247299,76.38436597003097,77.11668395996094,341000,0.0,0.0
2018-11-20 00:00:00-05:00,76.18788222998009,78.44735069270831,75.76813778412799,77.5810775756836,282600,0.0,0.0
2018-11-21 00:00:00-05:00,78.12585353167822,80.1709801114174,77.87578793001039,79.62621307373047,147000,0.0,0.0
2018-11-23 00:00:00-05:00,78.81351414686834,80.3763883650782,78.18836718502075,78.7509994506836,82200,0.0,0.0
2018-11-26 00:00:00-05:00,78.93854866091138,79.4029494172072,77.30422702285529,78.6170425415039,223200,0.0,0.0
2018-11-27 00:00:00-05:00,78.55452773138735,80.89437630522643,78.5277366904061,79.36722564697266,183300,0.0,0.0
2018-11-28 00:00:00-05:00,79.84054749841155,82.1535980812598,79.00105859135607,82.00177764892578,229100,0.0,0.0
2018-11-29 00:00:00-05:00,81.55524301679161,82.47510505175957,80.37638957556035,81.59989929199219,152000,0.0,0.0
2018-11-30 00:00:00-05:00,81.77851266966587,82.22504817770458,78.49201105795731,79.64407348632812,315100,0.0,0.0
2018-12-03 00:00:00-05:00,80.12632819090639,80.26029019857671,75.76813751443065,77.69717407226562,263400,0.0,0.0
2018-12-04 00:00:00-05:00,77.6435908586598,79.46545642098535,77.3310105741387,77.92044067382812,229900,0.0,0.0
2018-12-06 00:00:00-05:00,77.89366426766495,79.65301546629708,76.44688659867997,79.48332977294922,278700,0.0,0.0
2018-12-07 00:00:00-05:00,79.34042217210198,80.79613222248358,77.70610746569434,79.03678131103516,307300,0.0,0.0
2018-12-10 00:00:00-05:00,78.88495779361331,79.89412550328085,77.20598006511618,77.79541015625,178900,0.0,0.0
2018-12-11 00:00:00-05:00,78.26873614198911,78.26873614198911,71.72252455788816,72.74955749511719,247000,0.0,0.0
2018-12-12 00:00:00-05:00,72.99069856169464,74.43746927518218,72.35661213198617,73.85697174072266,187000,0.0,0.0
2018-12-13 00:00:00-05:00,74.26777882630225,76.75051482180682,74.11595159597175,75.91102600097656,345200,0.0,0.0
2018-12-14 00:00:00-05:00,75.38412982994691,75.38412982994691,72.96390131324213,73.27648162841797,199900,0.0,0.0
2018-12-17 00:00:00-05:00,73.31219856270779,73.31219856270779,67.81088448739658,68.23062896728516,395900,0.0,0.0
2018-12-18 00:00:00-05:00,69.43626344554856,69.43626344554856,67.39113023833178,68.328857421875,376500,0.0,0.0
2018-12-19 00:00:00-05:00,68.8241308308096,70.13883929085658,67.43738185702158,67.92364501953125,296200,0.63,0.0
2018-12-20 00:00:00-05:00,67.77956579380746,67.87861978529412,63.16007593240962,63.92548751831055,366800,0.0,0.0
2018-12-21 00:00:00-05:00,63.7814121668736,65.75347143748331,62.59277116137785,62.763858795166016,796700,0.0,0.0
2018-12-24 00:00:00-05:00,62.1335117650871,62.69181535855291,60.86382366177567,61.06193161010742,173700,0.0,0.0
2018-12-26 00:00:00-05:00,61.0529319674137,62.529727935791016,59.91831808482508,62.529727935791016,297800,0.0,0.0
2018-12-27 00:00:00-05:00,61.89038839018831,62.82688752096356,60.008369607204166,61.746307373046875,382200,0.0,0.0
2018-12-28 00:00:00-05:00,61.98944277854048,62.916948977403564,60.26051159085493,60.926876068115234,345200,0.0,0.0
2018-12-31 00:00:00-05:00,61.15198967251144,62.142522608776964,60.00836893969577,60.63870620727539,338800,0.0,0.0
2019-01-02 00:00:00-05:00,59.990371848352815,63.349180336233225,59.09888587990063,61.989444732666016,574600,0.0,0.0
2019-01-03 00:00:00-05:00,61.4311432225665,62.50272353779883,59.79225931876727,61.944419860839844,370200,0.0,0.0
2019-01-04 00:00:00-05:00,62.62878852860257,65.90655620675615,61.62924876667627,63.862449645996094,380300,0.0,0.0
2019-01-07 00:00:00-05:00,64.15061441395274,67.25729493083834,63.48425676306388,66.68098449707031,425000,0.0,0.0
2019-01-08 00:00:00-05:00,67.1672286263542,69.14830139348192,67.07718142561227,68.98621368408203,339900,0.0,0.0
2019-01-09 00:00:00-05:00,69.26535995476961,70.62509531603098,68.19378661935087,70.55305480957031,341800,0.0,0.0
2019-01-10 00:00:00-05:00,70.43599105371052,71.11135531433267,69.18431650697035,70.75115966796875,300200,0.0,0.0
2019-01-11 00:00:00-05:00,70.71515234713,73.82183263616872,70.71515234713,73.78581237792969,412100,0.0,0.0
2019-01-14 00:00:00-05:00,74.05595696935212,75.22659136334225,71.98484356404306,72.20095825195312,434200,0.0,0.0
2019-01-15 00:00:00-05:00,72.58814857864044,72.97535768178679,66.95110650288402,68.07671356201172,382800,0.0,0.0
2019-01-16 00:00:00-05:00,68.55397551101744,71.05733158795918,67.8425909665459,70.69713592529297,331900,0.0,0.0
2019-01-17 00:00:00-05:00,70.53506186367876,72.94836433912064,70.53506186367876,71.4805679321289,220100,0.0,0.0
2019-01-18 00:00:00-05:00,71.80473434126169,72.04786934971987,70.57107321668359,70.81420135498047,213400,0.0,0.0
2019-01-22 00:00:00-05:00,70.82320418169704,71.24643357487831,67.84259173766249,69.14830017089844,267900,0.0,0.0
2019-01-23 00:00:00-05:00,69.36442113461734,71.72369643992364,69.28338070905659,70.21988677978516,223800,0.0,0.0
2019-01-24 00:00:00-05:00,70.22887005021697,71.98482109305955,68.28382472587307,71.4985580444336,318200,0.0,0.0
2019-01-25 00:00:00-05:00,72.15592399223993,72.84930189891422,69.9587433329149,71.3544921875,266900,0.0,0.0
2019-01-28 00:00:00-05:00,70.98529808784795,71.75070965271148,70.32794042333694,70.57107543945312,345300,0.0,0.0
2019-01-29 00:00:00-05:00,70.34593474024574,70.39095489635464,66.7349857045859,68.82411193847656,336700,0.0,0.0
2019-01-30 00:00:00-05:00,69.14830526242082,69.94973707313896,68.06771818257424,69.05825805664062,213200,0.0,0.0
2019-01-31 00:00:00-05:00,68.99521393013406,69.65256461643233,68.07671470714581,68.68003845214844,232100,0.0,0.0
2019-02-01 00:00:00-05:00,70.67912556232648,72.75024556377015,69.18432276932789,70.91325378417969,338700,0.0,0.0
2019-02-04 00:00:00-05:00,71.12936986583274,73.49765186504419,70.91325520219503,72.63318634033203,301900,0.0,0.0
2019-02-05 00:00:00-05:00,72.70522030927712,73.23651049456042,71.50757943734004,72.69622039794922,268200,0.0,0.0
2019-02-06 00:00:00-05:00,72.95736409520195,73.29054634917728,72.05687820137237,72.80428314208984,186400,0.0,0.0
2019-02-07 00:00:00-05:00,72.57914965067603,74.22704021235855,72.21895397875444,72.750244140625,229500,0.0,0.0
2019-02-08 00:00:00-05:00,72.56114738589694,74.08296371562213,71.75070879216557,72.53413391113281,215100,0.0,0.0
2019-02-11 00:00:00-05:00,72.98437216669562,76.04601819460564,72.55213598748989,75.60478210449219,395600,0.0,0.0
2019-02-12 00:00:00-05:00,75.91995692274136,77.23466538923577,75.32563985686708,75.8479232788086,228500,0.0,0.0
2019-02-13 00:00:00-05:00,76.64934860304739,77.53182078027784,75.66781557471934,76.86546325683594,270600,0.0,0.0
2019-02-14 00:00:00-05:00,77.18064569236759,78.81952975615114,76.56831500534065,77.79297637939453,257700,0.0,0.0
2019-02-15 00:00:00-05:00,78.44131953310873,80.36835861872346,78.44131953310873,78.70246124267578,311100,0.0,0.0
2019-02-19 00:00:00-05:00,78.61241656642407,79.26976738221943,77.35173501661048,78.79251098632812,389400,0.0,0.0
2019-02-20 00:00:00-05:00,78.65742154999214,79.82805566384029,78.34225294092853,79.70198822021484,337900,0.0,0.0
2019-02-21 00:00:00-05:00,85.32102443852554,89.82345316879075,85.23998401905807,89.58932495117188,1389100,0.0,0.0
2019-02-22 00:00:00-05:00,90.04857159510873,90.75094935432485,87.19403352438236,89.93151092529297,586300,0.0,0.0
2019-02-25 00:00:00-05:00,89.94952375760539,91.11115123490603,88.76088280620775,89.12107849121094,432100,0.0,0.0
2019-02-26 00:00:00-05:00,89.14808058599776,89.32817497043058,87.23004859816282,87.51820373535156,456800,0.0,0.0
2019-02-27 00:00:00-05:00,87.23006281355048,88.24760930472436,86.83384685903677,87.59925842285156,392800,0.0,0.0
2019-02-28 00:00:00-05:00,87.59926247959707,89.67038268480914,86.68076993451598,89.32819366455078,249000,0.0,0.0
2019-03-01 00:00:00-05:00,89.94051920778571,89.94051920778571,87.47319004006067,89.1480941772461,413500,0.0,0.0
2019-03-04 00:00:00-05:00,89.049024347622,89.59832113737349,87.53620819833532,88.52674102783203,375400,0.0,0.0
2019-03-05 00:00:00-05:00,88.52675113021132,88.63481189254914,86.59071228032624,87.02294158935547,225000,0.0,0.0
2019-03-06 00:00:00-05:00,86.98692265084541,87.30209129139608,84.23143843608655,84.771728515625,607100,0.0,0.0
2019-03-07 00:00:00-05:00,85.1319100285999,85.43807183700966,83.429992782614,84.33948516845703,279600,0.0,0.0
2019-03-08 00:00:00-05:00,83.97028786203136,84.24943621840286,82.14230306999778,82.84468078613281,325500,0.0,0.0
2019-03-11 00:00:00-04:00,82.35842288044996,82.45747685896656,80.8546133813864,81.3498764038086,392500,0.0,0.0
2019-03-12 00:00:00-04:00,81.11576170655137,81.76411257533262,80.57547160595412,80.89064025878906,292000,0.0,0.0
2019-03-13 00:00:00-04:00,81.01670404373287,81.89917623162793,79.8820900748496,81.64704132080078,293100,0.0,0.0
2019-03-14 00:00:00-04:00,81.87216399268011,84.16840543834547,80.58446907568964,81.21481323242188,457000,0.0,0.0
2019-03-15 00:00:00-04:00,81.55698963532407,82.05225951875957,78.13514122469498,78.32424926757812,628900,0.0,0.0
2019-03-18 00:00:00-04:00,78.58538228581146,79.24273985520826,77.1356066612809,77.86499786376953,499700,0.0,0.0
2019-03-19 00:00:00-04:00,78.03747740161694,78.41872198871016,76.40356213489754,77.22959899902344,460100,0.69,0.0
2019-03-20 00:00:00-04:00,77.75608065829869,77.90131371798726,74.72426176060536,75.42321014404297,271100,0.0,0.0
2019-03-21 00:00:00-04:00,75.94062491169393,80.5337322489016,75.94062491169393,80.01632690429688,642400,0.0,0.0
2019-03-22 00:00:00-04:00,80.05262647627656,80.05262647627656,77.44744163108204,77.90130615234375,487600,0.0,0.0
2019-03-25 00:00:00-04:00,77.56544429745365,79.40814008025399,76.37632146199644,78.50948333740234,352200,0.0,0.0
2019-03-26 00:00:00-04:00,78.82718565913429,80.7243429334907,78.01023507228463,78.53671264648438,286400,0.0,0.0
2019-03-27 00:00:00-04:00,78.67289016419807,80.17064476854445,77.84686017176543,79.74401092529297,338100,0.0,0.0
2019-03-28 00:00:00-04:00,80.28863414303756,82.16763305664061,80.28863414303756,82.16763305664062,437700,0.0,0.0
2019-03-29 00:00:00-04:00,82.39456938538532,83.45661772181631,81.83178176182085,82.86659240722656,352400,0.0,0.0
2019-04-01 00:00:00-04:00,83.01182788092643,84.60943312180486,83.01182788092643,83.7470932006836,344900,0.0,0.0
2019-04-02 00:00:00-04:00,83.86509061951655,84.3371136276405,82.03148089291162,83.37491607666016,446600,0.0,0.0
2019-04-03 00:00:00-04:00,84.0284846728443,84.32803694565628,81.94978414928852,83.01182556152344,442300,0.0,0.0
2019-04-04 00:00:00-04:00,83.11167336504525,84.55496622111552,82.42180424211354,84.30987548828125,275700,0.0,0.0
2019-04-05 00:00:00-04:00,84.52773950560551,86.11626549112734,84.52773950560551,85.00883483886719,348000,0.0,0.0
2019-04-08 00:00:00-04:00,84.58219999220798,85.23576606909886,83.12075554955574,84.87267303466797,344000,0.0,0.0
2019-04-09 00:00:00-04:00,84.81820698153638,85.59885454004632,82.48534353587479,82.64873504638672,546200,0.0,0.0
2019-04-10 00:00:00-04:00,82.78489073187427,84.27356589432452,81.66838782274829,84.146484375,332400,0.0,0.0
2019-04-11 00:00:00-04:00,84.61851572324755,85.82579720124923,82.18580123073303,82.4399642944336,408100,0.0,0.0
2019-04-12 00:00:00-04:00,82.73043035650572,83.2115256757211,79.93462304151335,82.26748657226562,425300,0.0,0.0
2019-04-15 00:00:00-04:00,82.17671368738938,83.25691352427593,81.16006153542405,81.22360229492188,300600,0.0,0.0
2019-04-16 00:00:00-04:00,81.51407253314797,81.73192556889713,77.9013078194066,80.65172576904297,602600,0.0,0.0
2019-04-17 00:00:00-04:00,80.75158162967047,81.5866907574054,78.90889262538141,79.15397644042969,372100,0.0,0.0
2019-04-18 00:00:00-04:00,78.90888387926941,81.5957609437975,78.6547208620796,80.41571044921875,193300,0.0,0.0
2019-04-22 00:00:00-04:00,80.3794182377954,80.6789635911229,78.64565225359014,80.0526351928711,272800,0.0,0.0
2019-04-23 00:00:00-04:00,80.34311031982533,82.75766629710087,80.34311031982533,81.24176025390625,251600,0.0,0.0
2019-04-24 00:00:00-04:00,81.03298335370891,84.12834327729705,81.03298335370891,83.32954406738281,262100,0.0,0.0
2019-04-25 00:00:00-04:00,83.38400093717765,85.53532153296523,82.78489636920241,84.80913543701172,277500,0.0,0.0
2019-04-26 00:00:00-04:00,85.37192616336311,86.37042680626897,82.75766187598946,85.0451431274414,426800,0.0,0.0
2019-04-29 00:00:00-04:00,84.99975014534115,85.46269391334349,82.83935743703567,83.2659912109375,412300,0.0,0.0
2019-04-30 00:00:00-04:00,83.56554454965864,83.78340453513603,79.08136719265292,80.4792709350586,747600,0.0,0.0
2019-05-01 00:00:00-04:00,80.48834092911204,81.150986246419,74.17054696558922,76.96635437011719,1737100,0.0,0.0
2019-05-02 00:00:00-04:00,77.42929139099395,81.06927992602,76.9028068754331,80.04354858398438,515600,0.0,0.0
2019-05-03 00:00:00-04:00,80.69712784790687,80.9149809183615,78.9361309710526,80.2432632446289,367100,0.0,0.0
2019-05-06 00:00:00-04:00,79.28105718121154,81.87716299109023,78.89074031213094,81.34160614013672,314800,0.0,0.0
2019-05-07 00:00:00-04:00,81.19636752170095,81.55038132668136,78.83627318002365,79.30829620361328,330400,0.0,0.0
2019-05-08 00:00:00-04:00,79.39907775475596,79.75309160442852,77.79239312123487,77.8650131225586,330400,0.0,0.0
2019-05-09 00:00:00-04:00,77.610842163012,79.33552892949702,76.93912453253266,79.26290893554688,322900,0.0,0.0
2019-05-10 00:00:00-04:00,79.18121295834666,82.0314817969649,78.79088916577545,81.50499725341797,392500,0.0,0.0
2019-05-13 00:00:00-04:00,80.08893924940881,80.12524231799782,78.59118489216426,79.54429626464844,296500,0.0,0.0
2019-05-14 00:00:00-04:00,79.52614276567411,81.57761236143344,79.19028052342573,80.36125183105469,437900,0.0,0.0
2019-05-15 00:00:00-04:00,80.90590151688359,81.35069381346524,79.68046847569727,80.39757537841797,204900,0.0,0.0
2019-05-16 00:00:00-04:00,80.41571991958423,82.60335043667084,79.19936621537946,79.30829620361328,239800,0.0,0.0
2019-05-17 00:00:00-04:00,79.01782006803006,81.28714279341376,78.16455250715032,80.28863525390625,217900,0.0,0.0
2019-05-20 00:00:00-04:00,79.85292053222656,79.99815356972303,78.37331784303466,79.85292053222656,322600,0.0,0.0
2019-05-21 00:00:00-04:00,80.21603737205182,80.82421431545926,78.95429425196934,79.52616119384766,239400,0.0,0.0
2019-05-22 00:00:00-04:00,79.42629397817609,80.52464532670922,78.68195641448325,79.54429626464844,220900,0.0,0.0
2019-05-23 00:00:00-04:00,78.8998124585949,79.42629700369244,77.11158500655829,77.94670104980469,366200,0.0,0.0
2019-05-24 00:00:00-04:00,78.14640447894932,80.46111673800323,78.14640447894932,80.07987213134766,298300,0.0,0.0
2019-05-28 00:00:00-04:00,80.15248143072192,82.18579265354718,79.89831146812332,80.28863525390625,297900,0.0,0.0
2019-05-29 00:00:00-04:00,80.08895504034781,80.76975198010607,79.18122578733681,79.99817657470703,284900,0.0,0.0
2019-05-30 00:00:00-04:00,79.99817113843906,82.95737024128174,79.75308730396756,82.12226104736328,322600,0.0,0.0
2019-05-31 00:00:00-04:00,81.17821271517658,85.7713196898841,81.17821271517658,85.70777893066406,510800,0.0,0.0
2019-06-03 00:00:00-04:00,85.46269510095537,87.4415447916802,81.94978103392702,83.5473861694336,579300,0.0,0.0
2019-06-04 00:00:00-04:00,84.34619711268903,85.3810078651904,82.84844252077673,83.30230712890625,276600,0.0,0.0
2019-06-05 00:00:00-04:00,83.62000562012831,85.28114457871678,82.06778971923025,84.33711242675781,241500,0.0,0.0
2019-06-06 00:00:00-04:00,84.46419668095068,86.4793494931697,84.46419668095068,86.12533569335938,303200,0.0,0.0
2019-06-07 00:00:00-04:00,86.60643712888965,88.19496306074377,86.07087335635863,86.92414093017578,253900,0.0,0.0
2019-06-10 00:00:00-04:00,88.04064074098058,89.17530208081071,87.4778531486957,88.37650299072266,293800,0.0,0.0
2019-06-11 00:00:00-04:00,88.47635945005968,88.95745478111424,85.39007902154853,86.08902740478516,302800,0.0,0.0
2019-06-12 00:00:00-04:00,85.32653970205018,86.1162665520196,83.78340292441666,85.1449966430664,241100,0.0,0.0
2019-06-13 00:00:00-04:00,85.8257966632877,87.67755809447732,85.6624051340152,85.99826049804688,260700,0.0,0.0
2019-06-14 00:00:00-04:00,85.99826038608958,88.37651332564339,85.9165680842717,87.8591079711914,254200,0.0,0.0
2019-06-17 00:00:00-04:00,88.32203727999462,89.97410383553559,88.2403380661757,88.7759017944336,326100,0.0,0.0
2019-06-18 00:00:00-04:00,88.82130214325177,89.8651921237131,87.43247755486227,87.78649139404297,402200,0.0,0.0
2019-06-19 00:00:00-04:00,87.7864804101361,88.64587958523437,86.5888124343466,87.91448211669922,212200,0.69,0.0
2019-06-20 00:00:00-04:00,87.76819605812253,89.51442080695323,86.63452547875818,88.23446655273438,200600,0.0,0.0
2019-06-21 00:00:00-04:00,87.91447891355982,87.93276088515147,86.4790965243893,87.06422424316406,273300,0.0,0.0
2019-06-24 00:00:00-04:00,87.52134747474186,87.85047177924368,86.11339855054987,87.21964263916016,241000,0.0,0.0
2019-06-25 00:00:00-04:00,87.61278315412198,88.28932777620446,84.63231926195729,85.36372375488281,337600,0.0,0.0
2019-06-26 00:00:00-04:00,85.33627177922558,85.98539678754797,83.70890446021589,84.5134506225586,274500,0.0,0.0
2019-06-27 00:00:00-04:00,84.85173267206805,86.32367906776935,84.72373793984967,86.25968170166016,334600,0.0,0.0
2019-06-28 00:00:00-04:00,86.46082493505816,87.9144894703771,85.0345938232051,87.28365325927734,331500,0.0,0.0
2019-07-01 00:00:00-04:00,87.64019772427892,88.4630259235066,85.61970163101327,87.21964263916016,233400,0.0,0.0
2019-07-02 00:00:00-04:00,87.375068168711,88.20704088258022,86.3236769158215,88.1430435180664,197600,0.0,0.0
2019-07-03 00:00:00-04:00,88.07904187230325,90.72123679567406,88.07904187230325,90.55667114257812,145300,0.0,0.0
2019-07-05 00:00:00-04:00,90.11781588239435,94.95420961272956,89.88925289121701,94.51536560058594,390800,0.0,0.0
2019-07-08 00:00:00-04:00,94.16796043074761,95.08221247376459,90.45609936815939,90.75779724121094,313900,0.0,0.0
2019-07-09 00:00:00-04:00,90.52010121506468,90.79437265643902,88.0241899449379,89.06643676757812,241900,0.0,0.0
2019-07-10 00:00:00-04:00,89.27671750761128,89.38642329370492,85.62885364101092,88.01504516601562,372700,0.0,0.0
2019-07-11 00:00:00-04:00,89.0024376616511,90.05382893768744,87.96019085937223,89.8069839477539,274900,0.0,0.0
2019-07-12 00:00:00-04:00,89.82525475558005,90.93149878628513,88.17959844326487,90.52008819580078,158800,0.0,0.0
2019-07-15 00:00:00-04:00,91.00465360775836,91.53492149244313,89.3681415344525,90.79437255859375,257300,0.0,0.0
2019-07-16 00:00:00-04:00,90.19096665650692,90.46523808800175,85.089438513541,86.5339584350586,456200,0.0,0.0
2019-07-17 00:00:00-04:00,87.57620933169306,88.40817511403317,86.4425386828735,86.78080749511719,530300,0.0,0.0
2019-07-18 00:00:00-04:00,86.59795618165239,86.69852446620071,84.07461854467702,85.85741424560547,491100,0.0,0.0
2019-07-19 00:00:00-04:00,85.64712731905175,87.79561811598768,84.97972029246175,87.31106567382812,301400,0.0,0.0
2019-07-22 00:00:00-04:00,87.70419502380632,88.06075274735556,85.11686017840908,85.49170684814453,264500,0.0,0.0
2019-07-23 00:00:00-04:00,85.73855723442183,86.1042594541578,81.81641505251274,82.73066711425781,405900,0.0,0.0
2019-07-24 00:00:00-04:00,82.73067062375624,84.76031140295954,82.31011549453599,84.16604614257812,394700,0.0,0.0
2019-07-25 00:00:00-04:00,84.01063353495014,85.50086209985858,82.76724999329758,82.8129653930664,255100,0.0,0.0
2019-07-26 00:00:00-04:00,83.37065053898733,84.66888683616487,82.584393181499,82.99580383300781,297600,0.0,0.0
2019-07-29 00:00:00-04:00,82.7215239480677,84.76030199996501,80.92044639380136,81.35928344726562,433400,0.0,0.0
2019-07-30 00:00:00-04:00,80.9661653538036,82.33754353107095,79.00966637891739,79.05538177490234,851100,0.0,0.0
2019-07-31 00:00:00-04:00,71.70478285751813,78.86337751370984,71.30250975545196,75.05094146728516,1314400,0.0,0.0
2019-08-01 00:00:00-04:00,73.55156456751864,77.87597924134272,73.14015399139251,76.83373260498047,645600,0.0,0.0
2019-08-02 00:00:00-04:00,76.83373902777734,77.70227563895365,74.10012749688987,75.45321655273438,451900,0.0,0.0
2019-08-05 00:00:00-04:00,74.42011426680502,75.425790072737,73.51500673898516,74.14583587646484,414800,0.0,0.0
2019-08-06 00:00:00-04:00,74.4749661762477,74.6852472027708,72.47275208856402,72.60075378417969,376600,0.0,0.0
2019-08-07 00:00:00-04:00,72.22590997981176,73.96299022246538,71.54022096101609,73.24073028564453,338400,0.0,0.0
2019-08-08 00:00:00-04:00,73.66129002774561,77.83942176688201,73.66129002774561,76.05663299560547,419800,0.0,0.0
2019-08-09 00:00:00-04:00,75.43493455046162,76.67831782975267,75.02351696492592,75.03266143798828,294400,0.0,0.0
2019-08-12 00:00:00-04:00,74.6395352136898,74.72182152353516,72.62818353662017,72.93902587890625,316600,0.0,0.0
2019-08-13 00:00:00-04:00,72.86589456804096,75.23381129623816,71.6499444929461,72.31734466552734,414600,0.0,0.0
2019-08-14 00:00:00-04:00,71.70478696658702,72.30818967907544,69.93113579695272,69.94942474365234,490600,0.0,0.0
2019-08-15 00:00:00-04:00,70.21456243538927,70.54369374174185,68.86146628980752,69.14488220214844,282400,0.0,0.0
2019-08-16 00:00:00-04:00,69.96770639798898,71.40308179906778,69.22716448936808,70.15969848632812,272500,0.0,0.0
2019-08-19 00:00:00-04:00,70.53455393607695,70.97339105679734,69.8122939090681,70.278564453125,293600,0.0,0.0
2019-08-20 00:00:00-04:00,70.06827261016129,70.06827261016129,68.11177389129884,68.49575805664062,330900,0.0,0.0
2019-08-21 00:00:00-04:00,68.88889183764564,69.41915971042982,68.18492081530025,68.48662567138672,315100,0.0,0.0
2019-08-22 00:00:00-04:00,68.5323430335796,71.16538681849995,68.20321168856572,70.40656280517578,454200,0.0,0.0
2019-08-23 00:00:00-04:00,70.15056461100866,70.59854617360186,69.24545003685188,69.44658660888672,391200,0.0,0.0
2019-08-26 00:00:00-04:00,69.8397218279156,69.9220081492774,68.50491451356446,68.95289611816406,221500,0.0,0.0
2019-08-27 00:00:00-04:00,68.33119612714665,69.0168851632739,64.55533767927425,64.70161437988281,437700,0.0,0.0
2019-08-28 00:00:00-04:00,64.54619544334423,67.21580984250087,64.2627795306472,66.99639129638672,391800,0.0,0.0
2019-08-29 00:00:00-04:00,67.65465228097423,69.2271669365083,67.17009980634354,67.2249526977539,365600,0.0,0.0
2019-08-30 00:00:00-04:00,67.3712472789026,67.61809230538994,64.22621745882235,64.50049591064453,474300,0.0,0.0
2019-09-03 00:00:00-04:00,64.29935208501139,66.3198483958378,64.29935208501139,64.66505432128906,403800,0.0,0.0
2019-09-04 00:00:00-04:00,64.67418660576617,66.1369884577471,64.09821033832071,65.18617248535156,485000,0.0,0.0
2019-09-05 00:00:00-04:00,65.58844149584694,66.57583540469611,64.7107603463776,65.40559387207031,378100,0.0,0.0
2019-09-06 00:00:00-04:00,65.69815702023048,66.93239597064183,65.4513050450342,66.0912857055664,267800,0.0,0.0
2019-09-09 00:00:00-04:00,66.28326319596314,68.64203478787852,66.28326319596314,68.45004272460938,286200,0.0,0.0
2019-09-10 00:00:00-04:00,67.89236758479842,68.88889909448511,67.52666532452066,68.74262237548828,272500,0.0,0.0
2019-09-11 00:00:00-04:00,68.72432987706115,68.92546645858636,67.33466972999896,68.56890869140625,347800,0.0,0.0
2019-09-12 00:00:00-04:00,68.98031251424896,69.40087458402584,67.05124018297835,67.12438201904297,307000,0.0,0.0
2019-09-13 00:00:00-04:00,66.98724791154714,68.79747012818973,66.98724791154714,67.53580474853516,248900,0.0,0.0
2019-09-16 00:00:00-04:00,67.25237511421223,68.98945531509455,66.99638566938123,67.8192138671875,195400,0.0,0.0
2019-09-17 00:00:00-04:00,68.17576716461427,69.00773978149522,67.11523853699067,67.78263854980469,209400,0.0,0.0
2019-09-18 00:00:00-04:00,68.02949739123812,68.02949739123812,66.63068591608626,66.98724365234375,196000,0.0,0.0
2019-09-19 00:00:00-04:00,67.12569497052995,67.3379680674463,65.3259506225586,65.3259506225586,216500,0.69,0.0
2019-09-20 00:00:00-04:00,65.40901912895282,66.64576024227303,65.35363772163163,66.03662109375,348400,0.0,0.0
2019-09-23 00:00:00-04:00,66.17505625488536,66.72882807278494,65.53822993070274,66.5719223022461,172500,0.0,0.0
2019-09-24 00:00:00-04:00,66.978012348005,67.43025271052484,65.27979961605274,65.9443130493164,184700,0.0,0.0
2019-09-25 00:00:00-04:00,66.1104503024478,67.44872280340897,65.5013111625112,66.76573944091797,184600,0.0,0.0
2019-09-26 00:00:00-04:00,66.82112062660867,67.88250721586269,66.3319616263745,67.36565399169922,169800,0.0,0.0
2019-09-27 00:00:00-04:00,68.14093037643113,69.41459005992944,66.79343351204858,67.74406433105469,220200,0.0,0.0
2019-09-30 00:00:00-04:00,67.93788774000367,70.44829578310339,67.93788774000367,70.01451110839844,300800,0.0,0.0
2019-10-01 00:00:00-04:00,70.16217139601548,72.08189582930768,68.5562514573485,68.72238159179688,402600,0.0,0.0
2019-10-02 00:00:00-04:00,68.27937359473314,68.41780950755101,66.99647545677784,67.2825927734375,306000,0.0,0.0
2019-10-03 00:00:00-04:00,67.19029926125086,68.2701416212939,65.18750622722526,68.06709289550781,331500,0.0,0.0
2019-10-04 00:00:00-04:00,67.5871586277133,68.39934640911781,64.93830812924003,65.75049591064453,277400,0.0,0.0
2019-10-07 00:00:00-04:00,65.3721007319856,66.3135001612256,65.25211355035118,65.74127960205078,353600,0.0,0.0
2019-10-08 00:00:00-04:00,65.53823100629133,66.26735733975747,64.95677199625433,65.51054382324219,409000,0.0,0.0
2019-10-09 00:00:00-04:00,65.82433848656564,65.82433848656564,62.77862173369007,63.36008071899414,442100,0.0,0.0
2019-10-10 00:00:00-04:00,63.369315053418795,66.15660180738607,63.369315053418795,64.46761322021484,434100,0.0,0.0
2019-10-11 00:00:00-04:00,65.28903202007294,66.45194299408986,64.83679160187239,65.87049102783203,330800,0.0,0.0
2019-10-14 00:00:00-04:00,65.94432140267035,66.60884196161112,64.14458409012352,65.27057647705078,232100,0.0,0.0
2019-10-15 00:00:00-04:00,65.4367057017852,66.82112116638643,64.60605501472423,66.7842025756836,253600,0.0,0.0
2019-10-16 00:00:00-04:00,66.93185473024127,67.43947643550182,66.05506128460894,66.48884582519531,210600,0.0,0.0
2019-10-17 00:00:00-04:00,66.36888824488236,67.40258073524441,65.77819776845863,66.71037292480469,249100,0.0,0.0
2019-10-18 00:00:00-04:00,66.23043735267386,67.42103548920304,66.23043735267386,66.99647521972656,180000,0.0,0.0
2019-10-21 00:00:00-04:00,68.78699551553966,69.24846738352691,67.79944599970702,68.30706787109375,183800,0.0,0.0
2019-10-22 00:00:00-04:00,67.80867003505347,68.13169889921744,67.01493794510706,67.36565399169922,213700,0.0,0.0
2019-10-23 00:00:00-04:00,67.48564933465087,67.90097120431746,66.064315118889,67.1903076171875,243600,0.0,0.0
2019-10-24 00:00:00-04:00,67.21797969437978,67.89172453520143,65.94431310288064,65.98123168945312,161600,0.0,0.0
2019-10-25 00:00:00-04:00,66.35042489821312,68.67624706600648,65.86126584270552,67.9471206665039,256800,0.0,0.0
2019-10-28 00:00:00-04:00,68.25167206326721,68.85158677341873,65.82433308456231,66.1565933227539,279900,0.0,0.0
2019-10-29 00:00:00-04:00,66.96879566679888,67.94712082154838,66.4611808335958,67.4764175415039,453200,0.0,0.0
2019-10-30 00:00:00-04:00,68.0671009271693,69.21154919486659,65.81511594490844,67.43949890136719,609900,0.0,0.0
2019-10-31 00:00:00-04:00,66.96878814404994,68.06709332694474,65.77819000562224,67.5133285522461,379600,0.0,0.0
2019-11-01 00:00:00-04:00,67.47640855992114,69.80222338193747,66.56269634857554,69.60840606689453,279300,0.0,0.0
2019-11-04 00:00:00-05:00,69.76531219997447,71.6481182279549,69.09156722969087,70.58673858642578,292800,0.0,0.0
2019-11-05 00:00:00-05:00,70.35599392198608,72.98638178100347,70.35599392198608,72.42338562011719,302700,0.0,0.0
2019-11-06 00:00:00-05:00,72.7094961742126,73.17096797734064,71.38045512792358,72.10035705566406,316300,0.0,0.0
2019-11-07 00:00:00-05:00,72.54336600613077,74.02930577475915,71.12203200824705,71.86038970947266,494000,0.0,0.0
2019-11-08 00:00:00-05:00,71.53736045511275,72.34031688108527,71.45429186947716,72.31262969970703,121900,0.0,0.0
2019-11-11 00:00:00-05:00,72.02652686107068,72.64489744726075,71.62966079023944,72.4049301147461,112300,0.0,0.0
2019-11-12 00:00:00-05:00,72.56182789443537,73.08790546134965,71.84192597626247,72.99560546875,207600,0.0,0.0
2019-11-13 00:00:00-05:00,72.40492250577874,73.8354879004503,71.87884493614807,72.949462890625,187600,0.0,0.0
2019-11-14 00:00:00-05:00,72.85717123788942,73.30941163772162,70.15294616366661,70.67902374267578,211300,0.0,0.0
2019-11-15 00:00:00-05:00,70.82669772297986,72.69104794434291,70.0514283931865,72.33110046386719,216300,0.0,0.0
2019-11-18 00:00:00-05:00,72.4049293697801,74.38925970351978,72.12805048880575,74.1031494140625,249500,0.0,0.0
2019-11-19 00:00:00-05:00,74.11237281104873,74.71228050906097,73.42016512118775,74.25080871582031,183400,0.0,0.0
2019-11-20 00:00:00-05:00,74.01085627832019,74.43540952800915,73.24481133058725,73.85395050048828,211300,0.0,0.0
2019-11-21 00:00:00-05:00,74.34311628585391,75.20145419043645,73.5586085241752,74.65691375732422,323700,0.0,0.0
2019-11-22 00:00:00-05:00,75.19222295589245,75.19222295589245,73.73397024727224,74.22312927246094,169200,0.0,0.0
2019-11-25 00:00:00-05:00,74.68459340241948,75.46909404340903,74.02007289285162,74.93379211425781,234500,0.0,0.0
2019-11-26 00:00:00-05:00,75.05377996230379,75.57062617110668,73.89086895099578,74.08468627929688,132200,0.0,0.0
2019-11-27 00:00:00-05:00,74.619987172705,75.7921294647132,74.37079550390445,75.75521087646484,201300,0.0,0.0
2019-11-29 00:00:00-05:00,75.93980362970933,77.17655180239248,75.88442926308966,76.49356842041016,119900,0.0,0.0
2019-12-02 00:00:00-05:00,76.30899029653547,76.74277499002379,75.48757091412222,76.40128326416016,291900,0.0,0.0
2019-12-03 00:00:00-05:00,75.80135393438857,76.48433725566692,74.94301612056641,75.82904815673828,148200,0.0,0.0
2019-12-04 00:00:00-05:00,76.17054065929892,76.91812278559692,75.36758416557187,75.43218994140625,181600,0.0,0.0
2019-12-05 00:00:00-05:00,75.9213490096205,75.99517915240276,75.0353239227203,75.12761688232422,123100,0.0,0.0
2019-12-06 00:00:00-05:00,75.83827208705408,76.67815412265267,75.45986888179038,76.04132080078125,236000,0.0,0.0
2019-12-09 00:00:00-05:00,76.0320977720102,76.39204524364652,74.2046732300876,74.58307647705078,207100,0.0,0.0
2019-12-10 00:00:00-05:00,75.44140628953386,75.81981653741448,74.48154412094722,75.78289794921875,280300,0.0,0.0
2019-12-11 00:00:00-05:00,76.60432386971048,77.73031626286932,75.55216865939842,77.36113739013672,295700,0.0,0.0
2019-12-12 00:00:00-05:00,77.02887681532427,78.64402821606153,76.38281907162987,77.5826416015625,305100,0.0,0.0
2019-12-13 00:00:00-05:00,77.37959439299323,77.97950919051577,74.57385181530577,75.14607238769531,230100,0.0,0.0
2019-12-16 00:00:00-05:00,75.21067089918843,75.5706183346365,73.37401513350457,75.20144653320312,287100,0.0,0.0
2019-12-17 00:00:00-05:00,74.95225528534964,75.64446304421858,74.28773471019521,75.43218994140625,171700,0.0,0.0
2019-12-18 00:00:00-05:00,75.47832520997287,75.69982969862151,74.27850277508367,75.49678802490234,201600,0.0,0.0
2019-12-19 00:00:00-05:00,75.1151597159197,76.13903997959625,74.43568328791929,75.97149658203125,187000,0.69,0.0
2019-12-20 00:00:00-05:00,75.9063387579585,76.41827177185105,75.02207920439432,75.75740814208984,421700,0.0,0.0
2019-12-23 00:00:00-05:00,75.64571074325252,76.8371343748621,75.40370914276859,76.1390380859375,288700,0.0,0.0
2019-12-24 00:00:00-05:00,76.15765330686396,77.13499098329002,76.15765330686396,76.44619750976562,158400,0.0,0.0
2019-12-26 00:00:00-05:00,76.53928395028349,77.51661454128346,76.20419714725406,77.07913970947266,122900,0.0,0.0
2019-12-27 00:00:00-05:00,77.19083055940949,77.74930614582397,75.73879261445138,75.89702606201172,232500,0.0,0.0
2019-12-30 00:00:00-05:00,76.04594958801636,78.46602229868905,75.48747400147741,78.35432434082031,284900,0.0,0.0
2019-12-31 00:00:00-05:00,78.15885988855709,79.12688757295626,77.73069502646943,77.73999786376953,292100,0.0,0.0
2020-01-02 00:00:00-05:00,77.91684680709972,79.44335000390451,77.91684680709972,79.38750457763672,310300,0.0,0.0
2020-01-03 00:00:00-05:00,78.64288397022956,79.5922990451077,78.20540909272727,79.18274688720703,228200,0.0,0.0
2020-01-06 00:00:00-05:00,78.7918077148264,79.76913832237523,78.0471687840627,79.43405151367188,247700,0.0,0.0
2020-01-07 00:00:00-05:00,79.19204656413224,79.92737552442516,78.68010643310464,78.81041717529297,163800,0.0,0.0
2020-01-08 00:00:00-05:00,78.50325610794559,82.15197833338695,78.50325610794559,80.45793151855469,440700,0.0,0.0
2020-01-09 00:00:00-05:00,80.7278582685282,81.23979128808726,78.72664747940863,78.91280364990234,230500,0.0,0.0
2020-01-10 00:00:00-05:00,79.11757717381013,80.02044948484154,78.94072384650224,79.49920654296875,199800,0.0,0.0
2020-01-13 00:00:00-05:00,78.38225250447398,80.08560919803588,78.37294256532039,79.2572021484375,245400,0.0,0.0
2020-01-14 00:00:00-05:00,78.84764178570762,79.49920253157443,78.35432158326977,79.38750457763672,182400,0.0,0.0
2020-01-15 00:00:00-05:00,79.45266456624569,80.9233224223753,79.45266456624569,80.26245880126953,119000,0.0,0.0
2020-01-16 00:00:00-05:00,80.85817360799822,83.29685224664935,80.84886366852311,82.40328979492188,211100,0.0,0.0
2020-01-17 00:00:00-05:00,82.74768299447109,83.41785657989034,81.50041391018466,81.62142181396484,184400,0.0,0.0
2020-01-21 00:00:00-05:00,81.32356495674753,81.32356495674753,79.51782031212896,80.57892608642578,415400,0.0,0.0
2020-01-22 00:00:00-05:00,80.8302436830636,81.29564123656277,79.83429320263149,80.01114654541016,229900,0.0,0.0
2020-01-23 00:00:00-05:00,80.13214495388816,81.08155991138945,79.98322143395637,80.46723175048828,229000,0.0,0.0
2020-01-24 00:00:00-05:00,80.69993451977456,80.95125318038149,79.6481385847321,80.19731140136719,141500,0.0,0.0
2020-01-27 00:00:00-05:00,79.11758718566763,80.71855596847274,79.11758718566763,80.09492492675781,359600,0.0,0.0
2020-01-28 00:00:00-05:00,80.16938298114447,82.24505927131354,80.09492476689078,81.65866088867188,327100,0.0,0.0
2020-01-29 00:00:00-05:00,82.0495842343032,83.72501104623807,81.02571111010924,82.9710693359375,206500,0.0,0.0
2020-01-30 00:00:00-05:00,82.19851124543702,82.61737329229447,80.25315293683738,81.42595672607422,205200,0.0,0.0
2020-01-31 00:00:00-05:00,81.41664698053577,81.41664698053577,78.65218445003208,79.35028076171875,155500,0.0,0.0
2020-02-03 00:00:00-05:00,79.62951742780824,80.40207190341815,78.63356703263166,79.36888885498047,178100,0.0,0.0
2020-02-04 00:00:00-05:00,80.19731644202969,80.87679294939346,79.78776428872307,79.82499694824219,176300,0.0,0.0
2020-02-05 00:00:00-05:00,80.65339369332061,83.14792474819897,79.89014202511022,82.96176147460938,168400,0.0,0.0
2020-02-06 00:00:00-05:00,82.85937126504832,83.74363081313075,82.19850763938399,83.4830093383789,145400,0.0,0.0
2020-02-07 00:00:00-05:00,83.16653440772625,83.38062038897952,80.29968401452271,80.3276138305664,190300,0.0,0.0
2020-02-10 00:00:00-05:00,80.4300148492563,80.94194793701172,79.2106683354602,80.94194793701172,191600,0.0,0.0
2020-02-11 00:00:00-05:00,81.19326177604825,82.54291186503613,80.56032080778974,82.14266967773438,105300,0.0,0.0
2020-02-12 00:00:00-05:00,82.37536320291582,84.48826487457679,81.97512104115063,83.6319351196289,518800,0.0,0.0
2020-02-13 00:00:00-05:00,83.21307823132265,84.7023488792487,82.4498265804229,84.69303894042969,161600,0.0,0.0
2020-02-14 00:00:00-05:00,85.23290274978226,85.95892175515873,84.5068837444058,85.6796875,140600,0.0,0.0
2020-02-18 00:00:00-05:00,85.53076045063025,87.67159200316347,85.15844099348496,87.51335144042969,367300,0.0,0.0
2020-02-19 00:00:00-05:00,87.8019006240651,89.63556804749261,87.55989191756429,89.08639526367188,654200,0.0,0.0
2020-02-20 00:00:00-05:00,89.18878956635346,91.21792324504425,88.47208043690271,91.0689926147461,448000,0.0,0.0
2020-02-21 00:00:00-05:00,90.84560689816885,91.56232315369671,89.77519103561133,90.48259735107422,391800,0.0,0.0
2020-02-24 00:00:00-05:00,89.5611031371749,97.24016249601755,87.48542699798563,89.69141387939453,717800,0.0,0.0
2020-02-25 00:00:00-05:00,87.82982255121021,87.82982255121021,81.44456786266505,82.42190551757812,567500,0.0,0.0
2020-02-26 00:00:00-05:00,82.81283937957843,85.86584610486011,80.83955125405114,81.13740539550781,549400,0.0,0.0
2020-02-27 00:00:00-05:00,79.32235710445086,80.392772856619,75.60848675872931,76.41827392578125,472300,0.0,0.0
2020-02-28 00:00:00-05:00,74.83593483454067,77.51662243018791,74.11921856013043,76.18558502197266,402600,0.0,0.0
2020-03-02 00:00:00-05:00,75.34786301125988,79.10827619253708,74.9383179825884,78.95004272460938,415500,0.0,0.0
2020-03-03 00:00:00-05:00,78.78250017459635,80.616167738788,75.75741596602117,77.9261703491211,399700,0.0,0.0
2020-03-04 00:00:00-05:00,78.92210999227258,84.05079250150467,77.62830549251422,83.93909454345703,623700,0.0,0.0
2020-03-05 00:00:00-05:00,82.07751229018598,82.07751229018598,72.03423229823375,73.3466567993164,689400,0.0,0.0
2020-03-06 00:00:00-05:00,70.87073569674001,71.31752045265654,67.35233148648244,69.0184555053711,507000,0.0,0.0
2020-03-09 00:00:00-04:00,62.87520946689495,63.96423798835859,56.7784989519817,57.243896484375,587300,0.0,0.0
2020-03-10 00:00:00-04:00,59.87804800650065,59.90597072211928,52.42237757600725,55.96870803833008,646300,0.0,0.0
2020-03-11 00:00:00-04:00,54.274664764221605,54.274664764221605,47.34954679402589,47.78702163696289,1099000,0.0,0.0
2020-03-12 00:00:00-04:00,44.55715901164554,44.55715901164554,31.76803673681986,32.57782745361328,1861200,0.0,0.0
2020-03-13 00:00:00-04:00,35.844919796653,40.02419159790588,33.17353870047763,39.72633743286133,1480500,0.0,0.0
2020-03-16 00:00:00-04:00,32.48475113337574,35.00720505835599,30.390462111757856,30.967554092407227,1076000,0.0,0.0
2020-03-17 00:00:00-04:00,31.43295113016627,32.57782868353192,26.993058052069305,28.361326217651367,932600,0.0,0.0
2020-03-18 00:00:00-04:00,26.062263039981616,26.276345488868706,13.18005859533407,15.823516845703125,1741100,0.0,0.0
2020-03-19 00:00:00-04:00,16.817357696763164,19.48708861384836,15.589670891078688,17.304534912109375,2375600,0.76,0.0
2020-03-20 00:00:00-04:00,18.512734208938927,18.999911424963635,16.39838501705435,16.963510513305664,1844400,0.0,0.0
2020-03-23 00:00:00-04:00,17.93786330152317,18.960934618047013,16.934277659445105,18.395809173583984,1895400,0.0,0.0
2020-03-24 00:00:00-04:00,20.237341232311657,25.88859598053517,19.974265099609823,24.485525131225586,2706600,0.0,0.0
2020-03-25 00:00:00-04:00,26.931158547546957,33.907536816328104,26.44398128375814,28.98704719543457,3033100,0.0,0.0
2020-03-26 00:00:00-04:00,29.181913183503813,37.493154502096836,29.181913183503813,35.3398323059082,2245000,0.0,0.0
2020-03-27 00:00:00-04:00,33.28394344574569,33.60548215566606,30.204983941072346,31.77369499206543,1061500,0.0,0.0
2020-03-30 00:00:00-04:00,30.653188211649827,31.03318768741393,26.69730990934708,27.55474281311035,1045700,0.0,0.0
2020-03-31 00:00:00-04:00,27.291669045975773,30.594730118890244,27.174745691358293,27.944486618041992,892200,0.0,0.0
2020-04-01 00:00:00-04:00,25.440395701254733,26.005521217181748,21.435798251406787,21.8157958984375,1370200,0.0,0.0
2020-04-02 00:00:00-04:00,21.932716309263405,23.85219368065009,19.876828067208407,20.461441040039062,1081300,0.0,0.0
2020-04-03 00:00:00-04:00,20.510160191393922,22.15681971316896,18.444529822059412,19.86708641052246,1136400,0.0,0.0
2020-04-06 00:00:00-04:00,21.854770683089917,27.671666099781447,21.854770683089917,27.34038543701172,2262900,0.0,0.0
2020-04-07 00:00:00-04:00,30.078322627150616,33.25471835060884,27.817818746730435,28.25627899169922,1955600,0.0,0.0
2020-04-08 00:00:00-04:00,30.770111873706107,32.933177972391896,29.279348972861722,31.802927017211914,1720000,0.0,0.0
2020-04-09 00:00:00-04:00,34.268041666345276,38.00956262393935,33.128048828973796,35.05727005004883,1828600,0.0,0.0
2020-04-13 00:00:00-04:00,36.343420330311886,36.343420330311886,30.312167608166614,32.0562629699707,1501100,0.0,0.0
2020-04-14 00:00:00-04:00,34.0342004113917,35.36906493483259,31.189083553541945,31.705493927001953,1172000,0.0,0.0
2020-04-15 00:00:00-04:00,29.230633304012333,30.69216496921295,28.295253930332073,30.068578720092773,1059900,0.0,0.0
2020-04-16 00:00:00-04:00,29.805502076377486,30.097807661160665,27.817818152864387,28.44140625,1031900,0.0,0.0
2020-04-17 00:00:00-04:00,31.28652143340998,33.790612028476914,30.380371513513065,33.030616760253906,1783800,0.0,0.0
2020-04-20 00:00:00-04:00,31.179342977747098,32.47523620435603,29.045506172346105,29.756786346435547,1351000,0.0,0.0
2020-04-21 00:00:00-04:00,28.996789101700283,31.237805486282756,28.918840818836856,30.99421501159668,1072600,0.0,0.0
2020-04-22 00:00:00-04:00,31.763954287398352,32.63113288929051,30.46806477294197,31.081907272338867,1288200,0.0,0.0
2020-04-23 00:00:00-04:00,31.081907440621503,32.31933621384299,29.990631467244516,30.058835983276367,1016200,0.0,0.0
2020-04-24 00:00:00-04:00,30.692164594704224,30.964984504582134,28.831147779065102,30.00037384033203,853200,0.0,0.0
2020-04-27 00:00:00-04:00,31.03319099233221,33.94651070513586,30.13678478389772,32.67010498046875,1226200,0.0,0.0
2020-04-28 00:00:00-04:00,34.58958449049893,36.48957649461813,33.186515359097434,36.470088958740234,1681100,0.0,0.0
2020-04-29 00:00:00-04:00,42.57929067757302,47.19772874001992,40.484427100241916,45.12235641479492,2392800,0.0,0.0
2020-04-30 00:00:00-04:00,44.09927800638367,47.324392371728784,41.60493314958376,43.251590728759766,1465600,0.0,0.0
2020-05-01 00:00:00-04:00,40.92288430835294,41.8874967881856,37.191105217090296,38.17520523071289,1406100,0.0,0.0
2020-05-04 00:00:00-04:00,36.15829173817008,38.80853684861958,33.31317500779923,38.0875129699707,878600,0.0,0.0
2020-05-05 00:00:00-04:00,40.39673453945061,40.92288683364563,35.90495993753504,36.32393264770508,1135000,0.0,0.0
2020-05-06 00:00:00-04:00,36.820853942329435,37.61007863341351,35.17419261526841,35.495731353759766,670000,0.0,0.0
2020-05-07 00:00:00-04:00,36.13881016722628,38.32136598009628,35.817271383773615,38.24341583251953,730200,0.0,0.0
2020-05-08 00:00:00-04:00,39.80238062903697,41.30288748089686,38.409053369005285,40.58186721801758,842500,0.0,0.0
2020-05-11 00:00:00-04:00,39.37366432918895,40.357760717094266,37.60033947559273,38.98392105102539,918600,0.0,0.0
2020-05-12 00:00:00-04:00,39.57827857677738,40.20186485936072,37.14239233739405,37.239830017089844,946300,0.0,0.0
2020-05-13 00:00:00-04:00,36.840341549565856,37.25931424286715,32.426513548463156,33.2352294921875,1422900,0.0,0.0
2020-05-14 00:00:00-04:00,31.296264006723206,34.93060567237328,29.815246649764212,34.404457092285156,1008000,0.0,0.0
2020-05-15 00:00:00-04:00,33.927023123806265,36.625985513443254,33.47882094940609,35.57368087768555,668000,0.0,0.0
2020-05-18 00:00:00-04:00,38.94495014311068,41.195706635545896,37.931620581763994,40.6110954284668,1390400,0.0,0.0
2020-05-19 00:00:00-04:00,40.20185780725482,42.18954152196546,38.02904810889764,39.72442626953125,977000,0.0,0.0
2020-05-20 00:00:00-04:00,41.26391012540834,42.40390678276545,39.62699432608916,41.06904220581055,773700,0.0,0.0
2020-05-21 00:00:00-04:00,40.87417251856947,43.18339167110556,40.73776348159896,41.731605529785156,891100,0.0,0.0
2020-05-22 00:00:00-04:00,42.1700594339233,42.969029786091546,41.17621744825534,42.598777770996094,602500,0.0,0.0
2020-05-26 00:00:00-04:00,45.999271300138496,46.75927027560446,45.12235455180151,46.125938415527344,920300,0.0,0.0
2020-05-27 00:00:00-04:00,49.2925937213588,51.747967478376445,46.28183820325153,51.32899475097656,1148000,0.0,0.0
2020-05-28 00:00:00-04:00,51.689500638021194,52.088985796912425,47.304905798883105,47.65567398071289,964300,0.0,0.0
2020-05-29 00:00:00-04:00,46.41824186440359,47.45105884073448,43.2613357685298,44.22594451904297,1318000,0.0,0.0
2020-06-01 00:00:00-04:00,44.333125687657756,47.48028998825204,44.23569173333282,46.63260269165039,900200,0.0,0.0
2020-06-02 00:00:00-04:00,47.490038042605946,47.9869571820646,43.943384684037106,46.91516876220703,936900,0.0,0.0
2020-06-03 00:00:00-04:00,48.1818279753492,51.62129797157099,48.1818279753492,51.387454986572266,1335800,0.0,0.0
2020-06-04 00:00:00-04:00,51.08540235448639,56.21050494985907,49.925921936922606,54.70025634765625,934100,0.0,0.0
2020-06-05 00:00:00-04:00,60.16638607742402,62.12483684711375,57.12640129528751,59.104339599609375,1514900,0.0,0.0
2020-06-08 00:00:00-04:00,61.062791419282036,62.68022336975651,59.73767249331594,62.017662048339844,995900,0.0,0.0
2020-06-09 00:00:00-04:00,58.03255058420738,59.56228672601906,55.17769183670394,56.707427978515625,1114300,0.0,0.0
2020-06-10 00:00:00-04:00,56.51255371959518,56.51255371959518,49.70181500658802,51.134117126464844,996100,0.0,0.0
2020-06-11 00:00:00-04:00,45.30747960146335,47.256188401526295,42.40390393539362,43.08595275878906,1711700,0.0,0.0
2020-06-12 00:00:00-04:00,47.119777713574216,48.13310714581315,44.10902257529397,48.01618194580078,1262800,0.0,0.0
2020-06-15 00:00:00-04:00,43.9531294629405,49.000285768658145,43.72902838735749,47.2464485168457,933600,0.0,0.0
2020-06-16 00:00:00-04:00,51.45566030932781,51.533606733263895,46.47670842996485,47.25619125366211,1089300,0.0,0.0
2020-06-17 00:00:00-04:00,47.256190186365096,47.684904800499105,43.943383614388495,44.12851333618164,742500,0.0,0.0
2020-06-18 00:00:00-04:00,44.63517709656215,45.84337448991524,42.832619198395456,43.563385009765625,1021800,0.0,0.0
2020-06-19 00:00:00-04:00,44.937225603871255,45.161326678407825,41.15673306360139,41.65365219116211,1148200,0.0,0.0
2020-06-22 00:00:00-04:00,40.922882553237194,41.02031650114101,39.373658993618534,40.0751953125,660700,0.0,0.0
2020-06-23 00:00:00-04:00,40.92288570300406,43.69005240873903,40.52340053886371,43.310054779052734,944300,0.0,0.0
2020-06-24 00:00:00-04:00,41.29314215309531,41.83877825997582,37.22034030195365,39.73417282104492,1320700,0.0,0.0
2020-06-25 00:00:00-04:00,38.21417936801675,41.23467641145152,38.01930775172843,40.211605072021484,653300,0.0,0.0
2020-06-26 00:00:00-04:00,39.53930551724556,39.89981562440999,36.43111243099003,37.990081787109375,1255300,0.0,0.0
2020-06-29 00:00:00-04:00,38.49674398528148,42.140831386874474,37.61982718076175,41.41980743408203,964600,0.0,0.0
2020-06-30 00:00:00-04:00,41.273651292733966,42.50133615116343,39.99724574280101,41.02031707763672,823600,0.0,0.0
2020-07-01 00:00:00-04:00,41.380829827330636,42.81312817336631,39.45160868863349,39.899810791015625,736600,0.0,0.0
2020-07-02 00:00:00-04:00,41.458777141811325,41.88749543763273,37.902385969324556,38.20443344116211,884100,0.0,0.0
2020-07-06 00:00:00-04:00,39.2567398324193,39.558787318889074,37.71725808987717,39.120330810546875,725900,0.0,0.0
2020-07-07 00:00:00-04:00,38.09725481592593,38.828020601782825,36.60649380217531,36.85008239746094,728700,0.0,0.0
2020-07-08 00:00:00-04:00,36.489577419737394,37.57111152874231,35.222917290500135,37.24957275390625,765700,0.0,0.0
2020-07-09 00:00:00-04:00,37.18136436644687,37.24956887821853,34.32650563017439,34.56035232543945,652700,0.0,0.0
2020-07-10 00:00:00-04:00,34.28752941609123,36.840340576916006,33.43010023478552,36.72341537475586,657500,0.0,0.0
2020-07-13 00:00:00-04:00,37.5029021028026,37.697770007289655,34.54086386544824,34.55060577392578,1019400,0.0,0.0
2020-07-14 00:00:00-04:00,34.43368611146874,35.02804291548568,33.58599878808203,34.22907257080078,662100,0.0,0.0
2020-07-15 00:00:00-04:00,37.02546727031472,40.53314163022929,36.54803197798652,40.143402099609375,1368500,0.0,0.0
2020-07-16 00:00:00-04:00,38.83776429573948,39.558784420485,37.512641808581805,38.66238021850586,672900,0.0,0.0
2020-07-17 00:00:00-04:00,38.77930491272594,39.256740210747694,37.619824498769,37.71725845336914,484600,0.0,0.0
2020-07-20 00:00:00-04:00,37.5029054557464,37.804952964826086,36.499317816950686,37.31777572631836,552900,0.0,0.0
2020-07-21 00:00:00-04:00,37.61982641556519,39.656227392150036,37.61982641556519,39.06187057495117,522800,0.0,0.0
2020-07-22 00:00:00-04:00,38.73058693045423,40.82545035180422,38.21418029411229,39.753658294677734,434200,0.0,0.0
2020-07-23 00:00:00-04:00,39.4126387356179,40.62083618718538,38.75007740403548,40.29930114746094,580900,0.0,0.0
2020-07-24 00:00:00-04:00,39.665967135700384,41.50749637574605,39.1885355562863,41.34185791015625,509800,0.0,0.0
2020-07-27 00:00:00-04:00,41.38083297860106,41.994673580704884,40.49417061425066,41.34185791015625,840000,0.0,0.0
2020-07-28 00:00:00-04:00,41.61467539235135,43.7485138999881,40.89365522021564,40.95211410522461,904900,0.0,0.0
2020-07-29 00:00:00-04:00,44.52799671666711,46.73978164539087,42.58902982989212,45.687477111816406,1538500,0.0,0.0
2020-07-30 00:00:00-04:00,44.57671526745731,45.66799119065914,43.02749157178247,45.27825164794922,917300,0.0,0.0
2020-07-31 00:00:00-04:00,44.55722868822019,45.190560569396546,42.07262557652426,44.264923095703125,847200,0.0,0.0
2020-08-03 00:00:00-04:00,43.96287076921404,44.10902542022267,42.822877872068574,43.271080017089844,588200,0.0,0.0
2020-08-04 00:00:00-04:00,43.52441023523691,45.599786194275794,43.4269762798093,44.5474853515625,477200,0.0,0.0
2020-08-05 00:00:00-04:00,45.26850606758469,46.12593900939396,44.732611872779096,45.83363342285156,448200,0.0,0.0
2020-08-06 00:00:00-04:00,45.609530522530015,47.84079926003553,45.21004536965315,46.837215423583984,477000,0.0,0.0
2020-08-07 00:00:00-04:00,46.554655737533,49.536181776241655,45.794660434611465,49.27310562133789,571400,0.0,0.0
2020-08-10 00:00:00-04:00,49.955151553960285,51.42642509257782,49.7797674610301,50.17925262451172,622000,0.0,0.0
2020-08-11 00:00:00-04:00,51.640784790552026,54.43718096395911,50.53976324391745,51.46540069580078,1012400,0.0,0.0
2020-08-12 00:00:00-04:00,52.59565132910282,52.59565132910282,50.33514936416441,52.186424255371094,514600,0.0,0.0
2020-08-13 00:00:00-04:00,51.6505257359768,53.764876742430666,51.221811132841346,52.13770294189453,633400,0.0,0.0
2020-08-14 00:00:00-04:00,51.44591568877604,53.6577007995914,50.90027955995745,53.073089599609375,538900,0.0,0.0
2020-08-17 00:00:00-04:00,52.77103714546042,53.37513586696734,50.85155767930059,51.309505462646484,526400,0.0,0.0
2020-08-18 00:00:00-04:00,50.79309840812147,52.050012821053066,49.30233357541253,51.68950271606445,669900,0.0,0.0
2020-08-19 00:00:00-04:00,51.991551984590004,53.0535984416414,51.1730941303773,51.92334747314453,488700,0.0,0.0
2020-08-20 00:00:00-04:00,50.871044061038425,52.49821789711629,50.04284427963507,52.23514175415039,518900,0.0,0.0
2020-08-21 00:00:00-04:00,51.884372607691255,53.550517765580274,51.73821795866922,52.90744400024414,417300,0.0,0.0
2020-08-24 00:00:00-04:00,53.56026502976639,54.398210447145104,52.20591294594754,53.95000457763672,444100,0.0,0.0
2020-08-25 00:00:00-04:00,54.36897889666259,55.67461404027722,54.11564836888692,55.33359146118164,539200,0.0,0.0
2020-08-26 00:00:00-04:00,55.16794414539558,55.67460887076935,53.852567214599816,53.91102981567383,386600,0.0,0.0
2020-08-27 00:00:00-04:00,54.5541024370249,56.66844962130669,54.50538174536597,56.074092864990234,474700,0.0,0.0
2020-08-28 00:00:00-04:00,56.68793864353417,61.49150607815908,56.33717046883155,61.20894241333008,839600,0.0,0.0
2020-08-31 00:00:00-04:00,60.507408223066506,60.556128917743656,57.915625604783,58.03255081176758,812900,0.0,0.0
2020-09-01 00:00:00-04:00,57.32127250014907,61.179715123918896,56.98999184759103,61.06278991699219,521500,0.0,0.0
2020-09-02 00:00:00-04:00,60.68279572062621,62.582791413599004,59.72792877789269,62.55355453491211,682700,0.0,0.0
2020-09-03 00:00:00-04:00,63.011499468999695,65.23302638934487,61.5499678178532,61.881248474121094,718100,0.0,0.0
2020-09-04 00:00:00-04:00,62.81663447786439,63.95662743469416,60.94587194459923,61.65715026855469,658000,0.0,0.0
2020-09-08 00:00:00-04:00,60.332025548154185,63.11867986007252,59.630492874086116,59.88382339477539,527100,0.0,0.0
2020-09-09 00:00:00-04:00,59.87407874203324,60.361255942998746,56.91204046811491,58.402801513671875,695600,0.0,0.0
2020-09-10 00:00:00-04:00,58.54895775527758,60.936126848396015,58.54895775527758,60.127410888671875,373100,0.0,0.0
2020-09-11 00:00:00-04:00,60.47818058860199,60.47818058860199,55.811021867591265,57.71101379394531,605500,0.0,0.0
2020-09-14 00:00:00-04:00,58.26639607679277,60.44895170681593,58.18844965261371,60.10792541503906,392300,0.0,0.0
2020-09-15 00:00:00-04:00,60.312541087064595,60.6535636529851,57.594091318039304,59.62074661254883,374000,0.0,0.0
2020-09-16 00:00:00-04:00,59.57202868535598,60.25407752320174,58.67562440243143,59.396644592285156,360300,0.0,0.0
2020-09-17 00:00:00-04:00,57.915625814025056,58.50998260930891,56.1617885884588,56.8828125,450600,0.0,0.0
2020-09-18 00:00:00-04:00,57.23358350964517,58.13972975207865,54.24231185121222,54.65154266357422,669200,0.0,0.0
2020-09-21 00:00:00-04:00,52.303345066368145,53.0535984086691,49.46797387976256,51.58232116699219,585600,0.0,0.0
2020-09-22 00:00:00-04:00,51.640783115468636,55.01204844190208,51.44591149241421,54.817176818847656,404000,0.0,0.0
2020-09-23 00:00:00-04:00,55.04128328651184,56.16178864886373,51.44591306752349,51.59206771850586,421200,0.0,0.0
2020-09-24 00:00:00-04:00,51.68950153863801,53.83308201849448,50.34489139048493,53.51154327392578,484400,0.0,0.0
2020-09-25 00:00:00-04:00,53.258209314053914,53.93051248621385,52.65411064993048,53.81359100341797,514700,0.0,0.0
2020-09-28 00:00:00-04:00,55.06076631260484,56.25922551294839,54.31051668449232,55.50897216796875,510100,0.0,0.0
2020-09-29 00:00:00-04:00,55.421283569141565,55.772051774779705,52.761296298875514,54.096160888671875,365100,0.0,0.0
2020-09-30 00:00:00-04:00,54.45667012425392,56.113073448092926,53.073088576431935,53.19001007080078,483400,0.0,0.0
2020-10-01 00:00:00-04:00,53.833083296179126,54.817179654045155,53.00488350144635,54.037696838378906,261100,0.0,0.0
2020-10-02 00:00:00-04:00,51.3777091030509,56.259226922043766,51.2705295201026,56.1228141784668,441900,0.0,0.0
2020-10-05 00:00:00-04:00,56.51255744066656,57.428449274908616,55.27512685757962,56.1228141784668,304300,0.0,0.0
2020-10-06 00:00:00-04:00,56.999731218712235,58.12998215061373,54.59307471119139,54.71974182128906,324300,0.0,0.0
2020-10-07 00:00:00-04:00,56.22025294337486,56.71717208129815,54.61256660168856,55.32384490966797,409500,0.0,0.0
2020-10-08 00:00:00-04:00,55.91820159317239,56.8535809781822,54.90487206764479,56.68794250488281,218700,0.0,0.0
2020-10-09 00:00:00-04:00,57.097169624681094,59.48433878482927,57.00947757498203,59.036136627197266,456600,0.0,0.0
2020-10-12 00:00:00-04:00,58.88023966476756,59.25049539620061,56.960760210372285,57.623321533203125,339000,0.0,0.0
2020-10-13 00:00:00-04:00,56.86332191824861,57.30178213036082,54.144872320019864,54.97307205200195,411000,0.0,0.0
2020-10-14 00:00:00-04:00,56.46384245909186,58.344346889510035,55.71358906878644,56.785377502441406,367900,0.0,0.0
2020-10-15 00:00:00-04:00,55.44077361566745,57.36999511718751,55.44077361566745,57.3699951171875,245600,0.0,0.0
2020-10-16 00:00:00-04:00,57.16537056815353,57.399217258365205,56.10332784584048,56.648963928222656,233900,0.0,0.0
2020-10-19 00:00:00-04:00,57.24332166551372,58.441777145422975,56.3176842313788,56.87306594848633,238200,0.0,0.0
2020-10-20 00:00:00-04:00,57.40896132770423,58.8510091573638,56.84383769012818,57.52588653564453,209800,0.0,0.0
2020-10-21 00:00:00-04:00,57.86690698361742,58.743827426762365,56.29819581136205,56.30794143676758,287100,0.0,0.0
2020-10-22 00:00:00-04:00,56.3274278835696,58.24690347916925,55.84999260332381,58.129981994628906,352000,0.0,0.0
2020-10-23 00:00:00-04:00,58.734084272112476,58.734084272112476,55.32384374266183,56.249481201171875,331700,0.0,0.0
2020-10-26 00:00:00-04:00,55.28487290277528,55.538203423319715,53.33616401072897,54.846412658691406,456800,0.0,0.0
2020-10-27 00:00:00-04:00,54.5638511356473,56.191021340774725,53.21924090622455,55.04128646850586,463100,0.0,0.0
2020-10-28 00:00:00-04:00,55.879228717312415,57.00947978113482,53.433600573968796,54.53462219238281,905200,0.0,0.0
2020-10-29 00:00:00-04:00,54.3300009409674,54.953590893280875,51.475145903727295,52.52744674682617,643300,0.0,0.0
2020-10-30 00:00:00-04:00,52.19616146182737,53.57974655117887,49.438740624792814,50.130531311035156,479500,0.0,0.0
2020-11-02 00:00:00-05:00,51.03668702811111,51.221813035163066,48.10387805811946,48.65925979614258,577600,0.0,0.0
2020-11-03 00:00:00-05:00,49.59463716981738,51.44590817737576,49.438740624792814,50.130531311035156,305700,0.0,0.0
2020-11-04 00:00:00-05:00,50.14027998872961,53.014626410266594,49.05874593546762,51.57258224487305,340100,0.0,0.0
2020-11-05 00:00:00-05:00,51.8648859282117,55.99615035203754,51.514117738271075,55.94742965698242,476000,0.0,0.0
2020-11-06 00:00:00-05:00,55.421283024022195,55.635638478906955,53.69667517450937,53.706417083740234,283800,0.0,0.0
2020-11-09 00:00:00-05:00,63.907903638938485,67.8442964370212,62.553551572897604,62.904319763183594,1112800,0.0,0.0
2020-11-10 00:00:00-05:00,62.8750917768087,63.31355574169522,58.35408770138199,59.71818542480469,656300,0.0,0.0
2020-11-11 00:00:00-05:00,59.77664385400036,59.77664385400036,56.639225061222234,57.40896224975586,371500,0.0,0.0
2020-11-12 00:00:00-05:00,55.888970064478336,57.25306402085895,54.51513048246284,56.15204620361328,438500,0.0,0.0
2020-11-13 00:00:00-05:00,57.12639838954966,58.626901311229005,56.61973366548724,58.217674255371094,251300,0.0,0.0
2020-11-16 00:00:00-05:00,61.95920042509895,64.7263672475438,60.86792446771525,63.1381721496582,591000,0.0,0.0
2020-11-17 00:00:00-05:00,61.208945920153184,62.47560967178695,59.99100286424936,61.247920989990234,447900,0.0,0.0
2020-11-18 00:00:00-05:00,61.384328502509774,62.154069386890946,59.3771570578476,59.396644592285156,283300,0.0,0.0
2020-11-19 00:00:00-05:00,59.28946564994433,60.20536119403908,58.539216008786596,59.65972137451172,271300,0.0,0.0
2020-11-20 00:00:00-05:00,59.32844167848566,59.49408386723366,57.8961394521103,58.646392822265625,227600,0.0,0.0
2020-11-23 00:00:00-05:00,59.435620392294254,61.491508839906786,58.55869991615287,60.770484924316406,404900,0.0,0.0
2020-11-24 00:00:00-05:00,62.35867905032613,65.44738058794148,61.75458038774883,64.81404876708984,375700,0.0,0.0
2020-11-25 00:00:00-05:00,63.81046818741581,63.868934506916546,62.43663233576268,62.631500244140625,249800,0.0,0.0
2020-11-27 00:00:00-05:00,62.738682799384065,63.693553436684816,61.39407260997612,62.28073501586914,198400,0.0,0.0
2020-11-30 00:00:00-05:00,61.96894318275744,62.261252499032004,60.4684401146358,61.3551025390625,295300,0.0,0.0
2020-12-01 00:00:00-05:00,62.962782133268995,63.56687708572908,61.28689142566893,62.68995666503906,393000,0.0,0.0
2020-12-02 00:00:00-05:00,62.056628965902334,64.3853390503331,60.975098729028176,64.22943878173828,294100,0.0,0.0
2020-12-03 00:00:00-05:00,64.49251774175485,68.99403014652921,64.22943790054391,67.97096252441406,400200,0.0,0.0
2020-12-04 00:00:00-05:00,68.70172784729509,70.04633418486348,67.73711168082166,69.03300476074219,370500,0.0,0.0
2020-12-07 00:00:00-05:00,68.8089102761277,69.22788296469759,65.00892663645062,65.31097412109375,466300,0.0,0.0
2020-12-08 00:00:00-05:00,64.71662069816989,67.96122279641773,64.60944111411477,66.5873794555664,352400,0.0,0.0
2020-12-09 00:00:00-05:00,66.82122925803512,67.72737918429617,65.4668771815648,66.66532897949219,209600,0.0,0.0
2020-12-10 00:00:00-05:00,66.0125067889385,67.08429508031475,65.58378849889452,66.8894271850586,327900,0.0,0.0
2020-12-11 00:00:00-05:00,66.08071955708273,66.82123103235574,64.36585361624746,65.0186767578125,275900,0.0,0.0
2020-12-14 00:00:00-05:00,66.11968882215652,66.11968882215652,62.77765300137391,63.20637130737305,257900,0.0,0.0
2020-12-15 00:00:00-05:00,63.732523905043784,65.07713028049494,62.76790771139338,64.960205078125,210500,0.0,0.0
2020-12-16 00:00:00-05:00,64.21970490553547,65.54482010896353,63.3525226122404,64.06380462646484,251000,0.0,0.0
2020-12-17 00:00:00-05:00,64.43405342482816,65.06738526792812,63.157651546972936,64.88225555419922,198300,0.0,0.0
2020-12-18 00:00:00-05:00,64.75559154927814,65.19405548286487,63.85918729897737,64.960205078125,418500,0.0,0.0
2020-12-21 00:00:00-05:00,62.49508875359151,64.1807250860581,60.50740494494674,64.0540542602539,403500,0.0,0.0
2020-12-22 00:00:00-05:00,63.94688217849055,65.05764569676272,61.45253707552633,63.28432083129883,307700,0.0,0.0
2020-12-23 00:00:00-05:00,63.21611369748765,64.06380474054112,61.16022894129048,61.247920989990234,300500,0.0,0.0
2020-12-24 00:00:00-05:00,61.58894335977994,61.86176513089009,59.640234476633985,59.92279815673828,200400,0.0,0.0
2020-12-28 00:00:00-05:00,61.18946185648541,61.18946185648541,58.695116715286325,58.72434616088867,309000,0.0,0.0
2020-12-29 00:00:00-05:00,59.24074961250153,59.24074961250153,56.76588842598098,56.853580474853516,389700,0.0,0.0
2020-12-30 00:00:00-05:00,56.88281622523205,58.68537054683284,56.75614910067933,57.56486511230469,394400,0.0,0.0
2020-12-31 00:00:00-05:00,57.311528333400545,58.519729484329275,55.14846026946606,56.51255798339844,833000,0.0,0.0
2021-01-04 00:00:00-05:00,57.214089402831156,57.54537003503048,55.05102152689043,56.074092864990234,551300,0.0,0.0
2021-01-05 00:00:00-05:00,57.40896191338373,60.94586957701647,57.22383590755706,59.92279815673828,765400,0.0,0.0
2021-01-06 00:00:00-05:00,62.37816577635507,66.8602019891517,61.72535010869209,64.24893188476562,982800,0.0,0.0
2021-01-07 00:00:00-05:00,65.30122545705878,66.30481668482904,63.69354672184589,63.74225997924805,421400,0.0,0.0
2021-01-08 00:00:00-05:00,63.800728889297424,63.93713790954347,62.51458138859609,63.898162841796875,275200,0.0,0.0
2021-01-11 00:00:00-05:00,62.30022178104612,63.59611125816611,62.09560823995358,63.04072952270508,307800,0.0,0.0
2021-01-12 00:00:00-05:00,63.790979071833696,67.75660089120218,63.722774566192804,66.7919921875,596200,0.0,0.0
2021-01-13 00:00:00-05:00,66.24634674916133,69.00377120115876,64.44379278162617,66.21711730957031,414300,0.0,0.0
2021-01-14 00:00:00-05:00,66.82122968148683,71.15710399209027,66.82122968148683,69.87095642089844,474400,0.0,0.0
2021-01-15 00:00:00-05:00,68.78942602183041,68.94532630958932,66.90892154471395,68.6725082397461,487100,0.0,0.0
2021-01-19 00:00:00-05:00,69.37403460294885,70.57249386001433,68.88685737277721,69.96839141845703,350100,0.0,0.0
2021-01-20 00:00:00-05:00,71.06941539420735,72.26786719524473,70.18274928359604,72.04376983642578,358900,0.0,0.0
2021-01-21 00:00:00-05:00,71.62479708625465,71.86838569666415,70.56274687932732,71.3617172241211,326100,0.0,0.0
2021-01-22 00:00:00-05:00,69.61762968681865,72.37505484990301,68.93558447469738,72.21916198730469,231100,0.0,0.0
2021-01-25 00:00:00-05:00,72.63811666422421,75.775531292915,71.80990955510305,74.02169799804688,520300,0.0,0.0
2021-01-26 00:00:00-05:00,75.3175980734111,75.32733626511994,71.25453457685654,71.62479400634766,416300,0.0,0.0
2021-01-27 00:00:00-05:00,69.96839313503033,75.3663178698106,69.27660234326264,72.33607482910156,403900,0.0,0.0
2021-01-28 00:00:00-05:00,72.91094226672583,73.40785766341676,70.11454243455924,70.73812866210938,342400,0.0,0.0
2021-01-29 00:00:00-05:00,71.36171622325327,71.36171622325327,66.86994171560173,66.99661254882812,359300,0.0,0.0
2021-02-01 00:00:00-05:00,67.37661459394238,69.91968041220993,66.34379377770657,69.48121643066406,315300,0.0,0.0
2021-02-02 00:00:00-05:00,70.7771082276059,70.80633767235852,68.88685817376577,69.89044952392578,171800,0.0,0.0
2021-02-03 00:00:00-05:00,69.72480629941923,71.89762012577432,69.43250440690079,71.11813354492188,218300,0.0,0.0
2021-02-04 00:00:00-05:00,71.39094449540862,74.80118493736141,71.2642810979947,74.3237533569336,298200,0.0,0.0
2021-02-05 00:00:00-05:00,75.43452641236476,76.74990354955499,73.69043090042936,74.34325408935547,217300,0.0,0.0
2021-02-08 00:00:00-05:00,74.606325964105,74.86939841600666,70.91352140833845,72.07300567626953,328800,0.0,0.0
2021-02-09 00:00:00-05:00,72.05350959974834,74.92785972721107,71.76120772094959,74.53811645507812,247400,0.0,0.0
2021-02-10 00:00:00-05:00,74.94733854059997,76.93502240537792,74.66477487301675,76.01912689208984,255000,0.0,0.0
2021-02-11 00:00:00-05:00,74.6842712812505,75.18119414019387,71.40069405575865,73.85607147216797,545200,0.0,0.0
2021-02-12 00:00:00-05:00,72.8719788334254,73.43710626541598,71.08890819476653,71.6345443725586,288400,0.0,0.0
2021-02-16 00:00:00-05:00,71.63454105586561,73.35915271954988,70.96224149185238,72.70633697509766,311300,0.0,0.0
2021-02-17 00:00:00-05:00,71.89761385223426,72.37504543863648,70.31915700891953,70.96223449707031,414300,0.0,0.0
2021-02-18 00:00:00-05:00,70.16326644564715,75.41503636786334,69.666343591729,75.17144775390625,402900,0.0,0.0
2021-02-19 00:00:00-05:00,74.89862094161889,79.24424041465498,74.5088777180933,79.16629028320312,462100,0.0,0.0
2021-02-22 00:00:00-05:00,77.9580927057397,80.59859207105747,76.67194527625405,78.7375717163086,422900,0.0,0.0
2021-02-23 00:00:00-05:00,78.49399035861023,78.57194049696407,74.10939543162011,76.7693862915039,340000,0.0,0.0
2021-02-24 00:00:00-05:00,77.89964186902857,80.26732367941524,77.74374900943258,80.02373504638672,240200,0.0,0.0
2021-02-25 00:00:00-05:00,80.1016765453649,80.29655189099029,73.95350249027014,75.53195190429688,292100,0.0,0.0
2021-02-26 00:00:00-05:00,75.90220883229811,78.06527677788458,73.80734539698987,77.0811767578125,349900,0.0,0.0
2021-03-01 00:00:00-05:00,78.3575795142948,80.5401387351285,77.37348691692691,79.35142517089844,377200,0.0,0.0
2021-03-02 00:00:00-05:00,75.64887538729407,78.8837317135951,72.61863259393489,76.74989318847656,768600,0.0,0.0
2021-03-03 00:00:00-05:00,78.9227117651178,84.91499321921627,76.87656887276908,78.98117065429688,680800,0.0,0.0
2021-03-04 00:00:00-05:00,78.69860520407757,81.55346402354553,77.06168944012094,80.3257827758789,466900,0.0,0.0
2021-03-05 00:00:00-05:00,81.36834288056792,82.62526102361437,75.49298668739203,82.08936309814453,437600,0.0,0.0
2021-03-08 00:00:00-05:00,83.24884886197853,86.10370777585094,82.30372383025082,85.13909149169922,366400,0.0,0.0
2021-03-09 00:00:00-05:00,85.62626248233055,85.74318768713913,80.45244296773106,81.14423370361328,343300,0.0,0.0
2021-03-10 00:00:00-05:00,81.19295280210537,83.01499074706781,78.77655065301131,81.55345916748047,369000,0.0,0.0
2021-03-11 00:00:00-05:00,82.26474647083658,83.68730307509652,79.91654867928615,80.37449645996094,242900,0.0,0.0
2021-03-12 00:00:00-05:00,80.37449881008918,83.32679168907991,80.32578554642922,82.66423034667969,369300,0.0,0.0
2021-03-15 00:00:00-04:00,83.4339701928507,86.71754741726696,82.77140885905477,86.27909088134766,509600,0.0,0.0
2021-03-16 00:00:00-04:00,86.2888215675342,86.2888215675342,82.82986797662883,84.10626983642578,400200,0.0,0.0
2021-03-17 00:00:00-04:00,82.82012205482616,88.05240773608116,81.81653823579452,86.40574645996094,724500,0.0,0.0
2021-03-18 00:00:00-04:00,85.74319244272884,89.00727839556308,84.04781776451148,84.3108901977539,367000,0.0,0.0
2021-03-19 00:00:00-04:00,85.36319313696158,87.68215402948042,82.7129478690918,87.32164764404297,547300,0.0,0.0
2021-03-22 00:00:00-04:00,88.15959262471516,89.69906698368796,85.97703333616784,87.01959228515625,688400,0.0,0.0
2021-03-23 00:00:00-04:00,86.20113189680723,87.83804752803755,81.86525051051318,82.21601867675781,717800,0.0,0.0
2021-03-24 00:00:00-04:00,83.4144804875049,86.55190283394985,80.04321516732185,80.11141967773438,505300,0.0,0.0
2021-03-25 00:00:00-04:00,80.14064654595491,86.52267061216584,78.95193303089106,86.30831146240234,316400,0.0,0.0
2021-03-26 00:00:00-04:00,87.36061933579391,90.59547565620538,86.82472144068323,90.31291198730469,344800,0.0,0.0
2021-03-29 00:00:00-04:00,90.51753303776125,90.96573520829077,84.52525147524747,85.74319458007812,346200,0.0,0.0
2021-03-30 00:00:00-04:00,86.06473321112595,88.85138762537987,85.42165568457439,88.21805572509766,291500,0.0,0.0
2021-03-31 00:00:00-04:00,88.25702829469608,90.01086185299233,87.07806029650548,87.72113037109375,294200,0.0,0.0
2021-04-01 00:00:00-04:00,88.66624826793533,90.1667548999023,87.50676418102131,89.00727081298828,276200,0.0,0.0
2021-04-05 00:00:00-04:00,90.6052135095043,90.68316364554452,85.5872868663601,85.61652374267578,615100,0.0,0.0
2021-04-06 00:00:00-04:00,86.62985972703075,89.81599558158845,86.3570342303657,86.75652313232422,381000,0.0,0.0
2021-04-07 00:00:00-04:00,86.7467657754504,88.87085853582758,86.24984298017736,88.03291320800781,340200,0.0,0.0
2021-04-08 00:00:00-04:00,88.22779656496729,90.73188715143998,87.49703074284024,90.1277847290039,286000,0.0,0.0
2021-04-09 00:00:00-04:00,90.61497165343437,91.56984236750758,89.31907833924043,91.56009674072266,226300,0.0,0.0
2021-04-12 00:00:00-04:00,91.58932494212198,92.87547261204492,90.80983835209925,92.70008850097656,208800,0.0,0.0
2021-04-13 00:00:00-04:00,91.72573085276069,91.90111495784902,88.83189683567082,90.05958557128906,329900,0.0,0.0
2021-04-14 00:00:00-04:00,89.64061075107,92.05701309433339,89.02677011446256,89.30933380126953,328500,0.0,0.0
2021-04-15 00:00:00-04:00,90.20573363375567,91.19957186741306,88.65650624649255,90.15701293945312,326700,0.0,0.0
2021-04-16 00:00:00-04:00,90.61496318160141,92.07649484582079,89.57240422514097,89.97188568115234,217200,0.0,0.0
2021-04-19 00:00:00-04:00,90.57599185764333,91.23855320350596,89.31907368238623,90.43958282470703,186200,0.0,0.0
2021-04-20 00:00:00-04:00,89.66008868645878,90.56623857650854,86.03549655999386,86.72728729248047,339300,0.0,0.0
2021-04-21 00:00:00-04:00,86.44472882948226,88.34471705186495,85.4313992996333,87.89651489257812,223600,0.0,0.0
2021-04-22 00:00:00-04:00,88.17907431690199,90.31291285872474,87.93548571381663,88.74420166015625,198400,0.0,0.0
2021-04-23 00:00:00-04:00,88.60780067343748,89.39702544021809,87.32165302984859,88.79292297363281,188700,0.0,0.0
2021-04-26 00:00:00-04:00,90.12777976487601,91.2872638509163,87.35087128048879,88.57855987548828,249500,0.0,0.0
2021-04-27 00:00:00-04:00,89.11445136433618,90.20573095418204,88.17907204464001,88.54932403564453,155600,0.0,0.0
2021-04-28 00:00:00-04:00,89.08522499170246,91.9595675595884,87.73087294147994,90.3323974609375,458900,0.0,0.0
2021-04-29 00:00:00-04:00,91.57957750268271,95.46725731545352,91.56983930995811,95.15546417236328,358000,0.0,0.0
2021-04-30 00:00:00-04:00,94.26879015644718,96.21749899689053,93.46981982921477,94.17135620117188,218500,0.0,0.0
2021-05-03 00:00:00-04:00,94.83391415771949,95.7108345917206,92.79750962577614,94.0057144165039,302100,0.0,0.0
2021-05-04 00:00:00-04:00,94.13237849134305,95.0385283740757,92.60264239186256,94.48314666748047,303200,0.0,0.0
2021-05-05 00:00:00-04:00,96.02263904886405,96.4610956008284,90.8585572199722,91.69650268554688,407700,0.0,0.0
2021-05-06 00:00:00-04:00,93.48930134068041,95.53545151966108,93.28468780952917,95.46724700927734,363500,0.0,0.0
2021-05-07 00:00:00-04:00,95.71083695489776,97.04569773886497,95.00930059037537,96.42211151123047,255000,0.0,0.0
2021-05-10 00:00:00-04:00,96.42210970769405,98.1174842677557,94.4831465497147,95.16519165039062,241400,0.0,0.0
2021-05-11 00:00:00-04:00,93.22622876156284,94.00571525064353,91.25803615554848,92.31033325195312,307900,0.0,0.0
2021-05-12 00:00:00-04:00,92.41751724618736,93.4795674524662,86.93190441925933,87.75035858154297,338600,0.0,0.0
2021-05-13 00:00:00-04:00,87.80882331428279,91.57957017530798,87.80882331428279,90.76111602783203,278800,0.0,0.0
2021-05-14 00:00:00-04:00,91.94007572817974,94.89236817649375,91.08264658875089,94.67800903320312,215800,0.0,0.0
2021-05-17 00:00:00-04:00,94.27852895783694,96.88979891236622,93.1092992779639,96.5682601928711,336000,0.0,0.0
2021-05-18 00:00:00-04:00,96.73390569882469,97.33800811581006,94.46365811447102,94.60006713867188,230200,0.0,0.0
2021-05-19 00:00:00-04:00,92.56366439792286,94.66827338821524,90.71238962321763,93.81083679199219,151900,0.0,0.0
2021-05-20 00:00:00-04:00,92.9241877159776,93.10931000881585,90.94624191380409,92.33956909179688,255500,0.0,0.0
2021-05-21 00:00:00-04:00,93.56725384066624,93.89853820928234,90.24470913125735,90.3323974609375,225800,0.0,0.0
2021-05-24 00:00:00-04:00,91.5893162762077,92.07649349044284,89.84522095719774,91.3652114868164,149800,0.0,0.0
2021-05-25 00:00:00-04:00,92.17392700295017,92.81700449083819,88.5590729827702,88.84163665771484,267100,0.0,0.0
2021-05-26 00:00:00-04:00,89.13395179589267,91.23855362355243,89.13395179589267,90.6149673461914,178300,0.0,0.0
2021-05-27 00:00:00-04:00,91.71597977496397,92.79751378643452,89.80624598514476,92.60264587402344,244200,0.0,0.0
2021-05-28 00:00:00-04:00,92.86571415757076,92.96315554316503,90.22521466336819,92.51494598388672,133600,0.0,0.0
2021-06-01 00:00:00-04:00,93.52828179878912,93.52828179878912,89.51394621273334,90.87803649902344,227800,0.0,0.0
2021-06-02 00:00:00-04:00,91.67700182335604,92.07649069509327,89.85496385502181,90.56623840332031,147100,0.0,0.0
2021-06-03 00:00:00-04:00,89.80624937188863,89.80624937188863,87.46779716609686,87.81856536865234,229800,0.0,0.0
2021-06-04 00:00:00-04:00,88.25702774828454,89.00727740294836,86.90267565927584,88.90984344482422,146800,0.0,0.0
2021-06-07 00:00:00-04:00,89.19240555869018,90.27393957244041,88.90984188148447,90.0011215209961,182700,0.0,0.0
2021-06-08 00:00:00-04:00,90.57598664959194,95.34057920332928,90.57598664959194,94.64878845214844,224600,0.0,0.0
2021-06-09 00:00:00-04:00,95.50621747007519,95.681601563929,92.22264781533201,92.42726135253906,131000,0.0,0.0
2021-06-10 00:00:00-04:00,92.22264926404011,92.70982648420542,89.56265837109436,89.7965087890625,166000,0.0,0.0
2021-06-11 00:00:00-04:00,90.42009611736152,91.56008904208339,89.70881409657196,90.44932556152344,134700,0.0,0.0
2021-06-14 00:00:00-04:00,90.52727038888108,91.0826520965666,88.81240457259092,89.15342712402344,153300,0.0,0.0
2021-06-15 00:00:00-04:00,89.64060904949861,90.43957939802519,88.4129203658533,88.60779571533203,184600,0.0,0.0
2021-06-16 00:00:00-04:00,88.66625977117815,89.5821553827745,86.89293487310398,89.22164154052734,198900,0.0,0.0
2021-06-17 00:00:00-04:00,89.29957652068912,90.04982608973867,85.61651831425122,86.36676788330078,168400,0.0,0.0
2021-06-18 00:00:00-04:00,84.92473068512034,85.92831449951404,83.45345350102957,83.62883758544922,396400,0.0,0.0
2021-06-21 00:00:00-04:00,83.85294126271324,86.38626876986724,82.82012792851735,85.57755279541016,295600,0.0,0.0
2021-06-22 00:00:00-04:00,85.22678585863724,86.3472949750815,83.55089499699673,85.97703552246094,148500,0.0,0.0
2021-06-23 00:00:00-04:00,85.40216746715012,86.55190599446955,84.9929403897316,85.60678100585938,198400,0.0,0.0
2021-06-24 00:00:00-04:00,86.52268141571152,89.18266500222605,86.37652675592028,88.39344024658203,171700,0.0,0.0
2021-06-25 00:00:00-04:00,88.86112640040572,89.3288198258485,85.99652925842362,86.47396087646484,809300,0.0,0.0
2021-06-28 00:00:00-04:00,86.49344048821686,86.59088187933989,83.4047386932186,85.27549743652344,236900,0.0,0.0
2021-06-29 00:00:00-04:00,86.30832004372276,86.4349834476613,83.72627923220715,84.6129379272461,188700,0.0,0.0
2021-06-30 00:00:00-04:00,84.78832213988747,87.33138788423007,84.77858394754173,86.96113586425781,189900,0.0,0.0
2021-07-01 00:00:00-04:00,87.50677344823535,88.9585669753632,86.78575321466045,87.23395538330078,141200,0.0,0.0
2021-07-02 00:00:00-04:00,87.48727391259627,87.48727391259627,85.8893334475589,86.24983978271484,85800,0.0,0.0
2021-07-06 00:00:00-04:00,86.29857342949103,86.4252368319792,84.33038070927384,85.62626647949219,114600,0.0,0.0
2021-07-07 00:00:00-04:00,85.19756195474822,85.86012332839735,83.02474809545127,83.5606460571289,163400,0.0,0.0
2021-07-08 00:00:00-04:00,80.9688529191669,82.21602541977624,79.23450319589864,81.30987548828125,388400,0.0,0.0
2021-07-09 00:00:00-04:00,82.61551306086577,84.29140387085963,82.157565289096,83.94063568115234,110200,0.0,0.0
2021-07-12 00:00:00-04:00,83.58011875975036,85.52882754849243,83.13191663038776,85.4411392211914,130800,0.0,0.0
2021-07-13 00:00:00-04:00,84.55447090641545,85.06113934091074,83.2780690625148,84.00883483886719,120900,0.0,0.0
2021-07-14 00:00:00-04:00,84.7006282062396,86.36677333655666,83.3073011182574,83.57037353515625,127800,0.0,0.0
2021-07-15 00:00:00-04:00,82.57653818704647,83.11243609862724,79.87757967879675,81.339111328125,191800,0.0,0.0
2021-07-16 00:00:00-04:00,82.42063864446585,82.77140683813089,79.84834351341195,79.89706420898438,153600,0.0,0.0
2021-07-19 00:00:00-04:00,77.13963908746021,77.70476644570707,73.28119640427323,73.53453063964844,345900,0.0,0.0
2021-07-20 00:00:00-04:00,73.51504237393729,77.58784438834782,72.74530887818885,76.4283676147461,279500,0.0,0.0
2021-07-21 00:00:00-04:00,77.41246340765265,79.71194066263473,77.2663161770803,78.51348876953125,240000,0.0,0.0
2021-07-22 00:00:00-04:00,77.94836179167635,78.51348919876241,76.24324137748343,77.4514389038086,203600,0.0,0.0
2021-07-23 00:00:00-04:00,78.44527875183114,78.50373763996222,75.9996470039755,76.23348999023438,169200,0.0,0.0
2021-07-26 00:00:00-04:00,76.26272340012503,79.98475729062665,76.26272340012503,79.78014373779297,156000,0.0,0.0
2021-07-27 00:00:00-04:00,79.05911728936323,79.7119329686922,77.6365607237982,79.06886291503906,146000,0.0,0.0
2021-07-28 00:00:00-04:00,79.0201415106812,79.35142587707536,75.22015780827505,76.11656951904297,155900,0.0,0.0
2021-07-29 00:00:00-04:00,77.25656331767239,78.59143155723086,76.29195451752678,77.02272033691406,115700,0.0,0.0
2021-07-30 00:00:00-04:00,76.32118361737264,77.18835845777687,74.68426789196371,75.48323822021484,216300,0.0,0.0
2021-08-02 00:00:00-04:00,75.93144065013804,78.9129628123354,75.47349288091492,76.34066772460938,232100,0.0,0.0
2021-08-03 00:00:00-04:00,77.05195471473635,77.08118415998622,73.70017289636861,76.09708404541016,325700,0.0,0.0
2021-08-04 00:00:00-04:00,74.5478655858577,76.88631789485785,74.19709736782094,74.57709503173828,186100,0.0,0.0
2021-08-05 00:00:00-04:00,75.6099092569635,77.21759570153425,74.19709817661241,76.03862762451172,235400,0.0,0.0
2021-08-06 00:00:00-04:00,76.23348728518944,76.67195123181784,75.0058060755921,75.98989868164062,146600,0.0,0.0
2021-08-09 00:00:00-04:00,75.66837193825836,76.0678534066299,71.27403118376351,71.98530578613281,318700,0.0,0.0
2021-08-10 00:00:00-04:00,73.37862431386257,74.34324048046152,72.10222248382216,72.99862670898438,346500,0.0,0.0
2021-08-11 00:00:00-04:00,72.80376219822789,76.22374823498654,71.98530063397872,75.76580047607422,236000,0.0,0.0
2021-08-12 00:00:00-04:00,75.21042321602667,75.96067288008004,73.35914825356087,74.79145050048828,220000,0.0,0.0
2021-08-13 00:00:00-04:00,74.63554902593933,75.88272152657103,74.05093784548504,75.37606048583984,176100,0.0,0.0
2021-08-16 00:00:00-04:00,74.64529519414153,75.98016347009325,73.92427498080077,74.18734741210938,121400,0.0,0.0
2021-08-17 00:00:00-04:00,72.8329926282469,73.41760379135889,70.77710421487791,71.4688949584961,221000,0.0,0.0
2021-08-18 00:00:00-04:00,71.42991761355073,72.89144919162355,70.54325898839491,71.40068817138672,251400,0.0,0.0
2021-08-19 00:00:00-04:00,70.47506029713135,71.19608052039526,68.2437876783467,69.58839416503906,277900,0.0,0.0
2021-08-20 00:00:00-04:00,69.70532084345187,71.53710460159081,69.54942055744782,70.54326629638672,191300,0.0,0.0
2021-08-23 00:00:00-04:00,71.75145656780646,73.48580618977863,70.90376557374559,73.1935043334961,245000,0.0,0.0
2021-08-24 00:00:00-04:00,73.9340116110918,75.94118679560032,72.99863224858343,75.1519546508789,173800,0.0,0.0
2021-08-25 00:00:00-04:00,74.41145335135855,76.915544035223,74.09966021914046,76.50630950927734,211100,0.0,0.0
2021-08-26 00:00:00-04:00,76.49656890018137,77.50015278049852,75.22990515908658,77.37348937988281,217400,0.0,0.0
2021-08-27 00:00:00-04:00,77.69502315762516,82.82012973816181,77.02272362998434,81.20269775390625,432400,0.0,0.0
2021-08-30 00:00:00-04:00,81.00783076884187,81.26116501476342,76.77913589924567,78.64989471435547,228000,0.0,0.0
2021-08-31 00:00:00-04:00,78.56219760357541,80.8226996583152,77.47092536360528,80.59860229492188,361600,0.0,0.0
2021-09-01 00:00:00-04:00,80.95911201256497,81.84577817768263,79.92629861911796,81.31962585449219,210600,0.0,0.0
2021-09-02 00:00:00-04:00,81.98218100220627,82.50833328553475,80.3257814475952,81.59243774414062,221400,0.0,0.0
2021-09-03 00:00:00-04:00,81.1150011137324,81.1150011137324,78.00680830187082,79.36116027832031,197000,0.0,0.0
2021-09-07 00:00:00-04:00,79.05911718059724,79.74116230228108,77.78271526698849,77.83142852783203,156500,0.0,0.0
2021-09-08 00:00:00-04:00,77.6170759414264,79.00065742082495,76.9739984620322,77.48065948486328,190900,0.0,0.0
2021-09-09 00:00:00-04:00,76.97400091272371,78.66937556024185,76.66220778865446,77.42220306396484,149600,0.0,0.0
2021-09-10 00:00:00-04:00,78.54271105351498,78.86424979892382,76.74989504004827,76.7693862915039,110700,0.0,0.0
2021-09-13 00:00:00-04:00,77.50016020744269,78.45502348394109,76.0093989659558,78.0555419921875,165100,0.0,0.0
2021-09-14 00:00:00-04:00,78.45501441256225,78.45501441256225,75.68785143553772,76.41861724853516,182300,0.0,0.0
2021-09-15 00:00:00-04:00,76.46733945345898,77.40271882052541,75.02529161648087,77.24681854248047,188500,0.0,0.0
2021-09-16 00:00:00-04:00,77.59758118207714,79.78013288239933,77.46117216541536,78.93244934082031,117300,0.0,0.0
2021-09-17 00:00:00-04:00,79.24424866781233,79.77040095930971,77.36374429465363,79.08834838867188,344800,0.0,0.0
2021-09-20 00:00:00-04:00,77.47092134076765,80.0139869495128,76.28220776932548,79.95552062988281,275900,0.0,0.0
2021-09-21 00:00:00-04:00,79.76065369707668,79.8386038350477,76.74989466312111,77.14938354492188,164600,0.0,0.0
2021-09-22 00:00:00-04:00,78.1139958501472,81.37808182847095,77.29554166590421,80.77398681640625,172600,0.0,0.0
2021-09-23 00:00:00-04:00,81.6606349154013,84.27190484583078,81.51448771128301,83.25857543945312,194600,0.0,0.0
2021-09-24 00:00:00-04:00,82.79089084480871,85.3729313757692,82.79089084480871,83.9113998413086,172400,0.0,0.0
2021-09-27 00:00:00-04:00,84.86625842895036,86.73701690935651,84.08677944564784,84.20369720458984,187600,0.0,0.0
2021-09-28 00:00:00-04:00,83.8139722698066,84.51550871134636,82.06013859969224,82.40116119384766,163700,0.0,0.0
2021-09-29 00:00:00-04:00,83.12217957360055,84.00884573207203,81.58270512143638,81.95295715332031,168500,0.0,0.0
2021-09-30 00:00:00-04:00,82.4693552001135,82.4693552001135,78.96168087328134,79.1273193359375,171700,0.0,0.0
2021-10-01 00:00:00-04:00,79.82886312933917,84.75909443698208,79.74116736028337,84.63243103027344,248300,0.0,0.0
2021-10-04 00:00:00-04:00,84.1257549305973,85.58728652369649,82.56678938470498,82.71294403076172,128600,0.0,0.0
2021-10-05 00:00:00-04:00,82.8396109816154,84.7201153427997,82.01141119672513,83.30730438232422,245000,0.0,0.0
2021-10-06 00:00:00-04:00,82.26474384419743,83.78473435813115,81.07603026433263,83.7165298461914,153900,0.0,0.0
2021-10-07 00:00:00-04:00,84.21344756524904,85.44113613931923,82.64473645219654,82.84934997558594,125500,0.0,0.0
2021-10-08 00:00:00-04:00,83.32678549783988,83.55089028197568,81.12474989342569,81.27090454101562,106900,0.0,0.0
2021-10-11 00:00:00-04:00,81.45603092233016,82.72269468687422,80.45244702343403,80.67655181884766,118200,0.0,0.0
2021-10-12 00:00:00-04:00,81.09552930273792,81.93346734400245,80.18937930924936,80.55963134765625,103400,0.0,0.0
2021-10-13 00:00:00-04:00,80.20885890523286,80.43296370203082,77.71451386470564,78.3770751953125,144200,0.0,0.0
2021-10-14 00:00:00-04:00,79.15654387263866,79.68269610411562,78.14321447502383,79.37090301513672,118400,0.0,0.0
2021-10-15 00:00:00-04:00,80.66679964566598,81.34884473507289,77.98732511284257,78.04578399658203,133400,0.0,0.0
2021-10-18 00:00:00-04:00,77.10066541303722,78.77655626644831,75.99964755410299,78.63040161132812,161000,0.0,0.0
2021-10-19 00:00:00-04:00,79.08834716076684,82.97602668196039,78.37707259100131,81.59243774414062,304000,0.0,0.0
2021-10-20 00:00:00-04:00,79.14682048592698,82.2062930668451,78.386817720258,79.75091552734375,317700,0.0,0.0
2021-10-21 00:00:00-04:00,79.34168324481685,80.75449422531823,78.81553094921188,79.13706970214844,172400,0.0,0.0
2021-10-22 00:00:00-04:00,78.95194206433472,80.33552363727036,78.33810142010589,80.01399230957031,159200,0.0,0.0
2021-10-25 00:00:00-04:00,80.17962902983132,82.39141037282658,79.283224714927,81.66064453125,291700,0.0,0.0
2021-10-26 00:00:00-04:00,82.25500673631869,84.25243647440465,81.076038659998,81.7191162109375,181600,0.0,0.0
2021-10-27 00:00:00-04:00,81.76783072321282,82.74218525738,81.29039908291675,81.56321716308594,164000,0.0,0.0
2021-10-28 00:00:00-04:00,82.74217502307226,82.74217502307226,81.00782535617252,81.74833679199219,160400,0.0,0.0
2021-10-29 00:00:00-04:00,81.83603624608183,84.60320702256807,81.19296611119353,82.34270477294922,167400,0.0,0.0
2021-11-01 00:00:00-04:00,82.89808672616907,84.71038678010926,82.35244312436073,83.7555160522461,328300,0.0,0.0
2021-11-02 00:00:00-04:00,84.00883989264213,84.00883989264213,77.47092257895177,78.13348388671875,524200,0.0,0.0
2021-11-03 00:00:00-04:00,77.31502529594965,82.86885020560909,77.31502529594965,81.0273208618164,515700,0.0,0.0
2021-11-04 00:00:00-04:00,84.76883993180653,89.64061234168045,83.44371724162202,87.10729217529297,546700,0.0,0.0
2021-11-05 00:00:00-04:00,89.57241139506029,92.56367947658582,89.33856839151262,91.03394317626953,422900,0.0,0.0
2021-11-08 00:00:00-05:00,91.06315875820853,91.06315875820853,84.94421448854742,84.99293518066406,295500,0.0,0.0
2021-11-09 00:00:00-05:00,85.03190693733727,86.04523642588484,83.6093503766073,84.95396423339844,224000,0.0,0.0
2021-11-10 00:00:00-05:00,83.72627875134779,84.55447855269466,82.25500144046494,83.32678985595703,276600,0.0,0.0
2021-11-11 00:00:00-05:00,83.66782022614765,84.39858607175734,81.88474977876376,82.51808166503906,160900,0.0,0.0
2021-11-12 00:00:00-05:00,82.12833524478697,84.12575735262224,81.43654449618441,84.01858520507812,216100,0.0,0.0
2021-11-15 00:00:00-05:00,84.60320153721335,84.60320153721335,82.39141269806281,82.83961486816406,191800,0.0,0.0
2021-11-16 00:00:00-05:00,82.55704893836058,83.38524866508472,81.26115584377467,81.40731048583984,209300,0.0,0.0
2021-11-17 00:00:00-05:00,80.90064874368397,84.10627577423432,80.90064874368397,83.53141021728516,194500,0.0,0.0
2021-11-18 00:00:00-05:00,84.12575226719461,84.12575226719461,79.98474621785023,81.78730773925781,191300,0.0,0.0
2021-11-19 00:00:00-05:00,79.45860877995212,80.35501309446946,77.14938604542256,77.64630889892578,433600,0.0,0.0
2021-11-22 00:00:00-05:00,78.33809742004884,78.99091310206344,76.48682252194284,78.0068130493164,237800,0.0,0.0
2021-11-23 00:00:00-05:00,77.33451441202077,78.59143252895589,74.52836887328769,75.88272094726562,308700,0.0,0.0
2021-11-24 00:00:00-05:00,75.00581219616109,77.05195514619207,74.45043043209932,76.82785034179688,144000,0.0,0.0
2021-11-26 00:00:00-05:00,73.35913876949677,74.55759043857913,71.55658473660901,73.78785705566406,203200,0.0,0.0
2021-11-29 00:00:00-05:00,75.31760520979577,75.33708902879366,70.65044630077624,70.7186508178711,330600,0.0,0.0
2021-11-30 00:00:00-05:00,70.24121423593738,71.78069617165713,68.92583711212016,69.97814178466797,251000,0.0,0.0
2021-12-01 00:00:00-05:00,72.01454403116661,73.93401613498331,68.11712606537179,68.37045288085938,344800,0.0,0.0
2021-12-02 00:00:00-05:00,69.96838725098976,74.36272768684738,68.55557634113588,73.29093933105469,398700,0.0,0.0
2021-12-03 00:00:00-05:00,73.8755573384148,74.4601685472819,71.80992313776721,72.94017791748047,225600,0.0,0.0
2021-12-06 00:00:00-05:00,74.35299042733268,77.75349302629185,73.90478824388856,76.67195892333984,257700,0.0,0.0
2021-12-07 00:00:00-05:00,78.08476707317249,79.29296454136691,76.63298098609901,77.11041259765625,154800,0.0,0.0
2021-12-08 00:00:00-05:00,77.95810170844888,79.91654880273266,77.61707913733488,79.13706970214844,257300,0.0,0.0
2021-12-09 00:00:00-05:00,78.07501572276223,79.67295635075422,78.07501572276223,78.24066162109375,91300,0.0,0.0
2021-12-10 00:00:00-05:00,79.40014162999022,79.57552572741395,76.68169183678972,77.85092163085938,112300,0.0,0.0
2021-12-13 00:00:00-05:00,76.79861509501619,76.79861509501619,73.76837225380315,74.37247467041016,148300,0.0,0.0
2021-12-14 00:00:00-05:00,73.76837443623833,75.59041993187682,73.27145158583974,73.32991790771484,252600,0.0,0.0
2021-12-15 00:00:00-05:00,73.10581041040041,74.78170118998385,70.44582702607782,72.95965576171875,262500,0.0,0.0
2021-12-16 00:00:00-05:00,73.5929875706919,73.5929875706919,69.40326805809536,70.48479461669922,236500,0.0,0.0
2021-12-17 00:00:00-05:00,70.0047101842145,73.28695254122738,68.72121118703728,73.25755310058594,581400,0.4,0.0
2021-12-20 00:00:00-05:00,71.79769648019555,73.63967276575728,70.61217316612003,73.41432189941406,181900,0.0,0.0
2021-12-21 00:00:00-05:00,74.50186593067124,78.05843570245864,74.42348237438925,77.52935791015625,290800,0.0,0.0
2021-12-22 00:00:00-05:00,77.77430343057961,79.82203092298327,76.87291492940969,78.89124298095703,292000,0.0,0.0
2021-12-23 00:00:00-05:00,79.46930548673747,80.45887727446241,78.60710883979974,80.43927764892578,155000,0.0,0.0
2021-12-27 00:00:00-05:00,79.30275363797617,80.35110945255354,78.21520604364002,78.95003509521484,129100,0.0,0.0
2021-12-28 00:00:00-05:00,78.28379182354823,79.55749106099931,77.54896275287987,77.65673828125,141800,0.0,0.0
2021-12-29 00:00:00-05:00,77.67632631622139,78.37196356923455,76.23606021805392,76.52019500732422,444200,0.0,0.0
2021-12-30 00:00:00-05:00,77.15705178942633,77.71552157956613,75.25629155014765,75.36406707763672,573200,0.0,0.0
2021-12-31 00:00:00-05:00,75.2073077462385,76.20667198933846,73.6886580162102,74.27651977539062,508200,0.0,0.0
2022-01-03 00:00:00-05:00,74.85458703713785,77.70571985072549,74.59004439434116,75.55022430419922,329100,0.0,0.0
2022-01-04 00:00:00-05:00,76.23606485739735,77.50977157990421,75.36406828470514,77.3530044555664,349400,0.0,0.0
2022-01-05 00:00:00-05:00,77.26482216967598,79.94939541404463,77.0884629069033,77.83309173583984,320400,0.0,0.0
2022-01-06 00:00:00-05:00,78.34257332458844,79.62607233614723,76.50060453566529,76.67696380615234,174500,0.0,0.0
2022-01-07 00:00:00-05:00,76.5299931037324,77.80369972015087,75.15831078029726,75.2366943359375,158100,0.0,0.0
2022-01-10 00:00:00-05:00,74.98195089328063,76.02050683413052,73.0126070558547,75.92253112792969,170500,0.0,0.0
2022-01-11 00:00:00-05:00,76.51040116114335,76.72595222326792,73.26735784027265,73.3653335571289,211900,0.0,0.0
2022-01-12 00:00:00-05:00,73.92380031040553,73.92380031040553,70.8963081767901,71.94466400146484,305200,0.0,0.0
2022-01-13 00:00:00-05:00,72.35616622823395,73.80623218795306,72.08183124330355,72.66969299316406,297600,0.0,0.0
2022-01-14 00:00:00-05:00,71.92506384451534,72.71867674751847,69.62259373692149,70.79832458496094,304400,0.0,0.0
2022-01-18 00:00:00-05:00,70.1810698213829,70.86691474700261,67.71204752432767,68.08435821533203,417700,0.0,0.0
2022-01-19 00:00:00-05:00,68.33909716149367,70.96488642670141,66.93802289918007,68.81918334960938,425200,0.0,0.0
2022-01-20 00:00:00-05:00,69.2404926544019,69.59321120912773,63.45983575758179,63.51862716674805,449800,0.0,0.0
2022-01-21 00:00:00-05:00,62.70541272410358,63.440241779464166,60.80465624641638,61.48069763183594,548000,0.0,0.0
2022-01-24 00:00:00-05:00,60.43233501988758,65.70350549355808,60.13840417828491,65.24301147460938,616000,0.0,0.0
2022-01-25 00:00:00-05:00,63.73417626318049,67.49649743101132,62.92096364953753,66.31097412109375,484800,0.0,0.0
2022-01-26 00:00:00-05:00,67.14377385133078,68.2117292165738,64.23384982020251,64.71394348144531,305700,0.0,0.0
2022-01-27 00:00:00-05:00,65.01767223462365,66.73227327989312,62.725001807056884,63.41084671020508,204500,0.0,0.0
2022-01-28 00:00:00-05:00,63.02874335412098,64.9294962164594,61.4317137246335,64.87071228027344,229100,0.0,0.0
2022-01-31 00:00:00-05:00,63.81254296418473,67.34952022141474,63.81254296418473,66.47752380371094,286800,0.0,0.0
2022-02-01 00:00:00-05:00,66.96741548673526,69.84794759238284,66.49712910728294,69.62259674072266,401200,0.0,0.0
2022-02-02 00:00:00-05:00,70.68076138417884,72.72848903809488,69.5736215600957,70.1222915649414,455500,0.0,0.0
2022-02-03 00:00:00-05:00,69.71077754071811,71.95445626126323,69.20129192750188,70.11248016357422,180400,0.0,0.0
2022-02-04 00:00:00-05:00,68.9465664193928,71.41558886001312,67.90800289450954,71.0922622680664,223500,0.0,0.0
2022-02-07 00:00:00-05:00,70.79832946184256,73.35553507552233,70.79832946184256,72.75787353515625,252000,0.0,0.0
2022-02-08 00:00:00-05:00,73.25754908122626,74.81539044677804,72.82645448468233,74.3353042602539,238900,0.0,0.0
2022-02-09 00:00:00-05:00,75.18770914333511,76.68675926595367,74.47247969368722,76.60838317871094,195400,0.0,0.0
2022-02-10 00:00:00-05:00,75.41305635266954,78.32298055524495,75.38366438699789,75.87355041503906,184500,0.0,0.0
2022-02-11 00:00:00-05:00,76.29485482825697,77.54896189904538,74.26672691454527,74.96236419677734,190900,0.0,0.0
2022-02-14 00:00:00-05:00,75.16811292188726,77.74491072407274,74.72721101405419,75.83435821533203,271100,0.0,0.0
2022-02-15 00:00:00-05:00,77.02967648055082,79.93959300936646,76.69655011719391,79.81222534179688,306100,0.0,0.0
2022-02-16 00:00:00-05:00,78.75407376862506,81.49743846662689,78.75407376862506,80.56665802001953,249300,0.0,0.0
2022-02-17 00:00:00-05:00,79.8220262182999,80.53725559389567,77.78409865962978,78.80306243896484,188000,0.0,0.0
2022-02-18 00:00:00-05:00,78.01925015778583,80.12576168199624,77.62734729519893,78.49934387207031,347800,0.0,0.0
2022-02-22 00:00:00-05:00,79.46931360311376,81.37986615938135,78.30338244181482,79.371337890625,353400,0.0,0.0
2022-02-23 00:00:00-05:00,80.48827138444418,81.82076190393009,77.55875519420799,78.05843353271484,407900,0.0,0.0
2022-02-24 00:00:00-05:00,75.19750564883083,79.81223115711254,75.12892190359356,79.63587188720703,319200,0.0,0.0
2022-02-25 00:00:00-05:00,79.63586593475252,82.43801441654212,78.4993343164763,82.38902282714844,267200,0.0,0.0
2022-02-28 00:00:00-05:00,82.01671344639988,82.43801570655016,79.98858569987809,82.14408111572266,332600,0.0,0.0
2022-03-01 00:00:00-05:00,81.5464288461858,82.0754991610842,75.99111578907942,76.74554443359375,457400,0.0,0.0
2022-03-02 00:00:00-05:00,74.36470183930726,75.25629053874515,67.9961833644995,69.67159271240234,972300,0.0,0.0
2022-03-03 00:00:00-05:00,69.22088849300536,71.68991047269424,68.48605954398208,70.90609741210938,509000,0.0,0.0
2022-03-04 00:00:00-05:00,69.51481901907752,70.35742352022355,66.85963784921209,68.66242218017578,431200,0.0,0.0
2022-03-07 00:00:00-05:00,68.48606265845268,68.8681731313163,61.9117898550277,61.999969482421875,760400,0.0,0.0
2022-03-08 00:00:00-05:00,61.98037821198735,68.39788438923699,61.58847163467515,64.6845474243164,496300,0.0,0.0
2022-03-09 00:00:00-05:00,66.97721506129263,72.85584710897729,66.281577832658,71.07266235351562,644900,0.0,0.0
2022-03-10 00:00:00-05:00,70.07329082784213,72.48353654918293,68.7408077720328,71.45477294921875,356900,0.0,0.0
2022-03-11 00:00:00-05:00,71.65072502113208,72.6696888173695,70.40641784667967,70.40641784667969,301300,0.0,0.0
2022-03-14 00:00:00-04:00,70.58278336650653,71.93486618086669,69.52462769871096,70.26925659179688,252700,0.0,0.0
2022-03-15 00:00:00-04:00,70.9746907777368,72.51293262072157,69.86754356028851,70.73954010009766,217600,0.0,0.0
2022-03-16 00:00:00-04:00,71.4645758035763,75.69719076558148,70.9256981854117,75.47183990478516,305800,0.0,0.0
2022-03-17 00:00:00-04:00,74.81539365124083,76.34383564322981,73.49270289086056,76.1380844116211,230300,0.0,0.0
2022-03-18 00:00:00-04:00,76.26621440510834,78.0895921144588,75.35945839456853,77.64606475830078,336900,0.46,0.0
2022-03-21 00:00:00-04:00,77.05469884694968,77.46865167757161,74.63010831384804,75.39888000488281,223300,0.0,0.0
2022-03-22 00:00:00-04:00,75.58615300854855,78.2177201451468,74.94550738034674,75.86212158203125,267600,0.0,0.0
2022-03-23 00:00:00-04:00,74.90607875783323,75.85225990295108,72.94472432741954,73.31925201416016,274000,0.0,0.0
2022-03-24 00:00:00-04:00,73.77263092886719,76.63089073679204,72.75745763092085,75.81283569335938,300600,0.0,0.0
2022-03-25 00:00:00-04:00,75.38901930542818,75.8029796417303,73.24039739821563,73.95003509521484,271000,0.0,0.0
2022-03-28 00:00:00-04:00,74.06831902382805,74.64982316342177,72.35336607296111,73.27983093261719,161700,0.0,0.0
2022-03-29 00:00:00-04:00,74.6892442360516,77.49822068808288,73.58536999221013,76.77873229980469,232900,0.0,0.0
2022-03-30 00:00:00-04:00,75.68470831757398,77.01527531229796,75.47773189791285,76.41405487060547,234400,0.0,0.0
2022-03-31 00:00:00-04:00,76.50276618445537,79.23289241503666,75.96067969411163,76.82801055908203,320200,0.0,0.0
2022-04-01 00:00:00-04:00,76.85758196940222,77.57707035169733,73.23055051355753,74.5019760131836,212300,0.0,0.0
2022-04-04 00:00:00-04:00,74.235867845221,75.75370248289775,73.22069453706342,75.29046630859375,231400,0.0,0.0
2022-04-05 00:00:00-04:00,75.18204691524024,75.29046420916396,72.58990506865321,72.95457458496094,158800,0.0,0.0
2022-04-06 00:00:00-04:00,71.97882424543229,71.97882424543229,69.2585488517393,70.91436767578125,213500,0.0,0.0
2022-04-07 00:00:00-04:00,70.82566960470163,71.3283309252075,68.30251987280913,70.22444915771484,147600,0.0,0.0
2022-04-08 00:00:00-04:00,69.84006491105472,71.09178163734025,68.5587736785216,70.13574981689453,188000,0.0,0.0
2022-04-11 00:00:00-04:00,69.88934905111122,71.5747349870825,69.37682954428301,69.46553802490234,244700,0.0,0.0
2022-04-12 00:00:00-04:00,70.31314724967639,72.16609183813996,69.70207617865461,69.81049346923828,220500,0.0,0.0
2022-04-13 00:00:00-04:00,70.44128895144327,73.72335999081257,70.10617887315726,73.04328918457031,180600,0.0,0.0
2022-04-14 00:00:00-04:00,73.32911456999116,73.900768062571,72.42235852494852,72.68846893310547,160300,0.0,0.0
2022-04-18 00:00:00-04:00,72.07738534326438,73.65436142429768,71.54515704385253,72.44206237792969,155900,0.0,0.0
2022-04-19 00:00:00-04:00,72.56033672372138,75.13276970485191,72.56033672372138,73.99932098388672,184000,0.0,0.0
2022-04-20 00:00:00-04:00,75.0144967544642,75.93111092231076,74.07817376905915,75.30032348632812,107200,0.0,0.0
2022-04-21 00:00:00-04:00,76.81816278973822,77.27154081703192,75.87198157804964,76.28593444824219,115300,0.0,0.0
2022-04-22 00:00:00-04:00,75.94096999466598,76.28593070289016,73.5360881666241,74.33442687988281,174600,0.0,0.0
2022-04-25 00:00:00-04:00,73.55579575396543,76.23664610374101,73.42766964150533,76.18737030029297,155500,0.0,0.0
2022-04-26 00:00:00-04:00,75.06378029016084,75.06378029016084,70.66796952382117,71.39732360839844,158100,0.0,0.0
2022-04-27 00:00:00-04:00,71.44660040390701,72.54062402637864,70.51027740285595,71.38746643066406,120100,0.0,0.0
2022-04-28 00:00:00-04:00,72.30407688726014,73.9204705756139,71.0030769059125,72.89543914794922,110500,0.0,0.0
2022-04-29 00:00:00-04:00,72.46177304509436,73.38824538841754,70.41171762265543,70.65811920166016,112900,0.0,0.0
2022-05-02 00:00:00-04:00,70.13574923597037,73.82191476178913,70.13574923597037,73.52622985839844,329300,0.0,0.0
2022-05-03 00:00:00-04:00,73.50651533207862,74.52168855819247,70.64825572640096,72.55047607421875,217600,0.0,0.0
2022-05-04 00:00:00-04:00,72.97429430647335,73.02357011171918,68.74604220607286,72.33364868164062,375700,0.0,0.0
2022-05-05 00:00:00-04:00,69.88934381141715,71.170627443269,68.62776147665761,69.66265106201172,218900,0.0,0.0
2022-05-06 00:00:00-04:00,69.15014068161761,73.35867621705033,68.59819604777292,73.18126678466797,306200,0.0,0.0
2022-05-09 00:00:00-04:00,71.61416087379702,73.02357073300892,67.70130246808151,67.98712921142578,383400,0.0,0.0
2022-05-10 00:00:00-04:00,68.99244543438355,71.44660317363856,68.00683907103522,70.84538269042969,292900,0.0,0.0
2022-05-11 00:00:00-04:00,70.50041686159496,71.38746402828524,65.82864514313182,66.33130645751953,435800,0.0,0.0
2022-05-12 00:00:00-04:00,66.3313116959342,72.25480056438492,66.3313116959342,72.01825714111328,455500,0.0,0.0
2022-05-13 00:00:00-04:00,73.21083623220748,75.38902529663369,73.21083623220748,74.48226928710938,282200,0.0,0.0
2022-05-16 00:00:00-04:00,73.87118905580863,74.67938591969771,68.78546446634498,68.90373992919922,417400,0.0,0.0
2022-05-17 00:00:00-04:00,70.09631799427848,72.0970974440294,69.72178281322797,70.27372741699219,363900,0.0,0.0
2022-05-18 00:00:00-04:00,69.022005970023,69.4852421206265,66.37072269419052,67.08036041259766,363500,0.0,0.0
2022-05-19 00:00:00-04:00,66.2130295641702,68.16453328870502,65.14857298715121,67.22820281982422,270400,0.0,0.0
2022-05-20 00:00:00-04:00,68.5784871083842,68.78546352586473,65.44425882160334,66.26231384277344,286600,0.0,0.0
2022-05-23 00:00:00-04:00,67.03108595460911,68.20395232755402,64.60649538116311,67.58302307128906,279300,0.0,0.0
2022-05-24 00:00:00-04:00,66.70583274132312,66.70583274132312,63.88699820388291,65.97648620605469,343200,0.0,0.0
2022-05-25 00:00:00-04:00,65.29641501034794,70.56940702047532,65.14857256678606,69.66265106201172,378800,0.0,0.0
2022-05-26 00:00:00-04:00,70.52013969962532,74.81738413034921,70.52013969962532,74.2161636352539,332100,0.0,0.0
2022-05-27 00:00:00-04:00,75.25104234825433,76.52247542570932,74.04860141362653,74.98493194580078,176600,0.0,0.0
2022-05-31 00:00:00-04:00,74.01903195174316,74.29500051382465,72.26465393315718,72.43220520019531,245600,0.0,0.0
2022-06-01 00:00:00-04:00,72.84616429618768,73.86133756886875,71.07206997139996,73.0334243774414,199600,0.0,0.0
2022-06-02 00:00:00-04:00,73.9204701639528,74.45269845148276,72.60961202167972,74.07817077636719,139900,0.0,0.0
2022-06-03 00:00:00-04:00,73.19113164500295,73.97961223467728,72.23509225639569,73.04328918457031,116700,0.0,0.0
2022-06-06 00:00:00-04:00,73.38824383936898,74.64981869411167,71.94925955070441,74.05845642089844,231100,0.0,0.0
2022-06-07 00:00:00-04:00,72.99399753822212,74.36398964422854,72.46176925307459,73.41780853271484,138500,0.0,0.0
2022-06-08 00:00:00-04:00,73.03342763749339,74.18658524029024,72.85601819709545,73.66421508789062,95000,0.0,0.0
2022-06-09 00:00:00-04:00,72.92500846203879,73.90076411889639,71.80141787497189,73.38824462890625,126500,0.0,0.0
2022-06-10 00:00:00-04:00,71.89997875421133,72.84616744809057,70.37229345470249,70.64826202392578,164700,0.0,0.0
2022-06-13 00:00:00-04:00,67.18877857811171,68.39121944776967,66.18346347700869,67.51403045654297,338400,0.0,0.0
2022-06-14 00:00:00-04:00,67.20849889774999,68.38136533194817,66.27216836067723,66.51856994628906,205800,0.0,0.0
2022-06-15 00:00:00-04:00,67.336619309479,69.13042239995282,67.14935171401656,68.04625701904297,246400,0.0,0.0
2022-06-16 00:00:00-04:00,66.07030892775981,66.1497460425756,63.14113160490446,63.84612274169922,285800,0.51,0.0
2022-06-17 00:00:00-04:00,64.29294574764944,66.83487291597042,64.29294574764944,66.65614318847656,329800,0.0,0.0
2022-06-21 00:00:00-04:00,68.09591020006036,68.51294369135634,62.78367243828587,62.8432502746582,237300,0.0,0.0
2022-06-22 00:00:00-04:00,62.13826256536033,63.68724842443578,61.67157898588498,62.62480163574219,265500,0.0,0.0
2022-06-23 00:00:00-04:00,62.97232742493118,63.975200131630956,60.86729319702855,63.6574592590332,282400,0.0,0.0
2022-06-24 00:00:00-04:00,63.98513362981665,67.35120370637947,63.597887166179525,67.23204803466797,340500,0.0,0.0
2022-06-27 00:00:00-04:00,67.80795807129378,68.33421571549638,66.43770188966016,67.48028564453125,227600,0.0,0.0
2022-06-28 00:00:00-04:00,67.56965312407236,69.90306347848028,65.45468347484612,65.54405212402344,327700,0.0,0.0
2022-06-29 00:00:00-04:00,64.88870973321889,65.45468594758894,62.70424199455496,64.69012451171875,170900,0.0,0.0
2022-06-30 00:00:00-04:00,63.36950510402441,64.95820945935318,62.555293648447176,64.62061309814453,211200,0.0,0.0
2022-07-01 00:00:00-04:00,64.49153151249317,67.11289582088799,64.49153151249317,67.01360321044922,168200,0.0,0.0
2022-07-05 00:00:00-04:00,65.86178890255071,68.89025489254242,65.00785889966443,68.83068084716797,187200,0.0,0.0
2022-07-06 00:00:00-04:00,68.92997374350482,69.77397221726733,66.47740785787714,66.7057876586914,123700,0.0,0.0
2022-07-07 00:00:00-04:00,66.954023391364,68.64202035002808,66.954023391364,68.12569427490234,116200,0.0,0.0
2022-07-08 00:00:00-04:00,67.56965191232429,68.66188572080654,66.54691610950871,67.19232940673828,125100,0.0,0.0
2022-07-11 00:00:00-04:00,66.67600343483618,67.4207093386306,65.81214185924016,66.09016418457031,163600,0.0,0.0
2022-07-12 00:00:00-04:00,66.33839653861858,67.56964903258012,65.12700711017828,65.44475555419922,184600,0.0,0.0
2022-07-13 00:00:00-04:00,64.15392924539546,65.88164475050142,63.25035293719708,65.60362243652344,151900,0.0,0.0
2022-07-14 00:00:00-04:00,64.52132508915722,65.60362740417438,64.20358419547378,65.1170883178711,122400,0.0,0.0
2022-07-15 00:00:00-04:00,66.49727188900664,68.50300973491461,65.60362331388329,67.30155181884766,160500,0.0,0.0
2022-07-18 00:00:00-04:00,68.12569352915898,68.5625900633182,66.29867785720762,66.54691314697266,158100,0.0,0.0
2022-07-19 00:00:00-04:00,67.34127312306174,69.46616672421135,67.34127312306174,69.00941467285156,228800,0.0,0.0
2022-07-20 00:00:00-04:00,69.36687613491767,70.59812116028515,68.92997956197998,69.05906677246094,238200,0.0,0.0
2022-07-21 00:00:00-04:00,68.36400084810792,68.36400084810792,67.13275586787374,67.51007080078125,183700,0.0,0.0
2022-07-22 00:00:00-04:00,67.97675174097498,68.5427279061176,65.90150832729867,67.06324768066406,192200,0.0,0.0
2022-07-25 00:00:00-04:00,67.52000348035732,67.52000348035732,64.8291336624844,65.82207489013672,170400,0.0,0.0
2022-07-26 00:00:00-04:00,65.39510928249408,65.7922872851603,63.94541601197164,64.28301239013672,148900,0.0,0.0
2022-07-27 00:00:00-04:00,65.3752439435434,67.7086617872764,65.1369401804426,67.57957458496094,129200,0.0,0.0
2022-07-28 00:00:00-04:00,67.75830690624457,70.57826391759185,67.48028457601464,70.38960266113281,188200,0.0,0.0
2022-07-29 00:00:00-04:00,70.43924960800494,70.90593317386075,69.00941188717697,70.80663299560547,178500,0.0,0.0
2022-08-01 00:00:00-04:00,70.41938918481992,71.62084714650479,69.78390741294594,71.25346374511719,160200,0.0,0.0
2022-08-02 00:00:00-04:00,70.86621607143728,72.31590931233175,70.68748635266728,71.68042755126953,104400,0.0,0.0
2022-08-03 00:00:00-04:00,72.30597479116884,74.70889057435677,71.92865987848687,74.50037384033203,154400,0.0,0.0
2022-08-04 00:00:00-04:00,74.39115651769026,74.41101958496247,71.39247728053066,71.54141998291016,232300,0.0,0.0
2022-08-05 00:00:00-04:00,70.80663178125099,71.9087970762301,69.86334070832358,70.052001953125,154500,0.0,0.0
2022-08-08 00:00:00-04:00,70.24065666728869,72.80244671943262,70.04207146230976,71.86907958984375,298600,0.0,0.0
2022-08-09 00:00:00-04:00,73.06061609315805,73.06061609315805,69.99242381316174,71.05487060546875,293600,0.0,0.0
2022-08-10 00:00:00-04:00,72.46485369978653,76.35718147109054,72.32583495923822,75.11600494384766,281100,0.0,0.0
2022-08-11 00:00:00-04:00,75.86070584945459,76.4068189400455,71.50169477974147,72.13717651367188,267900,0.0,0.0
2022-08-12 00:00:00-04:00,72.92160314334168,75.1755763029215,72.17689725364428,74.62946319580078,207900,0.0,0.0
2022-08-15 00:00:00-04:00,74.36136373902619,75.18550672962749,73.5272967910971,73.99397277832031,179400,0.0,0.0
2022-08-16 00:00:00-04:00,73.78545913921018,75.96993435388492,73.1996274595982,75.90042877197266,207300,0.0,0.0
2022-08-17 00:00:00-04:00,74.84790159037135,75.65218907786509,73.96418456783091,75.56282043457031,231100,0.0,0.0
2022-08-18 00:00:00-04:00,75.04649629230686,75.60254092959923,73.8748253954836,75.57275390625,163000,0.0,0.0
2022-08-19 00:00:00-04:00,74.56988600036694,74.82805284527358,72.02795883679534,72.60386657714844,225500,0.0,0.0
2022-08-22 00:00:00-04:00,71.66056506636647,72.0478115309198,70.52861269681975,72.03788757324219,199200,0.0,0.0
2022-08-23 00:00:00-04:00,72.11731547551989,73.53722167183463,71.78965064217036,72.2265396118164,131400,0.0,0.0
2022-08-24 00:00:00-04:00,71.45204792487306,73.19962656002835,70.82649769535017,72.9811782836914,157300,0.0,0.0
2022-08-25 00:00:00-04:00,73.33863681235366,74.57981329837976,72.95139035475671,73.60672760009766,146600,0.0,0.0
2022-08-26 00:00:00-04:00,73.70602882310833,73.70602882310833,69.25764890096292,69.51581573486328,199800,0.0,0.0
2022-08-29 00:00:00-04:00,68.6122329587007,69.38672585500174,67.78808997395375,69.06898498535156,211200,0.0,0.0
2022-08-30 00:00:00-04:00,69.19807079063882,69.75411540743643,67.0533142820657,67.09303283691406,189400,0.0,0.0
2022-08-31 00:00:00-04:00,67.24197969054914,67.81788740822853,66.08024029751812,66.1298828125,153800,0.0,0.0
2022-09-01 00:00:00-04:00,65.68305844398203,67.2916182551192,65.03764518278537,67.21218872070312,182800,0.0,0.0
2022-09-02 00:00:00-04:00,68.18526764960579,68.38386042696038,66.69585590937567,67.728515625,188900,0.0,0.0
2022-09-06 00:00:00-04:00,68.27463652109068,68.3937846123611,64.10427908920849,64.4220199584961,301800,0.0,0.0
2022-09-07 00:00:00-04:00,64.67025710513516,67.92711057821639,64.20358110836784,67.8973159790039,202000,0.0,0.0
2022-09-08 00:00:00-04:00,67.26183760337713,70.09171862760924,67.24198211177746,70.04207611083984,245000,0.0,0.0
2022-09-09 00:00:00-04:00,70.6179841825824,72.15703856942697,70.08179500037483,71.46198272705078,205100,0.0,0.0
2022-09-12 00:00:00-04:00,72.4747736971173,73.94432995830441,71.35275290499884,73.7953872680664,238200,0.0,0.0
2022-09-13 00:00:00-04:00,71.52155577156356,72.10739503807424,70.0718624810431,70.82649993896484,171500,0.0,0.0
2022-09-14 00:00:00-04:00,70.85628753341831,72.13718264282389,70.00235746048125,71.1839599609375,144600,0.0,0.0
2022-09-15 00:00:00-04:00,71.53148506272403,75.22522754426649,71.53148506272403,74.16278076171875,288100,0.0,0.0
2022-09-16 00:00:00-04:00,72.98118205878973,73.15991178726145,70.44917883469714,71.74000549316406,629800,0.0,0.0
2022-09-19 00:00:00-04:00,71.93000030517578,74.01000213623047,70.55000305175781,71.44999694824219,315000,0.51,0.0
2022-09-20 00:00:00-04:00,70.9800033569336,71.91000366210938,68.83999633789062,69.9800033569336,191600,0.0,0.0
2022-09-21 00:00:00-04:00,70.56999969482422,71.5,69.2300033569336,69.29000091552734,139900,0.0,0.0
2022-09-22 00:00:00-04:00,69.05000305175781,69.05000305175781,64.05000305175781,64.95999908447266,335900,0.0,0.0
2022-09-23 00:00:00-04:00,64.0,65.5,61.40999984741211,62.91999816894531,215900,0.0,0.0
2022-09-26 00:00:00-04:00,62.380001068115234,64.08999633789062,61.029998779296875,61.869998931884766,169200,0.0,0.0
2022-09-27 00:00:00-04:00,63.33000183105469,64.98999786376953,62.08000183105469,62.86000061035156,157500,0.0,0.0
2022-09-28 00:00:00-04:00,63.650001525878906,65.30000305175781,62.18000030517578,64.55000305175781,166100,0.0,0.0
2022-09-29 00:00:00-04:00,64.5,64.5,61.310001373291016,64.37999725341797,188600,0.0,0.0
2022-09-30 00:00:00-04:00,63.959999084472656,65.25,62.790000915527344,63.560001373291016,161300,0.0,0.0
2022-10-03 00:00:00-04:00,64.04000091552734,64.04000091552734,61.849998474121094,63.45000076293945,250800,0.0,0.0
2022-10-04 00:00:00-04:00,64.98999786376953,67.18000030517578,64.98999786376953,67.12000274658203,286500,0.0,0.0
2022-10-05 00:00:00-04:00,65.86000061035156,69.0,65.86000061035156,68.4000015258789,223900,0.0,0.0
2022-10-06 00:00:00-04:00,68.0999984741211,69.44999694824219,66.63999938964844,67.02999877929688,194400,0.0,0.0
2022-10-07 00:00:00-04:00,66.27999877929688,66.58000183105469,64.51000213623047,65.80999755859375,171700,0.0,0.0
2022-10-10 00:00:00-04:00,66.44000244140625,66.75,64.30000305175781,65.12999725341797,187700,0.0,0.0
2022-10-11 00:00:00-04:00,65.08000183105469,66.0199966430664,63.4900016784668,65.22000122070312,160400,0.0,0.0
2022-10-12 00:00:00-04:00,65.63999938964844,67.29000091552734,64.6500015258789,66.5,201400,0.0,0.0
2022-10-13 00:00:00-04:00,65.3499984741211,68.98999786376953,64.48999786376953,68.62000274658203,187400,0.0,0.0
2022-10-14 00:00:00-04:00,69.33000183105469,69.83999633789062,66.97000122070312,66.9800033569336,126800,0.0,0.0
2022-10-17 00:00:00-04:00,68.29000091552734,69.51000213623047,67.79000091552734,69.0,166500,0.0,0.0
2022-10-18 00:00:00-04:00,70.55999755859375,71.30999755859375,69.4000015258789,70.27999877929688,130700,0.0,0.0
2022-10-19 00:00:00-04:00,69.98999786376953,71.5,69.52999877929688,69.9000015258789,94100,0.0,0.0
2022-10-20 00:00:00-04:00,69.93000030517578,70.61000061035156,68.75,69.29000091552734,257400,0.0,0.0
2022-10-21 00:00:00-04:00,69.7699966430664,71.4800033569336,69.37000274658203,69.76000213623047,223000,0.0,0.0
2022-10-24 00:00:00-04:00,70.45999908447266,70.61000061035156,66.29000091552734,66.55999755859375,294600,0.0,0.0
2022-10-25 00:00:00-04:00,66.73999786376953,69.4000015258789,66.73999786376953,68.72000122070312,173100,0.0,0.0
2022-10-26 00:00:00-04:00,69.25,72.1500015258789,69.25,70.2699966430664,293400,0.0,0.0
2022-10-27 00:00:00-04:00,71.19999694824219,73.2699966430664,71.19999694824219,72.19999694824219,187400,0.0,0.0
2022-10-28 00:00:00-04:00,72.31999969482422,74.22000122070312,70.02999877929688,73.5199966430664,287300,0.0,0.0
2022-10-31 00:00:00-04:00,73.08000183105469,73.63999938964844,71.61000061035156,72.08999633789062,257800,0.0,0.0
2022-11-01 00:00:00-04:00,73.0199966430664,73.05999755859375,68.44999694824219,70.37999725341797,519600,0.0,0.0
