Date,Open,High,Low,Close,Volume,Dividends,Stock Splits
1977-01-03 00:00:00-05:00,0.33498283990713396,0.3395095765590668,0.33498283990713396,0.3395095765590668,165282,0.0,0.0
1977-01-04 00:00:00-05:00,0.3395095765590668,0.344036292100443,0.3214023132929864,0.3395095765590668,179952,0.0,0.0
1977-01-05 00:00:00-05:00,0.3395095926411327,0.3485630452632904,0.3395095926411327,0.3485630452632904,189732,0.0,0.0
1977-01-06 00:00:00-05:00,0.3485629412588278,0.3666702210903168,0.3485629412588278,0.3666702210903168,384354,0.0,0.0
1977-01-07 00:00:00-05:00,0.36667037940272257,0.37119707465171814,0.3621436419326061,0.37119707465171814,345234,0.0,0.0
1977-01-10 00:00:00-05:00,0.37119707465171814,0.3757238121218346,0.36667037940272257,0.37119707465171814,311004,0.0,0.0
1977-01-11 00:00:00-05:00,0.3711970683143619,0.3711970683143619,0.3621436357498169,0.3621436357498169,155502,0.0,0.0
1977-01-12 00:00:00-05:00,0.3576168139631967,0.3576168139631967,0.3485630035451743,0.3530900776386261,198534,0.0,0.0
1977-01-13 00:00:00-05:00,0.3530901198985697,0.3530901198985697,0.3440363083969327,0.3485630452632904,155502,0.0,0.0
1977-01-14 00:00:00-05:00,0.3485630452632904,0.3530901198985697,0.3485630452632904,0.3485630452632904,116382,0.0,0.0
1977-01-17 00:00:00-05:00,0.35309013454130017,0.3666703457035477,0.35309013454130017,0.3576168715953827,222006,0.0,0.0
1977-01-18 00:00:00-05:00,0.36214348557464976,0.3666702210903168,0.36214348557464976,0.3666702210903168,112470,0.0,0.0
1977-01-19 00:00:00-05:00,0.3666703731426495,0.3711970683143619,0.3621436357498169,0.3621436357498169,149634,0.0,0.0
1977-01-20 00:00:00-05:00,0.3621436086494652,0.3666703457035477,0.3576168715953827,0.3576168715953827,179952,0.0,0.0
1977-01-21 00:00:00-05:00,0.3576168139631967,0.3621435502877674,0.3530900776386261,0.3530900776386261,185820,0.0,0.0
1977-01-24 00:00:00-05:00,0.3666701906142744,0.3847774267196655,0.3666701906142744,0.3847774267196655,850860,0.0,0.0
1977-01-25 00:00:00-05:00,0.3847774267196655,0.3983576321379386,0.38025069158024116,0.3847774267196655,502692,0.0,0.0
1977-01-26 00:00:00-05:00,0.38477757830188736,0.38477757830188736,0.37572376668751806,0.38025084137916565,263082,0.0,0.0
1977-01-27 00:00:00-05:00,0.38025084137916565,0.38477757830188736,0.37119702976479635,0.38025084137916565,258192,0.0,0.0
1977-01-28 00:00:00-05:00,0.38025084137916565,0.38477757830188736,0.37119702976479635,0.38025084137916565,122250,0.0,0.0
1977-01-31 00:00:00-05:00,0.3757238121218346,0.3757238121218346,0.36667037940272257,0.37119707465171814,114426,0.0,0.0
1977-02-01 00:00:00-05:00,0.37119707465171814,0.37119707465171814,0.36667037940272257,0.37119707465171814,81174,0.0,0.0
1977-02-02 00:00:00-05:00,0.3666703457035477,0.3666703457035477,0.3576168715953827,0.3576168715953827,112470,0.0,0.0
1977-02-03 00:00:00-05:00,0.35761689835698435,0.3621436357498169,0.34856308580235834,0.3621436357498169,153546,0.0,0.0
1977-02-04 00:00:00-05:00,0.3621436357498169,0.3666703731426495,0.3621436357498169,0.3621436357498169,121272,0.0,0.0
1977-02-07 00:00:00-05:00,0.3666702210903168,0.3757236499005483,0.3666702210903168,0.3666702210903168,82152,0.0,0.0
1977-02-08 00:00:00-05:00,0.3666703731426495,0.3666703731426495,0.3621436357498169,0.3621436357498169,115404,0.0,0.0
1977-02-09 00:00:00-05:00,0.3621436357498169,0.3711970683143619,0.3621436357498169,0.3621436357498169,283620,0.0,0.0
1977-02-10 00:00:00-05:00,0.3621436086494652,0.3621436086494652,0.35309013454130017,0.3576168715953827,74328,0.0,0.0
1977-02-11 00:00:00-05:00,0.35761685937842097,0.35761685937842097,0.3440363109111786,0.3440363109111786,152568,0.0,0.0
1977-02-14 00:00:00-05:00,0.3395096090950173,0.3395096090950173,0.33498287200927734,0.33498287200927734,143766,0.0,0.0
1977-02-15 00:00:00-05:00,0.3395095926411327,0.3485630452632904,0.3395095926411327,0.3485630452632904,175062,0.0,0.0
1977-02-16 00:00:00-05:00,0.3485630452632904,0.3530901198985697,0.3440363083969327,0.3485630452632904,225918,0.0,0.0
1977-02-17 00:00:00-05:00,0.34856308580235834,0.3666703731426495,0.34856308580235834,0.3621436357498169,1001472,0.0,0.0
1977-02-18 00:00:00-05:00,0.36214348557464976,0.3757236499005483,0.36214348557464976,0.3666702210903168,472374,0.0,0.0
1977-02-22 00:00:00-05:00,0.37119707465171814,0.3757238121218346,0.37119707465171814,0.37119707465171814,275796,0.0,0.0
1977-02-23 00:00:00-05:00,0.3711969143848812,0.3757236499005483,0.3666702210903168,0.3666702210903168,81174,0.0,0.0
1977-02-24 00:00:00-05:00,0.3666703731426495,0.3666703731426495,0.3621436357498169,0.3621436357498169,228852,0.0,0.0
1977-02-25 00:00:00-05:00,0.3621436086494652,0.3621436086494652,0.3576168715953827,0.3576168715953827,355014,0.0,0.0
1977-02-28 00:00:00-05:00,0.35761689835698435,0.3621436357498169,0.35761689835698435,0.3621436357498169,86064,0.0,0.0
1977-03-01 00:00:00-05:00,0.3621436419326061,0.3757238121218346,0.3621436419326061,0.37119707465171814,293400,0.0,0.0
1977-03-02 00:00:00-05:00,0.3711970683143619,0.3711970683143619,0.3621436357498169,0.3621436357498169,243522,0.0,0.0
1977-03-03 00:00:00-05:00,0.3621436086494652,0.3621436086494652,0.3576168715953827,0.3576168715953827,52812,0.0,0.0
1977-03-04 00:00:00-05:00,0.35761689835698435,0.3621436357498169,0.35761689835698435,0.3621436357498169,45966,0.0,0.0
1977-03-07 00:00:00-05:00,0.3576168567649273,0.3576168567649273,0.3485630452632904,0.3485630452632904,65526,0.0,0.0
1977-03-08 00:00:00-05:00,0.3485630452632904,0.3530901198985697,0.3485630452632904,0.3485630452632904,59658,0.0,0.0
1977-03-09 00:00:00-05:00,0.3485630452632904,0.3530901198985697,0.3485630452632904,0.3485630452632904,68460,0.0,0.0
1977-03-10 00:00:00-05:00,0.34856305971828205,0.3621436086494652,0.34856305971828205,0.3576168715953827,203424,0.0,0.0
1977-03-11 00:00:00-05:00,0.3576168715953827,0.3621436086494652,0.3576168715953827,0.3576168715953827,158436,0.0,0.0
1977-03-14 00:00:00-05:00,0.3621436419326061,0.3757238121218346,0.3621436419326061,0.37119707465171814,328608,0.0,0.0
1977-03-15 00:00:00-05:00,0.3711969143848812,0.3711969143848812,0.3666702210903168,0.3666702210903168,112470,0.0,0.0
1977-03-16 00:00:00-05:00,0.3666702210903168,0.3666702210903168,0.36214348557464976,0.3666702210903168,149634,0.0,0.0
1977-03-17 00:00:00-05:00,0.3666703731426495,0.3666703731426495,0.3621436357498169,0.3621436357498169,59658,0.0,0.0
1977-03-18 00:00:00-05:00,0.3666703731426495,0.3666703731426495,0.3621436357498169,0.3621436357498169,59658,0.0,0.0
1977-03-21 00:00:00-05:00,0.3621436086494652,0.3621436086494652,0.3576168715953827,0.3576168715953827,139854,0.0,0.0
1977-03-22 00:00:00-05:00,0.3576168567649273,0.3576168567649273,0.3485630452632904,0.3485630452632904,105624,0.0,0.0
1977-03-23 00:00:00-05:00,0.34856304781061803,0.34856304781061803,0.3440363109111786,0.3440363109111786,85086,0.0,0.0
1977-03-24 00:00:00-05:00,0.3440363250701987,0.3485630621559387,0.33498287200927734,0.33498287200927734,177996,0.0,0.0
1977-03-25 00:00:00-05:00,0.33498287200927734,0.3395096090950173,0.33498287200927734,0.33498287200927734,71394,0.0,0.0
1977-03-28 00:00:00-05:00,0.33498287200927734,0.3395096090950173,0.33498287200927734,0.33498287200927734,103668,0.0,0.0
1977-03-29 00:00:00-05:00,0.33498283990713396,0.3395095765590668,0.33498283990713396,0.3395095765590668,164304,0.0,0.0
1977-03-30 00:00:00-05:00,0.33950959512229695,0.3440363109111786,0.33950959512229695,0.3440363109111786,133986,0.0,0.0
1977-03-31 00:00:00-05:00,0.3440363250701987,0.3440363250701987,0.33498287200927734,0.33498287200927734,84108,0.0,0.0
1977-04-01 00:00:00-05:00,0.33498285577477505,0.3530901198985697,0.33498285577477505,0.3485630452632904,256236,0.0,0.0
1977-04-04 00:00:00-05:00,0.3530900776386261,0.3576168139631967,0.3530900776386261,0.3530900776386261,248412,0.0,0.0
1977-04-05 00:00:00-05:00,0.3530900776386261,0.3576168139631967,0.3530900776386261,0.3530900776386261,151590,0.0,0.0
1977-04-06 00:00:00-05:00,0.35309013454130017,0.3576168715953827,0.35309013454130017,0.3576168715953827,427386,0.0,0.0
1977-04-07 00:00:00-05:00,0.3576168715953827,0.3576168715953827,0.34856305971828205,0.3576168715953827,354036,0.0,0.0
1977-04-11 00:00:00-05:00,0.344036292100443,0.344036292100443,0.3395095765590668,0.3395095765590668,139854,0.0,0.0
1977-04-12 00:00:00-05:00,0.3395095765590668,0.3485630287523759,0.3395095765590668,0.3395095765590668,39120,0.0,0.0
1977-04-13 00:00:00-05:00,0.33950959512229695,0.34856304781061803,0.3349828582228575,0.3440363109111786,169194,0.0,0.0
1977-04-14 00:00:00-05:00,0.3440363109111786,0.34856304781061803,0.3349828582228575,0.3440363109111786,87042,0.0,0.0
1977-04-15 00:00:00-05:00,0.34403632266419953,0.3576168715953827,0.33950960672067554,0.3576168715953827,323718,0.0,0.0
1977-04-18 00:00:00-05:00,0.3576168567649273,0.362143593631285,0.3440363083969327,0.3485630452632904,449880,0.0,0.0
1977-04-19 00:00:00-05:00,0.3440363109111786,0.3440363109111786,0.3349828582228575,0.3440363109111786,253302,0.0,0.0
1977-04-20 00:00:00-05:00,0.3395095765590668,0.3395095765590668,0.33498283990713396,0.3395095765590668,60636,0.0,0.0
1977-04-21 00:00:00-05:00,0.33950959512229695,0.3440363109111786,0.33950959512229695,0.3440363109111786,604404,0.0,0.0
1977-04-22 00:00:00-05:00,0.3440363250701987,0.3440363250701987,0.33498287200927734,0.33498287200927734,163326,0.0,0.0
1977-04-25 00:00:00-04:00,0.33498282658763884,0.33498282658763884,0.32592901587486267,0.32592901587486267,103668,0.0,0.0
1977-04-26 00:00:00-04:00,0.32592898315559554,0.33045607805252075,0.32592898315559554,0.33045607805252075,147678,0.0,0.0
1977-04-27 00:00:00-04:00,0.33045607805252075,0.3349827929594804,0.33045607805252075,0.33045607805252075,105624,0.0,0.0
1977-04-28 00:00:00-04:00,0.3304561112262526,0.33498282658763884,0.32592901587486267,0.32592901587486267,114426,0.0,0.0
1977-04-29 00:00:00-04:00,0.32592898315559554,0.33045607805252075,0.32592898315559554,0.33045607805252075,93888,0.0,0.0
1977-05-02 00:00:00-04:00,0.33045615603409595,0.33498287200927734,0.32592906006885936,0.33498287200927734,129096,0.0,0.0
1977-05-03 00:00:00-04:00,0.33498282658763884,0.33498282658763884,0.3214023005134764,0.32592901587486267,161370,0.0,0.0
1977-05-04 00:00:00-04:00,0.32592904427313807,0.3485630452632904,0.32592904427313807,0.3485630452632904,265038,0.0,0.0
1977-05-05 00:00:00-04:00,0.3485630917532902,0.37119707465171814,0.3485630917532902,0.37119707465171814,2446956,0.0,0.0
1977-05-06 00:00:00-04:00,0.37572375698930943,0.40741159016828454,0.37119702018343215,0.3983577787876129,2669940,0.0,0.0
1977-05-09 00:00:00-04:00,0.3983578572867816,0.4164651036262512,0.3938311195888794,0.4164651036262512,869442,0.0,0.0
1977-05-10 00:00:00-04:00,0.4164651036262512,0.4300456544889415,0.40741167045156973,0.4164651036262512,1774092,0.0,0.0
1977-05-11 00:00:00-04:00,0.4209918187265194,0.4526796142277693,0.4209918187265194,0.43457236886024475,2350134,0.0,0.0
1977-05-12 00:00:00-04:00,0.4390985415368543,0.4526790755088187,0.4390985415368543,0.44815200567245483,1352574,0.0,0.0
1977-05-13 00:00:00-04:00,0.44815209226002106,0.44815209226002106,0.4074112424518473,0.43909862637519836,699270,0.0,0.0
1977-05-16 00:00:00-04:00,0.439099064094044,0.44815253900388385,0.4300456314053248,0.43457236886024475,563328,0.0,0.0
1977-05-17 00:00:00-04:00,0.42551824428978113,0.42551824428978113,0.411938041878888,0.4209915101528168,403914,0.0,0.0
1977-05-18 00:00:00-04:00,0.4209915101528168,0.4300453161954635,0.4209915101528168,0.4209915101528168,309048,0.0,0.0
1977-05-19 00:00:00-04:00,0.42551832334282924,0.43004539608955383,0.42551832334282924,0.43004539608955383,317850,0.0,0.0
1977-05-20 00:00:00-04:00,0.4300455272486168,0.4300455272486168,0.4209917167626376,0.4255184531211853,207336,0.0,0.0
1977-05-23 00:00:00-04:00,0.42551857902205564,0.42551857902205564,0.4164651036262512,0.4164651036262512,173106,0.0,0.0
1977-05-24 00:00:00-04:00,0.4119381308555603,0.4119381308555603,0.40741143796194157,0.4119381308555603,314916,0.0,0.0
1977-05-25 00:00:00-04:00,0.41193866147201413,0.42099214336320123,0.39835814308716083,0.40741196274757385,396090,0.0,0.0
1977-05-26 00:00:00-04:00,0.4074114269459786,0.4119381197172005,0.402884691953659,0.40288469195365906,364794,0.0,0.0
1977-05-27 00:00:00-04:00,0.4028848533624073,0.40741159016828454,0.3983577787876129,0.3983577787876129,404892,0.0,0.0
1977-05-31 00:00:00-04:00,0.3983576299637155,0.4119381308555603,0.3983576299637155,0.4119381308555603,180930,0.0,0.0
1977-06-01 00:00:00-04:00,0.411938365928349,0.4209918413241534,0.411938365928349,0.4164651036262512,273840,0.0,0.0
1977-06-02 00:00:00-04:00,0.4164648659702779,0.4209916010849955,0.4119381308555603,0.4119381308555603,142788,0.0,0.0
1977-06-03 00:00:00-04:00,0.41193811840899747,0.443625558802288,0.41193811840899747,0.43004539608955383,807828,0.0,0.0
1977-06-06 00:00:00-04:00,0.43004539608955383,0.443625558802288,0.42551832334282924,0.43004539608955383,347190,0.0,0.0
1977-06-07 00:00:00-04:00,0.4300452893045782,0.4979468882083893,0.4300452893045782,0.4979468882083893,2653314,0.0,0.0
1977-06-08 00:00:00-04:00,0.497947039861322,0.5024741128626737,0.4753134059196616,0.48436683416366577,1858200,0.0,0.0
1977-06-09 00:00:00-04:00,0.48436676256281347,0.48436676256281347,0.4707862211038825,0.47531333565711975,601470,0.0,0.0
1977-06-10 00:00:00-04:00,0.4753133180973734,0.49342021346092224,0.4753133180973734,0.49342021346092224,545724,0.0,0.0
1977-06-13 00:00:00-04:00,0.48889356939621786,0.48889356939621786,0.4753134059196616,0.48436683416366577,468462,0.0,0.0
1977-06-14 00:00:00-04:00,0.4843666244681027,0.4843666244681027,0.4753132001435736,0.47983989119529724,559416,0.0,0.0
1977-06-15 00:00:00-04:00,0.4798404876842249,0.5205814333320483,0.4753137910053719,0.511527955532074,2104656,0.0,0.0
1977-06-16 00:00:00-04:00,0.5115275366181226,0.5296348151582426,0.5070008436463913,0.5205810070037842,1022988,0.0,0.0
1977-06-17 00:00:00-04:00,0.525108208952533,0.552268922328949,0.525108208952533,0.552268922328949,1813212,0.0,0.0
1977-06-20 00:00:00-04:00,0.5522690357731955,0.5613225102424622,0.5386885285214652,0.5613225102424622,1679226,0.0,0.0
1977-06-21 00:00:00-04:00,0.5613222127022724,0.5613222127022724,0.5477420504179308,0.5567954778671265,1622502,0.0,0.0
1977-06-22 00:00:00-04:00,0.5567954946296494,0.5794295072555542,0.5477420669078971,0.5794295072555542,1875804,0.0,0.0
1977-06-23 00:00:00-04:00,0.5794294478057771,0.5794294478057771,0.5658489065160931,0.5749027132987976,533010,0.0,0.0
1977-06-24 00:00:00-04:00,0.5749027132987976,0.5794294478057771,0.5658489065160931,0.5749027132987976,469440,0.0,0.0
1977-06-27 00:00:00-04:00,0.5749026934381495,0.5749026934381495,0.5613221526176202,0.5703756213188171,433254,0.0,0.0
1977-06-28 00:00:00-04:00,0.5703757882118226,0.5703757882118226,0.5341616072630567,0.5432150363922119,2005878,0.0,0.0
1977-06-29 00:00:00-04:00,0.5432151119505205,0.552268922328949,0.525108208952533,0.552268922328949,818586,0.0,0.0
1977-06-30 00:00:00-04:00,0.5567957730078289,0.5658492474770955,0.5567957730078289,0.5613225102424622,812718,0.0,0.0
1977-07-01 00:00:00-04:00,0.5567957994691779,0.5567957994691779,0.5477423667907715,0.5477423667907715,303180,0.0,0.0
1977-07-05 00:00:00-04:00,0.5477421520572784,0.5477421520572784,0.5386883429381863,0.5432150363922119,272862,0.0,0.0
1977-07-06 00:00:00-04:00,0.5386886719308502,0.5386886719308502,0.5160546419631162,0.5251084566116333,1330080,0.0,0.0
1977-07-07 00:00:00-04:00,0.5251078626308466,0.5341613292694092,0.5251078626308466,0.5341613292694092,682644,0.0,0.0
1977-07-08 00:00:00-04:00,0.5341619804350496,0.5386887192726135,0.5341619804350496,0.5386887192726135,374574,0.0,0.0
1977-07-11 00:00:00-04:00,0.5386883429381863,0.5477421520572784,0.5341616072630567,0.5432150363922119,330564,0.0,0.0
1977-07-12 00:00:00-04:00,0.5432147146782358,0.588482677936554,0.5432147146782358,0.588482677936554,1313454,0.0,0.0
1977-07-13 00:00:00-04:00,0.5975371249598802,0.6382780613141672,0.5975371249598802,0.6201707720756531,3144270,0.0,0.0
1977-07-15 00:00:00-04:00,0.624697739844396,0.6744924811042947,0.624697739844396,0.6699657440185547,2271894,0.0,0.0
1977-07-18 00:00:00-04:00,0.6699652084617042,0.6925988335764176,0.6428041743424955,0.6744919419288635,1420056,0.0,0.0
1977-07-19 00:00:00-04:00,0.6744921634271586,0.6744921634271586,0.6337509155273438,0.6337509155273438,902694,0.0,0.0
1977-07-20 00:00:00-04:00,0.6337509161332658,0.6337509161332658,0.6065902108373801,0.6292241811752319,978000,0.0,0.0
1977-07-21 00:00:00-04:00,0.6246976898810104,0.6246976898810104,0.6020637107147576,0.6111171841621399,407826,0.0,0.0
1977-07-22 00:00:00-04:00,0.6246974444506354,0.6428043842315674,0.6246974444506354,0.6428043842315674,552570,0.0,0.0
1977-07-25 00:00:00-04:00,0.642804702452055,0.6518585145933893,0.6065905094146729,0.6065905094146729,532032,0.0,0.0
1977-07-26 00:00:00-04:00,0.6065906165645145,0.6246978640556335,0.6065906165645145,0.6246978640556335,432276,0.0,0.0
1977-07-27 00:00:00-04:00,0.6246976898810104,0.6292244266047015,0.6065904474384488,0.6111171841621399,1061130,0.0,0.0
1977-07-28 00:00:00-04:00,0.6111172828850544,0.6201707155738592,0.602063807975129,0.6156439781188965,689490,0.0,0.0
1977-07-29 00:00:00-04:00,0.6156439781188965,0.6246977907977874,0.602063807975129,0.6156439781188965,457704,0.0,0.0
1977-08-01 00:00:00-04:00,0.6156439781188965,0.6246977907977874,0.6111172828850544,0.6156439781188965,222006,0.0,0.0
1977-08-02 00:00:00-04:00,0.6156440342082735,0.6201707720756531,0.6111173385620187,0.6201707720756531,244500,0.0,0.0
1977-08-03 00:00:00-04:00,0.6156439781188965,0.6156439781188965,0.6065905454300917,0.6156439781188965,215160,0.0,0.0
1977-08-04 00:00:00-04:00,0.6156438233066218,0.6563850834731354,0.6156438233066218,0.651858389377594,1066998,0.0,0.0
1977-08-05 00:00:00-04:00,0.651858389377594,0.6609118197897867,0.6428045789754107,0.651858389377594,341322,0.0,0.0
1977-08-08 00:00:00-04:00,0.6518585113987817,0.6518585113987817,0.642804699301818,0.6473317742347717,248412,0.0,0.0
1977-08-09 00:00:00-04:00,0.6473313970969915,0.6518581316237083,0.6382775902748108,0.6382775902748108,495846,0.0,0.0
1977-08-10 00:00:00-04:00,0.6382779621378082,0.6518585113987817,0.6382779621378082,0.6473317742347717,170172,0.0,0.0
1977-08-11 00:00:00-04:00,0.6473314569455786,0.6563848846149473,0.6428043842315674,0.6428043842315674,501714,0.0,0.0
1977-08-12 00:00:00-04:00,0.6428043248015276,0.6473313970969915,0.633750855748094,0.6382775902748108,149634,0.0,0.0
1977-08-15 00:00:00-04:00,0.6382776504810498,0.6382776504810498,0.6201703728974468,0.6337509155273438,327630,0.0,0.0
1977-08-16 00:00:00-04:00,0.6292244938554076,0.6292244938554076,0.602063775062561,0.602063775062561,325674,0.0,0.0
1977-08-17 00:00:00-04:00,0.6020637107147576,0.6246976898810104,0.5975369739910665,0.6111171841621399,272862,0.0,0.0
1977-08-18 00:00:00-04:00,0.6111172828850544,0.6201707155738592,0.6111172828850544,0.6156439781188965,195600,0.0,0.0
1977-08-19 00:00:00-04:00,0.6156439781188965,0.6201707155738592,0.6065905454300917,0.6156439781188965,104646,0.0,0.0
1977-08-22 00:00:00-04:00,0.6156439781188965,0.6156439781188965,0.6111172828850544,0.6156439781188965,136920,0.0,0.0
1977-08-23 00:00:00-04:00,0.6156439781188965,0.6337512657077129,0.6156439781188965,0.6156439781188965,372618,0.0,0.0
1977-08-24 00:00:00-04:00,0.6156436385323507,0.6337509161332658,0.6111169457954141,0.6292241811752319,567240,0.0,0.0
1977-08-25 00:00:00-04:00,0.6292241212213773,0.6563848239293317,0.6292241212213773,0.6382775902748108,1018098,0.0,0.0
1977-08-26 00:00:00-04:00,0.6337512657077129,0.6337512657077129,0.6156439781188965,0.6156439781188965,345234,0.0,0.0
1977-08-29 00:00:00-04:00,0.6156440342082735,0.6201707720756531,0.6156440342082735,0.6201707720756531,191688,0.0,0.0
1977-08-30 00:00:00-04:00,0.6201704175368132,0.6201704175368132,0.5839562397528161,0.5930097103118896,453792,0.0,0.0
1977-08-31 00:00:00-04:00,0.588482917260822,0.588482917260822,0.5341615081437228,0.5567954778671265,873354,0.0,0.0
1977-09-01 00:00:00-04:00,0.5567954375021341,0.5749027132987976,0.5567954375021341,0.5749027132987976,352080,0.0,0.0
1977-09-02 00:00:00-04:00,0.5749027132987976,0.5839561400916634,0.5522687029951546,0.5749027132987976,290466,0.0,0.0
1977-09-06 00:00:00-04:00,0.5749027722841292,0.5839562000058816,0.5749027722841292,0.5794295072555542,103668,0.0,0.0
1977-09-07 00:00:00-04:00,0.5794297259626615,0.5839564204216003,0.5749029892826092,0.5839564204216003,189732,0.0,0.0
1977-09-08 00:00:00-04:00,0.5839561400916634,0.5930096091056224,0.5703756410230726,0.5749027132987976,216138,0.0,0.0
1977-09-09 00:00:00-04:00,0.5749029416217006,0.5749029416217006,0.5477422282452846,0.552268922328949,258192,0.0,0.0
1977-09-12 00:00:00-04:00,0.5522690620194144,0.5613225369189414,0.5386885541222793,0.5477423667907715,277752,0.0,0.0
1977-09-13 00:00:00-04:00,0.5477422282452846,0.552268922328949,0.5432151119505205,0.552268922328949,98778,0.0,0.0
1977-09-14 00:00:00-04:00,0.552268922328949,0.552268922328949,0.5386884178668561,0.552268922328949,220050,0.0,0.0
1977-09-15 00:00:00-04:00,0.5522690357731955,0.5613225102424622,0.5477423407596809,0.5613225102424622,187776,0.0,0.0
1977-09-16 00:00:00-04:00,0.5613225102424622,0.5658492474770955,0.5522690357731955,0.5613225102424622,107580,0.0,0.0
1977-09-19 00:00:00-04:00,0.5613223949384978,0.5613223949384978,0.5477422282452846,0.552268922328949,37164,0.0,0.0
1977-09-20 00:00:00-04:00,0.5477423667907715,0.5477423667907715,0.5432152493509222,0.5477423667907715,183864,0.0,0.0
1977-09-21 00:00:00-04:00,0.5432148137605212,0.5432148137605212,0.5160541152935819,0.5296346545219421,180930,0.0,0.0
1977-09-22 00:00:00-04:00,0.529634595950128,0.5341613292694092,0.5024739004868656,0.5341613292694092,459660,0.0,0.0
1977-09-23 00:00:00-04:00,0.529634595950128,0.5341613292694092,0.5205807915429085,0.5341613292694092,118338,0.0,0.0
1977-09-26 00:00:00-04:00,0.5341613292694092,0.5341613292694092,0.5251078626308466,0.5341613292694092,248412,0.0,0.0
1977-09-27 00:00:00-04:00,0.5296351950513722,0.5296351950513722,0.5205813804028553,0.5251084566116333,130074,0.0,0.0
1977-09-28 00:00:00-04:00,0.5251081359127975,0.552268845511304,0.5205810624688351,0.5432150363922119,390222,0.0,0.0
1977-09-29 00:00:00-04:00,0.5432152235349799,0.5613225102424622,0.5432152235349799,0.5613225102424622,357948,0.0,0.0
1977-09-30 00:00:00-04:00,0.5613221720091136,0.5794294478057771,0.5613221720091136,0.5749027132987976,462594,0.0,0.0
1977-10-03 00:00:00-04:00,0.5749029416217006,0.5749029416217006,0.5477422282452846,0.552268922328949,175062,0.0,0.0
1977-10-04 00:00:00-04:00,0.5522692313332404,0.5522692313332404,0.5386887192726135,0.5386887192726135,199512,0.0,0.0
1977-10-05 00:00:00-04:00,0.5386886719308502,0.5386886719308502,0.5251084566116333,0.5251084566116333,165282,0.0,0.0
1977-10-06 00:00:00-04:00,0.5251078626308466,0.5386880625886904,0.5251078626308466,0.5341613292694092,126162,0.0,0.0
1977-10-07 00:00:00-04:00,0.5341613292694092,0.5341613292694092,0.5251078626308466,0.5341613292694092,96822,0.0,0.0
1977-10-10 00:00:00-04:00,0.5341619334911113,0.5341619334911113,0.5251084566116333,0.5251084566116333,42054,0.0,0.0
1977-10-11 00:00:00-04:00,0.5251079207020535,0.5341613883418307,0.5205808491134706,0.5296346545219421,31296,0.0,0.0
1977-10-12 00:00:00-04:00,0.49342015435448316,0.5341613923559447,0.48889342050057705,0.4979468882083893,241566,0.0,0.0
1977-10-13 00:00:00-04:00,0.4979469478570825,0.4979469478570825,0.488893479064762,0.49342021346092224,190710,0.0,0.0
1977-10-14 00:00:00-04:00,0.4934198451797109,0.5160537958145142,0.47983965212728363,0.5160537958145142,229830,0.0,0.0
1977-10-17 00:00:00-04:00,0.5160542920721084,0.5160542920721084,0.49794705504216746,0.5070008635520935,126162,0.0,0.0
1977-10-18 00:00:00-04:00,0.507001258853221,0.511527955532074,0.5024745199532339,0.511527955532074,177996,0.0,0.0
1977-10-19 00:00:00-04:00,0.511527955532074,0.5205814333320483,0.511527955532074,0.511527955532074,228852,0.0,0.0
1977-10-20 00:00:00-04:00,0.5115275366181226,0.5205810070037842,0.5115275366181226,0.5205810070037842,76284,0.0,0.0
1977-10-21 00:00:00-04:00,0.5205810070037842,0.5341615503510735,0.5160542718109533,0.5205810070037842,156480,0.0,0.0
1977-10-24 00:00:00-04:00,0.5205805268319899,0.5251075956179508,0.5160537958145142,0.5160537958145142,86064,0.0,0.0
1977-10-25 00:00:00-04:00,0.5160542718109533,0.5205810070037842,0.5115275366181226,0.5205810070037842,122250,0.0,0.0
1977-10-26 00:00:00-04:00,0.5205808491134706,0.5386881221617194,0.5160541152935819,0.5296346545219421,150612,0.0,0.0
1977-10-27 00:00:00-04:00,0.5296349452573074,0.5658491312432722,0.5296349452573074,0.552268922328949,540834,0.0,0.0
1977-10-28 00:00:00-04:00,0.552268845511304,0.5703757882118226,0.5386883429381863,0.5432150363922119,165282,0.0,0.0
1977-10-31 00:00:00-05:00,0.5432150363922119,0.5477421520572784,0.5386883429381863,0.5432150363922119,69438,0.0,0.0
1977-11-01 00:00:00-05:00,0.5341613883418307,0.5341613883418307,0.5205808491134706,0.5296346545219421,31296,0.0,0.0
1977-11-02 00:00:00-05:00,0.5205814333320483,0.5205814333320483,0.511527955532074,0.511527955532074,39120,0.0,0.0
1977-11-03 00:00:00-05:00,0.511527955532074,0.511527955532074,0.5024745199532339,0.511527955532074,150612,0.0,0.0
1977-11-04 00:00:00-05:00,0.511527955532074,0.5160546944320612,0.511527955532074,0.511527955532074,112470,0.0,0.0
1977-11-07 00:00:00-05:00,0.5160542718109533,0.5251080799654118,0.5160542718109533,0.5205810070037842,233742,0.0,0.0
1977-11-08 00:00:00-05:00,0.5205810070037842,0.5205810070037842,0.5160542718109533,0.5205810070037842,47922,0.0,0.0
1977-11-09 00:00:00-05:00,0.5160537958145142,0.5160537958145142,0.5115270647970384,0.5160537958145142,279708,0.0,0.0
1977-11-10 00:00:00-05:00,0.5160546419631162,0.5251084566116333,0.5160546419631162,0.5251084566116333,312960,0.0,0.0
1977-11-11 00:00:00-05:00,0.5341615081437228,0.5567954778671265,0.5341615081437228,0.5567954778671265,864552,0.0,0.0
1977-11-14 00:00:00-05:00,0.5567957730078289,0.5613225102424622,0.5477423407596809,0.5613225102424622,620052,0.0,0.0
1977-11-15 00:00:00-05:00,0.5613221526176202,0.5749026934381495,0.5613221526176202,0.5703756213188171,318828,0.0,0.0
1977-11-16 00:00:00-05:00,0.5703756995439241,0.5839562000058816,0.5703756995439241,0.5794295072555542,409782,0.0,0.0
1977-11-17 00:00:00-05:00,0.5794296108927199,0.5794296108927199,0.5567955942184798,0.5658490657806396,161370,0.0,0.0
1977-11-18 00:00:00-05:00,0.5658488869682187,0.5703756213188171,0.5567954182670217,0.5703756213188171,397068,0.0,0.0
1977-11-21 00:00:00-05:00,0.5703756213188171,0.5749026934381495,0.5658488869682187,0.5703756213188171,95844,0.0,0.0
1977-11-22 00:00:00-05:00,0.5749025211749935,0.588482677936554,0.5749025211749935,0.588482677936554,455748,0.0,0.0
1977-11-23 00:00:00-05:00,0.5884831571016526,0.5884831571016526,0.5839564204216003,0.5839564204216003,202446,0.0,0.0
1977-11-25 00:00:00-05:00,0.5839563165041644,0.5975368618965149,0.5749028869762685,0.5975368618965149,462594,0.0,0.0
1977-11-28 00:00:00-05:00,0.5975368618965149,0.6065903336455167,0.5930097882531663,0.5975368618965149,308070,0.0,0.0
1977-11-29 00:00:00-05:00,0.5975369682306648,0.6020637049107171,0.5839564204216003,0.5839564204216003,290466,0.0,0.0
1977-11-30 00:00:00-05:00,0.5839559449423408,0.588482677936554,0.5839559449423408,0.588482677936554,59658,0.0,0.0
1977-12-01 00:00:00-05:00,0.588482677936554,0.588482677936554,0.5794292541692067,0.588482677936554,143766,0.0,0.0
1977-12-02 00:00:00-05:00,0.5884829349773064,0.5884829349773064,0.5749027722841292,0.5794295072555542,125184,0.0,0.0
1977-12-05 00:00:00-05:00,0.5749027132987976,0.5749027132987976,0.5703756410230726,0.5749027132987976,55746,0.0,0.0
1977-12-06 00:00:00-05:00,0.5658489475374184,0.5658489475374184,0.5477420504179308,0.5567954778671265,345234,0.0,0.0
1977-12-07 00:00:00-05:00,0.5567957994691779,0.5567957994691779,0.5477423667907715,0.5477423667907715,97800,0.0,0.0
1977-12-08 00:00:00-05:00,0.5477421520572784,0.552268845511304,0.5432150363922119,0.5432150363922119,148656,0.0,0.0
1977-12-09 00:00:00-05:00,0.5432151119505205,0.5567956586337234,0.5432151119505205,0.552268922328949,123228,0.0,0.0
1977-12-12 00:00:00-05:00,0.552268922328949,0.5567956586337234,0.5477422282452846,0.552268922328949,90954,0.0,0.0
1977-12-13 00:00:00-05:00,0.5432150363922119,0.5432150363922119,0.5386883429381863,0.5432150363922119,92910,0.0,0.0
1977-12-14 00:00:00-05:00,0.5432150363922119,0.5432150363922119,0.5386883429381863,0.5432150363922119,51834,0.0,0.0
1977-12-15 00:00:00-05:00,0.5432150363922119,0.5477421520572784,0.5432150363922119,0.5432150363922119,56724,0.0,0.0
1977-12-16 00:00:00-05:00,0.5432154158890438,0.54774253471681,0.5341619804350496,0.5386887192726135,105624,0.0,0.0
1977-12-19 00:00:00-05:00,0.5341619334911113,0.5341619334911113,0.5160546419631162,0.5251084566116333,248412,0.0,0.0
1977-12-20 00:00:00-05:00,0.5251084566116333,0.5341619334911113,0.5251084566116333,0.5251084566116333,191688,0.0,0.0
1977-12-21 00:00:00-05:00,0.5251085027599217,0.5432154158890438,0.5251085027599217,0.5386887192726135,351102,0.0,0.0
1977-12-22 00:00:00-05:00,0.5386880625886904,0.5477418669959099,0.529634595950128,0.5341613292694092,195600,0.0,0.0
1977-12-23 00:00:00-05:00,0.5386884178668561,0.552268922328949,0.5386884178668561,0.552268922328949,186798,0.0,0.0
1977-12-27 00:00:00-05:00,0.552268922328949,0.5567956586337234,0.5477422282452846,0.552268922328949,156480,0.0,0.0
1977-12-28 00:00:00-05:00,0.552268558094109,0.552268558094109,0.5251078626308466,0.5341613292694092,336432,0.0,0.0
1977-12-29 00:00:00-05:00,0.5341619334911113,0.5386886719308502,0.5251084566116333,0.5251084566116333,303180,0.0,0.0
1977-12-30 00:00:00-05:00,0.5296348715879271,0.5432150363922119,0.5296348715879271,0.5432150363922119,283620,0.0,0.0
1978-01-03 00:00:00-05:00,0.5432150363922119,0.552268845511304,0.5432150363922119,0.5432150363922119,366750,0.0,0.0
1978-01-04 00:00:00-05:00,0.5432154158890438,0.5432154158890438,0.5386887192726135,0.5386887192726135,60636,0.0,0.0
1978-01-05 00:00:00-05:00,0.538688179984647,0.5477419863649565,0.5024740099906921,0.5024740099906921,287532,0.0,0.0
1978-01-06 00:00:00-05:00,0.5024742853356235,0.5024742853356235,0.470786452293396,0.470786452293396,1301718,0.0,0.0
1978-01-09 00:00:00-05:00,0.470786452293396,0.4888937372076809,0.46625975772816813,0.470786452293396,432276,0.0,0.0
1978-01-10 00:00:00-05:00,0.47984001027244155,0.49342021346092224,0.47984001027244155,0.49342021346092224,218094,0.0,0.0
1978-01-11 00:00:00-05:00,0.49342021346092224,0.49342021346092224,0.488893479064762,0.49342021346092224,244500,0.0,0.0
1978-01-12 00:00:00-05:00,0.49342021346092224,0.49342021346092224,0.488893479064762,0.49342021346092224,106602,0.0,0.0
1978-01-13 00:00:00-05:00,0.49342021346092224,0.49342021346092224,0.488893479064762,0.49342021346092224,156480,0.0,0.0
1978-01-16 00:00:00-05:00,0.49342015435448316,0.4979468882083893,0.49342015435448316,0.4979468882083893,69438,0.0,0.0
1978-01-17 00:00:00-05:00,0.4979468882083893,0.5024739598309922,0.49342015435448316,0.4979468882083893,120294,0.0,0.0
1978-01-18 00:00:00-05:00,0.4979469478570825,0.4979469478570825,0.488893479064762,0.49342021346092224,172128,0.0,0.0
1978-01-19 00:00:00-05:00,0.49342015435448316,0.5024739598309922,0.49342015435448316,0.4979468882083893,80196,0.0,0.0
1978-01-20 00:00:00-05:00,0.4979468882083893,0.4979468882083893,0.49342015435448316,0.4979468882083893,67482,0.0,0.0
1978-01-23 00:00:00-05:00,0.49794693791617217,0.5024740099906921,0.48889346930459326,0.5024740099906921,171150,0.0,0.0
1978-01-24 00:00:00-05:00,0.50247402002198,0.50247402002198,0.49342021346092224,0.49342021346092224,104646,0.0,0.0
1978-01-25 00:00:00-05:00,0.49342015435448316,0.4979468882083893,0.49342015435448316,0.4979468882083893,44010,0.0,0.0
1978-01-26 00:00:00-05:00,0.497947039861322,0.497947039861322,0.4798400989311137,0.48436683416366577,416628,0.0,0.0
1978-01-27 00:00:00-05:00,0.48436700042133857,0.48436700042133857,0.470786452293396,0.470786452293396,92910,0.0,0.0
1978-01-30 00:00:00-05:00,0.47078620371138374,0.49342021346092224,0.47078620371138374,0.49342021346092224,100734,0.0,0.0
1978-01-31 00:00:00-05:00,0.493420231689601,0.493420231689601,0.47531333565711975,0.47531333565711975,110514,0.0,0.0
1978-02-01 00:00:00-05:00,0.4753132001435736,0.4798398911952973,0.4753132001435736,0.47983989119529724,204402,0.0,0.0
1978-02-02 00:00:00-05:00,0.4798398911952973,0.4843666244681027,0.4798398911952973,0.47983989119529724,58680,0.0,0.0
1978-02-03 00:00:00-05:00,0.4798398911952973,0.4798398911952973,0.4662593958293093,0.47983989119529724,429342,0.0,0.0
1978-02-06 00:00:00-05:00,0.47984002799941977,0.47984002799941977,0.4707862211038825,0.47531333565711975,56724,0.0,0.0
1978-02-07 00:00:00-05:00,0.4753132611599458,0.4979468882083893,0.4707861473162558,0.4979468882083893,204402,0.0,0.0
1978-02-08 00:00:00-05:00,0.4979468882083893,0.5024739598309922,0.48889342050057705,0.4979468882083893,122250,0.0,0.0
1978-02-09 00:00:00-05:00,0.4979471603814186,0.4979471603814186,0.48889368772506714,0.48889368772506714,73350,0.0,0.0
1978-02-10 00:00:00-05:00,0.48889358430105134,0.5115275567015504,0.48889358430105134,0.5070008635520935,489000,0.0,0.0
1978-02-13 00:00:00-05:00,0.5115270647970384,0.5160537958145142,0.5115270647970384,0.5160537958145142,153546,0.0,0.0
1978-02-14 00:00:00-05:00,0.5160542920721084,0.5160542920721084,0.5070008635520935,0.5070008635520935,68460,0.0,0.0
1978-02-15 00:00:00-05:00,0.5070007442964817,0.5115274363811798,0.49794693791617217,0.5024740099906921,127140,0.0,0.0
1978-02-16 00:00:00-05:00,0.5024739598309922,0.5070006936848983,0.49342015435448316,0.4979468882083893,147678,0.0,0.0
1978-02-17 00:00:00-05:00,0.4979468882083893,0.5070006936848983,0.49342015435448316,0.4979468882083893,162348,0.0,0.0
1978-02-21 00:00:00-05:00,0.4888934971262072,0.4888934971262072,0.47531333565711975,0.47531333565711975,273840,0.0,0.0
1978-02-22 00:00:00-05:00,0.47531333565711975,0.47984002799941977,0.47531333565711975,0.47531333565711975,86064,0.0,0.0
1978-02-23 00:00:00-05:00,0.4753132611599458,0.4979468882083893,0.4753132611599458,0.4979468882083893,222984,0.0,0.0
1978-02-24 00:00:00-05:00,0.4979468882083893,0.5070006936848983,0.4979468882083893,0.4979468882083893,101712,0.0,0.0
1978-02-27 00:00:00-05:00,0.4979468882083893,0.5070006936848983,0.4979468882083893,0.4979468882083893,82152,0.0,0.0
1978-02-28 00:00:00-05:00,0.4934200910137134,0.4934200910137134,0.4798398911952973,0.47983989119529724,147678,0.0,0.0
1978-03-01 00:00:00-05:00,0.47984001027244155,0.49342021346092224,0.4753133180973734,0.49342021346092224,266016,0.0,0.0
1978-03-02 00:00:00-05:00,0.4934207043841863,0.511527955532074,0.48889396548419917,0.511527955532074,448902,0.0,0.0
1978-03-03 00:00:00-05:00,0.5160542718109533,0.5251080799654118,0.5160542718109533,0.5205810070037842,190710,0.0,0.0
1978-03-06 00:00:00-05:00,0.5205814333320483,0.5251085100011088,0.511527955532074,0.511527955532074,68460,0.0,0.0
1978-03-07 00:00:00-05:00,0.5115273814736934,0.5296346545219421,0.5115273814736934,0.5296346545219421,194622,0.0,0.0
1978-03-08 00:00:00-05:00,0.5296350792227524,0.5522690620194144,0.5296350792227524,0.5477423667907715,701226,0.0,0.0
1978-03-09 00:00:00-05:00,0.5477422282452846,0.5567956586337234,0.5477422282452846,0.552268922328949,402936,0.0,0.0
1978-03-10 00:00:00-05:00,0.5522687430319805,0.5567954778671265,0.5477420504179308,0.5567954778671265,256236,0.0,0.0
1978-03-13 00:00:00-05:00,0.5567955942184798,0.5658490657806396,0.5477421648774251,0.5658490657806396,481176,0.0,0.0
1978-03-14 00:00:00-05:00,0.5658488869682187,0.5749026934381495,0.5613221526176202,0.5703756213188171,297312,0.0,0.0
1978-03-15 00:00:00-05:00,0.5703759148336492,0.5839564204216003,0.5658491781535969,0.5839564204216003,458682,0.0,0.0
1978-03-16 00:00:00-05:00,0.5839561400916634,0.5839561400916634,0.5703756410230726,0.5749027132987976,395112,0.0,0.0
1978-03-17 00:00:00-05:00,0.5749030535634849,0.6065905094146729,0.5749030535634849,0.6065905094146729,1326168,0.0,0.0
1978-03-20 00:00:00-05:00,0.6111172828850544,0.6201707155738592,0.6111172828850544,0.6156439781188965,451836,0.0,0.0
1978-03-21 00:00:00-05:00,0.6156439444639515,0.6156439444639515,0.602063775062561,0.602063775062561,554526,0.0,0.0
1978-03-22 00:00:00-05:00,0.5930094109307672,0.5930094109307672,0.5839559449423408,0.588482677936554,564306,0.0,0.0
1978-03-23 00:00:00-05:00,0.5794296228507694,0.5975368618965149,0.5794296228507694,0.5975368618965149,400002,0.0,0.0
1978-03-27 00:00:00-05:00,0.5975369739910665,0.6156438786647171,0.5975369739910665,0.6111171841621399,444990,0.0,0.0
1978-03-28 00:00:00-05:00,0.6111173385620187,0.6201707720756531,0.6111173385620187,0.6201707720756531,616140,0.0,0.0
1978-03-29 00:00:00-05:00,0.6201707155738592,0.6201707155738592,0.6111172828850544,0.6156439781188965,191688,0.0,0.0
1978-03-30 00:00:00-05:00,0.6156439444639515,0.6201706816714545,0.5749030562697144,0.602063775062561,422496,0.0,0.0
1978-03-31 00:00:00-05:00,0.5930097103118896,0.5930097103118896,0.5749028114148429,0.5930097103118896,1819080,0.0,0.0
1978-04-03 00:00:00-05:00,0.6020638628272597,0.6246978477120289,0.6020638628272597,0.6201707720756531,1004406,0.0,0.0
1978-04-04 00:00:00-05:00,0.6201705596232732,0.651858389377594,0.6065903928944291,0.651858389377594,2500746,0.0,0.0
1978-04-05 00:00:00-05:00,0.6790193174312873,0.7107067349894072,0.6790193174312873,0.7016533017158508,4655280,0.0,0.0
1978-04-06 00:00:00-05:00,0.6971263952736574,0.6971263952736574,0.6744924164662007,0.6790191531181335,1066020,0.0,0.0
1978-04-07 00:00:00-05:00,0.6790191531181335,0.6790191531181335,0.6654386053934295,0.6790191531181335,891936,0.0,0.0
1978-04-10 00:00:00-05:00,0.6790186753960229,0.6835454088631824,0.6699652084617042,0.6744919419288635,273840,0.0,0.0
1978-04-11 00:00:00-05:00,0.6744919419288635,0.6744919419288635,0.6609114037587175,0.6744919419288635,482154,0.0,0.0
1978-04-12 00:00:00-05:00,0.6744926262879186,0.7197605979848296,0.6699658882278045,0.715233564376831,2396100,0.0,0.0
1978-04-13 00:00:00-05:00,0.7242866824158494,0.7695546106221114,0.7242866824158494,0.7559741139411926,3508086,0.0,0.0
1978-04-14 00:00:00-05:00,0.7514475751128409,0.7786083237181798,0.7514475751128409,0.769554853439331,3084612,0.0,0.0
1978-04-17 00:00:00-05:00,0.7740819847830667,0.7967159663782709,0.7740819847830667,0.7786086797714233,2209302,0.0,0.0
1978-04-18 00:00:00-05:00,0.7786085411272968,0.7831352353096008,0.7650280363692762,0.7831352353096008,1273356,0.0,0.0
1978-04-19 00:00:00-05:00,0.7831353244569209,0.7967159152030945,0.7695551559219043,0.7967159152030945,1274334,0.0,0.0
1978-04-20 00:00:00-05:00,0.7967158245098432,0.8510372524463735,0.7831352353096008,0.7831352353096008,2211258,0.0,0.0
1978-04-21 00:00:00-05:00,0.7831351436466265,0.8329298715725703,0.76502794682568,0.8193497061729431,2093898,0.0,0.0
1978-04-24 00:00:00-05:00,0.8284035117757231,0.8374569027292816,0.8284035117757231,0.8329302072525024,1013208,0.0,0.0
1978-04-25 00:00:00-05:00,0.8329303529497747,0.8374570492183696,0.7921894109943349,0.8012428879737854,1617612,0.0,0.0
1978-04-26 00:00:00-05:00,0.8012421729136016,0.8057689495845828,0.7876616740162874,0.7921887040138245,968220,0.0,0.0
1978-04-27 00:00:00-05:00,0.7831350166365051,0.7831350166365051,0.769554853439331,0.769554853439331,537900,0.0,0.0
1978-04-28 00:00:00-05:00,0.7695551415346776,0.7921891212528875,0.7695551415346776,0.7876620888710022,636678,0.0,0.0
1978-05-01 00:00:00-04:00,0.7876617896979957,0.8238762617111206,0.7831350123621793,0.8238762617111206,826410,0.0,0.0
1978-05-02 00:00:00-04:00,0.8238763319850437,0.878197749090476,0.8148225232145577,0.8600905537605286,2563338,0.0,0.0
1978-05-03 00:00:00-04:00,0.8600901099424578,0.918938527729865,0.8555633345563992,0.9008313417434692,2154534,0.0,0.0
1978-05-04 00:00:00-04:00,0.9008310448856021,0.9325184621458109,0.8781970065297572,0.9279916882514954,1149150,0.0,0.0
1978-05-05 00:00:00-04:00,0.927992164375986,0.9460994381278055,0.9144120046097404,0.9189386963844299,805872,0.0,0.0
1978-05-08 00:00:00-04:00,0.9189387324019649,0.927992200748369,0.8872509598731995,0.8872509598731995,875310,0.0,0.0
1978-05-09 00:00:00-04:00,0.8872503308577588,0.9189380809215183,0.8872503308577588,0.8963041305541992,1042548,0.0,0.0
1978-05-10 00:00:00-04:00,0.8963050041683149,0.9279924473488359,0.8963050041683149,0.9098851680755615,862596,0.0,0.0
1978-05-11 00:00:00-04:00,0.9098855043222147,0.9461000762517974,0.9098855043222147,0.9415733814239502,1046460,0.0,0.0
1978-05-12 00:00:00-04:00,0.9460993849688056,0.9687333492235678,0.9460993849688056,0.9596795439720154,1012230,0.0,0.0
1978-05-15 00:00:00-04:00,0.9596789619531343,0.9642060729387725,0.9415721224108784,0.9551522731781006,546702,0.0,0.0
1978-05-16 00:00:00-04:00,0.9551529061193614,0.973260179871181,0.9098848906241666,0.9189386963844299,1304652,0.0,0.0
1978-05-17 00:00:00-04:00,0.918938976596604,0.918938976596604,0.8963050041683149,0.9098851680755615,671886,0.0,0.0
1978-05-18 00:00:00-04:00,0.9098851931440252,0.9098851931440252,0.855563776038593,0.8600905537605286,949638,0.0,0.0
1978-05-19 00:00:00-04:00,0.8600905537605286,0.8600905537605286,0.8329298029867099,0.8600905537605286,802938,0.0,0.0
1978-05-22 00:00:00-04:00,0.860090925041684,0.8736714329542887,0.8465106704558035,0.8691447377204895,218094,0.0,0.0
1978-05-23 00:00:00-04:00,0.8691438586341109,0.8736705492894367,0.8419831236070644,0.8465098142623901,251346,0.0,0.0
1978-05-24 00:00:00-04:00,0.8329297319405558,0.8329297319405558,0.8148224537128945,0.8238762617111206,977022,0.0,0.0
1978-05-25 00:00:00-04:00,0.8238763998254149,0.8329298715725703,0.8193497061729431,0.8193497061729431,493890,0.0,0.0
1978-05-26 00:00:00-04:00,0.8193498953444582,0.8238765900420533,0.7876621035967474,0.7967159152030945,852816,0.0,0.0
1978-05-30 00:00:00-04:00,0.7967153880008121,0.8419833183288574,0.7831348062411773,0.8419833183288574,713940,0.0,0.0
1978-05-31 00:00:00-04:00,0.8510370666099379,0.8736710392323281,0.8510370666099379,0.855563759803772,480198,0.0,0.0
1978-06-01 00:00:00-04:00,0.8555637773514848,0.8691443638647464,0.8510370840648078,0.8646175861358643,172128,0.0,0.0
1978-06-02 00:00:00-04:00,0.8646176983720175,0.8827246427536011,0.8646176983720175,0.8827246427536011,236676,0.0,0.0
1978-06-05 00:00:00-04:00,0.8917783110133003,0.9144122834415893,0.8917783110133003,0.9098851680755615,678732,0.0,0.0
1978-06-06 00:00:00-04:00,0.909885130057844,0.9279924085745421,0.873670995235443,0.8736709952354431,619074,0.0,0.0
1978-06-07 00:00:00-04:00,0.8736707995746835,0.8963047659883242,0.8736707995746835,0.8872509598731995,438144,0.0,0.0
1978-06-08 00:00:00-04:00,0.8963048643966647,0.9370461097449532,0.8963048643966647,0.9144121408462524,883134,0.0,0.0
1978-06-09 00:00:00-04:00,0.9144121408462526,0.9189388332953653,0.9053583337370797,0.9144121408462524,370662,0.0,0.0
1978-06-12 00:00:00-04:00,0.9144121408462526,0.9189388332953653,0.9098850261861925,0.9144121408462524,402936,0.0,0.0
1978-06-13 00:00:00-04:00,0.9098847236312637,0.9098847236312637,0.9008313417434692,0.9008313417434692,574086,0.0,0.0
1978-06-14 00:00:00-04:00,0.9008313417434692,0.9144118367859677,0.8963045663574106,0.9008313417434692,286554,0.0,0.0
1978-06-15 00:00:00-04:00,0.8963054638878386,0.8963054638878386,0.8329302072525024,0.8329302072525024,891936,0.0,0.0
1978-06-16 00:00:00-04:00,0.83292994950538,0.8419837598684997,0.8284032554293697,0.8374566435813904,311982,0.0,0.0
1978-06-19 00:00:00-04:00,0.8374564416367604,0.8374564416367604,0.8102957770769146,0.8284030556678772,165282,0.0,0.0
1978-06-20 00:00:00-04:00,0.8284033691818797,0.8284033691818797,0.7967159152030945,0.7967159152030945,227874,0.0,0.0
1978-06-21 00:00:00-04:00,0.7967159003080836,0.7967159003080836,0.7605013300975962,0.7876620888710022,742302,0.0,0.0
1978-06-22 00:00:00-04:00,0.7921887208160118,0.810295658999611,0.7921887208160118,0.8057689666748047,360882,0.0,0.0
1978-06-23 00:00:00-04:00,0.8012421729136016,0.8012421729136016,0.7876616740162874,0.7921887040138245,611250,0.0,0.0
1978-06-26 00:00:00-04:00,0.7921887040138246,0.7967154806848057,0.7831348973453062,0.7921887040138245,200490,0.0,0.0
1978-06-27 00:00:00-04:00,0.7921890458853175,0.7921890458853175,0.7831352353096008,0.7831352353096008,169194,0.0,0.0
1978-06-28 00:00:00-04:00,0.7831353244569209,0.8012426099006896,0.7695551559219043,0.7967159152030945,232764,0.0,0.0
1978-06-29 00:00:00-04:00,0.7967158245098432,0.7967158245098432,0.7786085411272968,0.7831352353096008,160392,0.0,0.0
1978-06-30 00:00:00-04:00,0.78313537475978,0.78313537475978,0.7786086797714233,0.7786086797714233,74328,0.0,0.0
1978-07-03 00:00:00-04:00,0.778608366022194,0.7876618367929435,0.7605010867118835,0.7605010867118835,342300,0.0,0.0
1978-07-05 00:00:00-04:00,0.7605013904171266,0.7605013904171266,0.7514479160308838,0.7514479160308838,159414,0.0,0.0
1978-07-06 00:00:00-04:00,0.7559746015228829,0.7740818858146667,0.7559746015228829,0.7740818858146667,279708,0.0,0.0
1978-07-07 00:00:00-04:00,0.7786086297593259,0.8012426099006896,0.7786086297593259,0.7967159152030945,277752,0.0,0.0
1978-07-10 00:00:00-04:00,0.8012424249097848,0.8238763998254149,0.8012424249097848,0.8193497061729431,222006,0.0,0.0
1978-07-11 00:00:00-04:00,0.8193497061729431,0.8238763998254149,0.814822590309412,0.8193497061729431,53790,0.0,0.0
1978-07-12 00:00:00-04:00,0.8148223513244172,0.8148223513244172,0.8012421899078114,0.8057689666748047,166260,0.0,0.0
1978-07-13 00:00:00-04:00,0.8012425186921471,0.8012425186921471,0.7786085411272968,0.7831352353096008,99756,0.0,0.0
1978-07-14 00:00:00-04:00,0.7831351436466265,0.8193497061729431,0.7831351436466265,0.8193497061729431,220050,0.0,0.0
1978-07-17 00:00:00-04:00,0.8284032860015625,0.8646177688105572,0.8284032860015625,0.8510372638702393,509538,0.0,0.0
1978-07-18 00:00:00-04:00,0.8510370101682171,0.8555637030618358,0.8148224537128945,0.8238762617111206,285576,0.0,0.0
1978-07-19 00:00:00-04:00,0.8238763163515105,0.855563759803772,0.8238763163515105,0.855563759803772,225918,0.0,0.0
1978-07-20 00:00:00-04:00,0.8555637167187449,0.8781976882013189,0.846510246344794,0.8736709952354431,358926,0.0,0.0
1978-07-21 00:00:00-04:00,0.8736712094961107,0.878197903572121,0.83292994950538,0.8374566435813904,179952,0.0,0.0
1978-07-24 00:00:00-04:00,0.8374566744876982,0.8510372638702391,0.8329299802446304,0.8510372638702393,210270,0.0,0.0
1978-07-25 00:00:00-04:00,0.8510367998049029,0.91893869638443,0.8465100235880365,0.9189386963844299,1214676,0.0,0.0
1978-07-26 00:00:00-04:00,0.9325192671331595,0.9913677163280942,0.9325192671331595,0.9868410229682922,2458692,0.0,0.0
1978-07-27 00:00:00-04:00,0.9868405480307169,0.9958940148353577,0.9732600522761753,0.9958940148353577,1667490,0.0,0.0
1978-07-28 00:00:00-04:00,0.9958942398714106,1.077376388389018,0.9687334955514798,1.0547423362731934,1141326,0.0,0.0
1978-07-31 00:00:00-04:00,1.0547423756195866,1.1543318033218384,1.0366355216855143,1.1543318033218384,1667490,0.0,0.0
1978-08-01 00:00:00-04:00,1.1543318995498058,1.1588590145111084,1.1045371815476686,1.1588590145111084,1916880,0.0,0.0
1978-08-02 00:00:00-04:00,1.1543318038095702,1.1543318038095702,1.1271710584649517,1.1452783346176147,868464,0.0,0.0
1978-08-03 00:00:00-04:00,1.149805417076904,1.2584485962193732,1.149805417076904,1.1950733661651611,1799520,0.0,0.0
1978-08-04 00:00:00-04:00,1.1950737405875498,1.26297576993618,1.190547045591141,1.2312883138656616,1376046,0.0,0.0
1978-08-07 00:00:00-04:00,1.2312878073426035,1.2448679711875037,1.1769659697721715,1.186019778251648,1023966,0.0,0.0
1978-08-08 00:00:00-04:00,1.1860196167441204,1.2493944941840651,1.1679123400197546,1.2448678016662598,1349640,0.0,0.0
1978-08-09 00:00:00-04:00,1.267502362341599,1.3354043861942746,1.267502362341599,1.317297101020813,2101722,0.0,0.0
1978-08-10 00:00:00-04:00,1.3172968492789903,1.3625648002350286,1.2765555920878988,1.299189567565918,1189248,0.0,0.0
1978-08-11 00:00:00-04:00,1.299189662448546,1.3263507558862155,1.2539220459553717,1.303716778755188,706116,0.0,0.0
1978-08-14 00:00:00-04:00,1.3127700090408325,1.3354040678915613,1.3127700090408325,1.3127700090408325,491934,0.0,0.0
1978-08-15 00:00:00-04:00,1.3127700090408325,1.3172967870340941,1.281082563088,1.3127700090408325,522252,0.0,0.0
1978-08-16 00:00:00-04:00,1.3082436223854566,1.3082436223854566,1.2856096426673222,1.2901363372802734,287532,0.0,0.0
1978-08-17 00:00:00-04:00,1.299189567565918,1.3354041309920623,1.299189567565918,1.299189567565918,738390,0.0,0.0
1978-08-18 00:00:00-04:00,1.2946625785457027,1.2946625785457027,1.2675018310546875,1.2675018310546875,359904,0.0,0.0
1978-08-21 00:00:00-04:00,1.2493951755268622,1.2493951755268622,1.195073737941169,1.204127550125122,780444,0.0,0.0
1978-08-22 00:00:00-04:00,1.2041268942222285,1.240341025482675,1.1995997794906357,1.2358143329620361,489000,0.0,0.0
1978-08-23 00:00:00-04:00,1.2358156433646847,1.2584496366210798,1.2358156433646847,1.253922939300537,354036,0.0,0.0
1978-08-24 00:00:00-04:00,1.253922337222029,1.2765559818416194,1.2448685247167857,1.262975811958313,210270,0.0,0.0
1978-08-25 00:00:00-04:00,1.2629764183839027,1.2629764183839027,1.2493958197685928,1.253922939300537,127140,0.0,0.0
1978-08-28 00:00:00-04:00,1.2448684746805334,1.2448684746805334,1.2131810188293457,1.2131810188293457,158436,0.0,0.0
1978-08-29 00:00:00-04:00,1.2086531201487865,1.2086531201487865,1.1679118898846816,1.176965355873108,425430,0.0,0.0
1978-08-30 00:00:00-04:00,1.1769664896758696,1.226761233896987,1.172439794542051,1.2086542844772339,515406,0.0,0.0
1978-08-31 00:00:00-04:00,1.1996002931513607,1.1996002931513607,1.158859451925323,1.1679128408432007,276774,0.0,0.0
1978-09-01 00:00:00-04:00,1.1679118898846816,1.181492468857033,1.1543313953544885,1.176965355873108,325674,0.0,0.0
1978-09-05 00:00:00-04:00,1.1769660851992056,1.1950733661651611,1.1724393916210327,1.1950733661651611,142788,0.0,0.0
1978-09-06 00:00:00-04:00,1.1950737405875498,1.23581500886207,1.190547045591141,1.2312883138656616,393156,0.0,0.0
1978-09-07 00:00:00-04:00,1.2403418946556817,1.2629759642150982,1.2403418946556817,1.2493953704833984,282642,0.0,0.0
1978-09-08 00:00:00-04:00,1.2493944356205737,1.2765551805496216,1.2493944356205737,1.2765551805496216,416628,0.0,0.0
1978-09-11 00:00:00-04:00,1.2765553021825997,1.2810823326883156,1.2539216696135271,1.2584483623504639,170172,0.0,0.0
1978-09-12 00:00:00-04:00,1.2539216096977364,1.2539216096977364,1.2312876404413973,1.2358143329620361,140832,0.0,0.0
1978-09-13 00:00:00-04:00,1.2312876007951064,1.2312876007951064,1.1181176737151843,1.1452783346176147,603426,0.0,0.0
1978-09-14 00:00:00-04:00,1.1452783513864744,1.1498051282698258,1.095483636785228,1.1181176900863647,698292,0.0,0.0
1978-09-15 00:00:00-04:00,1.1135910165138772,1.1135910165138772,1.086430352693999,1.0909570455551147,544746,0.0,0.0
1978-09-18 00:00:00-04:00,1.0909572433032113,1.127171383851733,1.0683232682417902,1.086430549621582,626898,0.0,0.0
1978-09-19 00:00:00-04:00,1.0864301950081545,1.0954835794163666,1.0502156440690873,1.0547423362731934,577998,0.0,0.0
1978-09-20 00:00:00-04:00,1.0547425967456932,1.0592697122787111,1.0230551523963274,1.0275819301605225,779466,0.0,0.0
1978-09-21 00:00:00-04:00,1.0275823019893702,1.0456895884826518,0.9506267988252224,1.0366361141204834,784356,0.0,0.0
1978-09-22 00:00:00-04:00,1.0366349267396484,1.054741770281835,1.0366349267396484,1.0456883907318115,600492,0.0,0.0
1978-09-25 00:00:00-04:00,1.0456881646710012,1.0456881646710012,1.0185274407976617,1.0321075916290283,262104,0.0,0.0
1978-09-26 00:00:00-04:00,1.041162427858063,1.068323178768584,1.041162427858063,1.0637964010238647,209292,0.0,0.0
1978-09-27 00:00:00-04:00,1.0637971944810447,1.086431268971188,1.014002517706442,1.023055911064148,295356,0.0,0.0
1978-09-28 00:00:00-04:00,1.0230551134031007,1.0230551134031007,0.9777871686021027,1.014001727104187,195600,0.0,0.0
1978-09-29 00:00:00-04:00,1.014001727104187,1.02758189099476,0.995894447853145,1.014001727104187,180930,0.0,0.0
1978-10-02 00:00:00-04:00,1.0230552575780774,1.0321087295950622,1.0230552575780774,1.0315431356430054,187776,0.0,0.0
1978-10-03 00:00:00-04:00,1.0315430295886046,1.0456892101017143,1.0275819301605225,1.0275819301605225,299268,0.0,0.0
1978-10-04 00:00:00-04:00,1.0275811249789273,1.0456883907318115,1.0185276609867642,1.0456883907318115,235698,0.0,0.0
1978-10-05 00:00:00-04:00,1.0502155036354126,1.0683227766836614,1.0502155036354126,1.0592693090438843,529098,0.0,0.0
1978-10-06 00:00:00-04:00,1.0592688822675445,1.0683223462597076,1.0411616165146602,1.0456883907318115,189732,0.0,0.0
1978-10-09 00:00:00-04:00,1.0456892056027822,1.0637964010238647,1.041162427858063,1.0637964010238647,173106,0.0,0.0
1978-10-10 00:00:00-04:00,1.0637960848531451,1.1135907941299878,1.0637960848531451,1.1090641021728516,1331058,0.0,0.0
1978-10-11 00:00:00-04:00,1.1090650232853803,1.1814937591552734,1.09887959904325,1.1814937591552734,415650,0.0,0.0
1978-10-12 00:00:00-04:00,1.176965834521644,1.176965834521644,1.113590955734253,1.113590955734253,858684,0.0,0.0
1978-10-13 00:00:00-04:00,1.1135907059777628,1.1135907059777628,1.0592693090438843,1.0592693090438843,699270,0.0,0.0
1978-10-16 00:00:00-04:00,1.059269211331667,1.0683226781363078,0.9868405480307169,0.9958940148353577,393156,0.0,0.0
1978-10-17 00:00:00-04:00,0.9823129055120746,0.9823129055120746,0.8827236421148394,0.8963041305541992,1652820,0.0,0.0
1978-10-18 00:00:00-04:00,0.896304522288671,0.9053579881734937,0.8148220626929086,0.8781972527503967,1603920,0.0,0.0
1978-10-19 00:00:00-04:00,0.878197903572121,0.8872513761663615,0.83292994950538,0.8374566435813904,806850,0.0,0.0
1978-10-20 00:00:00-04:00,0.8284029779184277,0.8284029779184277,0.7605009851229314,0.8102957010269165,1997076,0.0,0.0
1978-10-23 00:00:00-04:00,0.8102960837381111,0.8102960837381111,0.7469211757805405,0.7967159152030945,1429836,0.0,0.0
1978-10-24 00:00:00-04:00,0.7967158682495761,0.8148227304150811,0.6609118687414965,0.6790191531181335,1676292,0.0,0.0
1978-10-25 00:00:00-04:00,0.6790188983808646,0.6790188983808646,0.6337509155273438,0.6337509155273438,1837662,0.0,0.0
1978-10-26 00:00:00-04:00,0.6337509155273438,0.6428043854347558,0.6156436379437408,0.6337509155273438,1367244,0.0,0.0
1978-10-27 00:00:00-04:00,0.6337509161332658,0.6744921640720329,0.6156436385323507,0.6292241811752319,993648,0.0,0.0
1978-10-30 00:00:00-05:00,0.6292244970135327,0.7378674149513245,0.5975370408541414,0.7378674149513245,1322256,0.0,0.0
1978-10-31 00:00:00-05:00,0.7378668015642638,0.7514472975133264,0.6699652084617042,0.6744919419288635,1614678,0.0,0.0
1978-11-01 00:00:00-05:00,0.6744921910995455,0.769554853439331,0.6699654559601211,0.769554853439331,2563338,0.0,0.0
1978-11-02 00:00:00-05:00,0.7695552053524731,0.8012426613666277,0.7514479187456256,0.7786086797714233,1563822,0.0,0.0
1978-11-03 00:00:00-05:00,0.7786085411272968,0.7921890458853175,0.7605012577447505,0.7831352353096008,525186,0.0,0.0
1978-11-06 00:00:00-05:00,0.7786088844410557,0.7786088844410557,0.7378676055295156,0.7469214200973511,275796,0.0,0.0
1978-11-07 00:00:00-05:00,0.7152332147394243,0.7152332147394243,0.669965560719215,0.6835457682609558,624942,0.0,0.0
1978-11-08 00:00:00-05:00,0.6835459538534413,0.751447896641712,0.6790192167771206,0.7423945069313049,308070,0.0,0.0
1978-11-09 00:00:00-05:00,0.7514475751128409,0.7967156020446701,0.7514475751128409,0.769554853439331,1125678,0.0,0.0
1978-11-10 00:00:00-05:00,0.769554853439331,0.7740816307998546,0.7605010453916896,0.769554853439331,297312,0.0,0.0
1978-11-13 00:00:00-05:00,0.7695546199960892,0.778608087528582,0.6925988793373108,0.6925988793373108,306114,0.0,0.0
1978-11-14 00:00:00-05:00,0.692599197734344,0.6971262713504365,0.6609117512558755,0.6835457682609558,651348,0.0,0.0
1978-11-15 00:00:00-05:00,0.6835459271440333,0.7197604134351658,0.6835459271440333,0.6880726218223572,304158,0.0,0.0
1978-11-16 00:00:00-05:00,0.6880724599032793,0.7107064346219967,0.6880724599032793,0.6971262693405151,221028,0.0,0.0
1978-11-17 00:00:00-05:00,0.6971262713504365,0.7016530071976834,0.6790190324137089,0.6835457682609558,305136,0.0,0.0
1978-11-20 00:00:00-05:00,0.6835457682609558,0.7016530071976834,0.6835457682609558,0.6835457682609558,188754,0.0,0.0
1978-11-21 00:00:00-05:00,0.6835454088631824,0.6835454088631824,0.6744919419288635,0.6744919419288635,267972,0.0,0.0
1978-11-22 00:00:00-05:00,0.6835457662901891,0.6971262693405151,0.6835457662901891,0.6971262693405151,260148,0.0,0.0
1978-11-24 00:00:00-05:00,0.6971265639685109,0.7107067349894072,0.6790193174312873,0.7016533017158508,170172,0.0,0.0
1978-11-27 00:00:00-05:00,0.701653120674681,0.7061798572540283,0.6925993097470863,0.7061798572540283,225918,0.0,0.0
1978-11-28 00:00:00-05:00,0.706179907189039,0.7107066018673629,0.6880726218223572,0.6880726218223572,248412,0.0,0.0
1978-11-29 00:00:00-05:00,0.6880724475365569,0.6880724475365569,0.6654384732246399,0.6654384732246399,230808,0.0,0.0
1978-11-30 00:00:00-05:00,0.6654381372258769,0.6880721001092582,0.6563846702915581,0.6744919419288635,315894,0.0,0.0
1978-12-01 00:00:00-05:00,0.6925994093323153,0.7378674149513245,0.6925994093323153,0.7378674149513245,593646,0.0,0.0
1978-12-04 00:00:00-05:00,0.7514479160308838,0.7740819819865552,0.7514479160308838,0.7514479160308838,454770,0.0,0.0
1978-12-05 00:00:00-05:00,0.7514478704781357,0.7967159152030945,0.7469211757805405,0.7967159152030945,488022,0.0,0.0
1978-12-06 00:00:00-05:00,0.7967154806848057,0.828402917381674,0.7740815128877144,0.7921887040138245,913452,0.0,0.0
1978-12-07 00:00:00-05:00,0.7921885747252424,0.7921885747252424,0.7514473380090008,0.7559741139411926,171150,0.0,0.0
1978-12-08 00:00:00-05:00,0.755974586402218,0.7650280594825745,0.7288138293922516,0.7650280594825745,424452,0.0,0.0
1978-12-11 00:00:00-05:00,0.765027706219196,0.7921887040138246,0.7514474606484378,0.7921887040138245,145722,0.0,0.0
1978-12-12 00:00:00-05:00,0.7921890698192138,0.7921890698192138,0.7605012807212841,0.7650280594825745,193644,0.0,0.0
1978-12-13 00:00:00-05:00,0.7650281500917911,0.7740819620133699,0.7423945069313049,0.7423945069313049,100734,0.0,0.0
1978-12-14 00:00:00-05:00,0.7423947239190809,0.7514481162756212,0.7378676055295156,0.7469214200973511,80196,0.0,0.0
1978-12-15 00:00:00-05:00,0.7469214200973511,0.7514481162756212,0.7288141287307162,0.7469214200973511,109536,0.0,0.0
1978-12-18 00:00:00-05:00,0.6971264333901601,0.6971264333901601,0.669965716445715,0.6880726218223572,447924,0.0,0.0
1978-12-19 00:00:00-05:00,0.6880724599032793,0.7016530051747109,0.6835457662901891,0.6971262693405151,435210,0.0,0.0
1978-12-20 00:00:00-05:00,0.6971265402564494,0.7152334906299191,0.6790192943351256,0.7107067108154297,421518,0.0,0.0
1978-12-21 00:00:00-05:00,0.7242872454817739,0.7469212271807192,0.7242872454817739,0.7378674149513245,317850,0.0,0.0
1978-12-22 00:00:00-05:00,0.737867135475198,0.7469209442753529,0.728813664443864,0.7333404421806335,287532,0.0,0.0
1978-12-26 00:00:00-05:00,0.7333406950097263,0.7423945069313049,0.7333406950097263,0.7423945069313049,74328,0.0,0.0
1978-12-27 00:00:00-05:00,0.7423946682755378,0.7469213641145257,0.7107067840955905,0.715233564376831,201468,0.0,0.0
1978-12-28 00:00:00-05:00,0.7152333304127229,0.7197603625398578,0.7061798572540283,0.7061798572540283,208314,0.0,0.0
1978-12-29 00:00:00-05:00,0.7061798572540283,0.710706551612263,0.6971263840953338,0.7061798572540283,344256,0.0,0.0
1979-01-02 00:00:00-05:00,0.7061798572540283,0.7152333304127229,0.701653120674681,0.7061798572540283,147678,0.0,0.0
1979-01-03 00:00:00-05:00,0.7152331623491446,0.7423942509807885,0.7152331623491446,0.7333404421806335,493890,0.0,0.0
1979-01-04 00:00:00-05:00,0.7333404210730263,0.7740816728579205,0.7242869503022766,0.7605010867118835,568218,0.0,0.0
1979-01-05 00:00:00-05:00,0.7740815293058513,0.8148223513244172,0.7740815293058513,0.8057689666748047,395112,0.0,0.0
1979-01-08 00:00:00-05:00,0.7967159152030945,0.7967159152030945,0.7786086297593259,0.7967159152030945,246456,0.0,0.0
1979-01-09 00:00:00-05:00,0.7967161625709656,0.8193501497398272,0.7967161625709656,0.8148230314254761,1293894,0.0,0.0
1979-01-10 00:00:00-05:00,0.8148227784357063,0.8238765900420533,0.7876621035967474,0.7967159152030945,309048,0.0,0.0
1979-01-11 00:00:00-05:00,0.7967153880008121,0.8419833183288574,0.7831348062411773,0.8419833183288574,339366,0.0,0.0
1979-01-12 00:00:00-05:00,0.8419837909418806,0.8646177688105572,0.8419837909418806,0.8510372638702393,1515900,0.0,0.0
1979-01-15 00:00:00-05:00,0.8510370827588623,0.864617584809079,0.8465103050369267,0.8600905537605286,375552,0.0,0.0
1979-01-16 00:00:00-05:00,0.8510373493232435,0.8510373493232435,0.7876621035967474,0.7967159152030945,391200,0.0,0.0
1979-01-17 00:00:00-05:00,0.7967154975830051,0.819349465860159,0.7650277224453031,0.8057689666748047,564306,0.0,0.0
1979-01-18 00:00:00-05:00,0.8057688558473755,0.8419833183288574,0.8057688558473755,0.8419833183288574,273840,0.0,0.0
1979-01-19 00:00:00-05:00,0.8238761581849653,0.8238761581849653,0.8057689666748047,0.8057689666748047,172128,0.0,0.0
1979-01-22 00:00:00-05:00,0.8012428879737854,0.8012428879737854,0.7695554229977961,0.8012428879737854,312960,0.0,0.0
1979-01-23 00:00:00-05:00,0.8012426099006896,0.8102960837381111,0.7967159152030945,0.7967159152030945,183864,0.0,0.0
1979-01-24 00:00:00-05:00,0.7967159663782709,0.8102961357855778,0.7786086797714233,0.7786086797714233,165282,0.0,0.0
1979-01-25 00:00:00-05:00,0.7786088999772467,0.8148230612218309,0.7786088999772467,0.8012428879737854,315894,0.0,0.0
1979-01-26 00:00:00-05:00,0.8057689666748047,0.8284029349519586,0.8057689666748047,0.8057689666748047,635700,0.0,0.0
1979-01-29 00:00:00-05:00,0.8057693890405161,0.8102960837381111,0.7967159152030945,0.7967159152030945,146700,0.0,0.0
1979-01-30 00:00:00-05:00,0.7967155389059535,0.8193495083570551,0.7967155389059535,0.8102957010269165,382398,0.0,0.0
1979-01-31 00:00:00-05:00,0.8102960685892121,0.8193498800262935,0.7831353098158061,0.7876620888710022,161370,0.0,0.0
1979-02-01 00:00:00-05:00,0.7876620888710022,0.7876620888710022,0.7831353098158061,0.7876620888710022,123228,0.0,0.0
1979-02-02 00:00:00-05:00,0.7876621035967474,0.7967159152030945,0.7876621035967474,0.7967159152030945,96822,0.0,0.0
1979-02-05 00:00:00-05:00,0.7921891869476775,0.7921891869476775,0.7740819847830667,0.7786086797714233,167238,0.0,0.0
1979-02-06 00:00:00-05:00,0.7786085802242737,0.7831352746338807,0.7695551069628338,0.7740818858146667,97800,0.0,0.0
1979-02-07 00:00:00-05:00,0.7605011086012514,0.7605011086012514,0.7152331623491446,0.7333404421806335,542790,0.0,0.0
1979-02-08 00:00:00-05:00,0.7333407139316885,0.7514479160308838,0.7288139345174488,0.7514479160308838,260148,0.0,0.0
1979-02-09 00:00:00-05:00,0.7514476375699174,0.7514476375699174,0.7333404421806335,0.7333404421806335,131052,0.0,0.0
1979-02-12 00:00:00-05:00,0.7333407199422199,0.7378674149513245,0.7242872454817739,0.7378674149513245,126162,0.0,0.0
1979-02-13 00:00:00-05:00,0.7423947239190809,0.7650283736949499,0.7423947239190809,0.7469214200973511,160392,0.0,0.0
1979-02-14 00:00:00-05:00,0.7469212271807192,0.7514479221898236,0.7378674149513245,0.7378674149513245,92910,0.0,0.0
1979-02-15 00:00:00-05:00,0.7423945260868774,0.7514479160308838,0.7423945260868774,0.7514479160308838,72372,0.0,0.0
1979-02-16 00:00:00-05:00,0.7514479160308838,0.7514479160308838,0.7469212210588806,0.7514479160308838,95844,0.0,0.0
1979-02-20 00:00:00-05:00,0.751447896641712,0.751447896641712,0.7423945069313049,0.7423945069313049,72372,0.0,0.0
1979-02-21 00:00:00-05:00,0.7423945069313049,0.7650281500917911,0.7423945069313049,0.7423945069313049,196578,0.0,0.0
1979-02-22 00:00:00-05:00,0.7423947239190809,0.7469214200973511,0.724287432552446,0.7469214200973511,249390,0.0,0.0
1979-02-23 00:00:00-05:00,0.7469214200973511,0.7514481162756212,0.7288141287307162,0.7469214200973511,539856,0.0,0.0
1979-02-26 00:00:00-05:00,0.7469209887378968,0.7469209887378968,0.7288137078285217,0.7288137078285217,171150,0.0,0.0
1979-02-27 00:00:00-05:00,0.7288133827835768,0.7333401587709094,0.6880721455710643,0.6925988793373108,186798,0.0,0.0
1979-02-28 00:00:00-05:00,0.692599197734344,0.692599197734344,0.6790190324137089,0.6835457682609558,145722,0.0,0.0
1979-03-01 00:00:00-05:00,0.669965716445715,0.6925993587217967,0.669965716445715,0.6880726218223572,753060,0.0,0.0
1979-03-02 00:00:00-05:00,0.6880721455710643,0.6971259508722475,0.6880721455710643,0.6925988793373108,163326,0.0,0.0
1979-03-05 00:00:00-05:00,0.6971265093736776,0.7242872714996338,0.6971265093736776,0.7242872714996338,963330,0.0,0.0
1979-03-06 00:00:00-05:00,0.72428730358563,0.72428730358563,0.7107067108154297,0.7107067108154297,122250,0.0,0.0
1979-03-07 00:00:00-05:00,0.7107067108154297,0.7288139989578755,0.7107067108154297,0.7107067108154297,270906,0.0,0.0
1979-03-08 00:00:00-05:00,0.7107067840955905,0.715233564376831,0.7107067840955905,0.715233564376831,176040,0.0,0.0
1979-03-09 00:00:00-05:00,0.7152334906299191,0.72428730358563,0.7107067108154297,0.7107067108154297,463572,0.0,0.0
1979-03-12 00:00:00-05:00,0.7107067108154297,0.7197605237711405,0.6971265402564494,0.7107067108154297,114426,0.0,0.0
1979-03-13 00:00:00-05:00,0.7107061099499006,0.7107061099499006,0.6925988793373108,0.6925988793373108,102690,0.0,0.0
1979-03-14 00:00:00-05:00,0.7016533017158508,0.7107067349894072,0.7016533017158508,0.7016533017158508,60636,0.0,0.0
1979-03-15 00:00:00-05:00,0.7016530051747109,0.7107064346219967,0.6971262693405151,0.6971262693405151,73350,0.0,0.0
1979-03-16 00:00:00-05:00,0.6971262713504365,0.6971262713504365,0.6790190324137089,0.6835457682609558,235698,0.0,0.0
1979-03-19 00:00:00-05:00,0.6835458897700665,0.692599320852819,0.6790191531181335,0.6790191531181335,178974,0.0,0.0
1979-03-20 00:00:00-05:00,0.6790188972157722,0.683545632161711,0.6609116196632385,0.6609116196632385,285576,0.0,0.0
1979-03-21 00:00:00-05:00,0.6609119320781367,0.6699657440185547,0.6563851949923967,0.6699657440185547,610272,0.0,0.0
1979-03-22 00:00:00-05:00,0.6744924533451544,0.6880726218223572,0.6744924533451544,0.6880726218223572,412716,0.0,0.0
1979-03-23 00:00:00-05:00,0.688072461887097,0.6971262713504365,0.6835457682609558,0.6835457682609558,255258,0.0,0.0
1979-03-26 00:00:00-05:00,0.6835459552757747,0.6925993872261373,0.6699657440185547,0.6699657440185547,151590,0.0,0.0
1979-03-27 00:00:00-05:00,0.6699656690714625,0.7061798572540283,0.6699656690714625,0.7061798572540283,357948,0.0,0.0
1979-03-28 00:00:00-05:00,0.7152334332523792,0.7469212271807192,0.7152334332523792,0.7378674149513245,1499274,0.0,0.0
1979-03-29 00:00:00-05:00,0.7423944190027956,0.7740818703318281,0.7423944190027956,0.7650280594825745,813696,0.0,0.0
1979-03-30 00:00:00-05:00,0.7650278643183598,0.7740816728579205,0.7559743935476101,0.7605010867118835,343278,0.0,0.0
1979-04-02 00:00:00-05:00,0.7605010453916896,0.7740816307998546,0.7605010453916896,0.769554853439331,361860,0.0,0.0
1979-04-03 00:00:00-05:00,0.769555394856783,0.814823031425476,0.7650283609846894,0.8148230314254761,1116876,0.0,0.0
1979-04-04 00:00:00-05:00,0.0,0.8510370101682171,0.8193495688175019,0.8238762617111206,1467000,0.0,0.0
1979-04-05 00:00:00-05:00,0.8329299123876264,0.8872513366278889,0.8329299123876264,0.8827246427536011,1460154,0.0,0.0
1979-04-06 00:00:00-05:00,0.8827245100621995,0.9008317894907556,0.855563759803772,0.855563759803772,1184358,0.0,0.0
1979-04-09 00:00:00-05:00,0.855563759803772,0.8691443460384941,0.8465102889739006,0.855563759803772,281664,0.0,0.0
1979-04-10 00:00:00-05:00,0.8555637773514848,0.8781977504381004,0.8555637773514848,0.8646175861358643,461616,0.0,0.0
1979-04-11 00:00:00-05:00,0.8555643096601362,0.8555643096601362,0.8102963353224127,0.8148230314254761,623964,0.0,0.0
1979-04-12 00:00:00-05:00,0.814823031425476,0.8193501497398272,0.814823031425476,0.8148230314254761,214182,0.0,0.0
1979-04-16 00:00:00-05:00,0.8102960837381111,0.8102960837381111,0.7967159152030945,0.7967159152030945,256236,0.0,0.0
1979-04-17 00:00:00-05:00,0.7967153506574344,0.7967153506574344,0.7469206465189804,0.7559741139411926,1564800,0.0,0.0
1979-04-18 00:00:00-05:00,0.755974586402218,0.7650280594825745,0.7423944190027956,0.7650280594825745,826410,0.0,0.0
1979-04-19 00:00:00-05:00,0.7650281761016113,0.7650281761016113,0.7333407199422199,0.7378674149513245,419562,0.0,0.0
1979-04-20 00:00:00-05:00,0.7378674149513245,0.7378674149513245,0.7152334332523792,0.7378674149513245,580932,0.0,0.0
1979-04-23 00:00:00-05:00,0.7378673898649298,0.7423945069313049,0.7378673898649298,0.7423945069313049,112470,0.0,0.0
1979-04-24 00:00:00-05:00,0.7423944190027956,0.7695550915705377,0.7423944190027956,0.7650280594825745,544746,0.0,0.0
1979-04-25 00:00:00-05:00,0.7650278643183598,0.7650278643183598,0.7559743935476101,0.7605010867118835,766752,0.0,0.0
1979-04-26 00:00:00-05:00,0.7605015930744208,0.7605015930744208,0.7469214200973511,0.7469214200973511,65526,0.0,0.0
1979-04-27 00:00:00-05:00,0.7469209227768605,0.7605010867118835,0.7378671142372997,0.7605010867118835,129096,0.0,0.0
1979-04-30 00:00:00-04:00,0.760500805431213,0.7695546106221114,0.7514473380090008,0.7559741139411926,221028,0.0,0.0
1979-05-01 00:00:00-04:00,0.755974237319419,0.8012421729136016,0.7514474606484378,0.7921887040138245,514428,0.0,0.0
1979-05-02 00:00:00-04:00,0.7921891212528875,0.7921891212528875,0.7831353098158061,0.7876620888710022,192666,0.0,0.0
1979-05-03 00:00:00-04:00,0.7831350166365051,0.7831350166365051,0.769554853439331,0.769554853439331,110514,0.0,0.0
1979-05-04 00:00:00-04:00,0.7650283736949499,0.7650283736949499,0.7469214200973511,0.7469214200973511,120294,0.0,0.0
1979-05-07 00:00:00-04:00,0.7378674414570114,0.7378674414570114,0.7152334589450078,0.7242872714996338,287532,0.0,0.0
1979-05-08 00:00:00-04:00,0.7242872454817739,0.7378674149513245,0.7061799587919331,0.7378674149513245,360882,0.0,0.0
1979-05-09 00:00:00-04:00,0.7378673898649298,0.7559746759391498,0.7288139157122885,0.7423945069313049,279708,0.0,0.0
1979-05-10 00:00:00-04:00,0.7423945069313049,0.751447896641712,0.7242872208570849,0.7423945069313049,294378,0.0,0.0
1979-05-11 00:00:00-04:00,0.7423945260868774,0.7514479160308838,0.7333407139316885,0.7514479160308838,219072,0.0,0.0
1979-05-14 00:00:00-04:00,0.7514476375699174,0.755974415306687,0.7333404421806335,0.7333404421806335,148656,0.0,0.0
1979-05-15 00:00:00-04:00,0.7333407787723649,0.7378674741446104,0.7107067108154297,0.7107067108154297,752082,0.0,0.0
1979-05-16 00:00:00-04:00,0.7107067840955905,0.7242873782660701,0.6971266121363742,0.715233564376831,272862,0.0,0.0
1979-05-17 00:00:00-04:00,0.7152331623491446,0.737867135475198,0.7152331623491446,0.7333404421806335,139854,0.0,0.0
1979-05-18 00:00:00-04:00,0.7333404421806335,0.7469209442753529,0.7333404421806335,0.7333404421806335,109536,0.0,0.0
1979-05-21 00:00:00-04:00,0.7333404858347603,0.7378671793987888,0.7242870142644933,0.7288137078285217,396090,0.0,0.0
1979-05-22 00:00:00-04:00,0.7288137078285217,0.7333404858347603,0.7242870142644933,0.7288137078285217,126162,0.0,0.0
1979-05-23 00:00:00-04:00,0.7288139521481319,0.7423945440460876,0.7197604775428772,0.7197604775428772,438144,0.0,0.0
1979-05-24 00:00:00-04:00,0.7197604918856811,0.7288139666713462,0.7197604918856811,0.7242872714996338,62592,0.0,0.0
1979-05-25 00:00:00-04:00,0.7242872714996338,0.733340746285299,0.7242872714996338,0.7242872714996338,177018,0.0,0.0
1979-05-29 00:00:00-04:00,0.7242872714996338,0.733340746285299,0.7242872714996338,0.7242872714996338,59658,0.0,0.0
1979-05-30 00:00:00-04:00,0.7242871413403176,0.7288138356985523,0.701653120674681,0.7061798572540283,282642,0.0,0.0
1979-05-31 00:00:00-04:00,0.7061800154431842,0.7152334906299191,0.6925994648941061,0.7107067108154297,340344,0.0,0.0
1979-06-01 00:00:00-04:00,0.7061798572540283,0.7061798572540283,0.701653120674681,0.7061798572540283,79218,0.0,0.0
1979-06-04 00:00:00-04:00,0.7061800394631907,0.7107067349894072,0.6925994884521837,0.7016533017158508,255258,0.0,0.0
1979-06-05 00:00:00-04:00,0.7016532158108925,0.7695552025723156,0.697126478617771,0.7514479160308838,1064064,0.0,0.0
1979-06-06 00:00:00-04:00,0.7514475751128409,0.7876617939970285,0.7514475751128409,0.769554853439331,1151106,0.0,0.0
1979-06-07 00:00:00-04:00,0.7786085411272968,0.8102959914989768,0.7786085411272968,0.7831352353096008,848904,0.0,0.0
1979-06-08 00:00:00-04:00,0.7831348973453062,0.8012421729136016,0.7831348973453062,0.7921887040138245,477264,0.0,0.0
1979-06-11 00:00:00-04:00,0.7921890458853175,0.7921890458853175,0.7831352353096008,0.7831352353096008,108558,0.0,0.0
1979-06-12 00:00:00-04:00,0.7876620888710022,0.8102960685892121,0.7876620888710022,0.7876620888710022,312960,0.0,0.0
1979-06-13 00:00:00-04:00,0.7876620377312505,0.7921890698192138,0.7605012807212841,0.7650280594825745,216138,0.0,0.0
1979-06-14 00:00:00-04:00,0.7559741139411926,0.7559741139411926,0.7423939550289601,0.7559741139411926,167238,0.0,0.0
1979-06-15 00:00:00-04:00,0.7559748968961505,0.7605015930744208,0.7469214200973511,0.7469214200973511,139854,0.0,0.0
1979-06-18 00:00:00-04:00,0.7514476159411339,0.7650278643183598,0.7514476159411339,0.7605010867118835,216138,0.0,0.0
1979-06-19 00:00:00-04:00,0.7605013904171266,0.7650281698313663,0.7514479160308838,0.7514479160308838,163326,0.0,0.0
1979-06-20 00:00:00-04:00,0.7514478704781357,0.8102960837381111,0.7514478704781357,0.7967159152030945,577998,0.0,0.0
1979-06-21 00:00:00-04:00,0.7967154975830051,0.819349465860159,0.7967154975830051,0.8057689666748047,334476,0.0,0.0
1979-06-22 00:00:00-04:00,0.8057696686846411,0.8238768759703242,0.8012428879737854,0.8012428879737854,328608,0.0,0.0
1979-06-25 00:00:00-04:00,0.7967154806848057,0.7967154806848057,0.7786082051165103,0.7921887040138245,775554,0.0,0.0
1979-06-26 00:00:00-04:00,0.7921891212528875,0.8057693739762458,0.7876620888710022,0.7876620888710022,205380,0.0,0.0
1979-06-27 00:00:00-04:00,0.787661995438639,0.8419837598684997,0.7831352169204089,0.8374566435813904,1007340,0.0,0.0
1979-06-28 00:00:00-04:00,0.8374565652250421,0.8419836810885732,0.8193497061729431,0.8193497061729431,149634,0.0,0.0
1979-06-29 00:00:00-04:00,0.8193498953444582,0.8238765900420533,0.7967159152030945,0.7967159152030945,173106,0.0,0.0
1979-07-02 00:00:00-04:00,0.78313537475978,0.78313537475978,0.7695552053524731,0.7786086797714233,191688,0.0,0.0
1979-07-03 00:00:00-04:00,0.7786086797714233,0.78313537475978,0.7650281725951692,0.7786086797714233,197556,0.0,0.0
1979-07-05 00:00:00-04:00,0.7786086797714233,0.7876621541903736,0.7740819847830667,0.7786086797714233,114426,0.0,0.0
1979-07-06 00:00:00-04:00,0.77860861520284,0.7921891212528875,0.77860861520284,0.7876620888710022,140832,0.0,0.0
1979-07-09 00:00:00-04:00,0.7967157312573131,0.8238763998254149,0.7967157312573131,0.8193497061729431,557460,0.0,0.0
1979-07-10 00:00:00-04:00,0.819349465860159,0.8238761581849653,0.8012421899078114,0.8057689666748047,165282,0.0,0.0
1979-07-11 00:00:00-04:00,0.8057693890405161,0.8102960837381111,0.7967159152030945,0.7967159152030945,278730,0.0,0.0
1979-07-12 00:00:00-04:00,0.7967159003080836,0.8012425949210499,0.7876620888710022,0.7876620888710022,143766,0.0,0.0
1979-07-13 00:00:00-04:00,0.7786086797714233,0.7786086797714233,0.7695552053524731,0.7786086797714233,243522,0.0,0.0
1979-07-16 00:00:00-04:00,0.7786085646508941,0.7876620377312505,0.7650280594825745,0.7650280594825745,207336,0.0,0.0
1979-07-17 00:00:00-04:00,0.760501423969015,0.760501423969015,0.7242872714996338,0.7242872714996338,511494,0.0,0.0
1979-07-18 00:00:00-04:00,0.7197604775428772,0.7197604775428772,0.6744925134209334,0.7197604775428772,436188,0.0,0.0
1979-07-19 00:00:00-04:00,0.7197604918856811,0.7242872714996338,0.7197604918856811,0.7242872714996338,208314,0.0,0.0
1979-07-20 00:00:00-04:00,0.7242870142644933,0.7378671793987888,0.7197602362582546,0.7288137078285217,52812,0.0,0.0
1979-07-23 00:00:00-04:00,0.7288139404908783,0.7423945321716148,0.7288139404908783,0.7378674149513245,94866,0.0,0.0
1979-07-24 00:00:00-04:00,0.7378673898649298,0.7469212017865084,0.7333406950097263,0.7423945069313049,281664,0.0,0.0
1979-07-25 00:00:00-04:00,0.7423945260868774,0.7514479160308838,0.7333407139316885,0.7514479160308838,151590,0.0,0.0
1979-07-26 00:00:00-04:00,0.7514478076409277,0.7650280594825745,0.7469211133218616,0.7650280594825745,130074,0.0,0.0
1979-07-27 00:00:00-04:00,0.7786082216306575,0.8057689666748047,0.7786082216306575,0.8057689666748047,488022,0.0,0.0
1979-07-30 00:00:00-04:00,0.8057696392193495,0.8193501497398272,0.8012428586740288,0.8148230314254761,411738,0.0,0.0
1979-07-31 00:00:00-04:00,0.8148222392517633,0.8419833183288574,0.8148222392517633,0.8419833183288574,607338,0.0,0.0
1979-08-01 00:00:00-04:00,0.8510370237528689,0.873670995235443,0.8510370237528689,0.8736709952354431,1155996,0.0,0.0
1979-08-02 00:00:00-04:00,0.869144547495848,0.869144547495848,0.8419837909418806,0.8510372638702393,1035702,0.0,0.0
1979-08-03 00:00:00-04:00,0.8555633345563992,0.9008313417434692,0.8555633345563992,0.9008313417434692,1532526,0.0,0.0
1979-08-06 00:00:00-04:00,0.9008319712278328,0.9913678799824328,0.9008319712278328,0.9777873754501343,2041086,0.0,0.0
1979-08-07 00:00:00-04:00,0.9777870175817108,0.9913675171435691,0.9370461099914623,0.946099579334259,1935462,0.0,0.0
1979-08-08 00:00:00-04:00,0.9461000762517974,0.9687340570444358,0.9415733814239503,0.9415733814239502,1027878,0.0,0.0
1979-08-09 00:00:00-04:00,0.9415721224108784,0.9732595349309608,0.9370453491937238,0.9551522731781006,445968,0.0,0.0
1979-08-10 00:00:00-04:00,0.9551522776896669,1.0321075916290283,0.9551522776896669,1.0321075916290283,1960890,0.0,0.0
1979-08-13 00:00:00-04:00,1.0321093815637432,1.0502166748046875,1.0140025105341377,1.0502166748046875,1633260,0.0,0.0
1979-08-14 00:00:00-04:00,1.0502162834426179,1.0502162834426179,1.0049483205361223,1.0366361141204834,779466,0.0,0.0
1979-08-15 00:00:00-04:00,1.0366365004219165,1.0592704903096952,1.0275826849169087,1.0502166748046875,938880,0.0,0.0
1979-08-16 00:00:00-04:00,1.0502166822331442,1.054743378911997,1.023055911064148,1.023055911064148,674820,0.0,0.0
1979-08-17 00:00:00-04:00,1.023055137098128,1.0275819147946321,1.0094746351242065,1.0094746351242065,199512,0.0,0.0
1979-08-20 00:00:00-04:00,1.009473640994225,1.0366347026360498,1.0049469521978098,1.0321075916290283,360882,0.0,0.0
1979-08-21 00:00:00-04:00,1.0321085841442168,1.0366356995046861,1.014001727104187,1.014001727104187,399024,0.0,0.0
1979-08-22 00:00:00-04:00,1.0140017505895285,1.0185284438438282,0.9823138845029769,1.0094746351242065,585822,0.0,0.0
1979-08-23 00:00:00-04:00,1.00947435434876,1.0140014685549095,1.0004208859160901,1.0049476623535156,216138,0.0,0.0
1979-08-24 00:00:00-04:00,1.0049479418699068,1.0140017505895285,0.9823138845029769,1.0094746351242065,449880,0.0,0.0
1979-08-27 00:00:00-04:00,1.009474298131242,1.0321082635000671,1.0049476063880882,1.0185281038284302,374574,0.0,0.0
1979-08-28 00:00:00-04:00,1.0185281038284302,1.0275815717569134,1.009474298131242,1.0185281038284302,262104,0.0,0.0
1979-08-29 00:00:00-04:00,1.018528420253644,1.018528420253644,0.995894447853145,1.014001727104187,212226,0.0,0.0
1979-08-30 00:00:00-04:00,1.0140017505895285,1.023055137098128,1.0094746351242065,1.0094746351242065,223962,0.0,0.0
1979-08-31 00:00:00-04:00,1.0094753988162475,1.023055911064148,1.0094753988162475,1.023055911064148,202446,0.0,0.0
1979-09-04 00:00:00-04:00,1.023055160942153,1.023055160942153,0.9777872140376561,0.9868410229682922,498780,0.0,0.0
1979-09-05 00:00:00-04:00,0.9687340459838967,0.9687340459838967,0.9596802342204055,0.9642073512077332,893892,0.0,0.0
1979-09-06 00:00:00-04:00,0.9642070192013306,0.9732604900784994,0.9415730464606954,0.9506264328956604,569196,0.0,0.0
1979-09-07 00:00:00-04:00,0.9506260764891515,0.9642066577032219,0.9460993849688056,0.9596795439720154,180930,0.0,0.0
1979-09-10 00:00:00-04:00,0.9596795439720155,0.9732601251860858,0.9551528524516696,0.9596795439720154,229830,0.0,0.0
1979-09-11 00:00:00-04:00,0.9596789619531343,0.9823129124810284,0.9551522731781005,0.9551522731781006,292422,0.0,0.0
1979-09-12 00:00:00-04:00,0.9551532923536107,0.9642071017749527,0.9370463490486146,0.9370463490486145,786312,0.0,0.0
1979-09-13 00:00:00-04:00,0.9370462982617871,1.0049479652919129,0.9189390181693406,0.9868410229682922,1689006,0.0,0.0
1979-09-14 00:00:00-04:00,0.9913677080469615,1.0321086234825119,0.9913677080469615,1.0275819301605225,890958,0.0,0.0
1979-09-17 00:00:00-04:00,1.0275815717569134,1.0456888453825852,1.0049476063880882,1.0185281038284302,581910,0.0,0.0
1979-09-18 00:00:00-04:00,0.9868405480307169,1.009474172821236,0.9868405480307169,0.9958940148353577,1010274,0.0,0.0
1979-09-19 00:00:00-04:00,0.995894447853145,1.0230551134031007,0.995894447853145,1.014001727104187,279708,0.0,0.0
1979-09-20 00:00:00-04:00,1.0140021326672357,1.0366361141204834,1.0049483205361223,1.0366361141204834,344256,0.0,0.0
1979-09-21 00:00:00-04:00,1.036635273179645,1.0819028615951538,1.036635273179645,1.0819028615951538,1383870,0.0,0.0
1979-09-24 00:00:00-04:00,1.0819041424284028,1.086431261286576,1.0502166748046875,1.0502166748046875,672864,0.0,0.0
1979-09-25 00:00:00-04:00,1.0502166748046875,1.0502166748046875,1.0185292071809722,1.0502166748046875,529098,0.0,0.0
1979-09-26 00:00:00-04:00,1.0502159034237037,1.0592697122787111,1.018528459074338,1.0275819301605225,447924,0.0,0.0
1979-09-27 00:00:00-04:00,1.0275815717569134,1.0275815717569134,1.0140014120852767,1.0185281038284302,231786,0.0,0.0
1979-09-28 00:00:00-04:00,1.018528446131071,1.023055139395536,0.9913676954488482,1.000421166419983,423474,0.0,0.0
1979-10-01 00:00:00-04:00,0.9913677163280942,0.9913677163280942,0.9777872140376561,0.9868410229682922,298290,0.0,0.0
1979-10-02 00:00:00-04:00,0.9868408246932655,1.0094744558291626,0.9279923028799077,0.946099579334259,685578,0.0,0.0
1979-10-03 00:00:00-04:00,0.9460996966168714,0.9913676400377917,0.9234657249064114,0.9687336683273315,869442,0.0,0.0
1979-10-04 00:00:00-04:00,0.968732906626736,0.968732906626736,0.9279916882514954,0.9279916882514954,1179468,0.0,0.0
1979-10-05 00:00:00-04:00,0.9279927165766936,0.9461000011032262,0.9279927165766936,0.9325194954872131,535944,0.0,0.0
1979-10-08 00:00:00-04:00,0.9325189405928525,0.9370459701362495,0.9098848906241666,0.9189386963844299,494868,0.0,0.0
1979-10-09 00:00:00-04:00,0.9053582343347283,0.9053582343347283,0.8872509598731995,0.8872509598731995,561372,0.0,0.0
1979-10-10 00:00:00-04:00,0.8465098142623902,0.8555632800151978,0.796715203747935,0.8465098142623901,959418,0.0,0.0
1979-10-11 00:00:00-04:00,0.8465098142623902,0.8555632800151978,0.8057686695007426,0.8465098142623901,340344,0.0,0.0
1979-10-12 00:00:00-04:00,0.8419841369086889,0.8555643096601362,0.8102963353224127,0.8148230314254761,296334,0.0,0.0
1979-10-15 00:00:00-04:00,0.8102957652418441,0.8102957652418441,0.769554853439331,0.769554853439331,899760,0.0,0.0
1979-10-16 00:00:00-04:00,0.7695551069628338,0.7921890856642245,0.7695551069628338,0.7740818858146667,314916,0.0,0.0
1979-10-17 00:00:00-04:00,0.7831355962458416,0.8148230612218309,0.7831355962458416,0.8012428879737854,311982,0.0,0.0
1979-10-18 00:00:00-04:00,0.8012421899078114,0.8238761581849653,0.7967154975830051,0.8057689666748047,1995120,0.0,0.0
1979-10-19 00:00:00-04:00,0.8012425949210499,0.8012425949210499,0.7831353098158061,0.7876620888710022,214182,0.0,0.0
1979-10-22 00:00:00-04:00,0.7876620534857136,0.7876620534857136,0.7605012959324898,0.7740818858146667,382398,0.0,0.0
1979-10-23 00:00:00-04:00,0.7740818858146667,0.7786085802242737,0.7605012959324898,0.7740818858146667,308070,0.0,0.0
1979-10-24 00:00:00-04:00,0.7740819847830667,0.7921891869476775,0.7605013931645757,0.7786086797714233,277752,0.0,0.0
1979-10-25 00:00:00-04:00,0.7786083237181798,0.7967156020446701,0.765027822752213,0.769554853439331,720786,0.0,0.0
1979-10-26 00:00:00-04:00,0.7786082051165103,0.7921887040138246,0.7786082051165103,0.7921887040138245,222984,0.0,0.0
1979-10-29 00:00:00-05:00,0.7921891869476775,0.7967159663782709,0.7786086797714233,0.7786086797714233,74328,0.0,0.0
1979-10-30 00:00:00-05:00,0.787661731575815,0.8148223935865071,0.787661731575815,0.8102957010269165,322740,0.0,0.0
1979-10-31 00:00:00-05:00,0.8102960837381111,0.8148227784357063,0.7967159152030945,0.7967159152030945,489978,0.0,0.0
1979-11-01 00:00:00-05:00,0.8057692030044684,0.8238763998254149,0.8057692030044684,0.8193497061729431,144744,0.0,0.0
1979-11-02 00:00:00-05:00,0.8284028210113982,0.8465100100310514,0.8284028210113982,0.8419833183288574,549636,0.0,0.0
1979-11-05 00:00:00-05:00,0.8419837598684997,0.8465104539445101,0.83292994950538,0.8374566435813904,87042,0.0,0.0
1979-11-06 00:00:00-05:00,0.8374569027292816,0.8374569027292816,0.8193500363799187,0.8329302072525024,117360,0.0,0.0
1979-11-07 00:00:00-05:00,0.8284031779200985,0.8284031779200985,0.814822590309412,0.8193497061729431,320784,0.0,0.0
1979-11-08 00:00:00-05:00,0.8238758543328255,0.8465098142623902,0.8238758543328255,0.8465098142623901,491934,0.0,0.0
1979-11-09 00:00:00-05:00,0.8465106704558035,0.8736714329542887,0.8419839752220043,0.8691447377204895,337410,0.0,0.0
1979-11-12 00:00:00-05:00,0.8736706049849563,0.9008313417434692,0.8736706049849563,0.9008313417434692,131052,0.0,0.0
1979-11-13 00:00:00-05:00,0.900830903739239,0.9053575924821584,0.8781968689297996,0.8963041305541992,533010,0.0,0.0
1979-11-14 00:00:00-05:00,0.896304730857921,0.927992164375986,0.8781974571061015,0.9189386963844299,453792,0.0,0.0
1979-11-15 00:00:00-05:00,0.9370461099914623,0.9551530486770559,0.9370461099914623,0.946099579334259,472374,0.0,0.0
1979-11-16 00:00:00-05:00,0.9370465277244141,0.9370465277244141,0.9053587375818685,0.9325194954872131,763818,0.0,0.0
1979-11-19 00:00:00-05:00,0.9325184621458109,0.9551524160595222,0.9234649987993133,0.9279916882514954,191688,0.0,0.0
1979-11-20 00:00:00-05:00,0.9415733814239503,0.9596802451775726,0.9415733814239503,0.9415733814239502,359904,0.0,0.0
1979-11-21 00:00:00-05:00,0.9415730036054194,0.9687336683273315,0.9098851392188555,0.9687336683273315,424452,0.0,0.0
1979-11-23 00:00:00-05:00,0.9732600522761753,0.9958940148353577,0.9732600522761753,0.9958940148353577,619074,0.0,0.0
1979-11-26 00:00:00-05:00,1.0004219210162733,1.0275826921852693,1.0004219210162733,1.023055911064148,796092,0.0,0.0
1979-11-27 00:00:00-05:00,1.023055911064148,1.0502166822331442,1.0094753988162475,1.023055911064148,754038,0.0,0.0
1979-11-28 00:00:00-05:00,1.0230559038278066,1.0819041424284028,1.00494869502913,1.0502166748046875,838146,0.0,0.0
1979-11-29 00:00:00-05:00,1.050215537125739,1.050215537125739,1.0185281038284302,1.0185281038284302,253302,0.0,0.0
1979-11-30 00:00:00-05:00,1.0185292071809722,1.0502166748046875,1.0140025105341377,1.0502166748046875,666018,0.0,0.0
1979-12-03 00:00:00-05:00,1.0502160648417649,1.100010796785766,1.0411625923640628,1.0954840183258057,889002,0.0,0.0
1979-12-04 00:00:00-05:00,1.095484042161905,1.1316986083984375,1.0909573480456694,1.1316986083984375,1809300,0.0,0.0
1979-12-05 00:00:00-05:00,1.131698232843607,1.1362249254576566,1.095483678624899,1.113590955734253,1172622,0.0,0.0
1979-12-06 00:00:00-05:00,1.113590955734253,1.1181177327904952,1.0909569860108492,1.113590955734253,495846,0.0,0.0
1979-12-07 00:00:00-05:00,1.1135913252801712,1.1498055537478216,1.1135913252801712,1.1316986083984375,1669446,0.0,0.0
1979-12-10 00:00:00-05:00,1.1316977726045017,1.176965355873108,1.1226439688474426,1.176965355873108,1751598,0.0,0.0
1979-12-11 00:00:00-05:00,1.1769659697721715,1.190546555828083,1.167912499061504,1.186019778251648,1335948,0.0,0.0
1979-12-12 00:00:00-05:00,1.1860201367658398,1.2403415685457275,1.1814934422632626,1.2222343683242798,2081184,0.0,0.0
1979-12-13 00:00:00-05:00,1.2222344932017344,1.2448684746805334,1.2131810188293457,1.2131810188293457,1185336,0.0,0.0
1979-12-14 00:00:00-05:00,1.2131814143683908,1.2312887067857163,1.195074121951065,1.2177081108093262,551592,0.0,0.0
1979-12-17 00:00:00-05:00,1.217707056226336,1.2358143329620361,1.217707056226336,1.2358143329620361,598536,0.0,0.0
1979-12-18 00:00:00-05:00,1.235815403226652,1.235815403226652,1.2177081108093262,1.2177081108093262,514428,0.0,0.0
1979-12-19 00:00:00-05:00,1.2177077222230142,1.2403417038584788,1.20865424778796,1.2312883138656616,450858,0.0,0.0
1979-12-20 00:00:00-05:00,1.2312883138656616,1.23581500886207,1.2177077222230142,1.2312883138656616,820542,0.0,0.0
1979-12-21 00:00:00-05:00,1.2177073407092895,1.2177073407092895,1.1860198945666045,1.1950733661651611,589734,0.0,0.0
1979-12-24 00:00:00-05:00,1.176965355873108,1.176965355873108,1.1498047045813542,1.176965355873108,357948,0.0,0.0
1979-12-26 00:00:00-05:00,1.1769656708403824,1.1769656708403824,1.154331704264697,1.1633855104446411,313938,0.0,0.0
1979-12-27 00:00:00-05:00,1.1633856102787206,1.1724390794668507,1.1498051109488674,1.1543318033218384,609294,0.0,0.0
1979-12-28 00:00:00-05:00,1.154332840675478,1.2177081108093262,1.095484604751621,1.2177081108093262,494868,0.0,0.0
1979-12-31 00:00:00-05:00,1.217707909538515,1.2493953704833984,1.217707909538515,1.2493953704833984,402936,0.0,0.0
1980-01-02 00:00:00-05:00,1.2493951755268622,1.267502462125821,1.195073737941169,1.204127550125122,628854,0.0,0.0
1980-01-03 00:00:00-05:00,1.2041275675036465,1.2810829877853394,1.172439773277017,1.2810829877853394,3201972,0.0,0.0
1980-01-04 00:00:00-05:00,1.3127699331897864,1.3806719369342166,1.3127699331897864,1.3761452436447144,2665050,0.0,0.0
1980-01-07 00:00:00-05:00,1.43499309784072,1.4938411943786436,1.43499309784072,1.4531002044677734,4585842,0.0,0.0
1980-01-08 00:00:00-05:00,1.466680520660777,1.5934309413969994,1.466680520660777,1.5843770503997803,4110534,0.0,0.0
1980-01-09 00:00:00-05:00,1.557217089314312,1.557217089314312,1.4666811786444618,1.4802616834640503,1594140,0.0,0.0
1980-01-10 00:00:00-05:00,1.4802616447898664,1.539109765637991,1.4757348662630878,1.4893150329589844,1901232,0.0,0.0
1980-01-11 00:00:00-05:00,1.489314861700714,1.507422142610089,1.4349935256258501,1.4576274156570435,992670,0.0,0.0
1980-01-14 00:00:00-05:00,1.457627328887728,1.4712074932136263,1.4395200490562388,1.466680884361267,619074,0.0,0.0
1980-01-15 00:00:00-05:00,1.4712080745276728,1.534583325652542,1.4712080745276728,1.5300567150115967,1154040,0.0,0.0
1980-01-16 00:00:00-05:00,1.5391102573043702,1.5707980548833194,1.5391102573043702,1.5436370372772217,860640,0.0,0.0
1980-01-17 00:00:00-05:00,1.5436361902793931,1.5526899141417847,1.5028951928784364,1.5074219703674316,556482,0.0,0.0
1980-01-18 00:00:00-05:00,1.507423113425423,1.5119498943470133,1.4802624278958816,1.493842601776123,1268466,0.0,0.0
1980-01-21 00:00:00-05:00,1.498368194754398,1.530055628939822,1.498368194754398,1.516474962234497,583866,0.0,0.0
1980-01-22 00:00:00-05:00,1.5164765063840742,1.5436373607981448,1.4757356469742915,1.493842601776123,720786,0.0,0.0
1980-01-23 00:00:00-05:00,1.4938415230483855,1.539109468460083,1.4666808571320114,1.539109468460083,895848,0.0,0.0
1980-01-24 00:00:00-05:00,1.5798503865402127,1.6341717039811505,1.5798503865402127,1.616064429283142,2504658,0.0,0.0
1980-01-25 00:00:00-05:00,1.6160653483227094,1.652279918313576,1.6115387381794242,1.6386994123458862,1135458,0.0,0.0
1980-01-28 00:00:00-05:00,1.638699216097117,1.711127840751504,1.638699216097117,1.6975476741790771,1269444,0.0,0.0
1980-01-29 00:00:00-05:00,1.6975469739214548,1.7473416856068424,1.670386314211808,1.688493251800537,1200984,0.0,0.0
1980-01-30 00:00:00-05:00,1.6884937999740428,1.7201815843582156,1.6794402437982354,1.7201815843582153,903672,0.0,0.0
1980-01-31 00:00:00-05:00,1.7201831683022688,1.7337633461861792,1.6160665008722,1.6296470165252686,1272378,0.0,0.0
1980-02-01 00:00:00-05:00,1.6024850887788287,1.6024850887788287,1.5572171321973045,1.5753244161605835,1537416,0.0,0.0
1980-02-04 00:00:00-05:00,1.5753246404585486,1.5798514198727882,1.5028958320617676,1.5028958320617676,995604,0.0,0.0
1980-02-05 00:00:00-05:00,1.5028946760180015,1.5345821075433448,1.5028946760180015,1.5119482278823853,800004,0.0,0.0
1980-02-06 00:00:00-05:00,1.5028953646038505,1.5028953646038505,1.3987793015759407,1.4576274156570435,2089986,0.0,0.0
1980-02-07 00:00:00-05:00,1.4531007569435777,1.4531007569435777,1.3851988279489365,1.3942523002624512,2205390,0.0,0.0
1980-02-08 00:00:00-05:00,1.3897257583475895,1.3897257583475895,1.358038306236267,1.358038306236267,1922748,0.0,0.0
1980-02-11 00:00:00-05:00,1.3580388133242758,1.389726277267611,1.3535120327609422,1.3716189861297607,1358442,0.0,0.0
1980-02-12 00:00:00-05:00,1.3716187592292317,1.4349940988433036,1.3625652840424967,1.4214134216308594,1199028,0.0,0.0
1980-02-13 00:00:00-05:00,1.4485741594111843,1.51647566675541,1.4485741594111843,1.475734829902649,2211258,0.0,0.0
1980-02-14 00:00:00-05:00,1.4757349091889438,1.4983689713656525,1.4168864488601685,1.4168864488601685,1155996,0.0,0.0
1980-02-15 00:00:00-05:00,1.4168864488601685,1.4259401750615188,1.3806722195925463,1.4168864488601685,627876,0.0,0.0
1980-02-19 00:00:00-05:00,1.4168864933085163,1.425940219793886,1.3942524304217674,1.4123597145080566,345234,0.0,0.0
1980-02-20 00:00:00-05:00,1.412359045672533,1.4576269811245368,1.412359045672533,1.4531002044677734,573108,0.0,0.0
1980-02-21 00:00:00-05:00,1.448573981064971,1.448573981064971,1.380671975427429,1.3897254467010498,701226,0.0,0.0
1980-02-22 00:00:00-05:00,1.3897255113058862,1.4033060143953668,1.3670915365219116,1.3670915365219116,414672,0.0,0.0
1980-02-25 00:00:00-05:00,1.3761452820117224,1.3942521401167565,1.3761452820117224,1.3897254467010498,211248,0.0,0.0
1980-02-26 00:00:00-05:00,1.3897256063268024,1.4259400866763818,1.3806721340132877,1.3942523002624512,623964,0.0,0.0
1980-02-27 00:00:00-05:00,1.3942526238961666,1.3942526238961666,1.204127550125122,1.204127550125122,2543778,0.0,0.0
1980-02-28 00:00:00-05:00,1.2177075893794749,1.2539221587068257,1.2177075893794749,1.2222343683242798,1951110,0.0,0.0
1980-02-29 00:00:00-05:00,1.2222345016616596,1.2312883138656616,1.2222345016616596,1.2312883138656616,399024,0.0,0.0
1980-03-03 00:00:00-05:00,1.2403423406852272,1.272029813024988,1.2403423406852272,1.253922939300537,674820,0.0,0.0
1980-03-04 00:00:00-05:00,1.253921550137131,1.281082210623992,1.2493944356205737,1.2765551805496216,1073844,0.0,0.0
1980-03-05 00:00:00-05:00,1.2765561424931473,1.2810831759788448,1.1724399455106296,1.1814937591552734,935946,0.0,0.0
1980-03-06 00:00:00-05:00,1.1814929849159155,1.186019677666243,1.1271711519524759,1.1588590145111084,1043526,0.0,0.0
1980-03-07 00:00:00-05:00,1.158858700921221,1.2041266294812276,1.154331587184966,1.1724388599395752,795114,0.0,0.0
1980-03-10 00:00:00-05:00,1.1724393916210327,1.2177073407092895,1.1724393916210327,1.1950733661651611,479220,0.0,0.0
1980-03-11 00:00:00-05:00,1.1950735329033433,1.2358147940976998,1.1860200600416346,1.226760983467102,334476,0.0,0.0
1980-03-12 00:00:00-05:00,1.2267605843277647,1.2584483623504639,1.2131804216747601,1.2584483623504639,711984,0.0,0.0
1980-03-13 00:00:00-05:00,1.2584483014306294,1.2810822706728002,1.2403410247062636,1.2448678016662598,1019076,0.0,0.0
1980-03-14 00:00:00-05:00,1.244868880550787,1.2584493920849131,1.208654633485191,1.2177081108093262,623964,0.0,0.0
1980-03-17 00:00:00-05:00,1.1995998042450478,1.1995998042450478,1.1000104556811412,1.113590955734253,436188,0.0,0.0
1980-03-18 00:00:00-05:00,1.1135915460156578,1.127171715498439,1.0366361263834,1.1226450204849243,1050372,0.0,0.0
1980-03-19 00:00:00-05:00,1.122645133183104,1.1316989463301983,1.0773771651968265,1.104537844657898,407826,0.0,0.0
1980-03-20 00:00:00-05:00,1.1045368246872436,1.1181174052037002,1.0728493945773527,1.0819028615951538,232764,0.0,0.0
1980-03-21 00:00:00-05:00,1.0728488041022197,1.0728488041022197,1.0185274407976617,1.0321075916290283,709050,0.0,0.0
1980-03-24 00:00:00-05:00,1.0185287978997934,1.0185287978997934,0.9234660954591589,0.9415733814239502,913452,0.0,0.0
1980-03-25 00:00:00-05:00,0.9415726934484597,0.9777868167064317,0.8691440247216551,0.9596795439720154,1231302,0.0,0.0
1980-03-26 00:00:00-05:00,0.9596790343488945,0.9913667870279044,0.891777515411377,0.891777515411377,608316,0.0,0.0
1980-03-27 00:00:00-05:00,0.8917783186608842,0.9053584826845896,0.8012423437291203,0.855563759803772,1250862,0.0,0.0
1980-03-28 00:00:00-05:00,0.8646178805058732,0.9415733814239503,0.8646178805058732,0.9415733814239502,573108,0.0,0.0
1980-03-31 00:00:00-05:00,0.9460997254604877,1.0230551134031007,0.9460997254604877,1.014001727104187,1143282,0.0,0.0
1980-04-01 00:00:00-05:00,1.018529214385295,1.068323975602166,1.018529214385295,1.023055911064148,1073844,0.0,0.0
1980-04-02 00:00:00-05:00,1.0230559038278066,1.1045381323161816,1.0140025105341377,1.0502166748046875,340344,0.0,0.0
1980-04-03 00:00:00-05:00,1.0502156440690873,1.0592694506882236,1.0230548997491564,1.0547423362731934,359904,0.0,0.0
1980-04-07 00:00:00-05:00,1.0456891992044193,1.0456891992044193,0.9868410044409434,0.9913676977157593,181908,0.0,0.0
1980-04-08 00:00:00-05:00,0.9913673622742752,1.0185281038284302,0.9823135565770869,1.0185281038284302,248412,0.0,0.0
1980-04-09 00:00:00-05:00,1.027582011800577,1.086430549621582,1.027582011800577,1.086430549621582,431298,0.0,0.0
1980-04-10 00:00:00-05:00,1.0864306302903224,1.1090646070323427,1.0864306302903224,1.0954840183258057,440100,0.0,0.0
1980-04-11 00:00:00-05:00,1.1135908968981125,1.1543318038095702,1.1135908968981125,1.1452783346176147,512472,0.0,0.0
1980-04-14 00:00:00-05:00,1.1362255811691284,1.1362255811691284,1.0954843108247383,1.1362255811691284,120294,0.0,0.0
1980-04-15 00:00:00-05:00,1.1362256417981311,1.1407524217083098,1.104537844657898,1.104537844657898,311004,0.0,0.0
1980-04-16 00:00:00-05:00,1.104537316284133,1.1271712894499348,1.050215898905296,1.0637964010238647,259170,0.0,0.0
1980-04-17 00:00:00-05:00,1.0637965691060833,1.1181180795100447,1.0456893708240234,1.0954840183258057,683622,0.0,0.0
1980-04-18 00:00:00-05:00,1.095483432929514,1.1045369005692913,1.0592693090438843,1.0592693090438843,239610,0.0,0.0
1980-04-21 00:00:00-05:00,1.0592704903096952,1.0637971869565297,1.0321093815637432,1.0502166748046875,340344,0.0,0.0
1980-04-22 00:00:00-05:00,1.1045368201122983,1.1679120178382536,1.1045368201122983,1.1498048305511475,1155996,0.0,0.0
1980-04-23 00:00:00-05:00,1.149805835732776,1.1543325309591643,1.1226450732787572,1.1362255811691284,295356,0.0,0.0
1980-04-24 00:00:00-05:00,1.1226447735277865,1.1226447735277865,1.0954840183258057,1.0954840183258057,414672,0.0,0.0
1980-04-25 00:00:00-05:00,1.104536882657393,1.1724388599395752,1.104536882657393,1.1724388599395752,540834,0.0,0.0
1980-04-28 00:00:00-04:00,1.1724388599395752,1.2086533210066217,1.1633853924466149,1.1724388599395752,380442,0.0,0.0
1980-04-29 00:00:00-04:00,1.1724393916210327,1.2041271755325598,1.149805417076904,1.1950733661651611,259170,0.0,0.0
1980-04-30 00:00:00-04:00,1.1950728242195785,1.1950728242195785,1.158858700921221,1.1724388599395752,207336,0.0,0.0
1980-05-01 00:00:00-04:00,1.1679130388495356,1.1679130388495356,1.1362255811691284,1.1362255811691284,296334,0.0,0.0
1980-05-02 00:00:00-04:00,1.1362255277366549,1.1452790022059214,1.1135915460156578,1.1226450204849243,180930,0.0,0.0
1980-05-05 00:00:00-04:00,1.1226447979548633,1.1316986083984375,1.1090646311639356,1.1316986083984375,146700,0.0,0.0
1980-05-06 00:00:00-04:00,1.1316978538725626,1.1362245449707618,1.0683226585388184,1.0683226585388184,574086,0.0,0.0
1980-05-07 00:00:00-04:00,1.0683227766836614,1.0864300497319104,1.0592693090438843,1.0592693090438843,239610,0.0,0.0
1980-05-08 00:00:00-04:00,1.0683226585388184,1.08190281627558,1.0683226585388184,1.0683226585388184,152568,0.0,0.0
1980-05-09 00:00:00-04:00,1.0683231833648958,1.0773766544510803,1.0140017657523486,1.0275819301605225,789246,0.0,0.0
1980-05-12 00:00:00-04:00,1.027580902832613,1.0321075916290283,0.9868400281279069,1.0321075916290283,692424,0.0,0.0
1980-05-13 00:00:00-04:00,1.0321084620687375,1.113590955734253,1.0321084620687375,1.113590955734253,794136,0.0,0.0
1980-05-14 00:00:00-04:00,1.1135907941299878,1.1316980686116147,1.1090641021728516,1.1090641021728516,595602,0.0,0.0
1980-05-15 00:00:00-04:00,1.1000105157195437,1.1000105157195437,1.086430352693999,1.0909570455551147,362838,0.0,0.0
1980-05-16 00:00:00-04:00,1.0909572433032113,1.0909572433032113,1.086430549621582,1.086430549621582,112470,0.0,0.0
1980-05-19 00:00:00-04:00,1.086430549621582,1.0909572433032113,1.0773767400472614,1.086430549621582,262104,0.0,0.0
1980-05-20 00:00:00-04:00,1.086430978343921,1.1135916578049925,1.086430978343921,1.104537844657898,231786,0.0,0.0
1980-05-21 00:00:00-04:00,1.1045373268142973,1.1045373268142973,1.0864304689894135,1.100010633468628,132030,0.0,0.0
1980-05-22 00:00:00-04:00,1.104536994686625,1.1769656708403824,1.104536994686625,1.1633855104446411,445968,0.0,0.0
1980-05-23 00:00:00-04:00,1.1633856102787206,1.1814928864237328,1.1498051109488674,1.1543318033218384,450858,0.0,0.0
1980-05-27 00:00:00-04:00,1.1543318995498058,1.1633857072614358,1.136224959664106,1.1588590145111084,311004,0.0,0.0
1980-05-28 00:00:00-04:00,1.1814937591552734,1.1814937591552734,1.1633864696349872,1.1814937591552734,225918,0.0,0.0
1980-05-29 00:00:00-04:00,1.1633864696349872,1.1814937591552734,1.1633864696349872,1.1814937591552734,225918,0.0,0.0
1980-05-30 00:00:00-04:00,1.1588590145111084,1.1588590145111084,1.1000104887973412,1.1588590145111084,518340,0.0,0.0
1980-06-02 00:00:00-04:00,1.1588589179057496,1.1950730479848342,1.1543318033218384,1.1543318033218384,289488,0.0,0.0
1980-06-03 00:00:00-04:00,1.1543318819610462,1.1588589968533685,1.131698249669892,1.1407517194747925,244500,0.0,0.0
1980-06-04 00:00:00-04:00,1.1407514281666116,1.1769655514649693,1.1407514281666116,1.1724388599395752,345234,0.0,0.0
1980-06-05 00:00:00-04:00,1.1724390799622333,1.176965772337117,1.1362248654256593,1.1452783346176147,171150,0.0,0.0
1980-06-06 00:00:00-04:00,1.1407519715498957,1.1407519715498957,1.086430549621582,1.086430549621582,2094876,0.0,0.0
1980-06-09 00:00:00-04:00,1.0864296120125918,1.1000097657797667,1.0411616165146602,1.0456883907318115,4273860,0.0,0.0
1980-06-10 00:00:00-04:00,1.0456892056027822,1.0637964010238647,1.036635734555549,1.0637964010238647,690468,0.0,0.0
1980-06-11 00:00:00-04:00,1.0637959275595517,1.0954833576694425,1.050215431485263,1.0819028615951538,821520,0.0,0.0
1980-06-12 00:00:00-04:00,1.0819041351616574,1.0909579506058538,1.0637971798114016,1.077377438545227,568218,0.0,0.0
1980-06-13 00:00:00-04:00,1.0547423362731934,1.081903080593124,1.0547423362731934,1.0547423362731934,253302,0.0,0.0
1980-06-16 00:00:00-04:00,1.0547420785912356,1.0773761251773808,1.0547420785912356,1.0683226585388184,154524,0.0,0.0
1980-06-17 00:00:00-04:00,1.0683227766836614,1.0728494682824634,1.0592693090438843,1.0592693090438843,119316,0.0,0.0
1980-06-18 00:00:00-04:00,1.059270095573731,1.0683235699358995,1.0366361141204834,1.0366361141204834,575064,0.0,0.0
1980-06-19 00:00:00-04:00,1.0366346977396093,1.0366346977396093,0.9551522731781005,0.9551522731781006,996582,0.0,0.0
1980-06-20 00:00:00-04:00,0.9551524160595222,0.968732906626736,0.9279916882514954,0.9279916882514954,1011252,0.0,0.0
1980-06-23 00:00:00-04:00,0.9279927902870061,0.9596802451775726,0.9279927902870061,0.9415733814239502,3160896,0.0,0.0
1980-06-24 00:00:00-04:00,0.9415733066349337,0.9461000011032262,0.9279927165766936,0.9325194954872131,352080,0.0,0.0
1980-06-25 00:00:00-04:00,0.932519569557087,0.9506267710796444,0.932519569557087,0.9415733814239502,243522,0.0,0.0
1980-06-26 00:00:00-04:00,0.9596798640978931,0.9596798640978931,0.9234657287597656,0.9234657287597656,323718,0.0,0.0
1980-06-27 00:00:00-04:00,0.9189380809215183,0.9189380809215183,0.8827236421148394,0.8963041305541992,763818,0.0,0.0
1980-06-30 00:00:00-04:00,0.896305030238039,0.9098851945402752,0.8600905550803669,0.8646175861358643,409782,0.0,0.0
1980-07-01 00:00:00-04:00,0.8736714521327346,0.9053589105606078,0.8736714521327346,0.9053589105606079,63570,0.0,0.0
1980-07-02 00:00:00-04:00,0.90535848741439,0.9596799037728292,0.8963050165372212,0.9506264328956604,1132524,0.0,0.0
1980-07-03 00:00:00-04:00,0.9506261762200479,1.0140014685549095,0.9460994842248033,1.0049476623535156,1086558,0.0,0.0
1980-07-07 00:00:00-04:00,1.0049479441266527,1.041162419106624,0.9958944731555179,1.000421166419983,1010274,0.0,0.0
1980-07-08 00:00:00-04:00,1.0004209687021965,1.0004209687021965,0.9687335310180425,0.9823136925697327,1290960,0.0,0.0
1980-07-09 00:00:00-04:00,0.9823138889551031,1.032108612726742,0.9823138889551031,0.9913676977157593,1936440,0.0,0.0
1980-07-10 00:00:00-04:00,0.9913678799824328,0.9958946585317187,0.9777873754501343,0.9777873754501343,2222016,0.0,0.0
1980-07-11 00:00:00-04:00,0.9868407254881756,1.0049476623535156,0.9868407254881756,1.0049476623535156,529098,0.0,0.0
1980-07-14 00:00:00-04:00,1.004947918594261,1.014001727104187,0.9868409771120288,1.014001727104187,382398,0.0,0.0
1980-07-15 00:00:00-04:00,1.014002517706442,1.0321093888641224,1.0094753988162475,1.023055911064148,876288,0.0,0.0
1980-07-16 00:00:00-04:00,1.027581124239829,1.0864296112311662,1.027581124239829,1.0728490352630615,2465538,0.0,0.0
1980-07-17 00:00:00-04:00,1.0773767400472614,1.0954839369848408,1.0773767400472614,1.086430549621582,874332,0.0,0.0
1980-07-18 00:00:00-04:00,1.1000104556811412,1.113590955734253,1.1000104556811412,1.113590955734253,1257708,0.0,0.0
1980-07-21 00:00:00-04:00,1.1316986940761016,1.1679128408432007,1.1316986940761016,1.1679128408432007,1107096,0.0,0.0
1980-07-22 00:00:00-04:00,1.167912407097037,1.2086536554034857,1.1226444660127992,1.1271711587905884,2104656,0.0,0.0
1980-07-23 00:00:00-04:00,1.1271711587905884,1.1498052137749029,1.1090643032372365,1.1271711587905884,590712,0.0,0.0
1980-07-24 00:00:00-04:00,1.1271713001958814,1.1271713001958814,1.0864304689894135,1.100010633468628,309048,0.0,0.0
1980-07-25 00:00:00-04:00,1.1000111491899651,1.1135916578049925,1.0954843692797867,1.104537844657898,215160,0.0,0.0
1980-07-28 00:00:00-04:00,1.104537844657898,1.118118437715171,1.0954843692797867,1.104537844657898,182886,0.0,0.0
1980-07-29 00:00:00-04:00,1.104537844657898,1.122645133183104,1.0637969099085365,1.104537844657898,319806,0.0,0.0
1980-07-30 00:00:00-04:00,1.104537408790312,1.1181179964884744,1.086430549621582,1.086430549621582,306114,0.0,0.0
1980-07-31 00:00:00-04:00,1.086430549621582,1.0909572433032113,1.0592697964363191,1.086430549621582,413694,0.0,0.0
1980-08-01 00:00:00-04:00,1.086430549621582,1.1181179964884744,1.0773767400472614,1.086430549621582,196578,0.0,0.0
1980-08-04 00:00:00-04:00,1.0864299750938093,1.0864299750938093,1.0683227032895362,1.0819028615951538,127140,0.0,0.0
1980-08-05 00:00:00-04:00,1.0864302933967995,1.1271711180185946,1.0864302933967995,1.113590955734253,647436,0.0,0.0
1980-08-06 00:00:00-04:00,1.113591083702083,1.186019778251648,1.1090643905678503,1.186019778251648,808806,0.0,0.0
1980-08-07 00:00:00-04:00,1.1860193567266184,1.213180096974188,1.1633853924466149,1.1724388599395752,1456242,0.0,0.0
1980-08-08 00:00:00-04:00,1.1724390799622333,1.1814928869229409,1.140751642242731,1.1452783346176147,416628,0.0,0.0
1980-08-11 00:00:00-04:00,1.1452781196920057,1.1724388599395752,1.1362246521990453,1.1724388599395752,225918,0.0,0.0
1980-08-12 00:00:00-04:00,1.1724391593396224,1.1769658520209758,1.1407517194747925,1.1407517194747925,482154,0.0,0.0
1980-08-13 00:00:00-04:00,1.1407516417607373,1.186019578796704,1.131698172572607,1.1543318033218384,566262,0.0,0.0
1980-08-14 00:00:00-04:00,1.1588595895206226,1.2312883138656616,1.1588595895206226,1.2312883138656616,796092,0.0,0.0
1980-08-15 00:00:00-04:00,1.2312885032702148,1.2539224883873814,1.2131812138457816,1.2493953704833984,842058,0.0,0.0
1980-08-18 00:00:00-04:00,1.217706788499582,1.217706788499582,1.158858700921221,1.1724388599395752,681666,0.0,0.0
1980-08-19 00:00:00-04:00,1.1724391772042855,1.1769658699546128,1.1452784296069558,1.1588590145111084,646458,0.0,0.0
1980-08-20 00:00:00-04:00,1.1543315218202148,1.1543315218202148,1.1226440918415719,1.1498048305511475,546702,0.0,0.0
1980-08-21 00:00:00-04:00,1.1769668295337392,1.2267615881334613,1.1769668295337392,1.2177081108093262,811740,0.0,0.0
1980-08-22 00:00:00-04:00,1.2177077137944219,1.2539222868218678,1.208654239422033,1.2131810188293457,973110,0.0,0.0
1980-08-25 00:00:00-04:00,1.2177075893794749,1.2358148740431503,1.2177075893794749,1.2222343683242798,552570,0.0,0.0
1980-08-26 00:00:00-04:00,1.2222346896734984,1.2810831691972815,1.2131812138457816,1.2493953704833984,755016,0.0,0.0
1980-08-27 00:00:00-04:00,1.2493950419931097,1.2493950419931097,1.2086541159320925,1.2222343683242798,907584,0.0,0.0
1980-08-28 00:00:00-04:00,1.222234498955134,1.2267611939415186,1.1724397563558253,1.204127550125122,571152,0.0,0.0
1980-08-29 00:00:00-04:00,1.2041277443922558,1.2041277443922558,1.1769666412273254,1.1814937591552734,652326,0.0,0.0
1980-09-02 00:00:00-04:00,1.186020263526163,1.213181024540128,1.186020263526163,1.204127550125122,291444,0.0,0.0
1980-09-03 00:00:00-04:00,1.2041279370442557,1.2177081108093262,1.1996008183920006,1.2177081108093262,142788,0.0,0.0
1980-09-04 00:00:00-04:00,1.2177072610900017,1.2493947051608163,1.1995999813079834,1.1995999813079834,787290,0.0,0.0
1980-09-05 00:00:00-04:00,1.1995995157449726,1.2086533210066217,1.167912083972009,1.1724388599395752,176040,0.0,0.0
1980-09-08 00:00:00-04:00,1.1633860583076314,1.1633860583076314,1.1316986083984375,1.1316986083984375,554526,0.0,0.0
1980-09-09 00:00:00-04:00,1.1316986940761016,1.1724396197443663,1.1226448829470894,1.1679128408432007,441078,0.0,0.0
1980-09-10 00:00:00-04:00,1.1679131653516832,1.1860204548719695,1.1633864696349872,1.1814937591552734,325674,0.0,0.0
1980-09-11 00:00:00-04:00,1.18149312373699,1.2086537900834025,1.1724393149615708,1.1995999813079834,207336,0.0,0.0
1980-09-12 00:00:00-04:00,1.1996000597433343,1.2131806471311164,1.1950733661651611,1.1950733661651611,202446,0.0,0.0
1980-09-15 00:00:00-04:00,1.1950737323156226,1.2131810188293457,1.186020257943234,1.2131810188293457,257214,0.0,0.0
1980-09-16 00:00:00-04:00,1.2131808948768976,1.2448683474905324,1.2041274214295152,1.2222343683242798,371640,0.0,0.0
1980-09-17 00:00:00-04:00,1.2312875819558933,1.2765551805496216,1.2312875819558933,1.2765551805496216,828366,0.0,0.0
1980-09-18 00:00:00-04:00,1.276556594787811,1.299190588044206,1.2358156433646847,1.253922939300537,681666,0.0,0.0
1980-09-19 00:00:00-04:00,1.2539222970036787,1.2856097531121677,1.240341705344758,1.272029161453247,489000,0.0,0.0
1980-09-22 00:00:00-04:00,1.2720287537748465,1.321823480585146,1.2358146142709625,1.3127700090408325,1086558,0.0,0.0
1980-09-23 00:00:00-04:00,1.312770253735523,1.3535115165955038,1.308243559340715,1.3399310111999512,925188,0.0,0.0
1980-09-24 00:00:00-04:00,1.3354047536849976,1.3354047536849976,1.3218241594043054,1.3354047536849976,393156,0.0,0.0
1980-09-25 00:00:00-04:00,1.3354044958814104,1.3354044958814104,1.2675024664514143,1.272029161453247,227874,0.0,0.0
1980-09-26 00:00:00-04:00,1.26297576993618,1.26297576993618,1.2177077222230142,1.2312883138656616,333498,0.0,0.0
1980-09-29 00:00:00-04:00,1.213181024540128,1.213181024540128,1.186020263526163,1.204127550125122,329586,0.0,0.0
1980-09-30 00:00:00-04:00,1.2177077222230142,1.23581500886207,1.2177077222230142,1.2312883138656616,489978,0.0,0.0
1980-10-01 00:00:00-04:00,1.2312880998879567,1.240341488307443,1.2131808163956501,1.226760983467102,713940,0.0,0.0
1980-10-02 00:00:00-04:00,1.2267611966580683,1.2584489904975347,1.2267611966580683,1.2312883138656616,240588,0.0,0.0
1980-10-03 00:00:00-04:00,1.2312876006414442,1.2946624760725396,1.2131803244910409,1.2856090068817139,1208808,0.0,0.0
1980-10-06 00:00:00-04:00,1.2856091064323825,1.330877046987133,1.2810823292653464,1.321823239326477,774576,0.0,0.0
1980-10-07 00:00:00-04:00,1.3218236395795735,1.3308774499817568,1.285609495719702,1.303716778755188,632766,0.0,0.0
1980-10-08 00:00:00-04:00,1.3037172940597044,1.326351280136993,1.2946634800789298,1.308243989944458,463572,0.0,0.0
1980-10-09 00:00:00-04:00,1.308243749191301,1.3218239187886869,1.2810829877853394,1.2810829877853394,391200,0.0,0.0
1980-10-10 00:00:00-04:00,1.2810822706728002,1.2810822706728002,1.2222338324240887,1.2448678016662598,669930,0.0,0.0
1980-10-13 00:00:00-04:00,1.2493951797906606,1.272029161453247,1.2493951797906606,1.272029161453247,89976,0.0,0.0
1980-10-14 00:00:00-04:00,1.2720285250034684,1.294662579783515,1.2403410847495486,1.2584483623504639,1178490,0.0,0.0
1980-10-15 00:00:00-04:00,1.2584483014306294,1.2584483014306294,1.2403410247062636,1.2448678016662598,365772,0.0,0.0
1980-10-16 00:00:00-04:00,1.2448686813805228,1.2584491907418627,1.1679131653516832,1.1814937591552734,512472,0.0,0.0
1980-10-17 00:00:00-04:00,1.181492966913298,1.1905464367181986,1.131698249669892,1.1407517194747925,789246,0.0,0.0
1980-10-20 00:00:00-04:00,1.1407515369680676,1.1407515369680676,1.050215586770835,1.1090641021728516,2285586,0.0,0.0
1980-10-21 00:00:00-04:00,1.109064323652761,1.122644486678306,1.0592696044319234,1.0909570455551147,1120788,0.0,0.0
1980-10-22 00:00:00-04:00,1.090957324308064,1.1135913010500844,1.0819035140614872,1.0954840183258057,950616,0.0,0.0
1980-10-23 00:00:00-04:00,1.0954838556807525,1.100010633468628,1.0728498822991683,1.100010633468628,387288,0.0,0.0
1980-10-24 00:00:00-04:00,1.1000100873213619,1.1000100873213619,1.0683226585388184,1.0683226585388184,350124,0.0,0.0
1980-10-27 00:00:00-05:00,1.0683226585388184,1.0773761251773808,1.059269191900256,1.0683226585388184,306114,0.0,0.0
1980-10-28 00:00:00-05:00,1.0683226585388184,1.0728493496370175,1.0547420785912356,1.0683226585388184,965286,0.0,0.0
1980-10-29 00:00:00-05:00,1.0683231426463011,1.0683231426463011,1.014001727104187,1.014001727104187,3072876,0.0,0.0
1980-10-30 00:00:00-05:00,1.0140014685549095,1.027581628982824,0.9958941939208455,1.0049476623535156,485088,0.0,0.0
1980-10-31 00:00:00-05:00,1.0049477087218077,1.0547423362731934,0.9958942398714106,1.0547423362731934,811740,0.0,0.0
1980-11-03 00:00:00-05:00,1.095484125097868,1.1679128408432007,1.095484125097868,1.1679128408432007,1161864,0.0,0.0
1980-11-05 00:00:00-05:00,1.167913278124883,1.267502789007025,1.1362258139525305,1.2403420209884644,3656742,0.0,0.0
1980-11-06 00:00:00-05:00,1.240341695273221,1.2493951696456096,1.2041275444569568,1.2131810188293457,1822992,0.0,0.0
1980-11-07 00:00:00-05:00,1.2131806471311164,1.2131806471311164,1.1860198945666045,1.1950733661651611,1169688,0.0,0.0
1980-11-10 00:00:00-05:00,1.1950728242195785,1.2086533210066217,1.1724388599395752,1.1724388599395752,335454,0.0,0.0
1980-11-11 00:00:00-05:00,1.195073610213222,1.2403415685457275,1.195073610213222,1.2222343683242798,806850,0.0,0.0
1980-11-12 00:00:00-05:00,1.2312876006414442,1.2901356992560327,1.2312876006414442,1.2856090068817139,757950,0.0,0.0
1980-11-13 00:00:00-05:00,1.2856097672792932,1.317297223736971,1.2584490058733317,1.2810829877853394,984846,0.0,0.0
1980-11-14 00:00:00-05:00,1.281082973668098,1.2991899225599033,1.2584489920055115,1.272029161453247,869442,0.0,0.0
1980-11-17 00:00:00-05:00,1.231288179540573,1.231288179540573,1.195073610213222,1.2222343683242798,678732,0.0,0.0
1980-11-18 00:00:00-05:00,1.2222340388144037,1.23581454087202,1.1995999813079834,1.1995999813079834,472374,0.0,0.0
1980-11-19 00:00:00-05:00,1.1996006264643078,1.2041277443922558,1.1769666412273254,1.1814937591552734,389244,0.0,0.0
1980-11-20 00:00:00-05:00,1.1814929920835777,1.1814929920835777,1.1000104954706804,1.1271711587905884,551592,0.0,0.0
1980-11-21 00:00:00-05:00,1.1271711519524759,1.167912400011763,1.1090642965089714,1.1588590145111084,1257708,0.0,0.0
1980-11-24 00:00:00-05:00,1.158858954984144,1.253921608912824,1.131698208781977,1.2448678016662598,824454,0.0,0.0
1980-11-25 00:00:00-05:00,1.244868674790665,1.272029355600565,1.2358151989629482,1.2493953704833984,637656,0.0,0.0
1980-11-26 00:00:00-05:00,1.2493947051608163,1.2629752916606376,1.1995999813079834,1.1995999813079834,222984,0.0,0.0
1980-11-28 00:00:00-05:00,1.1996003047157993,1.2403415685457275,1.1905469157106447,1.2222343683242798,155502,0.0,0.0
1980-12-01 00:00:00-05:00,1.213181220267898,1.213181220267898,1.1724399455106296,1.1814937591552734,234720,0.0,0.0
1980-12-02 00:00:00-05:00,1.1814930851174152,1.186019778251648,1.1271712475469833,1.186019778251648,816630,0.0,0.0
1980-12-03 00:00:00-05:00,1.1860197351916753,1.1905465126037598,1.176965927040909,1.1905465126037598,603426,0.0,0.0
1980-12-04 00:00:00-05:00,1.1905461326941846,1.2086533210066217,1.167912083972009,1.1724388599395752,405870,0.0,0.0
1980-12-05 00:00:00-05:00,1.1724398185181653,1.1724398185181653,1.1226450732787572,1.1362255811691284,465528,0.0,0.0
1980-12-08 00:00:00-05:00,1.1135913010500844,1.1135913010500844,1.090957324308064,1.0954840183258057,215160,0.0,0.0
1980-12-09 00:00:00-05:00,1.0954840183258057,1.1181180795100447,1.090957324308064,1.0954840183258057,520296,0.0,0.0
1980-12-10 00:00:00-05:00,1.095482990774678,1.1135902565145384,1.0728490352630615,1.0728490352630615,449880,0.0,0.0
1980-12-11 00:00:00-05:00,1.0683228107514104,1.0683228107514104,0.9823135565770869,1.0185281038284302,1285092,0.0,0.0
1980-12-12 00:00:00-05:00,1.027581538988362,1.0683227766836614,1.027581538988362,1.0592693090438843,612228,0.0,0.0
1980-12-15 00:00:00-05:00,1.0592693090438843,1.0909567413307122,1.0547421952342144,1.0592693090438843,157458,0.0,0.0
1980-12-16 00:00:00-05:00,1.0502158421937842,1.0502158421937842,1.0185283996918666,1.041162371635437,348168,0.0,0.0
1980-12-17 00:00:00-05:00,1.0411620359956355,1.0683227766836614,1.0411620359956355,1.0592693090438843,264060,0.0,0.0
1980-12-18 00:00:00-05:00,1.0592697077213509,1.1000106229816191,1.0547425922078102,1.0637964010238647,849882,0.0,0.0
1980-12-19 00:00:00-05:00,1.0637967905336971,1.0728502648958655,1.0275823019893702,1.0366361141204834,277752,0.0,0.0
1980-12-22 00:00:00-05:00,1.0366361141204834,1.0366361141204834,1.0140021326672357,1.0366361141204834,1539372,0.0,0.0
1980-12-23 00:00:00-05:00,1.054743364367205,1.0909579506058538,1.054743364367205,1.077377438545227,1361376,0.0,0.0
1980-12-24 00:00:00-05:00,1.0954836949127398,1.149805189279693,1.0954836949127398,1.1407517194747925,755016,0.0,0.0
1980-12-26 00:00:00-05:00,1.140751238592928,1.176965355873108,1.1316977726045017,1.176965355873108,628854,0.0,0.0
1980-12-29 00:00:00-05:00,1.1769657718398219,1.1995997403578051,1.1407516417607373,1.1543318033218384,554526,0.0,0.0
1980-12-30 00:00:00-05:00,1.158859226444303,1.1950733661651611,1.158859226444303,1.1950733661651611,669930,0.0,0.0
1980-12-31 00:00:00-05:00,1.1996004272806988,1.2222344932017344,1.1996004272806988,1.2131810188293457,1069932,0.0,0.0
1981-01-02 00:00:00-05:00,1.2177075893794749,1.2358148740431503,1.2177075893794749,1.2222343683242798,546702,0.0,0.0
1981-01-05 00:00:00-05:00,1.2222345016616596,1.2493951782935326,1.1950737405875498,1.2312883138656616,1188270,0.0,0.0
1981-01-06 00:00:00-05:00,1.231287847589823,1.2403412341542173,1.1724393149615708,1.1995999813079834,370662,0.0,0.0
1981-01-07 00:00:00-05:00,1.1452790560641464,1.1452790560641464,1.0954843108247383,1.1362255811691284,1102206,0.0,0.0
1981-01-08 00:00:00-05:00,1.1362249254576566,1.1543318647982406,1.113590955734253,1.113590955734253,408804,0.0,0.0
1981-01-09 00:00:00-05:00,1.1135913252801712,1.1316986083984375,1.1135913252801712,1.1316986083984375,364794,0.0,0.0
1981-01-12 00:00:00-05:00,1.1316982737793553,1.1498052137749029,1.1226444660127992,1.1271711587905884,404892,0.0,0.0
1981-01-13 00:00:00-05:00,1.122644425404545,1.122644425404545,1.1090642631202032,1.113590955734253,125184,0.0,0.0
1981-01-14 00:00:00-05:00,1.1135907941299878,1.127170954443577,1.1090641021728516,1.1090641021728516,130074,0.0,0.0
1981-01-15 00:00:00-05:00,1.1181181038386276,1.1316986083984375,1.1181181038386276,1.1316986083984375,190710,0.0,0.0
1981-01-16 00:00:00-05:00,1.1316988859427402,1.1362255811691284,1.1271717685051454,1.1362255811691284,276774,0.0,0.0
1981-01-19 00:00:00-05:00,1.1362246521990453,1.1724388599395752,1.1362246521990453,1.1724388599395752,502692,0.0,0.0
1981-01-20 00:00:00-05:00,1.1679129839269184,1.1679129839269184,1.1226450204849243,1.1226450204849243,462594,0.0,0.0
1981-01-21 00:00:00-05:00,1.1226444660127992,1.1362249665571444,1.0954837182506958,1.1271711587905884,330564,0.0,0.0
1981-01-22 00:00:00-05:00,1.1271714920710991,1.1407520810731295,1.095484042161905,1.1316986083984375,260148,0.0,0.0
1981-01-23 00:00:00-05:00,1.1316986083984375,1.1452787751893654,1.1226447979548633,1.1316986083984375,269928,0.0,0.0
1981-01-26 00:00:00-05:00,1.1226446901701037,1.1226446901701037,1.0773767400472614,1.086430549621582,415650,0.0,0.0
1981-01-27 00:00:00-05:00,1.0864304689894135,1.1181179135045425,1.0864304689894135,1.100010633468628,858684,0.0,0.0
1981-01-28 00:00:00-05:00,1.1000100873213619,1.1000100873213619,1.059269191900256,1.0683226585388184,313938,0.0,0.0
1981-01-29 00:00:00-05:00,1.0683227032895362,1.0864299750938093,1.0683227032895362,1.0819028615951538,382398,0.0,0.0
1981-01-30 00:00:00-05:00,1.08190281627558,1.0909566206827994,1.0683226585388184,1.0683226585388184,433254,0.0,0.0
1981-02-02 00:00:00-05:00,1.0683221153058047,1.0683221153058047,1.0140007520012466,1.0321075916290283,366750,0.0,0.0
1981-02-03 00:00:00-05:00,1.0321081164472543,1.0683226585388184,1.0321081164472543,1.0683226585388184,692424,0.0,0.0
1981-02-04 00:00:00-05:00,1.0637971869565297,1.0637971869565297,1.045689978157853,1.0502166748046875,299268,0.0,0.0
1981-02-05 00:00:00-05:00,1.0637971798114016,1.0909579506058538,1.0637971798114016,1.077377438545227,611250,0.0,0.0
1981-02-06 00:00:00-05:00,1.0819035140614872,1.1090646070323427,1.0819035140614872,1.0954840183258057,911496,0.0,0.0
1981-02-09 00:00:00-05:00,1.095483432929514,1.1000102089704893,1.0456888120366108,1.0592693090438843,274818,0.0,0.0
1981-02-10 00:00:00-05:00,1.0592693090438843,1.0728494682824634,1.0592693090438843,1.0592693090438843,332520,0.0,0.0
1981-02-11 00:00:00-05:00,1.0592696505209345,1.0683231210792814,1.041162371635437,1.041162371635437,837168,0.0,0.0
1981-02-12 00:00:00-05:00,1.04116320443317,1.0456899855542912,1.023055911064148,1.023055911064148,105624,0.0,0.0
1981-02-13 00:00:00-05:00,1.023055911064148,1.0592704978021918,1.023055911064148,1.023055911064148,632766,0.0,0.0
1981-02-17 00:00:00-05:00,1.0230551523963274,1.0411624323375193,1.0230551523963274,1.0275819301605225,439122,0.0,0.0
1981-02-18 00:00:00-05:00,1.0275814441991808,1.0275814441991808,0.9958940148353577,0.9958940148353577,619074,0.0,0.0
1981-02-19 00:00:00-05:00,0.995894089440848,1.0094742484440578,0.9415726934484597,0.9596795439720154,557460,0.0,0.0
1981-02-20 00:00:00-05:00,0.9596801114580102,0.9732607007026671,0.9506266386215717,0.9732607007026672,251346,0.0,0.0
1981-02-23 00:00:00-05:00,0.9732604457809836,0.9823138318038878,0.9506263896283236,0.9687336683273315,392178,0.0,0.0
1981-02-24 00:00:00-05:00,0.9687340459838967,0.973260825202293,0.9596802342204055,0.9642073512077332,270906,0.0,0.0
1981-02-25 00:00:00-05:00,0.9642072278662287,0.986841205505102,0.955153417260902,0.9732607007026672,252324,0.0,0.0
1981-02-26 00:00:00-05:00,0.9732603078300645,0.9868408071505065,0.9596797240674345,0.9823136925697327,266016,0.0,0.0
1981-02-27 00:00:00-05:00,0.9823136112820262,1.0049476623535156,0.9732602272915372,1.0049476623535156,351102,0.0,0.0
1981-03-02 00:00:00-05:00,1.004947918594261,1.018528420253644,1.0004211410026016,1.014001727104187,175062,0.0,0.0
1981-03-03 00:00:00-05:00,1.014001941613303,1.014001941613303,0.9777873754501343,0.9777873754501343,733500,0.0,0.0
1981-03-04 00:00:00-05:00,0.9777873754501343,0.9868411858753672,0.9687339027937828,0.9777873754501343,160392,0.0,0.0
1981-03-05 00:00:00-05:00,0.9777873948997754,1.0004213725386488,0.9732607007026671,0.9732607007026672,312960,0.0,0.0
1981-03-06 00:00:00-05:00,0.9732605206778542,0.9868410229682922,0.9732605206778542,0.9868410229682922,107580,0.0,0.0
1981-03-09 00:00:00-05:00,0.9868400281279069,1.0321075916290283,0.9868400281279069,1.0321075916290283,440100,0.0,0.0
1981-03-10 00:00:00-05:00,1.0230548525453984,1.0230548525453984,0.9958941939208455,1.0049476623535156,854772,0.0,0.0
1981-03-11 00:00:00-05:00,0.9958946585317187,0.9958946585317187,0.9642072086867172,0.9777873754501343,324696,0.0,0.0
1981-03-12 00:00:00-05:00,0.9732595349309608,0.9732595349309608,0.9506254999609459,0.9551522731781006,631788,0.0,0.0
1981-03-13 00:00:00-05:00,0.9551535503497254,0.9551535503497254,0.9234660954591589,0.9415733814239502,1574580,0.0,0.0
1981-03-16 00:00:00-05:00,0.9415730464606954,0.9551532105553467,0.9415730464606954,0.9506264328956604,417606,0.0,0.0
1981-03-17 00:00:00-05:00,0.9506254999609459,0.9596789619531343,0.9460988111859121,0.9551522731781006,576042,0.0,0.0
1981-03-18 00:00:00-05:00,0.9551524160595222,0.9596791055117042,0.9234649987993133,0.9279916882514954,538878,0.0,0.0
1981-03-19 00:00:00-05:00,0.9279921122343894,0.9642066577032219,0.9279921122343894,0.9596795439720154,2016636,0.0,0.0
1981-03-20 00:00:00-05:00,0.9687336978609866,1.0321085841442168,0.9687336978609866,1.014001727104187,1908078,0.0,0.0
1981-03-23 00:00:00-05:00,1.0230547629473867,1.0683227766836614,1.0230547629473867,1.0592693090438843,930078,0.0,0.0
1981-03-24 00:00:00-05:00,1.0275815717569134,1.0275815717569134,1.0049476063880882,1.0185281038284302,976044,0.0,0.0
1981-03-25 00:00:00-05:00,1.0185292071809722,1.0502166748046875,1.0140025105341377,1.0502166748046875,487044,0.0,0.0
1981-03-26 00:00:00-05:00,1.0502166748046875,1.0637971869565297,1.0366365004219165,1.0502166748046875,632766,0.0,0.0
1981-03-27 00:00:00-05:00,1.0456888453825852,1.0456888453825852,1.009474298131242,1.0185281038284302,327630,0.0,0.0
1981-03-30 00:00:00-05:00,1.018528446131071,1.0275819171022058,1.000421166419983,1.000421166419983,198534,0.0,0.0
1981-03-31 00:00:00-05:00,1.0004211641734027,1.0275819147946321,0.9958944709191028,1.0094746351242065,1229346,0.0,0.0
1981-04-01 00:00:00-05:00,1.0094746117437179,1.018528420253644,1.004947918594261,1.014001727104187,237654,0.0,0.0
1981-04-02 00:00:00-05:00,1.014001727104187,1.0230551134031007,1.004947918594261,1.014001727104187,321762,0.0,0.0
1981-04-03 00:00:00-05:00,1.0140014685549095,1.0230548525453984,1.0049476623535156,1.0049476623535156,492912,0.0,0.0
1981-04-06 00:00:00-05:00,1.0049477455142186,1.0140015524648265,0.9777870001998985,0.9823136925697327,452814,0.0,0.0
1981-04-07 00:00:00-05:00,0.9823140695571998,0.9913678799824328,0.9596800923685498,0.9777873754501343,446946,0.0,0.0
1981-04-08 00:00:00-05:00,0.9777872140376561,0.9868410229682922,0.9732605206778542,0.9868410229682922,334476,0.0,0.0
1981-04-09 00:00:00-05:00,0.9868409771120288,1.014001727104187,0.9823138617515595,1.014001727104187,433254,0.0,0.0
1981-04-10 00:00:00-05:00,1.0140017505895285,1.0275819147946321,1.0049479418699068,1.0094746351242065,251346,0.0,0.0
1981-04-13 00:00:00-05:00,1.00947435434876,1.0140014685549095,0.9958941939208455,1.0049476623535156,229830,0.0,0.0
1981-04-14 00:00:00-05:00,1.0049474816399984,1.009474172821236,0.9913672392119544,0.9958940148353577,170172,0.0,0.0
1981-04-15 00:00:00-05:00,1.004947463205074,1.0728493496370175,1.004947463205074,1.0683226585388184,854772,0.0,0.0
1981-04-16 00:00:00-05:00,1.0683230745963526,1.0954837384162306,1.0683230745963526,1.0909570455551147,720786,0.0,0.0
1981-04-20 00:00:00-05:00,1.0909570022313864,1.1407517194747925,1.0728497248528102,1.1407517194747925,1016142,0.0,0.0
1981-04-21 00:00:00-05:00,1.1407520810731295,1.1543322478640574,1.1135913252801712,1.1316986083984375,1677270,0.0,0.0
1981-04-22 00:00:00-05:00,1.1316988859427402,1.149805835732776,1.1181183780523687,1.1362255811691284,491934,0.0,0.0
1981-04-23 00:00:00-05:00,1.1362255811691284,1.149805835732776,1.1362255811691284,1.1362255811691284,974088,0.0,0.0
1981-04-24 00:00:00-05:00,1.136224959664106,1.1588590145111084,1.1271711519524759,1.1588590145111084,948660,0.0,0.0
1981-04-27 00:00:00-04:00,1.1588599593277331,1.2177081108093262,1.1498061442345424,1.2177081108093262,1030812,0.0,0.0
1981-04-28 00:00:00-04:00,1.2177081108093262,1.2267615881334613,1.1996008183920006,1.2177081108093262,1890474,0.0,0.0
1981-04-29 00:00:00-04:00,1.2131806471311164,1.2131806471311164,1.1769660851992056,1.1950733661651611,903672,0.0,0.0
1981-04-30 00:00:00-04:00,1.1950731476090928,1.2041269553207228,1.1588590145111084,1.1588590145111084,558438,0.0,0.0
1981-05-01 00:00:00-04:00,1.1588589796232527,1.1679123648513523,1.0909569860108492,1.113590955734253,470418,0.0,0.0
1981-05-04 00:00:00-04:00,1.100010133399427,1.100010133399427,1.0728493945773527,1.0819028615951538,314916,0.0,0.0
1981-05-05 00:00:00-04:00,1.0819035140614872,1.0954840183258057,1.0683233475660436,1.0954840183258057,507582,0.0,0.0
1981-05-06 00:00:00-04:00,1.095483519648361,1.1135907941299878,1.095483519648361,1.1090641021728516,578976,0.0,0.0
1981-05-07 00:00:00-04:00,1.1090642040546237,1.1543318033218384,1.1090642040546237,1.1543318033218384,560394,0.0,0.0
1981-05-08 00:00:00-04:00,1.1543321106550772,1.2041271755325598,1.149805417076904,1.1950733661651611,599514,0.0,0.0
1981-05-11 00:00:00-04:00,1.1950739307476117,1.2312885097881843,1.1679131653516832,1.1814937591552734,1066998,0.0,0.0
1981-05-12 00:00:00-04:00,1.1814935629781578,1.2131810188293457,1.1769664458018998,1.2131810188293457,877266,0.0,0.0
1981-05-13 00:00:00-04:00,1.2131816501082895,1.276556594787811,1.2131816501082895,1.253922939300537,1757466,0.0,0.0
1981-05-14 00:00:00-04:00,1.2629756020859262,1.3670917686643793,1.2629756020859262,1.3399310111999512,3565788,0.0,0.0
1981-05-15 00:00:00-04:00,1.3851989572630727,1.421413103224526,1.3851989572630727,1.4123597145080566,5579490,0.0,0.0
1981-05-18 00:00:00-04:00,1.4123594230611947,1.4123594230611947,1.3806719779968262,1.3806719779968262,2667984,0.0,0.0
1981-05-19 00:00:00-04:00,1.3806719779968262,1.3897254492872952,1.339930723873158,1.3806719779968262,2161380,0.0,0.0
1981-05-20 00:00:00-04:00,1.4123593826356209,1.4893147730451153,1.4123593826356209,1.466680884361267,5904186,0.0,0.0
1981-05-21 00:00:00-04:00,1.4666811786444618,1.5164757437399907,1.4621543999994138,1.4802616834640503,2718840,0.0,0.0
1981-05-22 00:00:00-04:00,1.4938416443698712,1.539109593457979,1.4938416443698712,1.5210026502609253,2559426,0.0,0.0
1981-05-26 00:00:00-04:00,1.5210026502609253,1.525529428281294,1.4712075853836069,1.5210026502609253,1665534,0.0,0.0
1981-05-27 00:00:00-04:00,1.5210028719004047,1.5255296505804126,1.4983689785003662,1.4983689785003662,1196094,0.0,0.0
1981-05-28 00:00:00-04:00,1.4983689785003662,1.5028955882959283,1.466681189971421,1.4983689785003662,932034,0.0,0.0
1981-05-29 00:00:00-04:00,1.4621543136993098,1.4621543136993098,1.3942523002624512,1.3942523002624512,2268960,0.0,0.0
1981-06-01 00:00:00-04:00,1.3942523866834597,1.4485742372382273,1.3851989138087766,1.4168864488601685,2208324,0.0,0.0
1981-06-02 00:00:00-04:00,1.416887045089871,1.416887045089871,1.3489849988708347,1.3716189861297607,1492428,0.0,0.0
1981-06-03 00:00:00-04:00,1.3716173831803264,1.3942513439879294,1.367090692349397,1.3851978778839111,1102206,0.0,0.0
1981-06-04 00:00:00-04:00,1.3897260473716773,1.4214134216308594,1.3897260473716773,1.4214134216308594,1625436,0.0,0.0
1981-06-05 00:00:00-04:00,1.4531008047447538,1.4893150329589842,1.4531008047447538,1.4893150329589844,1947198,0.0,0.0
1981-06-08 00:00:00-04:00,1.498368760159082,1.525529428281294,1.498368760159082,1.5210026502609253,943770,0.0,0.0
1981-06-09 00:00:00-04:00,1.5210019486311122,1.5345821075433448,1.5119482278823853,1.5119482278823853,873354,0.0,0.0
1981-06-10 00:00:00-04:00,1.511948354806651,1.5255288526276185,1.511948354806651,1.516474962234497,359904,0.0,0.0
1981-06-11 00:00:00-04:00,1.5164761736428318,1.584378210336856,1.5164761736428318,1.5707980394363403,1352574,0.0,0.0
1981-06-12 00:00:00-04:00,1.575323410216122,1.607010841369629,1.575323410216122,1.607010841369629,1137414,0.0,0.0
1981-06-15 00:00:00-04:00,1.607010841369629,1.638698272523136,1.5934306826167528,1.607010841369629,891936,0.0,0.0
1981-06-16 00:00:00-04:00,1.6024848235119824,1.6024848235119824,1.5028953692950295,1.5210026502609253,1419078,0.0,0.0
1981-06-17 00:00:00-04:00,1.5210031559607515,1.5391101051779645,1.4983692583336392,1.5300567150115967,925188,0.0,0.0
1981-06-18 00:00:00-04:00,1.5300564292604202,1.5300564292604202,1.4712077997669832,1.4983689785003662,910518,0.0,0.0
1981-06-19 00:00:00-04:00,1.4983680689701526,1.5119482278823853,1.4757340204248501,1.5119482278823853,1221522,0.0,0.0
1981-06-22 00:00:00-04:00,1.5119498943470133,1.5255304059963133,1.493842601776123,1.493842601776123,752082,0.0,0.0
1981-06-23 00:00:00-04:00,1.4847886110264086,1.4847886110264086,1.4214133586621103,1.4485745429992676,603426,0.0,0.0
1981-06-24 00:00:00-04:00,1.4123594230611947,1.4123594230611947,1.3670914755133958,1.3806719779968262,4160412,0.0,0.0
1981-06-25 00:00:00-04:00,1.380671975427429,1.407832642574914,1.3716181663849785,1.3897254467010498,942792,0.0,0.0
1981-06-26 00:00:00-04:00,1.389726094641818,1.4168868588948447,1.3851993146733546,1.4033066034317017,594624,0.0,0.0
1981-06-29 00:00:00-04:00,1.4033066029289452,1.4304673671722412,1.3987799074043503,1.4304673671722412,531054,0.0,0.0
1981-06-30 00:00:00-04:00,1.4304661866743875,1.4304661866743875,1.3444569316303938,1.3535107374191284,1566756,0.0,0.0
1981-07-01 00:00:00-04:00,1.3535112263565883,1.3806719779968262,1.3218234435233893,1.3806719779968262,964308,0.0,0.0
1981-07-02 00:00:00-04:00,1.3806720396113923,1.3942522049320274,1.3580380648274177,1.3670915365219116,586800,0.0,0.0
1981-07-06 00:00:00-04:00,1.3625649898273455,1.3625649898273455,1.3399310111999512,1.3399310111999512,185820,0.0,0.0
1981-07-07 00:00:00-04:00,1.3399310510227216,1.3670918092943678,1.3399310510227216,1.344457745552063,556482,0.0,0.0
1981-07-08 00:00:00-04:00,1.3354040678915613,1.3354040678915613,1.3037166219387288,1.3127700090408325,709050,0.0,0.0
1981-07-09 00:00:00-04:00,1.3127700230267707,1.3308773040771484,1.290136048377115,1.3308773040771484,1051350,0.0,0.0
1981-07-10 00:00:00-04:00,1.3354047536849976,1.3851994216250016,1.3354047536849976,1.3354047536849976,697314,0.0,0.0
1981-07-13 00:00:00-04:00,1.3354038241541692,1.3399305168790108,1.321823239326477,1.321823239326477,221028,0.0,0.0
1981-07-14 00:00:00-04:00,1.3218231169120969,1.3218231169120969,1.267501711496188,1.2765551805496216,741324,0.0,0.0
1981-07-15 00:00:00-04:00,1.2765555920878988,1.303716683541935,1.2720288138807379,1.299189567565918,481176,0.0,0.0
1981-07-16 00:00:00-04:00,1.2991891487308593,1.2991891487308593,1.267501711496188,1.2765551805496216,430320,0.0,0.0
1981-07-17 00:00:00-04:00,1.2856096426673222,1.3037169277725054,1.2856096426673222,1.2901363372802734,254280,0.0,0.0
1981-07-20 00:00:00-04:00,1.2675026599078316,1.2675026599078316,1.2493953704833984,1.2493953704833984,305136,0.0,0.0
1981-07-21 00:00:00-04:00,1.2493953704833984,1.2584491840801149,1.2358151989629482,1.2493953704833984,98778,0.0,0.0
1981-07-22 00:00:00-04:00,1.2493958197685928,1.2810836298774748,1.2403423406852272,1.253922939300537,489978,0.0,0.0
1981-07-23 00:00:00-04:00,1.2448684832971242,1.2448684832971242,1.2177077222230142,1.2312883138656616,1613700,0.0,0.0
1981-07-24 00:00:00-04:00,1.2312886286808806,1.2448688015845146,1.226761510315796,1.2403420209884644,289488,0.0,0.0
1981-07-27 00:00:00-04:00,1.2403420209884644,1.253922616103391,1.2403420209884644,1.2403420209884644,690468,0.0,0.0
1981-07-28 00:00:00-04:00,1.2403417038584788,1.2493951782935326,1.2267611966580683,1.2312883138656616,563328,0.0,0.0
1981-07-29 00:00:00-04:00,1.231287639670653,1.2675017709084306,1.231287639670653,1.2448678016662598,1516878,0.0,0.0
1981-07-30 00:00:00-04:00,1.2493944356205737,1.2765551805496216,1.2493944356205737,1.2765551805496216,599514,0.0,0.0
1981-07-31 00:00:00-04:00,1.294662737820752,1.3761452436447144,1.294662737820752,1.3761452436447144,1566756,0.0,0.0
1981-08-03 00:00:00-04:00,1.3670909184100197,1.3670909184100197,1.3354034862586004,1.348983645439148,514428,0.0,0.0
1981-08-04 00:00:00-04:00,1.3489842553640783,1.3716182301480528,1.3489842553640783,1.3670915365219116,260148,0.0,0.0
1981-08-05 00:00:00-04:00,1.3716181281441866,1.389725407955426,1.3716181281441866,1.3761452436447144,343278,0.0,0.0
1981-08-06 00:00:00-04:00,1.3761449168606112,1.4531002044677734,1.3761449168606112,1.4531002044677734,2058690,0.0,0.0
1981-08-07 00:00:00-04:00,1.453101267006449,1.4621548269401319,1.4304673671722412,1.4304673671722412,913452,0.0,0.0
1981-08-10 00:00:00-04:00,1.4304673671722412,1.4304673671722412,1.4123600784203814,1.4304673671722412,442056,0.0,0.0
1981-08-11 00:00:00-04:00,1.4304670840349334,1.434993863105774,1.4214131881243321,1.434993863105774,329586,0.0,0.0
1981-08-12 00:00:00-04:00,1.434993863105774,1.4395204732921543,1.4304670840349334,1.434993863105774,360882,0.0,0.0
1981-08-13 00:00:00-04:00,1.4349942245499288,1.4440476160875038,1.4304674443388896,1.4395208358764648,372618,0.0,0.0
1981-08-14 00:00:00-04:00,1.4395208358764648,1.4440476160875038,1.4349942245499288,1.4395208358764648,954528,0.0,0.0
1981-08-17 00:00:00-04:00,1.4395206460024015,1.4757352206829837,1.4259404760450238,1.4485745429992676,1025922,0.0,0.0
1981-08-18 00:00:00-04:00,1.4485746564430755,1.4485746564430755,1.4033066034317017,1.4033066034317017,883134,0.0,0.0
1981-08-19 00:00:00-04:00,1.403306241349362,1.421413103224526,1.3942524304217674,1.4123597145080566,527142,0.0,0.0
1981-08-20 00:00:00-04:00,1.4123599683186854,1.4485745429992676,1.4033064935330204,1.4485745429992676,711006,0.0,0.0
1981-08-21 00:00:00-04:00,1.4485743692027555,1.4576277584599762,1.434993863105774,1.434993863105774,587778,0.0,0.0
1981-08-24 00:00:00-04:00,1.412360187975119,1.412360187975119,1.3354047536849976,1.3354047536849976,1358442,0.0,0.0
1981-08-25 00:00:00-04:00,1.3354034862586004,1.348983645439148,1.3037160541071808,1.348983645439148,1419078,0.0,0.0
1981-08-26 00:00:00-04:00,1.3489841806234588,1.3806719631151076,1.335404016055234,1.3625646829605103,1429836,0.0,0.0
1981-08-27 00:00:00-04:00,1.3625654355928616,1.3625654355928616,1.3354047536849976,1.3354047536849976,1368222,0.0,0.0
1981-08-28 00:00:00-04:00,1.335404316805143,1.3399310111999512,1.3218237269673647,1.3399310111999512,355992,0.0,0.0
1981-08-31 00:00:00-04:00,1.3399314522335068,1.3444581481182603,1.3037172940597044,1.308243989944458,319806,0.0,0.0
1981-09-01 00:00:00-04:00,1.308243989944458,1.3444581481182603,1.3037172940597044,1.308243989944458,319806,0.0,0.0
1981-09-02 00:00:00-04:00,1.303717054139585,1.303717054139585,1.2765559549646714,1.2810829877853394,533988,0.0,0.0
1981-09-03 00:00:00-04:00,1.2810822714747143,1.2946625179210125,1.2358143329620361,1.2358143329620361,815652,0.0,0.0
1981-09-04 00:00:00-04:00,1.2312883138656616,1.2312883138656616,1.1996004355839582,1.2312883138656616,708072,0.0,0.0
1981-09-08 00:00:00-04:00,1.2312883138656616,1.2312883138656616,1.1950737405875498,1.2312883138656616,286554,0.0,0.0
1981-09-09 00:00:00-04:00,1.1996004355839582,1.2493951782935326,1.1996004355839582,1.2312883138656616,675798,0.0,0.0
1981-09-10 00:00:00-04:00,1.2312883138656616,1.23581500886207,1.2267611966580683,1.2312883138656616,411738,0.0,0.0
1981-09-11 00:00:00-04:00,1.2312883138656616,1.23581500886207,1.2131810272266057,1.2312883138656616,783378,0.0,0.0
1981-09-14 00:00:00-04:00,1.2312887067857163,1.2403420996675876,1.2131814143683908,1.2177081108093262,892914,0.0,0.0
1981-09-15 00:00:00-04:00,1.2177072610900017,1.226760732096601,1.1995999813079834,1.1995999813079834,189732,0.0,0.0
1981-09-16 00:00:00-04:00,1.1996004272806988,1.2131810188293457,1.186020257943234,1.2131810188293457,485088,0.0,0.0
1981-09-17 00:00:00-04:00,1.213181220267898,1.213181220267898,1.1814937591552734,1.1814937591552734,357948,0.0,0.0
1981-09-18 00:00:00-04:00,1.1769657718398219,1.1769657718398219,1.1452783341337083,1.1543318033218384,594624,0.0,0.0
1981-09-21 00:00:00-04:00,1.154331704264697,1.1679122024291613,1.1407515438689557,1.1633855104446411,371640,0.0,0.0
1981-09-22 00:00:00-04:00,1.1633857072614358,1.1814929849159155,1.1588590145111084,1.1588590145111084,825432,0.0,0.0
1981-09-23 00:00:00-04:00,1.1588589968533685,1.1588589968533685,1.1407517194747925,1.1407517194747925,542790,0.0,0.0
1981-09-24 00:00:00-04:00,1.140751658945312,1.1498051282698258,1.1181176900863647,1.1181176900863647,684600,0.0,0.0
1981-09-25 00:00:00-04:00,1.1000097649885734,1.1000097649885734,1.0592688815056543,1.0728490352630615,727632,0.0,0.0
1981-09-28 00:00:00-04:00,1.0728500415837852,1.0954840183258057,1.0275820880997446,1.0954840183258057,1103184,0.0,0.0
1981-09-29 00:00:00-04:00,1.1000108207203614,1.1362253025146734,1.1000108207203614,1.1316986083984375,614184,0.0,0.0
1981-09-30 00:00:00-04:00,1.131698820613247,1.2267611881668106,1.127171703436989,1.2131810188293457,371640,0.0,0.0
1981-10-01 00:00:00-04:00,1.2131805678078047,1.2131805678078047,1.1543320351795525,1.1995999813079834,731544,0.0,0.0
1981-10-02 00:00:00-04:00,1.1996004355839582,1.2448684832971242,1.1860202661524957,1.2312883138656616,752082,0.0,0.0
1981-10-05 00:00:00-04:00,1.2312885032702148,1.2584491840801149,1.2312885032702148,1.2493953704833984,1241082,0.0,0.0
1981-10-06 00:00:00-04:00,1.2493945534710844,1.2856091086382906,1.2403410835636723,1.2675018310546875,720786,0.0,0.0
1981-10-07 00:00:00-04:00,1.2675026599078316,1.2675026599078316,1.2493953704833984,1.2493953704833984,497802,0.0,0.0
1981-10-08 00:00:00-04:00,1.2493945546656167,1.2675018322665317,1.2403410847495486,1.2584483623504639,213204,0.0,0.0
1981-10-09 00:00:00-04:00,1.258448981786944,1.258448981786944,1.2131810188293457,1.2131810188293457,266994,0.0,0.0
1981-10-12 00:00:00-04:00,1.213180363705697,1.240341025482675,1.2086535867428674,1.2358143329620361,270906,0.0,0.0
1981-10-13 00:00:00-04:00,1.2358153248346724,1.2493954977383064,1.226761510315796,1.2403420209884644,229830,0.0,0.0
1981-10-14 00:00:00-04:00,1.240341488307443,1.240341488307443,1.226760983467102,1.226760983467102,400002,0.0,0.0
1981-10-15 00:00:00-04:00,1.2267604860561852,1.2901356992560327,1.2222337936818664,1.2856090068817139,971154,0.0,0.0
1981-10-16 00:00:00-04:00,1.2856090068817139,1.2856090068817139,1.2720284231056294,1.2856090068817139,297312,0.0,0.0
1981-10-19 00:00:00-04:00,1.285609618921657,1.344457745552063,1.2720290286802634,1.344457745552063,852816,0.0,0.0
1981-10-20 00:00:00-04:00,1.3444569316303938,1.376144787458991,1.3399302398414694,1.3535107374191284,800004,0.0,0.0
1981-10-21 00:00:00-04:00,1.3535118987757786,1.5345835255959968,1.3308779137574078,1.4847887754440308,4070436,0.0,0.0
1981-10-22 00:00:00-04:00,1.4847881604192188,1.4847881604192188,1.4259400432972065,1.4621542692184448,2181918,0.0,0.0
1981-10-23 00:00:00-04:00,1.4576281256051233,1.4576281256051233,1.4304674443388896,1.4395208358764648,1207830,0.0,0.0
1981-10-26 00:00:00-05:00,1.439520805407289,1.4983694535587018,1.4304674140613396,1.4847887754440308,1414188,0.0,0.0
1981-10-27 00:00:00-05:00,1.484787403404891,1.525528724563304,1.484787403404891,1.5119482278823853,1992186,0.0,0.0
1981-10-28 00:00:00-05:00,1.5119490572246017,1.51647566675541,1.475734829902649,1.475734829902649,1081668,0.0,0.0
1981-10-29 00:00:00-05:00,1.4757349048190023,1.4938418505147504,1.4757349048190023,1.4802616834640503,759906,0.0,0.0
1981-10-30 00:00:00-05:00,1.4802624278958816,1.5028963325038327,1.4576283544034012,1.493842601776123,1186314,0.0,0.0
1981-11-02 00:00:00-05:00,1.4938423356744792,1.5210033541348231,1.4666816549831336,1.4847887754440308,798048,0.0,0.0
1981-11-03 00:00:00-05:00,1.4847877610374887,1.4893145380600203,1.4666806529473624,1.4712072610855103,282642,0.0,0.0
1981-11-04 00:00:00-05:00,1.4666815183716977,1.4666815183716977,1.4304672808230143,1.444047451019287,360882,0.0,0.0
1981-11-05 00:00:00-05:00,1.4440475387056246,1.4440475387056246,1.4033066034317017,1.4033066034317017,1106118,0.0,0.0
1981-11-06 00:00:00-05:00,1.3489844844317929,1.3489844844317929,1.312770253735523,1.3399310111999512,2487054,0.0,0.0
1981-11-09 00:00:00-05:00,1.3399299562687055,1.3851978778839111,1.321822686292032,1.3851978778839111,752082,0.0,0.0
1981-11-10 00:00:00-05:00,1.3806720396113923,1.3806720396113923,1.3580380648274177,1.3670915365219116,718830,0.0,0.0
1981-11-11 00:00:00-05:00,1.3580383357934567,1.3580383357934567,1.3218237662519863,1.344457745552063,414672,0.0,0.0
1981-11-12 00:00:00-05:00,1.3444568694175165,1.3625641423883883,1.3399301778380583,1.348983645439148,558438,0.0,0.0
1981-11-13 00:00:00-05:00,1.3489842473586826,1.3489842473586826,1.3172968010682597,1.3308773040771484,398046,0.0,0.0
1981-11-16 00:00:00-05:00,1.3218236395795735,1.3218236395795735,1.285609495719702,1.303716778755188,595602,0.0,0.0
1981-11-17 00:00:00-05:00,1.3172962132877284,1.348983645439148,1.3172962132877284,1.348983645439148,479220,0.0,0.0
1981-11-18 00:00:00-05:00,1.3489837078614955,1.3670909816702563,1.3354035480525448,1.3535107374191284,372618,0.0,0.0
1981-11-19 00:00:00-05:00,1.353511556821887,1.353511556821887,1.3308775775218105,1.344457745552063,111492,0.0,0.0
1981-11-20 00:00:00-05:00,1.3444574147952861,1.3987792557435006,1.3444574147952861,1.3897254467010498,395112,0.0,0.0
1981-11-23 00:00:00-05:00,1.4078329357075967,1.425940219793886,1.4078329357075967,1.4123597145080566,468462,0.0,0.0
1981-11-24 00:00:00-05:00,1.4123601546102311,1.4531013453940844,1.4123601546102311,1.4395208358764648,482154,0.0,0.0
1981-11-25 00:00:00-05:00,1.4349941476531918,1.4349941476531918,1.4033066034317017,1.4033066034317017,247434,0.0,0.0
1981-11-27 00:00:00-05:00,1.3987787961959839,1.3987787961959839,1.367091023832291,1.3987787961959839,195600,0.0,0.0
1981-11-30 00:00:00-05:00,1.3987795031108021,1.4214130586341764,1.3897256924672294,1.4168864488601685,271884,0.0,0.0
1981-12-01 00:00:00-05:00,1.4168865779379518,1.4531009793891358,1.407833019796271,1.434993863105774,605382,0.0,0.0
1981-12-02 00:00:00-05:00,1.4349934402038795,1.466680884361267,1.4214127692247498,1.466680884361267,743280,0.0,0.0
1981-12-03 00:00:00-05:00,1.4666811403250901,1.4893150329589842,1.4349936906376386,1.4893150329589844,1257708,0.0,0.0
1981-12-04 00:00:00-05:00,1.4893150718697021,1.4938418505147504,1.4712077884050656,1.4802616834640503,1163820,0.0,0.0
1981-12-07 00:00:00-05:00,1.4802616948958898,1.5028955882959283,1.4757349162158822,1.4983689785003662,1423968,0.0,0.0
1981-12-08 00:00:00-05:00,1.7382871177792611,1.783555030822754,1.7382871177792611,1.783555030822754,9838680,0.0,0.0
1981-12-09 00:00:00-05:00,1.7745026987581325,1.7745026987581325,1.720181368519233,1.7428152561187744,6111522,0.0,0.0
1981-12-10 00:00:00-05:00,1.7428151531761258,1.7473419304286515,1.7020739890190022,1.7337614297866821,2948670,0.0,0.0
1981-12-11 00:00:00-05:00,1.733762451059366,1.7609231305735171,1.6386997349908536,1.6658604145050049,3437670,0.0,0.0
1981-12-14 00:00:00-05:00,1.6658594973046377,1.6839667758956003,1.6432259479402305,1.6568061113357544,1935462,0.0,0.0
1981-12-15 00:00:00-05:00,1.6703857530373716,1.6930196285247805,1.6703857530373716,1.6930196285247803,1877760,0.0,0.0
1981-12-16 00:00:00-05:00,1.6975472700976628,1.7563953764026379,1.6975472700976628,1.7473419904708862,1924704,0.0,0.0
1981-12-17 00:00:00-05:00,1.7518676099113095,1.7880821430072475,1.7518676099113095,1.783555030822754,1531548,0.0,0.0
1981-12-18 00:00:00-05:00,1.7835554130583813,1.810716065374733,1.7790286376723228,1.8016626834869385,1669446,0.0,0.0
1981-12-21 00:00:00-05:00,1.797135819740832,1.797135819740832,1.7563945055007935,1.7563945055007935,1851354,0.0,0.0
1981-12-22 00:00:00-05:00,1.7563953188310995,1.7563953188310995,1.7111273773497546,1.7156544923782349,601470,0.0,0.0
1981-12-23 00:00:00-05:00,1.7156550053168993,1.7473424556085344,1.7066012792062748,1.7292351722717285,579954,0.0,0.0
1981-12-24 00:00:00-05:00,1.720181045732642,1.720181045732642,1.7020737701663802,1.706600546836853,340344,0.0,0.0
1981-12-28 00:00:00-05:00,1.706600649135958,1.7156543719039834,1.6703864336013796,1.6703864336013794,1026900,0.0,0.0
1981-12-29 00:00:00-05:00,1.6703864336013796,1.6749132105432019,1.6613325419489733,1.6703864336013794,306114,0.0,0.0
1981-12-30 00:00:00-05:00,1.6703875321930137,1.6794409231465721,1.652280243632421,1.6658604145050049,389244,0.0,0.0
1981-12-31 00:00:00-05:00,1.665858640171266,1.6930196285247805,1.665858640171266,1.6930196285247803,443034,0.0,0.0
1982-01-04 00:00:00-05:00,1.6884944829846225,1.6884944829846225,1.6568070235514463,1.6658604145050049,574086,0.0,0.0
1982-01-05 00:00:00-05:00,1.652280532651504,1.652280532651504,1.5707983109715815,1.6024857759475708,1056240,0.0,0.0
1982-01-06 00:00:00-05:00,1.6024840654905566,1.607010841369629,1.5707966343370494,1.607010841369629,941814,0.0,0.0
1982-01-07 00:00:00-05:00,1.607010841369629,1.6205913378911874,1.5843767930899257,1.607010841369629,1003428,0.0,0.0
1982-01-08 00:00:00-05:00,1.6070117430774153,1.6703869787134886,1.6070117430774153,1.6613330841064453,1547196,0.0,0.0
1982-01-11 00:00:00-05:00,1.6568078789468266,1.6568078789468266,1.6251204031536843,1.6296470165252686,643524,0.0,0.0
1982-01-12 00:00:00-05:00,1.6296447852860794,1.6432254512296662,1.602484128936297,1.620591402053833,1383870,0.0,0.0
1982-01-13 00:00:00-05:00,1.6205924651193702,1.6432265291425472,1.6160653483227094,1.6386994123458862,1283136,0.0,0.0
1982-01-14 00:00:00-05:00,1.6477525564824727,1.6613327198779966,1.6477525564824727,1.6568061113357544,929100,0.0,0.0
1982-01-15 00:00:00-05:00,1.6477525564824727,1.6613327198779966,1.6477525564824727,1.6568061113357544,929100,0.0,0.0
1982-01-18 00:00:00-05:00,1.6568067522077419,1.6568067522077419,1.6160654018399505,1.6522799730300903,568218,0.0,0.0
1982-01-19 00:00:00-05:00,1.6522789786791592,1.6613323627016197,1.616064429283142,1.616064429283142,711006,0.0,0.0
1982-01-20 00:00:00-05:00,1.6296455258672,1.6749136447906494,1.6296455258672,1.6749136447906494,2488032,0.0,0.0
1982-01-21 00:00:00-05:00,1.674912945757243,1.7745021916177117,1.674912945757243,1.7247074842453003,2689500,0.0,0.0
1982-01-22 00:00:00-05:00,1.7247074842453003,1.7382878129238615,1.711126986682385,1.7247074842453003,1098294,0.0,0.0
1982-01-25 00:00:00-05:00,1.7111265600303955,1.7111265600303955,1.6703857530373716,1.6930196285247803,1505142,0.0,0.0
1982-01-26 00:00:00-05:00,1.6930208708089178,1.6930208708089178,1.6613330841064453,1.6613330841064453,928122,0.0,0.0
1982-01-27 00:00:00-05:00,1.6613324649045884,1.6930202397965837,1.6568058570570685,1.6839665174484253,978000,0.0,0.0
1982-01-28 00:00:00-05:00,1.6930196532119342,1.7563945055007935,1.6930196532119342,1.7563945055007935,1966758,0.0,0.0
1982-01-29 00:00:00-05:00,1.7609209898588642,1.8107156773182778,1.7609209898588642,1.783555030822754,2656248,0.0,0.0
1982-02-01 00:00:00-05:00,1.7835571424687529,1.8333518888827545,1.7654501922515975,1.8107178211212158,2421528,0.0,0.0
1982-02-02 00:00:00-05:00,1.8378779025744494,1.8786188998273181,1.8378779025744494,1.8469314575195312,3179478,0.0,0.0
1982-02-03 00:00:00-05:00,1.8514583115347716,1.9329403094091249,1.8514583115347716,1.9012528657913208,3514932,0.0,0.0
1982-02-04 00:00:00-05:00,1.9012544436887284,1.9419958142069766,1.8967278311567035,1.9329419136047363,1686072,0.0,0.0
1982-02-05 00:00:00-05:00,1.9329410406604617,1.946521716546044,1.9057803644271827,1.9148342609405518,1729104,0.0,0.0
1982-02-08 00:00:00-05:00,1.9103051698875786,1.9103051698875786,1.842403223704311,1.8559833765029907,1054284,0.0,0.0
1982-02-09 00:00:00-05:00,1.8559855985849094,1.8650394949818676,1.8197715329573003,1.8242981433868408,1362354,0.0,0.0
1982-02-10 00:00:00-05:00,1.8378779785557127,1.905779643451007,1.8378779785557127,1.9012528657913208,2652336,0.0,0.0
1982-02-11 00:00:00-05:00,1.9012525435691254,1.9103064351228696,1.8650384973135596,1.892199158668518,808806,0.0,0.0
1982-02-12 00:00:00-05:00,1.8921983501689048,1.9284125498352254,1.8559838127339707,1.8605105876922607,1027878,0.0,0.0
1982-02-16 00:00:00-05:00,1.8605123846615943,1.87861967086792,1.8197715395718888,1.87861967086792,1154040,0.0,0.0
1982-02-17 00:00:00-05:00,1.878619744920418,1.9103075392516928,1.8695661859026118,1.8831465244293213,924210,0.0,0.0
1982-02-18 00:00:00-05:00,1.883145240590703,1.9148330133187657,1.883145240590703,1.8876721858978271,703182,0.0,0.0
1982-02-19 00:00:00-05:00,1.8876715752106148,1.8967251251271948,1.8469304317016972,1.8605105876922607,402936,0.0,0.0
1982-02-22 00:00:00-05:00,1.8605121144792087,1.8695658407098301,1.7654497623443604,1.7654497623443604,1626414,0.0,0.0
1982-02-23 00:00:00-05:00,1.7654501866650585,1.7835571368249168,1.7247088310463121,1.7518696784973145,2578986,0.0,0.0
1982-02-24 00:00:00-05:00,1.7518679387066556,1.8333500623703003,1.7518679387066556,1.8333500623703003,1465044,0.0,0.0
1982-02-25 00:00:00-05:00,1.8333497182821674,1.8333497182821674,1.7790282564068334,1.783555030822754,1030812,0.0,0.0
1982-02-26 00:00:00-05:00,1.7835557104466755,1.792609431612724,1.7699755509084802,1.774502158164978,325674,0.0,0.0
1982-03-01 00:00:00-05:00,1.774503942970888,1.7880846228216591,1.7609234320046379,1.769977331161499,539856,0.0,0.0
1982-03-02 00:00:00-05:00,1.7699765175584312,1.7745031272870788,1.72018178392999,1.7292351722717285,1350618,0.0,0.0
1982-03-03 00:00:00-05:00,1.706600546836853,1.73376120685969,1.706600546836853,1.706600546836853,584844,0.0,0.0
1982-03-04 00:00:00-05:00,1.706600649135958,1.7111272571933995,1.6658593188907957,1.6703864336013794,1155996,0.0,0.0
1982-03-05 00:00:00-05:00,1.6703868949070626,1.6703868949070626,1.5753242151068605,1.5889043807983398,1295850,0.0,0.0
1982-03-08 00:00:00-05:00,1.5889038270140214,1.6432256530380192,1.5798504426699078,1.5843770503997803,1337904,0.0,0.0
1982-03-09 00:00:00-05:00,1.5843773347407013,1.6749133899267172,1.5843773347407013,1.6568061113357544,2229840,0.0,0.0
1982-03-10 00:00:00-05:00,1.6568064745717954,1.6930208708089178,1.6477529177336236,1.6613330841064453,1275312,0.0,0.0
1982-03-11 00:00:00-05:00,1.6613330841064453,1.6839671450863103,1.6432263081989738,1.6613330841064453,552570,0.0,0.0
1982-03-12 00:00:00-05:00,1.6613330841064453,1.6703869787134886,1.6522796961527095,1.6613330841064453,553548,0.0,0.0
1982-03-15 00:00:00-05:00,1.6613327967267264,1.711127519607544,1.6568061879750957,1.711127519607544,406848,0.0,0.0
1982-03-16 00:00:00-05:00,1.7201820502327498,1.756396115859361,1.7201820502327498,1.7382889986038208,1190226,0.0,0.0
1982-03-17 00:00:00-05:00,1.7382877801538374,1.788082824356226,1.7382877801538374,1.774502158164978,952572,0.0,0.0
1982-03-18 00:00:00-05:00,1.7745034019993706,1.8016642467671504,1.7247086606621658,1.7382889986038208,1576536,0.0,0.0
1982-03-19 00:00:00-05:00,1.7382882667703379,1.7563953764026379,1.724707934546113,1.7473419904708862,466506,0.0,0.0
1982-03-22 00:00:00-05:00,1.747341124058128,1.7654483935964023,1.747341124058128,1.7563945055007935,607338,0.0,0.0
1982-03-23 00:00:00-05:00,1.7563945055007935,1.7654483935964023,1.751867899221618,1.7563945055007935,5050392,0.0,0.0
1982-03-24 00:00:00-05:00,1.7563962893739145,1.7563962893739145,1.7518696784973145,1.7518696784973145,2608326,0.0,0.0
1982-03-25 00:00:00-05:00,1.7518696784973145,1.7563962893739145,1.7518696784973145,1.7518696784973145,1301718,0.0,0.0
1982-03-26 00:00:00-05:00,1.7428151559364065,1.7428151559364065,1.7111273773497546,1.7156544923782349,1826904,0.0,0.0
1982-03-29 00:00:00-05:00,1.7066013064257692,1.7066013064257692,1.6930209703698968,1.7020745277404785,931056,0.0,0.0
1982-03-30 00:00:00-05:00,1.7020739917147567,1.7201812696379302,1.7020739917147567,1.7156544923782349,784356,0.0,0.0
1982-03-31 00:00:00-05:00,1.7156550053168993,1.7609226225633636,1.7111278889349224,1.7292351722717285,706116,0.0,0.0
1982-04-01 00:00:00-05:00,1.729234932838978,1.8016637183887056,1.7111276520093361,1.788083553314209,1034724,0.0,0.0
1982-04-02 00:00:00-05:00,1.7971376506794707,1.8197717184410096,1.7971376506794707,1.8107178211212158,1333014,0.0,0.0
1982-04-05 00:00:00-05:00,1.8107171054768971,1.8107171054768971,1.788083553314209,1.788083553314209,331542,0.0,0.0
1982-04-06 00:00:00-05:00,1.7880816568075995,1.801661807478478,1.760920511044639,1.7926082611083984,1135458,0.0,0.0
1982-04-07 00:00:00-05:00,1.7926106881887724,1.8378786502133395,1.7880840777592317,1.8242981433868408,1019076,0.0,0.0
1982-04-08 00:00:00-05:00,1.8242981433868408,1.8288249227008506,1.8107176365603423,1.8242981433868408,1766268,0.0,0.0
1982-04-12 00:00:00-05:00,1.8242983293319337,1.8242983293319337,1.8061910413458053,1.8107178211212158,271884,0.0,0.0
1982-04-13 00:00:00-05:00,1.810716065374733,1.865037876660404,1.8016626834869385,1.8016626834869385,1173600,0.0,0.0
1982-04-14 00:00:00-05:00,1.815243130192546,1.842403781785655,1.815243130192546,1.8333500623703003,815652,0.0,0.0
1982-04-15 00:00:00-05:00,1.8333517086788107,1.8876733984133178,1.8333517086788107,1.87861967086792,1578492,0.0,0.0
1982-04-16 00:00:00-05:00,1.8831460349524962,1.9284139871597292,1.8831460349524962,1.928413987159729,914430,0.0,0.0
1982-04-19 00:00:00-05:00,1.9284119484959057,1.9329385531583516,1.9103050231933594,1.9103050231933594,1039614,0.0,0.0
1982-04-20 00:00:00-05:00,1.910307193438927,1.91936058193337,1.8921999097967035,1.9057800769805908,1168710,0.0,0.0
1982-04-21 00:00:00-05:00,1.932940393337854,1.9827354564097392,1.932940393337854,1.969154953956604,2406858,0.0,0.0
1982-04-22 00:00:00-05:00,1.969154791616381,1.9917888479160089,1.969154791616381,1.9736815690994263,950616,0.0,0.0
1982-04-23 00:00:00-05:00,1.9736817318128441,1.9872622342659791,1.9555744515034692,1.969154953956604,1676292,0.0,0.0
1982-04-26 00:00:00-04:00,1.9646286457677218,1.9646286457677218,1.928414079604553,1.9555747509002686,1087536,0.0,0.0
1982-04-27 00:00:00-04:00,1.941993373887958,1.941993373887958,1.892198671993395,1.9193593263626099,1079712,0.0,0.0
1982-04-28 00:00:00-04:00,1.9193608626619252,1.9284144213650007,1.8831464589651519,1.8967269659042358,2535954,0.0,0.0
1982-04-29 00:00:00-04:00,1.8967269659042358,1.9193608626619252,1.8786196796136139,1.8967269659042358,1454286,0.0,0.0
1982-04-30 00:00:00-04:00,1.8967269745672277,1.92841443017272,1.8967269745672277,1.9148342609405518,676776,0.0,0.0
1982-05-03 00:00:00-04:00,1.91483353969647,1.9646282629195306,1.91483353969647,1.9601014852523804,929100,0.0,0.0
1982-05-04 00:00:00-04:00,1.96462763210461,2.018948946668586,1.96462763210461,2.0098955631256104,2019570,0.0,0.0
1982-05-05 00:00:00-04:00,2.0098962306180534,2.0234763948847063,1.9601015068464145,1.9827353954315186,1185336,0.0,0.0
1982-05-06 00:00:00-04:00,1.982735292949918,2.0008422339976986,1.9646281830177366,1.9736815690994263,916386,0.0,0.0
1982-05-07 00:00:00-04:00,1.9736815690994263,1.9872620704329635,1.969154791616381,1.9736815690994263,773598,0.0,0.0
1982-05-10 00:00:00-04:00,1.964629890174387,1.964629890174387,1.932941913604736,1.9329419136047363,357948,0.0,0.0
1982-05-11 00:00:00-04:00,1.932941913604736,1.9465225956235492,1.932941913604736,1.9329419136047363,329586,0.0,0.0
1982-05-12 00:00:00-04:00,1.9284130296361035,1.9284130296361035,1.8469308912293245,1.8695647716522217,1152084,0.0,0.0
1982-05-13 00:00:00-04:00,1.8650369698375155,1.8650369698375155,1.7926082611083984,1.7926082611083984,1529592,0.0,0.0
1982-05-14 00:00:00-04:00,1.7880846228216591,1.7880846228216591,1.7428164781135191,1.769977331161499,3123732,0.0,0.0
1982-05-17 00:00:00-04:00,1.7699748764592786,1.783555030822754,1.7563942154429437,1.783555030822754,2071404,0.0,0.0
1982-05-18 00:00:00-04:00,1.783556437559064,1.815244221232042,1.783556437559064,1.788083553314209,1359420,0.0,0.0
1982-05-19 00:00:00-04:00,1.7880824382981664,1.8197698644425961,1.7563945055007935,1.7563945055007935,953550,0.0,0.0
1982-05-20 00:00:00-04:00,1.7563958672292934,1.783556708152267,1.7428157000944748,1.7654497623443604,562350,0.0,0.0
1982-05-21 00:00:00-04:00,1.7654483935964023,1.7835553253660477,1.7563945055007935,1.7563945055007935,287532,0.0,0.0
1982-05-24 00:00:00-04:00,1.7563948847172324,1.7790289343058268,1.7518682774607346,1.774502158164978,571152,0.0,0.0
1982-05-25 00:00:00-04:00,1.7745035773027447,1.7926108652315749,1.7518696784973145,1.7518696784973145,639612,0.0,0.0
1982-05-26 00:00:00-04:00,1.747341705755479,1.747341705755479,1.6930202168254347,1.706600546836853,1321278,0.0,0.0
1982-05-27 00:00:00-04:00,1.7066003793405522,1.7292342604714872,1.702073603114365,1.7247074842453003,1086558,0.0,0.0
1982-05-28 00:00:00-04:00,1.7247086606621658,1.7382889986038208,1.7201820502327498,1.7382889986038208,605382,0.0,0.0
1982-06-01 00:00:00-04:00,1.7201815948296744,1.7201815948296744,1.6522795853289247,1.6749136447906494,847926,0.0,0.0
1982-06-02 00:00:00-04:00,1.6839674779527307,1.742815946802175,1.6839674779527307,1.7382889986038208,1128612,0.0,0.0
1982-06-03 00:00:00-04:00,1.7382882667703379,1.7790294323274112,1.729234711954188,1.7473419904708862,1388760,0.0,0.0
1982-06-04 00:00:00-04:00,1.747342406405355,1.7609225729777822,1.6975476741790771,1.6975476741790771,708072,0.0,0.0
1982-06-07 00:00:00-04:00,1.6975472700976628,1.7563953764026379,1.6839667689890399,1.7473419904708862,948660,0.0,0.0
1982-06-08 00:00:00-04:00,1.7473427261160603,1.7745034019993706,1.7201820502327498,1.7382889986038208,901716,0.0,0.0
1982-06-09 00:00:00-04:00,1.7382891703295702,1.7654501866650585,1.7111283228785679,1.7518696784973145,952572,0.0,0.0
1982-06-10 00:00:00-04:00,1.751870039501339,1.779030723664798,1.747343258807429,1.769977331161499,1168710,0.0,0.0
1982-06-11 00:00:00-04:00,1.810716293724697,1.8333503423936992,1.810716293724697,1.8288235664367676,1829838,0.0,0.0
1982-06-14 00:00:00-04:00,1.8197690691028776,1.8197690691028776,1.7880816568075995,1.7926082611083984,457704,0.0,0.0
1982-06-15 00:00:00-04:00,1.79261061021265,1.8197714537997183,1.7835568830939859,1.8152446746826172,647436,0.0,0.0
1982-06-16 00:00:00-04:00,1.815243178529437,1.8469306062318471,1.7926091327148213,1.8016626834869385,961374,0.0,0.0
1982-06-17 00:00:00-04:00,1.8016626834869385,1.810716065374733,1.7926091327148213,1.8016626834869385,444012,0.0,0.0
1982-06-18 00:00:00-04:00,1.8016632979654448,1.824297182615291,1.8016632979654448,1.8197705745697021,1109052,0.0,0.0
1982-06-21 00:00:00-04:00,1.824296895233907,1.8786183787206578,1.824296895233907,1.8378773927688599,1862112,0.0,0.0
1982-06-22 00:00:00-04:00,1.8378768817851172,1.8605105876922607,1.8288231629842304,1.8605105876922607,807828,0.0,0.0
1982-06-23 00:00:00-04:00,1.8605118375867822,1.8831458964681325,1.82882439159108,1.8740923404693604,1217610,0.0,0.0
1982-06-24 00:00:00-04:00,1.8740928574232432,1.8831464159193687,1.8605123507945882,1.8650394678115845,884112,0.0,0.0
1982-06-25 00:00:00-04:00,1.8695661859026118,1.896727031840507,1.8695661859026118,1.8831465244293213,875310,0.0,0.0
1982-06-28 00:00:00-04:00,1.883146125227253,1.9601018672184358,1.883146125227253,1.9555747509002686,1541328,0.0,0.0
1982-06-29 00:00:00-04:00,1.9555746571534092,1.9827356649159547,1.919360430495169,1.928413987159729,1658688,0.0,0.0
1982-06-30 00:00:00-04:00,1.9284135532842555,1.9510474398532374,1.9193599986566625,1.923886775970459,1273356,0.0,0.0
1982-07-01 00:00:00-04:00,1.923886775970459,1.9329401617136572,1.9103066129134645,1.923886775970459,263082,0.0,0.0
1982-07-02 00:00:00-04:00,1.9238861020908125,1.9238861020908125,1.905778830293667,1.9193593263626099,530076,0.0,0.0
1982-07-06 00:00:00-04:00,1.9193604487121558,1.9555746757141115,1.905779944701988,1.9510478973388672,719808,0.0,0.0
1982-07-07 00:00:00-04:00,1.9510476136435533,1.9917889508655604,1.9329403338910602,1.9827353954315186,1179468,0.0,0.0
1982-07-08 00:00:00-04:00,1.9827353954315186,1.9827353954315186,1.9555743913605743,1.9827353954315186,1126656,0.0,0.0
1982-07-09 00:00:00-04:00,1.9827344784239087,2.00084141203319,1.9691539826693671,1.9917880296707153,933990,0.0,0.0
1982-07-12 00:00:00-04:00,2.000843696549791,2.041585061446623,2.000843696549791,2.032531499862671,1910034,0.0,0.0
1982-07-13 00:00:00-04:00,2.032530140384481,2.0777977491420208,2.028003193735874,2.055163860321045,2177028,0.0,0.0
1982-07-14 00:00:00-04:00,2.0551634447372673,2.073270721016906,2.0415832830751985,2.068743944168091,1148172,0.0,0.0
1982-07-15 00:00:00-04:00,2.0687427414935873,2.091376781463623,2.0687427414935873,2.091376781463623,1065042,0.0,0.0
1982-07-16 00:00:00-04:00,2.0913782860157384,2.0959048946050847,2.018949508666992,2.018949508666992,2926176,0.0,0.0
1982-07-19 00:00:00-04:00,2.0189496171676855,2.0325301192031575,1.9691548933960465,1.9827353954315186,2663094,0.0,0.0
1982-07-20 00:00:00-04:00,1.982734016357147,2.0732696766106384,1.9374661017882553,2.059689521789551,2023482,0.0,0.0
1982-07-21 00:00:00-04:00,2.073270989400508,2.1366462112565596,2.073270989400508,2.123065710067749,3060162,0.0,0.0
1982-07-22 00:00:00-04:00,2.123065954557467,2.141173235266294,2.118539176601365,2.1275925636291504,1192182,0.0,0.0
1982-07-23 00:00:00-04:00,2.1275940361439885,2.1321211550021615,2.091379956315706,2.100433349609375,564306,0.0,0.0
1982-07-26 00:00:00-04:00,2.1004310210549044,2.1185382942219824,2.082324085656523,2.109484910964966,951594,0.0,0.0
1982-07-27 00:00:00-04:00,2.1094857895735792,2.15022662229408,2.1094857895735792,2.1275925636291504,1113942,0.0,0.0
1982-07-28 00:00:00-04:00,2.127590806316554,2.127590806316554,2.077796121043611,2.091376781463623,961374,0.0,0.0
1982-07-29 00:00:00-04:00,2.0913792771833637,2.095905887918007,2.037057752869398,2.0732719898223877,1144260,0.0,0.0
1982-07-30 00:00:00-04:00,2.0732720278289802,2.0732720278289802,2.037057790212122,2.05063796043396,1195116,0.0,0.0
1982-08-02 00:00:00-04:00,2.0506351705804295,2.0959030748997884,2.0461083970369187,2.064215660095215,1043526,0.0,0.0
1982-08-03 00:00:00-04:00,2.0642176186324575,2.073271174309525,2.01442289352417,2.01442289352417,623964,0.0,0.0
1982-08-04 00:00:00-04:00,2.005369793144976,2.005369793144976,1.9646289488017743,1.9872628450393677,814674,0.0,0.0
1982-08-05 00:00:00-04:00,1.9872633118346488,2.041584844449116,1.9782095823284822,2.023477554321289,868464,0.0,0.0
1982-08-06 00:00:00-04:00,2.0234759596398075,2.0234759596398075,1.9646278619766233,1.9646278619766235,721764,0.0,0.0
1982-08-09 00:00:00-04:00,1.9646282585738235,1.9872621468595093,1.9465209790608675,1.9782084226608276,997560,0.0,0.0
1982-08-10 00:00:00-04:00,1.978210065539557,2.0053707540389922,1.9284153010727114,1.9329419136047363,1849398,0.0,0.0
1982-08-11 00:00:00-04:00,1.9329403094091249,1.9465209801569987,1.8967262570160421,1.9012528657913208,1020054,0.0,0.0
1982-08-12 00:00:00-04:00,1.9012527871900229,1.9012527871900229,1.8378779025744494,1.8469314575195312,1327146,0.0,0.0
1982-08-13 00:00:00-04:00,1.8469299975986266,1.8650372620601559,1.8288227331370974,1.8559833765029907,1690962,0.0,0.0
1982-08-16 00:00:00-04:00,1.87861967086792,1.9193608537265654,1.87861967086792,1.87861967086792,1279224,0.0,0.0
1982-08-17 00:00:00-04:00,1.910306680412674,2.018949508666992,1.910306680412674,2.018949508666992,2261136,0.0,0.0
1982-08-18 00:00:00-04:00,2.0189496713627038,2.0823248988710072,2.00989628457005,2.01442289352417,5339880,0.0,0.0
1982-08-19 00:00:00-04:00,2.0144228128023323,2.0280031457737437,1.9736816450036903,1.9782084226608276,2371650,0.0,0.0
1982-08-20 00:00:00-04:00,1.9827350151562215,2.0777973289813443,1.9827350151562215,2.068743944168091,6383406,0.0,0.0
1982-08-23 00:00:00-04:00,2.06874437332004,2.200021266937256,2.0551638710720006,2.200021266937256,4369704,0.0,0.0
1982-08-24 00:00:00-04:00,2.200021772208311,2.2226556663459336,2.1547541528175174,2.172861099243164,3525690,0.0,0.0
1982-08-25 00:00:00-04:00,2.172860170811661,2.2181281086290263,2.127592064109916,2.1321191787719727,2669940,0.0,0.0
1982-08-26 00:00:00-04:00,2.1411734735920476,2.20907531937589,2.1411734735920476,2.1909680366516113,4080216,0.0,0.0
1982-08-27 00:00:00-04:00,2.190966856152996,2.209074129121029,2.163806200027466,2.163806200027466,1472868,0.0,0.0
1982-08-30 00:00:00-04:00,2.163807541588115,2.186441604610189,2.145700257393566,2.172861099243164,2386320,0.0,0.0
1982-08-31 00:00:00-04:00,2.186441908045073,2.2724507177043605,2.186441908045073,2.2452900409698486,1678248,0.0,0.0
1982-09-01 00:00:00-04:00,2.2588688163058475,2.299610137939453,2.2588688163058475,2.299610137939453,1231302,0.0,0.0
1982-09-02 00:00:00-04:00,2.308665030535499,2.45804924236743,2.308665030535499,2.4444687366485596,3462120,0.0,0.0
1982-09-03 00:00:00-04:00,2.4444681613837336,2.535004056742631,2.4444681613837336,2.46710205078125,3056250,0.0,0.0
1982-09-07 00:00:00-04:00,2.4671030167704564,2.4761569138433295,2.4218353891353908,2.448996067047119,912474,0.0,0.0
1982-09-08 00:00:00-04:00,2.4489951595906625,2.4987898861955906,2.43994143475706,2.476155996322632,1490472,0.0,0.0
1982-09-09 00:00:00-04:00,2.476156780023602,2.489736949361067,2.4263620376586914,2.4263620376586914,1604898,0.0,0.0
1982-09-10 00:00:00-04:00,2.4218342787284843,2.4218342787284843,2.372039556503296,2.372039556503296,1305630,0.0,0.0
1982-09-13 00:00:00-04:00,2.372039846110694,2.408254071143645,2.3403520614380118,2.4037272930145264,1060152,0.0,0.0
1982-09-14 00:00:00-04:00,2.4263612697177037,2.52595072292756,2.4263612697177037,2.476155996322632,1703676,0.0,0.0
1982-09-15 00:00:00-04:00,2.4761573158693673,2.52595206900997,2.4671034173265136,2.498791217803955,1081668,0.0,0.0
1982-09-16 00:00:00-04:00,2.507844336675099,2.544058742273674,2.507844336675099,2.525951623916626,1612722,0.0,0.0
1982-09-17 00:00:00-04:00,2.525950139490549,2.535003524464187,2.498789309032113,2.5168962478637695,948660,0.0,0.0
1982-09-20 00:00:00-04:00,2.5168962478637695,2.5168962478637695,2.485208809360705,2.5168962478637695,927144,0.0,0.0
1982-09-21 00:00:00-04:00,2.5168972851906872,2.5304777904592344,2.4806830548330954,2.50331711769104,2550624,0.0,0.0
1982-09-22 00:00:00-04:00,2.503317899571036,2.5304785808225283,2.4173085689544678,2.4173085689544678,2869452,0.0,0.0
1982-09-23 00:00:00-04:00,2.4173081410751207,2.4354154275888438,2.3448795016736472,2.4263620376586914,6097830,0.0,0.0
1982-09-24 00:00:00-04:00,2.4173074004526236,2.4173074004526236,2.3901467323303223,2.3901467323303223,788268,0.0,0.0
1982-09-27 00:00:00-04:00,2.390146346543716,2.4580483436584473,2.3720394062691916,2.4580483436584473,708072,0.0,0.0
1982-09-28 00:00:00-04:00,2.4580502949191776,2.462576906917849,2.430889440735453,2.4354162216186523,865530,0.0,0.0
1982-09-29 00:00:00-04:00,2.426360968212762,2.426360968212762,2.3720394703833505,2.3810930252075195,1969692,0.0,0.0
1982-09-30 00:00:00-04:00,2.3810946210221138,2.4082553036977665,2.3675139419152647,2.376567840576172,927144,0.0,0.0
1982-10-01 00:00:00-04:00,2.3765665495191537,2.4037272174399194,2.3675126557767254,2.399200439453125,1071888,0.0,0.0
1982-10-04 00:00:00-04:00,2.399200514885407,2.4037272930145264,2.3539325647097935,2.4037272930145264,647436,0.0,0.0
1982-10-05 00:00:00-04:00,2.4173068342038198,2.5078428800568853,2.4173068342038198,2.4897356033325195,2058690,0.0,0.0
1982-10-06 00:00:00-04:00,2.498788472618844,2.7477619647979736,2.498788472618844,2.7477619647979736,2705148,0.0,0.0
1982-10-07 00:00:00-04:00,2.7477619897666012,2.774922642496045,2.6436458165350833,2.697967290878296,2464560,0.0,0.0
1982-10-08 00:00:00-04:00,2.697969306632489,2.697969306632489,2.6074332232384596,2.6798620223999023,2451846,0.0,0.0
1982-10-11 00:00:00-04:00,2.679862899121443,2.6979701892778594,2.6527022172135792,2.670809507369995,1427880,0.0,0.0
1982-10-12 00:00:00-04:00,2.6708086499933015,2.679862038838452,2.5757457871791134,2.5983798503875732,1803432,0.0,0.0
1982-10-13 00:00:00-04:00,2.598378953687626,2.66175383592419,2.575744898290173,2.630066394805908,1978494,0.0,0.0
1982-10-14 00:00:00-04:00,2.6300672267017027,2.6391206152861377,2.589326049207283,2.593852996826172,574086,0.0,0.0
1982-10-15 00:00:00-04:00,2.59385254311351,2.61648660171105,2.5621647597463033,2.5666918754577637,931056,0.0,0.0
1982-10-18 00:00:00-04:00,2.584798847257889,2.661754242027759,2.584798847257889,2.625540018081665,2492922,0.0,0.0
1982-10-19 00:00:00-04:00,2.6255399887118807,2.6255399887118807,2.544057816860224,2.5666918754577637,1887540,0.0,0.0
1982-10-20 00:00:00-04:00,2.571218605284805,2.7975581737181714,2.571218605284805,2.7794508934020996,4170192,0.0,0.0
1982-10-21 00:00:00-04:00,2.788505280437847,2.951469659805298,2.788505280437847,2.951469659805298,2673852,0.0,0.0
1982-10-22 00:00:00-04:00,2.951468342937031,3.0601116644000594,2.9152541276285278,2.9922096729278564,3560898,0.0,0.0
1982-10-25 00:00:00-04:00,2.919782092650028,2.919782092650028,2.8428265160361943,2.8518800735473633,1303674,0.0,0.0
1982-10-26 00:00:00-04:00,2.8518792192057743,2.860933111773553,2.738709615334095,2.811138391494751,3428868,0.0,0.0
1982-10-27 00:00:00-04:00,2.811138391494751,2.8337721096078092,2.7568165560476623,2.811138391494751,3083634,0.0,0.0
1982-10-28 00:00:00-04:00,2.81113863614711,2.8337723562299724,2.7839774627331417,2.8156652450561523,1845486,0.0,0.0
1982-10-29 00:00:00-04:00,2.8156655082429833,2.82471906467615,2.779451113625886,2.7885048389434814,1358442,0.0,0.0
1982-11-01 00:00:00-05:00,2.788503025744496,2.8020831826794437,2.74323510412929,2.7703957557678223,1952088,0.0,0.0
1982-11-02 00:00:00-05:00,2.7885059171060305,2.933363551582934,2.7885059171060305,2.8609347343444824,2719818,0.0,0.0
1982-11-03 00:00:00-05:00,2.8609326727049966,2.9559953212738037,2.856405558231488,2.9559953212738037,2447934,0.0,0.0
1982-11-04 00:00:00-05:00,2.9559963238868314,3.0374783322096177,2.91525498195658,2.9243085384368896,3257718,0.0,0.0
1982-11-05 00:00:00-05:00,2.9243082498678987,2.9741028055959045,2.8066115205848297,2.8156652450561523,1858200,0.0,0.0
1982-11-08 00:00:00-05:00,2.8156667487983844,2.8790416717529297,2.734184367230678,2.8790416717529297,1613700,0.0,0.0
1982-11-09 00:00:00-05:00,2.8790403408638716,2.9062010095745894,2.847352894034701,2.8564064502716064,1878738,0.0,0.0
1982-11-10 00:00:00-05:00,2.8564047436128477,2.860931856795268,2.70702064830537,2.7477619647979736,1916880,0.0,0.0
1982-11-11 00:00:00-05:00,2.738708734512329,2.738708734512329,2.652699653815385,2.738708734512329,2284608,0.0,0.0
1982-11-12 00:00:00-05:00,2.7387098977775453,2.7839775075565134,2.7070221149443463,2.7613439559936523,2992680,0.0,0.0
1982-11-15 00:00:00-05:00,2.7341830730438232,2.7341830730438232,2.6934420704286497,2.7341830730438232,808806,0.0,0.0
1982-11-16 00:00:00-05:00,2.725129979654691,2.725129979654691,2.661754738167316,2.6798620223999023,1364310,0.0,0.0
1982-11-17 00:00:00-05:00,2.707024335527326,2.7613462211370936,2.707024335527326,2.743238925933838,1853310,0.0,0.0
1982-11-18 00:00:00-05:00,2.7432366705387867,2.783977502375599,2.720602612364801,2.7794508934020996,1063086,0.0,0.0
1982-11-19 00:00:00-05:00,2.7794508985745905,2.8111386814077894,2.7568168403584834,2.7613439559936523,678732,0.0,0.0
1982-11-22 00:00:00-05:00,2.7341835373287586,2.7341835373287586,2.6798620223999023,2.6798620223999023,797070,0.0,0.0
1982-11-23 00:00:00-05:00,2.6798618159185783,2.702495877244261,2.652701144989085,2.6572277545928955,992670,0.0,0.0
1982-11-24 00:00:00-05:00,2.6572272713935914,2.69344183048308,2.639119991848847,2.652700662612915,715896,0.0,0.0
1982-11-26 00:00:00-05:00,2.648174473878359,2.648174473878359,2.6345939689785145,2.639120578765869,232764,0.0,0.0
1982-11-29 00:00:00-05:00,2.6391208022778985,2.643647919101998,2.5576387792846424,2.580272674560547,1502208,0.0,0.0
1982-11-30 00:00:00-05:00,2.5802713867834557,2.7115482516341873,2.5802713867834557,2.707021474838257,1440594,0.0,0.0
1982-12-01 00:00:00-05:00,2.7251291142512235,2.8699866665725353,2.7251291142512235,2.811138391494751,3528624,0.0,0.0
1982-12-02 00:00:00-05:00,2.8111398475393763,2.8745145950731392,2.8020859502820845,2.806612730026245,2022504,0.0,0.0
1982-12-03 00:00:00-05:00,2.8066121784822617,2.8383001371176535,2.7885052319484083,2.8020853996276855,458682,0.0,0.0
1982-12-06 00:00:00-05:00,2.802085238133848,2.8971480952545097,2.7839779548746755,2.874513864517212,1139370,0.0,0.0
1982-12-07 00:00:00-05:00,2.897148847579956,2.96957732388695,2.897148847579956,2.897148847579956,2472384,0.0,0.0
1982-12-08 00:00:00-05:00,2.8971477911065326,2.9016745692249857,2.847352894034701,2.8564064502716064,809784,0.0,0.0
1982-12-09 00:00:00-05:00,2.856406285871055,2.856406285871055,2.7703973376862714,2.7794508934020996,1117854,0.0,0.0
1982-12-10 00:00:00-05:00,2.77945094574157,2.8020848354573564,2.716076054537368,2.729656219482422,614184,0.0,0.0
1982-12-13 00:00:00-05:00,2.7296565944643496,2.7522904872894287,2.7296565944643496,2.7522904872894287,415650,0.0,0.0
1982-12-14 00:00:00-05:00,2.752290388745245,2.8201924025581717,2.6753349870108796,2.688915491104126,797070,0.0,0.0
1982-12-15 00:00:00-05:00,2.6889152477561695,2.6889152477561695,2.621013408972823,2.625540018081665,1978494,0.0,0.0
1982-12-16 00:00:00-05:00,2.625540096705084,2.625540096705084,2.5440579215019183,2.5485846996307373,1521768,0.0,0.0
1982-12-17 00:00:00-05:00,2.5485848985076274,2.5893259048461914,2.5078437232846253,2.5893259048461914,3679236,0.0,0.0
1982-12-20 00:00:00-05:00,2.5893261021615026,2.634594059316137,2.5621652603149414,2.5621652603149414,1052328,0.0,0.0
1982-12-21 00:00:00-05:00,2.5621646026580094,2.6617540490586755,2.54405766088208,2.652700662612915,1597074,0.0,0.0
1982-12-22 00:00:00-05:00,2.6527007445915936,2.693441913720818,2.6436471889816358,2.6617541313171387,1350618,0.0,0.0
1982-12-23 00:00:00-05:00,2.661753866628443,2.688914868526213,2.6527004808031798,2.6843879222869873,510516,0.0,0.0
1982-12-27 00:00:00-05:00,2.6843883811054208,2.702495662504051,2.657227543449688,2.6934421062469482,398046,0.0,0.0
1982-12-28 00:00:00-05:00,2.693441913720818,2.697968691525797,2.6481739667866147,2.6617541313171387,1340838,0.0,0.0
1982-12-29 00:00:00-05:00,2.6617541313171387,2.6708080246959227,2.6572273535121598,2.6617541313171387,134964,0.0,0.0
1982-12-30 00:00:00-05:00,2.661753896226379,2.666281011400341,2.6436469554901123,2.6436469554901123,488022,0.0,0.0
1982-12-31 00:00:00-05:00,2.6436471072827468,2.652700662612915,2.6300666054030866,2.652700662612915,497802,0.0,0.0
1983-01-03 00:00:00-05:00,2.652701252550158,2.6798619245809556,2.6345939689785145,2.639120578765869,772620,0.0,0.0
1983-01-04 00:00:00-05:00,2.6391215384906337,2.679862899121443,2.625541366421208,2.670809507369995,1441572,0.0,0.0
1983-01-05 00:00:00-05:00,2.6979687280960847,2.7658707338599906,2.6979687280960847,2.7613439559936523,3095370,0.0,0.0
1983-01-06 00:00:00-05:00,2.76134416964398,2.7975583953766487,2.76134416964398,2.7885048389434814,1644018,0.0,0.0
1983-01-07 00:00:00-05:00,2.788505097709424,2.86093389366482,2.788505097709424,2.847353219985962,1429836,0.0,0.0
1983-01-10 00:00:00-05:00,2.8473525163140687,2.9288348494058876,2.829245406242288,2.9107277393341064,696336,0.0,0.0
1983-01-11 00:00:00-05:00,2.9107286328113373,2.924308969533793,2.883567959366426,2.8926215171813965,1812234,0.0,0.0
1983-01-12 00:00:00-05:00,2.901674513443472,3.0284246360923723,2.901674513443472,2.9650497436523438,2657226,0.0,0.0
1983-01-13 00:00:00-05:00,2.9650493883559164,3.042004605668834,2.960522610866921,3.0148439407348633,1305630,0.0,0.0
1983-01-14 00:00:00-05:00,3.0284246946424997,3.1461212635040283,3.0284246946424997,3.1461212635040283,1971648,0.0,0.0
1983-01-17 00:00:00-05:00,3.146121835725726,3.2230774155135165,3.1325414988988647,3.1868631839752197,1673358,0.0,0.0
1983-01-18 00:00:00-05:00,3.1868615450252618,3.1868615450252618,3.1234863346571506,3.1687541007995605,1353552,0.0,0.0
1983-01-19 00:00:00-05:00,3.1687543221665186,3.204968875379107,3.155174329143844,3.1959149837493896,1173600,0.0,0.0
1983-01-20 00:00:00-05:00,3.1959164937793725,3.218550726894913,3.1732825984327517,3.177809715270996,766752,0.0,0.0
1983-01-21 00:00:00-05:00,3.150647471550789,3.150647471550789,3.0872722583778556,3.1008522510528564,938880,0.0,0.0
1983-01-24 00:00:00-05:00,3.01484588601117,3.01484588601117,2.942417061685019,2.987685203552246,1255752,0.0,0.0
1983-01-25 00:00:00-05:00,3.010317197785681,3.0782191986685055,3.010317197785681,3.0736920833587646,1181424,0.0,0.0
1983-01-26 00:00:00-05:00,3.0736929555752797,3.1687556486794874,3.051059061447826,3.1325414180755615,909540,0.0,0.0
1983-01-27 00:00:00-05:00,3.132539993590603,3.2230758666992188,3.1280135545923584,3.2230758666992188,1068954,0.0,0.0
1983-01-28 00:00:00-05:00,3.2230786747385642,3.259292920425409,3.1687569684392543,3.2049715518951416,1028856,0.0,0.0
1983-01-31 00:00:00-05:00,3.204972645976579,3.259294033050537,3.1959187436950947,3.259294033050537,939858,0.0,0.0
1983-02-01 00:00:00-05:00,3.259290072743619,3.336245615360204,3.2321294122090887,3.2366561889648438,1445484,0.0,0.0
1983-02-02 00:00:00-05:00,3.2366577523403772,3.2638184259940997,3.1325414988988647,3.1868631839752197,1382892,0.0,0.0
1983-02-03 00:00:00-05:00,3.1868644290517194,3.2049715518951416,3.1506501833648746,3.2049715518951416,1442550,0.0,0.0
1983-02-04 00:00:00-05:00,3.2049700299434725,3.2773988246917725,3.2049700299434725,3.2773988246917725,1403430,0.0,0.0
1983-02-07 00:00:00-05:00,3.2773973541167125,3.29550412246814,3.241182804107666,3.241182804107666,1168710,0.0,0.0
1983-02-08 00:00:00-05:00,3.241183884996953,3.268344553234891,3.241183884996953,3.2547645568847656,877266,0.0,0.0
1983-02-09 00:00:00-05:00,3.245709742476354,3.245709742476354,3.191388421407292,3.2366561889648438,1027878,0.0,0.0
1983-02-10 00:00:00-05:00,3.2366553911335085,3.2683428206128844,3.227601839853687,3.24570894241333,471396,0.0,0.0
1983-02-11 00:00:00-05:00,3.2457097505341856,3.2683436343691525,3.19591486832851,3.2230758666992188,1420056,0.0,0.0
1983-02-14 00:00:00-05:00,3.2094956523095854,3.2094956523095854,3.1778082137962365,3.1959149837493896,1256730,0.0,0.0
1983-02-15 00:00:00-05:00,3.2049687596312455,3.2230758666992188,3.2049687596312455,3.2230758666992188,946704,0.0,0.0
1983-02-16 00:00:00-05:00,3.223075649643026,3.2547634226467332,3.1778078850216245,3.1823346614837646,519318,0.0,0.0
1983-02-17 00:00:00-05:00,3.1687557389153245,3.1687557389153245,3.096326937876034,3.123487949371338,557460,0.0,0.0
1983-02-18 00:00:00-05:00,3.1234858088953104,3.1325393605998504,3.087271602077151,3.109905481338501,1282158,0.0,0.0
1983-02-22 00:00:00-05:00,3.1099079396550997,3.1325418368080675,3.1008540430249654,3.1144347190856934,255258,0.0,0.0
1983-02-23 00:00:00-05:00,3.114433613937131,3.128014285178793,3.0691654979255203,3.105380058288574,1412232,0.0,0.0
1983-02-24 00:00:00-05:00,3.10538123403254,3.1551761467215305,3.1008541167253996,3.1189615726470947,1060152,0.0,0.0
1983-02-25 00:00:00-05:00,3.100854274800913,3.100854274800913,3.046532917573496,3.055586814880371,1142304,0.0,0.0
1983-02-28 00:00:00-05:00,3.0782185685147403,3.182334768411021,3.0782185685147403,3.1687541007995605,3562854,0.0,0.0
1983-03-01 00:00:00-05:00,3.2004418226001676,3.259289917624227,3.2004418226001676,3.227602481842041,3059184,0.0,0.0
1983-03-02 00:00:00-05:00,3.2411839392725597,3.349827289581299,3.2411839392725597,3.349827289581299,3243048,0.0,0.0
1983-03-03 00:00:00-05:00,3.363405430903017,3.449414505422966,3.363405430903017,3.4086735248565674,1778982,0.0,0.0
1983-03-04 00:00:00-05:00,3.40867462253817,3.4313085079193115,3.3769871830045717,3.4313085079193115,896826,0.0,0.0
1983-03-07 00:00:00-05:00,3.43131054304828,3.503739356994629,3.4177302037650215,3.503739356994629,897804,0.0,0.0
1983-03-08 00:00:00-05:00,3.503737074065971,3.535424511747001,3.4539421913698853,3.4675228595733643,1708566,0.0,0.0
1983-03-09 00:00:00-05:00,3.4675232871913195,3.5354249477386475,3.431308730463951,3.5354249477386475,1711500,0.0,0.0
1983-03-10 00:00:00-05:00,3.549006098376389,3.6214348907670133,3.549006098376389,3.576167106628418,2066514,0.0,0.0
1983-03-11 00:00:00-05:00,3.5761671705683997,3.5761671705683997,3.503738376882787,3.5308990478515625,1414188,0.0,0.0
1983-03-14 00:00:00-05:00,3.499211142412061,3.499211142412061,3.4222555802595935,3.4403626918792725,1026900,0.0,0.0
1983-03-15 00:00:00-05:00,3.440362430111377,3.453942762792845,3.4222553198694197,3.444889545440674,947682,0.0,0.0
1983-03-16 00:00:00-05:00,3.4403637550752113,3.4403637550752113,3.3407742726214193,3.345301389694214,1057218,0.0,0.0
1983-03-17 00:00:00-05:00,3.345301161340485,3.417729625258155,3.3317204865870074,3.3543543815612793,1538394,0.0,0.0
1983-03-18 00:00:00-05:00,3.3543506709376416,3.589743931581917,3.3452974607316195,3.567110061645508,2674830,0.0,0.0
1983-03-21 00:00:00-05:00,3.5625864973151344,3.5625864973151344,3.5127915961035017,3.5308990478515625,1680204,0.0,0.0
1983-03-22 00:00:00-05:00,3.530899140121795,3.5580598118003395,3.4584703445434566,3.458470344543457,875310,0.0,0.0
1983-03-23 00:00:00-05:00,3.458467882186386,3.458467882186386,3.4222536790654177,3.4539411067962646,6893922,0.0,0.0
1983-03-24 00:00:00-05:00,3.4946859427317407,3.625962899028835,3.4946859427317407,3.62143611907959,6205410,0.0,0.0
1983-03-25 00:00:00-05:00,3.6214337117927893,3.766291249415007,3.6214337117927893,3.7527105808258057,2622996,0.0,0.0
1983-03-28 00:00:00-05:00,3.76629024107398,3.865879644863106,3.76629024107398,3.8387186527252197,1677270,0.0,0.0
1983-03-29 00:00:00-05:00,3.838719640046954,3.856827085385684,3.766291209767064,3.784398317337036,670908,0.0,0.0
1983-03-30 00:00:00-05:00,3.7934484558106645,3.8341897489317254,3.7934484558106645,3.8206090927124023,684600,0.0,0.0
1983-03-31 00:00:00-05:00,3.8206090927124023,3.883984249918245,3.8025016636761233,3.8206090927124023,1213698,0.0,0.0
1983-04-04 00:00:00-05:00,3.8206113084764435,3.852298736572266,3.7843971049383605,3.8522987365722656,853794,0.0,0.0
1983-04-05 00:00:00-05:00,3.856829419641014,3.9835795871121378,3.856829419641014,3.9745256900787354,1525680,0.0,0.0
1983-04-06 00:00:00-05:00,3.9745256900787354,3.9835795871121378,3.9111507752276546,3.9745256900787354,1460154,0.0,0.0
1983-04-07 00:00:00-05:00,3.9745279084788416,3.9745279084788416,3.9247333047313457,3.9337868690490723,886068,0.0,0.0
1983-04-08 00:00:00-05:00,3.933782061819517,3.956416282723115,3.8522997447652814,3.861353635787964,1266510,0.0,0.0
1983-04-11 00:00:00-05:00,3.861355939422206,3.8930433947153302,3.8477752636704987,3.879462718963623,614184,0.0,0.0
1983-04-12 00:00:00-05:00,3.8794609931374926,3.8794609931374926,3.8296664426857325,3.847773551940918,637656,0.0,0.0
1983-04-13 00:00:00-05:00,3.8477722353529353,3.9473616399488485,3.8206115807636882,3.9156742095947266,695358,0.0,0.0
1983-04-14 00:00:00-05:00,3.9337814747889794,4.155594171947411,3.9337814747889794,4.151067733764648,1566756,0.0,0.0
1983-04-15 00:00:00-05:00,4.11938081435798,4.11938081435798,4.056005937960458,4.083166599273682,1105140,0.0,0.0
1983-04-18 00:00:00-05:00,4.056005676772225,4.056005676772225,3.9654694693540824,4.019791126251221,1166754,0.0,0.0
1983-04-19 00:00:00-05:00,4.019791658330446,4.142014980316162,3.9926309951711265,4.142014980316162,992670,0.0,0.0
1983-04-20 00:00:00-05:00,4.155594477118463,4.237076787997003,4.155594477118463,4.218969345092773,3002460,0.0,0.0
1983-04-21 00:00:00-05:00,4.218971041494237,4.2913998289278315,4.155596148037585,4.255185604095459,1824948,0.0,0.0
1983-04-22 00:00:00-05:00,4.259711233521662,4.476997199460053,4.259711233521662,4.472470760345459,1799520,0.0,0.0
1983-04-25 00:00:00-04:00,4.472472344977572,4.472472344977572,4.350248650284748,4.354775428771973,1427880,0.0,0.0
1983-04-26 00:00:00-04:00,4.354775428771973,4.354775428771973,4.354775428771973,4.354775428771973,0,0.0,0.0
1983-04-27 00:00:00-04:00,4.354773017141733,4.372880458831787,4.182755192120084,4.372880458831787,1814190,0.0,0.0
1983-04-28 00:00:00-04:00,4.309505504033071,4.309505504033071,4.237076746432789,4.264237403869629,805872,0.0,0.0
1983-04-29 00:00:00-04:00,4.250657912306458,4.250657912306458,4.173702369425618,4.223496913909912,1224456,0.0,0.0
1983-05-02 00:00:00-04:00,4.218971189504913,4.218971189504913,4.083167841619238,4.1148552894592285,1320300,0.0,0.0
1983-05-03 00:00:00-04:00,4.087694071831203,4.087694071831203,3.938309733647701,4.033372402191162,1279224,0.0,0.0
1983-05-04 00:00:00-04:00,4.0379009310168446,4.146543979644775,4.0379009310168446,4.146543979644775,1341816,0.0,0.0
1983-05-05 00:00:00-04:00,4.200861887740802,4.277817409695637,4.200861887740802,4.273290634155273,1314432,0.0,0.0
1983-05-06 00:00:00-04:00,4.282346725463867,4.3638287335243895,4.282346725463867,4.282346725463867,834234,0.0,0.0
1983-05-09 00:00:00-04:00,4.282346610488586,4.282346610488586,4.241605269783319,4.255185604095459,381420,0.0,0.0
1983-05-10 00:00:00-04:00,4.255183864351424,4.314032293412531,4.237076759338379,4.237076759338379,471396,0.0,0.0
1983-05-11 00:00:00-04:00,4.237078949106964,4.255186063477963,4.110328810741085,4.132962703704834,819564,0.0,0.0
1983-05-12 00:00:00-04:00,4.132961111487366,4.200863101988351,4.110327227243289,4.137487888336182,763818,0.0,0.0
1983-05-13 00:00:00-04:00,4.146543418989445,4.232552557892437,4.146543418989445,4.205391883850098,503670,0.0,0.0
1983-05-16 00:00:00-04:00,4.200864093595153,4.200864093595153,4.056006862471005,4.110328197479248,1025922,0.0,0.0
1983-05-17 00:00:00-04:00,4.119380438333821,4.200862752604404,4.119380438333821,4.187282085418701,736434,0.0,0.0
1983-05-18 00:00:00-04:00,4.187282361970767,4.255184351309009,4.187282361970767,4.223496913909912,1029834,0.0,0.0
1983-05-19 00:00:00-04:00,4.223499300527829,4.237079638515714,4.0695881277939145,4.10127592086792,514428,0.0,0.0
1983-05-20 00:00:00-04:00,4.101274954670661,4.128435624247796,4.101274954670661,4.1148552894592285,198534,0.0,0.0
1983-05-23 00:00:00-04:00,4.114852416274217,4.182754380573544,4.056004339947608,4.169173717498779,866508,0.0,0.0
1983-05-24 00:00:00-04:00,4.169172902507234,4.187279999375839,4.119378386118569,4.182753562927246,603426,0.0,0.0
1983-05-25 00:00:00-04:00,4.182755646715102,4.2053895290767285,4.160121426584749,4.187282085418701,1051350,0.0,0.0
1983-05-26 00:00:00-04:00,4.1872833758788115,4.1872833758788115,4.142015597204685,4.164649486541748,419562,0.0,0.0
1983-05-27 00:00:00-04:00,4.1646463108983225,4.1646463108983225,4.110325017910668,4.119378566741943,317850,0.0,0.0
1983-05-31 00:00:00-04:00,4.11033110651015,4.11033110651015,4.056009733056695,4.092223644256592,476286,0.0,0.0
1983-06-01 00:00:00-04:00,4.092220642850177,4.12390842522595,4.051479980410071,4.069586753845215,953550,0.0,0.0
1983-06-02 00:00:00-04:00,4.069586753845215,4.08769420281801,4.037899309238267,4.069586753845215,680688,0.0,0.0
1983-06-03 00:00:00-04:00,4.069587014938,4.2461323738098145,4.069587014938,4.2461323738098145,1188270,0.0,0.0
1983-06-06 00:00:00-04:00,4.246130393613548,4.42720177059588,4.246130393613548,4.372880458831787,1012230,0.0,0.0
1983-06-07 00:00:00-04:00,4.372883382649025,4.427204730733705,4.205391883850098,4.205391883850098,1071888,0.0,0.0
1983-06-08 00:00:00-04:00,4.205390093567386,4.3230866354150095,4.1918094245587465,4.268764972686768,1014186,0.0,0.0
1983-06-09 00:00:00-04:00,4.268766040685597,4.295927047729492,4.200864367497999,4.295927047729492,1529592,0.0,0.0
1983-06-10 00:00:00-04:00,4.295927361166686,4.3095076967950465,4.273293468452751,4.300454139709473,431298,0.0,0.0
1983-06-13 00:00:00-04:00,4.300456192773109,4.3230900962926055,4.291402293596269,4.309509754180908,1058196,0.0,0.0
1983-06-14 00:00:00-04:00,4.309508965238951,4.341196424365222,4.291401507969245,4.3049821853637695,1011252,0.0,0.0
1983-06-15 00:00:00-04:00,4.304978519950323,4.327612400054932,4.282344639845714,4.327612400054932,718830,0.0,0.0
1983-06-16 00:00:00-04:00,4.345722469681413,4.4543651598776615,4.345722469681413,4.390990257263184,865530,0.0,0.0
1983-06-17 00:00:00-04:00,4.390988683039639,4.476997448609801,4.363827682459234,4.368354797363281,1220544,0.0,0.0
1983-06-20 00:00:00-04:00,4.3683545847165055,4.4724707915282655,4.341193585458268,4.4543633460998535,1942308,0.0,0.0
1983-06-21 00:00:00-04:00,4.4543637322461676,4.572060280005714,4.4543637322461676,4.553953170776367,1032768,0.0,0.0
1983-06-22 00:00:00-04:00,4.553951574789842,4.6082728834403355,4.463415722603683,4.57205867767334,1424946,0.0,0.0
1983-06-23 00:00:00-04:00,4.572060497193593,4.671649940454618,4.5675340574400245,4.635436058044434,797070,0.0,0.0
1983-06-24 00:00:00-04:00,4.635436988052781,4.635436988052781,4.535847187042236,4.535847187042236,676776,0.0,0.0
1983-06-27 00:00:00-04:00,4.535845634216273,4.563006633270193,4.490577865407669,4.5086846351623535,944748,0.0,0.0
1983-06-28 00:00:00-04:00,4.508685681054458,4.5177395746851925,4.40004301071167,4.40004301071167,635700,0.0,0.0
1983-06-29 00:00:00-04:00,4.400043161661977,4.418150274006968,4.363828599203149,4.409096717834473,693402,0.0,0.0
1983-06-30 00:00:00-04:00,4.409094798324063,4.445309007248099,4.381933803862338,4.43625545501709,370662,0.0,0.0
1983-07-01 00:00:00-04:00,4.440783353123874,4.4543633460998535,4.41814913078055,4.4543633460998535,302202,0.0,0.0
1983-07-05 00:00:00-04:00,4.418150122435468,4.418150122435468,4.381935561219037,4.40004301071167,236676,0.0,0.0
1983-07-06 00:00:00-04:00,4.381936088522917,4.467945555098648,4.336668303766086,4.345722198486328,2133996,0.0,0.0
1983-07-07 00:00:00-04:00,4.327612758590395,4.33666631138231,4.2732914418389045,4.286871433258057,1042548,0.0,0.0
1983-07-08 00:00:00-04:00,4.345722469681413,4.445311602361308,4.345722469681413,4.390990257263184,1046460,0.0,0.0
1983-07-11 00:00:00-04:00,4.390985849295061,4.400039397722851,4.291396141052246,4.291396141052246,1146216,0.0,0.0
1983-07-12 00:00:00-04:00,4.300451287397453,4.300451287397453,4.246129980913093,4.273290634155273,1355508,0.0,0.0
1983-07-13 00:00:00-04:00,4.246134844239075,4.250661624964203,4.1827595763182375,4.20086669921875,977022,0.0,0.0
1983-07-14 00:00:00-04:00,4.1148555893338346,4.232552170514214,4.1148555893338346,4.132962703704834,2459670,0.0,0.0
1983-07-15 00:00:00-04:00,4.10127344271256,4.105800219306594,3.9881036900929856,4.019791126251221,894870,0.0,0.0
1983-07-18 00:00:00-04:00,4.019791907438998,4.0650596821764635,3.9745237949327312,4.037899017333984,1557954,0.0,0.0
1983-07-19 00:00:00-04:00,4.056008387262301,4.17370499512848,4.056008387262301,4.146543979644775,699270,0.0,0.0
1983-07-20 00:00:00-04:00,4.218971387860573,4.359302196144501,4.218971387860573,4.345722198486328,1554042,0.0,0.0
1983-07-21 00:00:00-04:00,4.381935193802879,4.472471420368265,4.36835519891752,4.440783977508545,1699764,0.0,0.0
1983-07-22 00:00:00-04:00,4.440784502207053,4.472471948810787,4.409096717834473,4.409096717834473,847926,0.0,0.0
1983-07-25 00:00:00-04:00,4.354775402543461,4.395516746451978,4.33666828870362,4.381936073303223,819564,0.0,0.0
1983-07-26 00:00:00-04:00,4.390988150997082,4.481523682732602,4.359300377120914,4.463416576385498,679710,0.0,0.0
1983-07-27 00:00:00-04:00,4.454364417532114,4.4815250855546935,4.318560739650373,4.3411946296691895,633744,0.0,0.0
1983-07-28 00:00:00-04:00,4.3049802759692035,4.318560609571441,4.164649486541748,4.164649486541748,498780,0.0,0.0
1983-07-29 00:00:00-04:00,4.155591961451493,4.164645508538514,4.02884196446469,4.12843132019043,1976538,0.0,0.0
1983-08-01 00:00:00-04:00,4.11938081435798,4.11938081435798,4.056005937960458,4.083166599273682,603426,0.0,0.0
1983-08-02 00:00:00-04:00,4.11937996433581,4.2008622692305995,4.11485318838436,4.151067733764648,456726,0.0,0.0
1983-08-03 00:00:00-04:00,4.160122754570137,4.160122754570137,4.092220748040999,4.110328197479248,1115898,0.0,0.0
1983-08-04 00:00:00-04:00,4.110327277593637,4.119380831402172,4.001684294122468,4.056005954742432,2228862,0.0,0.0
1983-08-05 00:00:00-04:00,4.06053239387794,4.069585947686474,4.037898509356605,4.056005954742432,866508,0.0,0.0
1983-08-08 00:00:00-04:00,4.046952767702336,4.046952767702336,3.9699972091637825,3.992631435394287,708072,0.0,0.0
1983-08-09 00:00:00-04:00,3.9926304666870194,4.0469517858154225,3.9926304666870194,4.019791126251221,1120788,0.0,0.0
1983-08-10 00:00:00-04:00,4.04242619095011,4.128435309148662,4.04242619095011,4.110328197479248,1353552,0.0,0.0
1983-08-11 00:00:00-04:00,4.155596627007922,4.250659653687477,4.151070186151011,4.241605758666992,803916,0.0,0.0
1983-08-12 00:00:00-04:00,4.241605383664749,4.372882627744416,4.241605383664749,4.282346725463867,1379958,0.0,0.0
1983-08-15 00:00:00-04:00,4.3095052959712445,4.390987602116528,4.273291087803871,4.327612400054932,1788762,0.0,0.0
1983-08-16 00:00:00-04:00,4.323085996244909,4.323085996244909,4.228023353852117,4.259710788726807,775554,0.0,0.0
1983-08-17 00:00:00-04:00,4.268767367130079,4.268767367130079,4.1284368611682805,4.146543979644775,2279718,0.0,0.0
1983-08-18 00:00:00-04:00,4.164649850350643,4.164649850350643,4.110328511196373,4.1148552894592285,796092,0.0,0.0
1983-08-19 00:00:00-04:00,4.110326284963045,4.128433388207306,4.074111740705845,4.12390661239624,487044,0.0,0.0
1983-08-22 00:00:00-04:00,4.1148552894592285,4.1737037446452145,4.065060390798954,4.1148552894592285,718830,0.0,0.0
1983-08-23 00:00:00-04:00,4.123910525199515,4.123910525199515,4.056008823607793,4.065062046051025,353058,0.0,0.0
1983-08-24 00:00:00-04:00,4.042425038635585,4.042425038635585,3.829665861630421,3.861353635787964,1504164,0.0,0.0
1983-08-25 00:00:00-04:00,3.8568289686862087,3.8568289686862087,3.693864245442805,3.7662930488586426,3391704,0.0,0.0
1983-08-26 00:00:00-04:00,3.8206137839233336,3.9066229108218473,3.793453113671867,3.9020957946777344,1735950,0.0,0.0
1983-08-29 00:00:00-04:00,3.8568278242376857,3.8839884907958093,3.843247153189801,3.870407819747925,918342,0.0,0.0
1983-08-30 00:00:00-04:00,3.874934680157018,3.9383099079132085,3.8568279065008872,3.938309907913208,1497318,0.0,0.0
1983-08-31 00:00:00-04:00,3.93831065089916,3.9564181035090296,3.9111499786376958,3.9111499786376953,1491450,0.0,0.0
1983-09-01 00:00:00-04:00,3.9473634636256882,4.0016851356693985,3.911149240775768,3.938309907913208,2564316,0.0,0.0
1983-09-02 00:00:00-04:00,3.9835779756263587,4.069586753845215,3.9835779756263587,4.069586753845215,3071898,0.0,0.0
1983-09-06 00:00:00-04:00,4.128434478677344,4.164648694731361,4.128434478677344,4.160121917724609,2030328,0.0,0.0
1983-09-07 00:00:00-04:00,4.160123885790033,4.160123885790033,4.04695406931425,4.105802536010742,1327146,0.0,0.0
1983-09-08 00:00:00-04:00,4.228023353852117,4.268764341548147,4.209916248209437,4.259710788726807,3076788,0.0,0.0
1983-09-09 00:00:00-04:00,4.304979131182401,4.40004177888769,4.101273505780887,4.155594825744629,2331552,0.0,3.0
1983-09-12 00:00:00-04:00,4.237077047033763,4.237077047033763,4.074112415313721,4.074112415313721,1607180,0.0,0.0
1983-09-13 00:00:00-04:00,4.074112138683553,4.304978740906009,4.060531809923769,4.237076759338379,730892,0.0,0.0
1983-09-14 00:00:00-04:00,4.209920406341553,4.26424177692273,4.196340063696258,4.209920406341553,498454,0.0,0.0
1983-09-15 00:00:00-04:00,4.20991697598324,4.20991697598324,4.0876936539975235,4.142014980316162,459660,0.0,0.0
1983-09-16 00:00:00-04:00,4.142015551474931,4.2099175565052835,4.142015551474931,4.1963372230529785,448902,0.0,0.0
1983-09-19 00:00:00-04:00,4.196335924040217,4.563006164821757,4.182755594791823,4.481523513793945,1845812,0.0,0.0
1983-09-20 00:00:00-04:00,4.495107650756836,4.522268330219993,4.237080182549889,4.495107650756836,1354530,0.0,0.0
1983-09-21 00:00:00-04:00,4.50868466907881,4.522265337592309,4.427202684610375,4.4543633460998535,870746,0.0,0.0
1983-09-22 00:00:00-04:00,4.440782605556735,4.644487870204571,4.440782605556735,4.6173272132873535,626898,0.0,0.0
1983-09-23 00:00:00-04:00,4.644488617125682,4.644488617125682,4.400041990021702,4.5086846351623535,862922,0.0,0.0
1983-09-26 00:00:00-04:00,4.535843380491471,4.59016501383976,4.454361099353331,4.467941761016846,474656,0.0,0.0
1983-09-27 00:00:00-04:00,4.467945017444748,4.495105685030445,4.372882343125974,4.40004301071167,696662,0.0,0.0
1983-09-28 00:00:00-04:00,4.400039803773631,4.481521747143182,4.386459142110117,4.467941761016846,364142,0.0,0.0
1983-09-29 00:00:00-04:00,4.4951046422885295,4.549425964858855,4.427202651306865,4.5086846351623535,264712,0.0,0.0
1983-09-30 00:00:00-04:00,4.535845634216273,4.549425964858855,4.454363312592028,4.5086846351623535,451184,0.0,0.0
1983-10-03 00:00:00-04:00,4.5086876527194315,4.5086876527194315,4.427205614329958,4.495107650756836,587452,0.0,0.0
1983-10-04 00:00:00-04:00,4.495104883277188,4.603747534242319,4.427202888655206,4.56300687789917,687860,0.0,0.0
1983-10-05 00:00:00-04:00,4.563009669046601,4.725974082946777,4.454366276087841,4.725974082946777,1169688,0.0,0.0
1983-10-06 00:00:00-04:00,4.807451933703418,5.011157512664795,4.780291279913545,5.011157512664795,2443044,0.0,0.0
1983-10-07 00:00:00-04:00,5.160543878817684,5.160543878817684,4.997579203724005,5.038320541381836,2035870,0.0,0.0
1983-10-10 00:00:00-04:00,4.970418076360645,5.038320074316457,4.902516416173626,5.024739742279053,692098,0.0,0.0
1983-10-11 00:00:00-04:00,4.997581009466661,4.997581009466661,4.861777289665423,4.875357627868652,590060,0.0,0.0
1983-10-12 00:00:00-04:00,4.7938770458300235,4.807457388132901,4.698814311940834,4.753135681152344,1144260,0.0,0.0
1983-10-13 00:00:00-04:00,4.766712188720703,4.807453520622712,4.712390863209726,4.766712188720703,599188,0.0,0.0
1983-10-14 00:00:00-04:00,4.766712707923156,4.766712707923156,4.671650040155703,4.712391376495361,458356,0.0,0.0
1983-10-17 00:00:00-04:00,4.739552891956163,4.7531332272479085,4.345722155188928,4.535847187042236,3564484,0.0,0.0
1983-10-18 00:00:00-04:00,4.563006164821757,4.644488140312123,4.481523513793945,4.481523513793945,1282484,0.0,0.0
1983-10-19 00:00:00-04:00,4.45436389102217,4.563007225808428,4.400042561397841,4.549426555633545,1188270,0.0,0.0
1983-10-20 00:00:00-04:00,4.563007185605549,4.617328514751273,4.53584618326389,4.603747844696045,528772,0.0,0.0
1983-10-21 00:00:00-04:00,4.590168395202912,4.630909396899685,4.454364380675995,4.522266387939453,902368,0.0,0.0
1983-10-24 00:00:00-04:00,4.5358476585689225,4.671651363372803,4.467945975051436,4.671651363372803,619726,0.0,0.0
1983-10-25 00:00:00-04:00,4.644491179808555,4.712393208256404,4.630910841672773,4.658071517944336,1392020,0.0,0.0
1983-10-26 00:00:00-04:00,4.658068947768264,4.658068947768264,4.4679439810033665,4.5086846351623535,574086,0.0,0.0
1983-10-27 00:00:00-04:00,4.508686178689873,4.549427522333982,4.427204166939401,4.535847187042236,533662,0.0,0.0
1983-10-28 00:00:00-04:00,4.576586660571265,4.590167329084764,4.4543633460998535,4.4543633460998535,198534,0.0,0.0
1983-10-31 00:00:00-05:00,4.4815225766919315,4.508683229509334,4.400040618239728,4.427201271057129,497802,0.0,0.0
1983-11-01 00:00:00-05:00,4.400041114713833,4.413621104886166,4.34571980294974,4.372880458831787,945726,0.0,0.0
1983-11-02 00:00:00-05:00,4.386462339149986,4.467945017444748,4.386462339149986,4.40004301071167,506930,0.0,0.0
1983-11-03 00:00:00-05:00,4.427203678297367,4.454364345883064,4.372882343125974,4.40004301071167,319154,0.0,0.0
1983-11-04 00:00:00-05:00,4.40004301071167,4.413623006735683,4.372882343125974,4.40004301071167,198534,0.0,0.0
1983-11-07 00:00:00-05:00,4.304980742045415,4.372882755176808,4.264239399059033,4.31856107711792,644502,0.0,0.0
1983-11-08 00:00:00-05:00,4.372883611227429,4.413624286651611,4.345722935765353,4.413624286651611,391200,0.0,0.0
1983-11-09 00:00:00-05:00,4.2642408287181555,4.332142864614859,4.237080149467067,4.3049821853637695,3780296,0.0,0.0
1983-11-10 00:00:00-05:00,4.304980854436304,4.427204211048624,4.291400181240379,4.345722198486328,1128938,0.0,0.0
1983-11-11 00:00:00-05:00,4.345721193485056,4.603747844696045,4.332140523429827,4.603747844696045,1488190,0.0,0.0
1983-11-14 00:00:00-05:00,4.6173272132873535,4.69880952180771,4.603746547060042,4.6173272132873535,498128,0.0,0.0
1983-11-15 00:00:00-05:00,4.563007225808428,4.617328555432756,4.508685220646498,4.549426555633545,166912,0.0,0.0
1983-11-16 00:00:00-05:00,4.5086876527194315,4.563009687183713,4.467946971293678,4.495107650756836,781096,0.0,0.0
1983-11-17 00:00:00-05:00,4.38646125793457,4.467943916144735,4.318559605707353,4.38646125793457,866182,0.0,0.0
1983-11-18 00:00:00-05:00,4.413620494742583,4.413620494742583,4.3185582122969315,4.332138538360596,497802,0.0,0.0
1983-11-21 00:00:00-05:00,4.3185582122969315,4.359299190487925,4.29139722240096,4.332138538360596,575064,0.0,0.0
1983-11-22 00:00:00-05:00,4.345722935765353,4.413624286651611,4.345722935765353,4.413624286651611,872376,0.0,0.0
1983-11-23 00:00:00-05:00,4.413621529783251,4.481523513793945,4.4000415383035785,4.481523513793945,570174,0.0,0.0
1983-11-25 00:00:00-05:00,4.467943274530117,4.5901665687561035,4.45436260826616,4.5901665687561035,485740,0.0,0.0
1983-11-28 00:00:00-05:00,4.563006633270193,4.563006633270193,4.4679439810033665,4.5086846351623535,567892,0.0,0.0
1983-11-29 00:00:00-05:00,4.535845358353835,4.6580686644724105,4.508684360951801,4.644488334655762,841406,0.0,0.0
1983-11-30 00:00:00-05:00,4.644487882737119,4.644487882737119,4.4000412942851455,4.5901665687561035,971806,0.0,0.0
1983-12-01 00:00:00-05:00,4.481525508106382,4.535847187042236,4.467945510583509,4.535847187042236,1181424,0.0,0.0
1983-12-02 00:00:00-05:00,4.522264760234861,4.522264760234861,4.291398153742752,4.359300136566162,974740,0.0,0.0
1983-12-05 00:00:00-05:00,4.291400069204043,4.31856107711792,4.182757388624002,4.31856107711792,1738884,0.0,0.0
1983-12-06 00:00:00-05:00,4.332140019518992,4.359300680932549,4.237077366802783,4.25065803527832,664062,0.0,0.0
1983-12-07 00:00:00-05:00,4.1963338825604435,4.30497680146249,4.1827535599187575,4.291396141052246,1037332,0.0,0.0
1983-12-08 00:00:00-05:00,4.318557124104176,4.345718107156107,4.291396141052246,4.291396141052246,311004,0.0,0.0
1983-12-09 00:00:00-05:00,4.304977886233267,4.359299190487925,4.29139722240096,4.332138538360596,503996,0.0,0.0
1983-12-12 00:00:00-05:00,4.332137446745863,4.332137446745863,4.250655510895746,4.291396141052246,479546,0.0,0.0
1983-12-13 00:00:00-05:00,4.277819982459759,4.291399979479467,4.101274954670661,4.1148552894592285,1079060,0.0,0.0
1983-12-14 00:00:00-05:00,3.992632879195897,4.2506603142725385,3.992632879195897,4.10127592086792,2033588,0.0,0.0
1983-12-15 00:00:00-05:00,4.12843132019043,4.169172282082025,4.1012706789293665,4.12843132019043,974740,0.0,0.0
1983-12-16 00:00:00-05:00,4.1420145942577715,4.237077244223811,4.128434263943873,4.223496913909912,879874,0.0,0.0
1983-12-19 00:00:00-05:00,4.2506608268615915,4.3593035438659475,4.237080149467067,4.3049821853637695,1095686,0.0,0.0
1983-12-20 00:00:00-05:00,4.291400069204043,4.31856107711792,4.237078728914022,4.31856107711792,737412,0.0,0.0
1983-12-21 00:00:00-05:00,4.318559056512018,4.3321393852304375,4.264237403869629,4.264237403869629,686882,0.0,0.0
1983-12-22 00:00:00-05:00,4.264237904851608,4.33213989418985,4.1420145942577715,4.223496913909912,822824,0.0,0.0
1983-12-23 00:00:00-05:00,4.223497889957589,4.223497889957589,4.142015551474931,4.1963372230529785,518340,0.0,0.0
1983-12-27 00:00:00-05:00,4.19633963240348,4.277822017669678,4.1691786121354,4.277822017669678,437818,0.0,0.0
1983-12-28 00:00:00-05:00,4.291402021150186,4.304982700168736,4.250661335170618,4.277822017669678,403914,0.0,0.0
1983-12-29 00:00:00-05:00,4.31856107711792,4.386462752480446,4.304980742045415,4.31856107711792,629832,0.0,0.0
1983-12-30 00:00:00-05:00,4.345722198486328,4.359302196144501,4.318561189863353,4.345722198486328,339040,0.0,0.0
1984-01-03 00:00:00-05:00,4.359300693117921,4.481524007589332,4.359300693117921,4.4543633460998535,1779308,0.0,0.0
1984-01-04 00:00:00-05:00,4.440783557794622,4.5901675406404525,4.440783557794622,4.56300687789917,1562518,0.0,0.0
1984-01-05 00:00:00-05:00,4.563005911765597,4.753130848467851,4.522264588511132,4.5901665687561035,1923074,0.0,0.0
1984-01-06 00:00:00-05:00,4.590167850178411,4.644489179324136,4.563007185605549,4.603747844696045,1212720,0.0,0.0
1984-01-09 00:00:00-05:00,4.576588192917472,4.59016886597809,4.495106181167,4.535847187042236,515080,0.0,0.0
1984-01-10 00:00:00-05:00,4.549427522333982,4.59016886597809,4.508686178689873,4.535847187042236,635048,0.0,0.0
1984-01-11 00:00:00-05:00,4.522265337592309,4.563006667595285,4.4543633460998535,4.4543633460998535,1073844,0.0,0.0
1984-01-12 00:00:00-05:00,4.454361099353331,4.535843380491471,4.427200451563482,4.467941761016846,370988,0.0,0.0
1984-01-13 00:00:00-05:00,4.5086876527194315,4.522268330219993,4.427205614329958,4.495107650756836,451184,0.0,0.0
1984-01-16 00:00:00-05:00,4.467945017444748,4.481525013468762,4.40004301071167,4.40004301071167,570174,0.0,0.0
1984-01-17 00:00:00-05:00,4.40004301071167,4.40004301071167,4.359301671564289,4.40004301071167,660802,0.0,0.0
1984-01-18 00:00:00-05:00,4.427202024028086,4.440782690515215,4.264237403869629,4.264237403869629,1061782,0.0,0.0
1984-01-19 00:00:00-05:00,4.291402462213319,4.291402462213319,4.142018355346026,4.209920406341553,1361050,0.0,0.0
1984-01-20 00:00:00-05:00,4.209920406341553,4.223500748986847,4.182759721050965,4.209920406341553,495194,0.0,0.0
1984-01-23 00:00:00-05:00,4.2099175565052835,4.250658894631026,4.128435218022626,4.1963372230529785,1241082,0.0,0.0
1984-01-24 00:00:00-05:00,4.196337073342471,4.196337073342471,4.019792069223356,4.033372402191162,815000,0.0,0.0
1984-01-25 00:00:00-05:00,4.046953134478692,4.1148551437865475,3.965470790863037,3.965470790863037,1539372,0.0,0.0
1984-01-26 00:00:00-05:00,4.019793527662018,4.033373865556966,3.8025071080360426,3.8839898109436035,2052170,0.0,0.0
1984-01-27 00:00:00-05:00,3.911147113697315,3.9790490823812408,3.870405797379501,3.924727439880371,1981102,0.0,0.0
1984-01-30 00:00:00-05:00,4.01979246586309,4.01979246586309,3.9247297879396337,3.965470790863037,1454938,0.0,0.0
1984-01-31 00:00:00-05:00,3.965471364745891,4.074114392699963,3.951891028472744,4.0062127113342285,1220218,0.0,0.0
1984-02-01 00:00:00-05:00,4.060532115597523,4.074112445379623,3.9790501369049185,4.019791126251221,609946,0.0,0.0
1984-02-02 00:00:00-05:00,4.019792101548311,4.046952767702336,3.9247294322404085,3.992631435394287,1376372,0.0,0.0
1984-02-03 00:00:00-05:00,4.019791236417469,4.033371566571752,3.734603627640043,3.7617642879486084,1486560,0.0,0.0
1984-02-06 00:00:00-05:00,3.6938630677501707,3.883988404994625,3.680282397002297,3.8025057315826416,1948828,0.0,0.0
1984-02-07 00:00:00-05:00,3.870407902300778,3.9518902414819284,3.7889259008884566,3.938309907913208,1814190,0.0,0.0
1984-02-08 00:00:00-05:00,3.9654719892023023,3.9654719892023023,3.816087928904771,3.8432486057281494,826084,0.0,0.0
1984-02-09 00:00:00-05:00,3.8160842676672315,3.8160842676672315,3.666700350692008,3.7210216522216797,2039782,0.0,0.0
1984-02-10 00:00:00-05:00,3.7617647634892246,3.7889254272312844,3.666702102623227,3.7074427604675293,1744426,0.0,0.0
1984-02-13 00:00:00-05:00,3.6802818037403666,3.707442465320182,3.5987998190009205,3.6395411491394043,569848,0.0,0.0
1984-02-14 00:00:00-05:00,3.6123799959749747,3.7346036434173584,3.5987996657633206,3.7346036434173584,1167406,0.0,0.0
1984-02-15 00:00:00-05:00,3.7346014579243643,3.7889227469821027,3.6531188488006596,3.653118848800659,771316,0.0,0.0
1984-02-16 00:00:00-05:00,3.625960915182147,3.7346042500607326,3.625960915182147,3.6938629150390625,445642,0.0,0.0
1984-02-17 00:00:00-05:00,3.680279493329529,3.721020797891381,3.6123778820073555,3.653118848800659,647110,0.0,0.0
1984-02-21 00:00:00-05:00,3.598797180819851,3.639538481091987,3.5716365391507687,3.585216522216797,756320,0.0,0.0
1984-02-22 00:00:00-05:00,3.6259604805807357,3.7210231338788504,3.585219150442252,3.6395411491394043,946378,0.0,0.0
1984-02-23 00:00:00-05:00,3.6259617345792208,3.8568284511566167,3.585220390350797,3.856828451156616,1165776,0.0,0.0
1984-02-24 00:00:00-05:00,3.856829997818703,4.0605354495750685,3.82966897818471,4.046955108642578,1498948,0.0,0.0
1984-02-27 00:00:00-05:00,4.019792101548311,4.033372434625323,3.9247294322404085,3.992631435394287,783052,0.0,0.0
1984-02-28 00:00:00-05:00,3.9518901571911194,3.9518901571911194,3.8568278242376857,3.870407819747925,719482,0.0,0.0
1984-02-29 00:00:00-05:00,3.8839884907958093,3.9247294906329957,3.829666819910739,3.870407819747925,528120,0.0,0.0
1984-03-01 00:00:00-05:00,3.883988404994625,3.911149070952743,3.788925736372398,3.8025057315826416,918342,0.0,0.0
1984-03-02 00:00:00-05:00,3.816087928904771,3.8704092825515275,3.816087928904771,3.8432486057281494,1068628,0.0,0.0
1984-03-05 00:00:00-05:00,3.8160842676672315,3.8160842676672315,3.7074409890706357,3.7210216522216797,591038,0.0,0.0
1984-03-06 00:00:00-05:00,3.707443808245699,3.7210244817236147,3.6123814582824707,3.6123814582824707,1225760,0.0,0.0
1984-03-07 00:00:00-05:00,3.5716413911798917,3.5716413911798917,3.4629980013758823,3.503739356994629,1109378,0.0,0.0
1984-03-08 00:00:00-05:00,3.4765784740447994,3.5173194894994655,3.4358371208211818,3.4765784740448,1296176,0.0,0.0
1984-03-09 00:00:00-05:00,3.4494153538396666,3.462995684035345,3.3271920443098155,3.3679330348968506,1039288,0.0,0.0
1984-03-12 00:00:00-05:00,3.340774610057587,3.503739356994629,3.340774610057587,3.503739356994629,1412232,0.0,0.0
1984-03-13 00:00:00-05:00,3.5308984176888254,3.612380753821802,3.5173180846281324,3.5988004207611084,2470754,0.0,0.0
1984-03-14 00:00:00-05:00,3.5580594539642334,3.598800795153556,3.517318450543763,3.5580594539642334,1596096,0.0,0.0
1984-03-15 00:00:00-05:00,3.517318450543763,3.5852201229112137,3.517318450543763,3.5580594539642334,570826,0.0,0.0
1984-03-16 00:00:00-05:00,3.6802818037403666,3.6802818037403666,3.612380149790828,3.6395411491394043,1687702,0.0,0.0
1984-03-19 00:00:00-05:00,3.5580594539642334,3.5580594539642334,3.517318450543763,3.5580594539642334,747518,0.0,0.0
1984-03-20 00:00:00-05:00,3.5580597188203384,3.5852203897891144,3.5308990478515625,3.5308990478515625,600818,0.0,0.0
1984-03-21 00:00:00-05:00,3.530900035561145,3.5580607141276617,3.4494176620926242,3.503739356994629,513776,0.0,0.0
1984-03-22 00:00:00-05:00,3.5037378545808857,3.5037378545808857,3.3679338444435443,3.422255516052246,604404,0.0,0.0
1984-03-23 00:00:00-05:00,3.3950939253458903,3.435834914640397,3.272870619693635,3.3815135955810547,1146216,0.0,0.0
1984-03-26 00:00:00-05:00,3.3950948491323087,3.4765771876609484,3.340773177523607,3.422255516052246,565936,0.0,0.0
1984-03-27 00:00:00-05:00,3.4086751825922774,3.449416182972184,3.3950948491323087,3.422255516052246,549962,0.0,0.0
1984-03-28 00:00:00-05:00,3.3950936129057103,3.625959873199463,3.367932618106848,3.625959873199463,2526826,0.0,0.0
1984-03-29 00:00:00-05:00,3.5987998190009205,3.7346038024375185,3.571639157421105,3.6395411491394043,1285092,0.0,0.0
1984-03-30 00:00:00-05:00,3.6531245286199394,3.7074459021356763,3.639544523010079,3.6802852153778076,745562,0.0,0.0
1984-04-02 00:00:00-05:00,3.6938597644301514,3.7210204060992336,3.5037345972095504,3.585216522216797,855424,0.0,0.0
1984-04-03 00:00:00-05:00,3.5852203897891144,3.6123813985267677,3.5308990478515625,3.5308990478515625,810110,0.0,0.0
1984-04-04 00:00:00-05:00,3.5308952388786325,3.639538481091987,3.5308952388786325,3.585216522216797,1045808,0.0,0.0
1984-04-05 00:00:00-05:00,3.639542781302161,3.6667034550622537,3.530899410723966,3.544480085372925,1178816,0.0,0.0
1984-04-06 00:00:00-05:00,3.530897024838912,3.598799001125576,3.530897024838912,3.571638345718384,358274,0.0,0.0
1984-04-09 00:00:00-05:00,3.612383498483137,3.6802852153778076,3.585222473956195,3.6802852153778076,478568,0.0,0.0
1984-04-10 00:00:00-05:00,3.707443341175406,3.7617653527057193,3.6938633449460885,3.7481846809387207,1625436,0.0,0.0
1984-04-11 00:00:00-05:00,3.7617617063713698,3.7617617063713698,3.585216522216797,3.585216522216797,590712,0.0,0.0
1984-04-12 00:00:00-05:00,3.585220560424551,3.9111499786376958,3.5716405620627123,3.9111499786376953,1212720,0.0,0.0
1984-04-13 00:00:00-05:00,3.8160866886983515,3.9247296984524565,3.7481846809387207,3.7481846809387207,859662,0.0,0.0
1984-04-16 00:00:00-05:00,3.748185255402396,3.802506599720561,3.734605257091747,3.788926601409912,638960,0.0,0.0
1984-04-17 00:00:00-05:00,3.8025058155837925,3.9383098239120575,3.8025058155837925,3.870407819747925,1290634,0.0,0.0
1984-04-18 00:00:00-05:00,3.911150486733499,3.9790525139771753,3.8839898109436035,3.8839898109436035,1178816,0.0,0.0
1984-04-19 00:00:00-05:00,3.9111499786376958,3.9518909870298917,3.856828634114767,3.9111499786376953,985498,0.0,0.0
1984-04-23 00:00:00-05:00,3.9247308246284467,3.951891500418342,3.8839898109436035,3.8839898109436035,836190,0.0,0.0
1984-04-24 00:00:00-05:00,3.8704086324766056,3.9790519970602496,3.8704086324766056,3.9111499786376953,675146,0.0,0.0
1984-04-25 00:00:00-05:00,3.9247284800077806,4.019791126251221,3.8975674826748437,4.019791126251221,876288,0.0,0.0
1984-04-26 00:00:00-05:00,4.060534569135324,4.1555972728194615,4.0333738931595535,4.10127592086792,1783546,0.0,0.0
1984-04-27 00:00:00-05:00,4.101273419936883,4.101273419936883,4.060532093048096,4.060532093048096,599840,0.0,0.0
1984-04-30 00:00:00-04:00,4.046951755949959,4.101273412446217,4.033371426268077,4.074112415313721,420540,0.0,0.0
1984-05-01 00:00:00-04:00,4.074112415313721,4.101273412446217,4.046951755949959,4.074112415313721,691120,0.0,0.0
1984-05-02 00:00:00-04:00,4.114853742128098,4.114853742128098,4.074112415313721,4.074112415313721,744258,0.0,0.0
1984-05-03 00:00:00-04:00,4.08769410470219,4.08769410470219,3.965470431471445,3.992631435394287,385984,0.0,0.0
1984-05-04 00:00:00-04:00,4.006212669321714,4.006212669321714,3.89756930473807,3.9111499786376953,228852,0.0,0.0
1984-05-07 00:00:00-04:00,3.8568284511566167,3.8975691198472853,3.8160871069281925,3.856828451156616,573760,0.0,0.0
1984-05-08 00:00:00-04:00,3.88398878501623,3.9790514629396867,3.88398878501623,3.965470790863037,164304,0.0,0.0
1984-05-09 00:00:00-04:00,3.9790512463881984,3.9926315799569188,3.8839885736383275,3.938309907913208,315568,0.0,0.0
1984-05-10 00:00:00-04:00,3.9111509845902583,4.006213699724517,3.9111509845902583,3.979053020477295,514102,0.0,0.0
1984-05-11 00:00:00-04:00,3.965470431471445,4.0062117684712995,3.911149099163396,3.992631435394287,721764,0.0,0.0
1984-05-14 00:00:00-04:00,3.979051628184907,4.101274979799754,3.92472995092894,4.0876946449279785,692424,0.0,0.0
1984-05-15 00:00:00-04:00,4.074113947324666,4.196337635959494,4.006212273381828,4.1148552894592285,1849072,0.0,0.0
1984-05-16 00:00:00-04:00,4.142016411834595,4.142016411834595,3.979052038787935,4.0062127113342285,816956,0.0,0.0
1984-05-17 00:00:00-04:00,3.992632851872123,3.992632851872123,3.8296681215948754,3.8839898109436035,601144,0.0,0.0
1984-05-18 00:00:00-04:00,3.8704092825515275,3.911150635555545,3.82966826731646,3.8432486057281494,361860,0.0,0.0
1984-05-21 00:00:00-04:00,3.856829135153708,3.911150486733499,3.843248459489823,3.8839898109436035,499758,0.0,0.0
1984-05-22 00:00:00-04:00,3.859440940986354,3.8730788351313534,3.7639777171235655,3.818527936935425,958766,0.046012,0.0
1984-05-23 00:00:00-04:00,3.8185270010328227,3.845802443445707,3.7912518978118896,3.7912518978118896,595602,0.0,0.0
1984-05-24 00:00:00-04:00,3.791251099829126,3.791251099829126,3.7094258073889197,3.7503387928009033,587126,0.0,0.0
1984-05-25 00:00:00-04:00,3.6685115224097515,3.7503374642469463,3.6685115224097515,3.7366995811462402,417606,0.0,0.0
1984-05-29 00:00:00-04:00,3.7366995811462402,3.763974668964132,3.695786610227643,3.7366995811462402,459334,0.0,0.0
1984-05-30 00:00:00-04:00,3.763973895030212,3.763973895030212,3.5594104392658226,3.600322723388672,1547522,0.0,0.0
1984-05-31 00:00:00-04:00,3.6003239345460587,3.695787093585705,3.586686728045314,3.682149887084961,751430,0.0,0.0
1984-06-01 00:00:00-04:00,3.736701364641269,3.7776143550872803,3.723063475031317,3.7776143550872803,517362,0.0,0.0
1984-06-04 00:00:00-04:00,3.8048894253686876,3.873077516103183,3.8048894253686876,3.8321645259857178,798048,0.0,0.0
1984-06-05 00:00:00-04:00,3.832166894159965,3.845804452896118,3.8185289962316826,3.845804452896118,784682,0.0,0.0
1984-06-06 00:00:00-04:00,3.845804452896118,3.8594420116322716,3.7639787612870697,3.845804452896118,527142,0.0,0.0
1984-06-07 00:00:00-04:00,3.8321658310804243,3.845803386033389,3.818527936935425,3.818527936935425,769686,0.0,0.0
1984-06-08 00:00:00-04:00,3.8048919306342928,3.9139924049377446,3.8048919306342928,3.913992404937744,1557302,0.0,0.0
1984-06-11 00:00:00-04:00,3.927629258275351,3.968541925252281,3.9003541469573975,3.9003541469573975,452162,0.0,0.0
1984-06-12 00:00:00-04:00,3.8730798934924304,3.8867171129798783,3.818528980389873,3.8594419956207275,989084,0.0,0.0
1984-06-13 00:00:00-04:00,3.9139913634243215,3.927629258275351,3.8594411407884146,3.9003541469573975,433254,0.0,0.0
1984-06-14 00:00:00-04:00,3.9276288009552816,3.9412663550263467,3.8594406914079427,3.8730785846710205,801308,0.0,0.0
1984-06-15 00:00:00-04:00,3.8730788351313534,3.900353945037283,3.8048907211744947,3.818527936935425,746540,0.0,0.0
1984-06-18 00:00:00-04:00,3.818527613579873,3.9685413837432857,3.804890398973752,3.968541383743286,1591532,0.0,0.0
1984-06-19 00:00:00-04:00,3.9685407353692685,4.091279038691628,3.9549031837992232,4.077641487121582,1656732,0.0,0.0
1984-06-20 00:00:00-04:00,4.023095080334722,4.254934354363148,3.9958199514354407,4.227659225463867,1891778,0.0,0.0
1984-06-21 00:00:00-04:00,4.254933438514841,4.350396708306711,4.241295877000602,4.295846462249756,2706778,0.0,0.0
1984-06-22 00:00:00-04:00,4.2549310060326935,4.268568898942545,4.200380791161303,4.21401834487915,1326820,0.0,0.0
1984-06-25 00:00:00-04:00,4.2549310060326935,4.268568898942545,4.1594677908157545,4.21401834487915,1310846,0.0,0.0
1984-06-26 00:00:00-04:00,4.20038068581177,4.214018239187575,4.159467686492359,4.173105239868164,524208,0.0,0.0
1984-06-27 00:00:00-04:00,4.186744775481272,4.200382674506011,4.118556976318359,4.118556976318359,511494,0.0,0.0
1984-06-28 00:00:00-04:00,4.104920806224834,4.241296789913508,4.091282902582923,4.227659225463867,755342,0.0,0.0
1984-06-29 00:00:00-04:00,4.22765537356819,4.323118576929637,4.22765537356819,4.282205581665039,939858,0.0,0.0
1984-07-02 00:00:00-04:00,4.254934354363148,4.268572258005059,4.1867461929226755,4.227659225463867,1440268,0.0,0.0
1984-07-03 00:00:00-04:00,4.2412910428966395,4.295841565970645,4.2412910428966395,4.2549285888671875,689490,0.0,0.0
1984-07-05 00:00:00-04:00,4.28220525071874,4.295843140880923,4.254930148778247,4.26856803894043,778162,0.0,0.0
1984-07-06 00:00:00-04:00,4.227652892827133,4.241290436848982,4.173102377547976,4.186739921569824,768382,0.0,0.0
1984-07-09 00:00:00-04:00,4.186742054735078,4.295843140880923,4.173104503764832,4.26856803894043,384354,0.0,0.0
1984-07-10 00:00:00-04:00,4.29584301816872,4.3094802295574794,4.241292476654053,4.241292476654053,1109378,0.0,0.0
1984-07-11 00:00:00-04:00,4.22765579256338,4.241293345939185,4.145830133116554,4.173105239868164,392830,0.0,0.0
1984-07-12 00:00:00-04:00,4.0912758369396975,4.1731014215168285,4.0912758369396975,4.14582633972168,632766,0.0,0.0
1984-07-13 00:00:00-04:00,4.145830619006591,4.200381178095115,4.132193064032469,4.159468173980713,815978,0.0,0.0
1984-07-16 00:00:00-04:00,4.145830619006591,4.173105728954836,4.118555509058346,4.159468173980713,517362,0.0,0.0
1984-07-17 00:00:00-04:00,4.159467686492359,4.186742793243969,4.118555026364944,4.173105239868164,852490,0.0,0.0
1984-07-18 00:00:00-04:00,4.1731014215168285,4.1731014215168285,4.104913717028957,4.14582633972168,327304,0.0,0.0
1984-07-19 00:00:00-04:00,4.241296789913508,4.29584738690434,4.214021661014227,4.227659225463867,1739862,0.0,0.0
1984-07-20 00:00:00-04:00,4.2140202343385935,4.2140202343385935,4.091281517461038,4.118556976318359,1071562,0.0,0.0
1984-07-23 00:00:00-04:00,4.036732630292873,4.104920791488556,4.02309506589219,4.064007759094238,754364,0.0,0.0
1984-07-24 00:00:00-04:00,4.064004463705161,4.091279570389895,3.995816696993326,4.009454250335693,631136,0.0,0.0
1984-07-25 00:00:00-04:00,3.9958162128431787,4.0230913162231445,3.9276281152013097,4.0230913162231445,783052,0.0,0.0
1984-07-26 00:00:00-04:00,4.036729840021578,4.159468173980713,4.036729840021578,4.159468173980713,957462,0.0,0.0
1984-07-27 00:00:00-04:00,4.173104503764832,4.309480352659234,4.173104503764832,4.26856803894043,1028856,0.0,0.0
1984-07-30 00:00:00-04:00,4.28220520202037,4.473131591816429,4.268567990397145,4.350393295288086,1125352,0.0,0.0
1984-07-31 00:00:00-04:00,4.350394226940248,4.404944441882995,4.323119119468874,4.377669334411621,1073518,0.0,0.0
1984-08-01 00:00:00-04:00,4.37766728453361,4.609506607055664,4.37766728453361,4.609506607055664,1423316,0.0,0.0
1984-08-02 00:00:00-04:00,4.636783491879048,4.67769614972359,4.527682392576316,4.595870494842529,1739862,0.0,0.0
1984-08-03 00:00:00-04:00,4.827712569040356,4.909538269042969,4.7049741886325185,4.909538269042969,2550624,0.0,0.0
1984-08-06 00:00:00-04:00,4.882258924855902,5.1277358295422255,4.732245543540838,4.814071178436279,2414356,0.0,0.0
1984-08-07 00:00:00-04:00,4.691336756906685,4.8549881732236,4.691336756906685,4.800437927246094,1670750,0.0,0.0
1984-08-08 00:00:00-04:00,4.882260277976348,4.895897831039926,4.74588440814858,4.759521961212158,1118180,0.0,0.0
1984-08-09 00:00:00-04:00,4.759522469535161,4.909536247640156,4.704972251454817,4.882260799407959,639612,0.0,0.0
1984-08-10 00:00:00-04:00,5.0050014590763015,5.0186386798281974,4.841350061363317,4.854987621307373,1262598,0.0,0.0
1984-08-13 00:00:00-04:00,4.8004344606623315,4.841347115600814,4.664058265816818,4.786796569824219,912148,0.0,0.0
1984-08-14 00:00:00-04:00,4.8169026914034925,4.830587027637401,4.693742984587163,4.775849342346191,859010,0.046012,0.0
1984-08-15 00:00:00-04:00,4.7484820252045745,4.830588406398656,4.721113344925105,4.789535045623779,848904,0.0,0.0
1984-08-16 00:00:00-04:00,4.8032164171008755,4.912691410912615,4.8032164171008755,4.844269752502441,1233910,0.0,0.0
1984-08-17 00:00:00-04:00,4.885325369524145,4.940063065985708,4.857956691471186,4.9263787269592285,1167732,0.0,0.0
1984-08-20 00:00:00-04:00,4.940062803128643,4.981115818023682,4.912693786176325,4.981115818023682,753060,0.0,0.0
1984-08-21 00:00:00-04:00,4.9811151742124755,5.035852520331035,4.8442714685604935,4.885324478149414,1000168,0.0,0.0
1984-08-22 00:00:00-04:00,4.871640398841472,4.9674310999622655,4.81690304983279,4.830587387084961,1288678,0.0,0.0
1984-08-23 00:00:00-04:00,4.816903674391747,4.940063065985708,4.816903674391747,4.9263787269592285,770012,0.0,0.0
1984-08-24 00:00:00-04:00,4.926377222046202,4.953745891738562,4.844270872613583,4.912692546844482,984846,0.0,0.0
1984-08-27 00:00:00-04:00,4.830588408137825,4.844272748282488,4.7758507072035075,4.816904067993164,516058,0.0,0.0
1984-08-28 00:00:00-04:00,4.816903867565701,4.899009905017306,4.8032191876347765,4.857956886291504,1248906,0.0,0.0
1984-08-29 00:00:00-04:00,4.953748898298279,5.049539640714984,4.9263802119951485,5.008486270904541,1545240,0.0,0.0
1984-08-30 00:00:00-04:00,5.022173173535636,5.035857182377943,4.953751087188721,4.953751087188721,851838,0.0,0.0
1984-08-31 00:00:00-04:00,4.9263802119951485,5.008486270904541,4.9263802119951485,5.008486270904541,459986,0.0,0.0
1984-09-04 00:00:00-04:00,4.967430837682836,4.967430837682836,4.885324478149414,4.885324478149414,507582,0.0,0.0
1984-09-05 00:00:00-04:00,4.885325498445219,4.899009837832821,4.844272480282414,4.871641159057617,599188,0.0,0.0
1984-09-06 00:00:00-04:00,4.9263787269592285,4.981116083065147,4.912694047577105,4.9263787269592285,550288,0.0,0.0
1984-09-07 00:00:00-04:00,5.00848489328929,5.00848489328929,4.871641159057617,4.871641159057617,690468,0.0,0.0
1984-09-10 00:00:00-04:00,4.73479768506484,4.857957086678125,4.73479768506484,4.789535045623779,765122,0.0,0.0
1984-09-11 00:00:00-04:00,4.871641159057617,4.899009837832821,4.844272480282414,4.871641159057617,690468,0.0,0.0
1984-09-12 00:00:00-04:00,4.844271877018794,4.8990092277526855,4.83058753933532,4.8990092277526855,974740,0.0,0.0
1984-09-13 00:00:00-04:00,4.88532617602559,5.090592316376387,4.87164183474001,5.076907634735107,1248254,0.0,0.0
1984-09-14 00:00:00-04:00,5.117960584539033,5.117960584539033,4.994801182585506,5.035853862762451,892588,0.0,0.0
1984-09-17 00:00:00-04:00,5.063222684510761,5.11796038342564,5.049538344870956,5.104275703430176,1416796,0.0,0.0
1984-09-18 00:00:00-04:00,5.145326141542539,5.295854132476599,5.131641469316292,5.254800796508789,1930572,0.0,0.0
1984-09-19 00:00:00-04:00,5.254803227336851,5.336909937254348,5.145328521728516,5.145328521728516,1963172,0.0,0.0
1984-09-20 00:00:00-04:00,5.159010133057854,5.254800796508789,5.159010133057854,5.254800796508789,1989904,0.0,0.0
1984-09-21 00:00:00-04:00,5.227434550934767,5.268487905893515,5.145328521728516,5.145328521728516,1355182,0.0,0.0
1984-09-24 00:00:00-04:00,5.035851900815641,5.1042739154020795,4.789533192873324,4.912692546844482,1995446,0.0,0.0
1984-09-25 00:00:00-04:00,4.899009065686608,4.953746754965311,4.734796678561696,4.803218364715576,1813538,0.0,0.0
1984-09-26 00:00:00-04:00,4.803218523612763,4.912693565436159,4.680059144105895,4.8990092277526855,1451678,0.0,0.0
1984-09-27 00:00:00-04:00,4.953747808011941,4.953747808011941,4.762166365344309,4.789535045623779,1096012,0.0,0.0
1984-09-28 00:00:00-04:00,4.707428281468622,4.9263787269592285,4.707428281468622,4.9263787269592285,1239452,0.0,0.0
1984-10-01 00:00:00-04:00,4.926378088205754,4.926378088205754,4.830587387084961,4.830587387084961,292096,0.0,0.0
1984-10-02 00:00:00-04:00,4.857957710564514,4.857957710564514,4.762166976928711,4.762166976928711,391852,0.0,0.0
1984-10-03 00:00:00-04:00,4.7758505084842415,4.899009905017306,4.7758505084842415,4.857956886291504,803264,0.0,0.0
1984-10-04 00:00:00-04:00,4.857956061589302,4.885324736093643,4.81690304983279,4.830587387084961,604404,0.0,0.0
1984-10-05 00:00:00-04:00,4.857956214702266,4.926378243475243,4.857956214702266,4.8990092277526855,900738,0.0,0.0
1984-10-08 00:00:00-04:00,4.8716414268178605,4.8716414268178605,4.762166365344309,4.789535045623779,740020,0.0,0.0
1984-10-09 00:00:00-04:00,4.80321814321283,4.830587156767846,4.721112123614533,4.748480796813965,872376,0.0,0.0
1984-10-10 00:00:00-04:00,4.748481399450802,4.803218752796466,4.5979533373946,4.693743705749512,982564,0.0,0.0
1984-10-11 00:00:00-04:00,4.6937443242899635,4.816904066258921,4.6937443242899635,4.789535045623779,1269770,0.0,0.0
1984-10-12 00:00:00-04:00,4.803218739433929,5.008484494620374,4.803218739433929,4.981115818023682,958114,0.0,0.0
1984-10-15 00:00:00-04:00,4.994802595402028,5.090593344095592,4.994802595402028,5.0632243156433105,891610,0.0,0.0
1984-10-16 00:00:00-04:00,5.076908659691567,5.076908659691567,5.008486599094516,5.0632243156433105,485414,0.0,0.0
1984-10-17 00:00:00-04:00,5.035854957207672,5.06322398386655,5.008486270904541,5.008486270904541,578650,0.0,0.0
1984-10-18 00:00:00-04:00,5.035853135408934,5.145328521728516,4.981115782604768,5.145328521728516,1007014,0.0,0.0
1984-10-19 00:00:00-04:00,5.254804411803344,5.268489093444624,5.063223293449528,5.076907634735107,1366592,0.0,0.0
1984-10-22 00:00:00-04:00,5.063222281636817,5.186382009306721,5.063222281636817,5.117959976196289,645806,0.0,0.0
1984-10-23 00:00:00-04:00,5.117962032192104,5.186384092789155,5.0495399715950535,5.0632243156433105,427712,0.0,0.0
1984-10-24 00:00:00-04:00,5.063225258140106,5.17270037126023,5.008487531402128,5.090594291687012,889328,0.0,0.0
1984-10-25 00:00:00-04:00,5.117962984878084,5.145331678069157,5.090594291687012,5.090594291687012,474004,0.0,0.0
1984-10-26 00:00:00-04:00,5.076907567934417,5.0905922493956375,4.953748157629,4.9948015213012695,584844,0.0,0.0
1984-10-29 00:00:00-05:00,4.994804475139229,5.022173173535636,4.953751087188721,4.953751087188721,391852,0.0,0.0
1984-10-30 00:00:00-05:00,4.953751087188721,4.994804475139229,4.912697699238212,4.953751087188721,652652,0.0,0.0
1984-10-31 00:00:00-05:00,4.953751087188721,5.035857182377943,4.926382388792313,4.953751087188721,1013208,0.0,0.0
1984-11-01 00:00:00-05:00,4.981117040562383,5.049539089202881,4.967432698905425,5.049539089202881,780444,0.0,0.0
1984-11-02 00:00:00-05:00,5.076905476577081,5.172696165211868,5.076905476577081,5.131642818450928,1562518,0.0,0.0
1984-11-05 00:00:00-05:00,5.145328521728516,5.159012519573934,5.117959845326432,5.145328521728516,569196,0.0,0.0
1984-11-06 00:00:00-05:00,5.145331678069157,5.159015684308861,5.035856224593201,5.090594291687012,850534,0.0,0.0
1984-11-07 00:00:00-05:00,5.076908393834464,5.090593077521878,4.953748963493748,5.0221710205078125,1584360,0.0,0.0
1984-11-08 00:00:00-05:00,5.035853862762451,5.076907223650742,5.008485182407372,5.035853862762451,691772,0.0,0.0
1984-11-09 00:00:00-05:00,5.035854407190214,5.076907772516797,5.022170405888965,5.049539089202881,577672,0.0,0.0
1984-11-12 00:00:00-05:00,5.076908327018115,5.076908327018115,5.008486270904541,5.008486270904541,732522,0.0,0.0
1984-11-13 00:00:00-05:00,5.011232726665669,5.024961743143463,4.928855895996094,4.928855895996094,937576,0.046012,0.0
1984-11-14 00:00:00-05:00,4.915123566488658,4.970041306574772,4.901394216835916,4.942582607269287,667322,0.0,0.0
1984-11-15 00:00:00-05:00,4.9151249719931,4.9151249719931,4.8052898018881045,4.860207557678223,1167406,0.0,0.0
1984-11-16 00:00:00-05:00,4.860205827453794,4.887664524835986,4.777829393832097,4.791558742523193,1097316,0.0,0.0
1984-11-19 00:00:00-05:00,4.764099287298009,4.777828633805127,4.681722866780236,4.6954522132873535,904324,0.0,0.0
1984-11-20 00:00:00-05:00,4.6817258041633965,4.709184514405628,4.626808042203653,4.640537738800049,1094056,0.0,0.0
1984-11-21 00:00:00-05:00,4.640536944866307,4.667995650410722,4.558160145282619,4.599348545074463,1035050,0.0,0.0
1984-11-23 00:00:00-05:00,4.613078883569306,4.640537592948514,4.516973059266809,4.558160781860352,724698,0.0,0.0
1984-11-26 00:00:00-05:00,4.558160925122793,4.66799644904228,4.530702214880561,4.640537738800049,1094708,0.0,0.0
1984-11-27 00:00:00-05:00,4.667992197940812,4.791556622977046,4.654262513847924,4.750368595123291,670256,0.0,0.0
1984-11-28 00:00:00-05:00,4.7641007730403455,4.819018176195472,4.654265283779747,4.667994976043701,642872,0.0,0.0
1984-11-29 00:00:00-05:00,4.640538711196204,4.640538711196204,4.475785732269287,4.475785732269287,933990,0.0,0.0
1984-11-30 00:00:00-05:00,4.448323754762246,4.448323754762246,4.338488288358764,4.420865058898926,1525680,0.0,0.0
1984-12-03 00:00:00-05:00,4.434596248178647,4.558160781860352,4.434596248178647,4.558160781860352,924536,0.0,0.0
1984-12-04 00:00:00-05:00,4.6130790285578165,4.695455159284512,4.585619976840305,4.640537738800049,1047112,0.0,0.0
1984-12-05 00:00:00-05:00,4.640535713235133,4.640535713235133,4.434594451884632,4.503241539001465,1077756,0.0,0.0
1984-12-06 00:00:00-05:00,4.503241539001465,4.544429927861618,4.462053150141312,4.503241539001465,657868,0.0,0.0
1984-12-07 00:00:00-05:00,4.475782840744784,4.558158935514827,4.475782840744784,4.503241539001465,400980,0.0,0.0
1984-12-10 00:00:00-05:00,4.475784654723171,4.503243364108516,4.434596249169883,4.489514350891113,631788,0.0,0.0
1984-12-11 00:00:00-05:00,4.50324379799261,4.516973495483398,4.4620553884708505,4.516973495483398,755668,0.0,0.0
1984-12-12 00:00:00-05:00,4.5718895576835825,4.585618909609407,4.516972149980284,4.530701160430908,406522,0.0,0.0
1984-12-13 00:00:00-05:00,4.5307000595631255,4.6405355312323415,4.516971052448371,4.571888446807861,788268,0.0,0.0
1984-12-14 00:00:00-05:00,4.544431953331813,4.654266795312334,4.530702256608964,4.613079071044922,533336,0.0,0.0
1984-12-17 00:00:00-05:00,4.613077572958324,4.777830123901367,4.599347880694162,4.777830123901367,752082,0.0,0.0
1984-12-18 00:00:00-05:00,4.805291332942433,4.94258559542459,4.7503739011298505,4.928855895996094,1307912,0.0,0.0
1984-12-19 00:00:00-05:00,4.901395578901388,5.038689796532256,4.87393687196531,4.88766622543335,1814842,0.0,0.0
1984-12-20 00:00:00-05:00,4.8052859655949645,4.83274499230577,4.722909568412485,4.750368595123291,1127308,0.0,0.0
1984-12-21 00:00:00-05:00,4.709181559794471,4.736640594283774,4.530699372251807,4.6954522132873535,964308,0.0,0.0
1984-12-24 00:00:00-05:00,4.626808172091917,4.722914002112985,4.626808172091917,4.709184646606445,235698,0.0,0.0
1984-12-26 00:00:00-05:00,4.709184646606445,4.722914002112985,4.681725935593366,4.709184646606445,211248,0.0,0.0
1984-12-27 00:00:00-05:00,4.7229156494140625,4.764104071775041,4.695456928823683,4.7229156494140625,470418,0.0,0.0
1984-12-28 00:00:00-05:00,4.722911657592593,4.791558742523193,4.722911657592593,4.791558742523193,796092,0.0,0.0
1984-12-31 00:00:00-05:00,4.805288892810872,4.832747936248779,4.736642137904051,4.832747936248779,207988,0.0,0.0
1985-01-02 00:00:00-05:00,4.791560867388454,4.8190195769474835,4.7641021578294245,4.805290222167969,415324,0.0,0.0
1985-01-03 00:00:00-05:00,4.805288825479346,4.819018176268335,4.750371422323389,4.777830123901367,1257056,0.0,0.0
1985-01-04 00:00:00-05:00,4.750373054601354,4.764102410107894,4.695455291099905,4.709184646606445,187124,0.0,0.0
1985-01-07 00:00:00-05:00,4.709182274181704,4.709182274181704,4.558158756742871,4.571888446807861,863574,0.0,0.0
1985-01-08 00:00:00-05:00,4.571890478025225,4.613078883569306,4.544431768646017,4.558160781860352,593646,0.0,0.0
1985-01-09 00:00:00-05:00,4.558157829700956,4.613075895841401,4.50324044651061,4.544428825378418,899434,0.0,0.0
1985-01-10 00:00:00-05:00,4.530701974065166,4.736643314361572,4.475784556499668,4.736643314361572,3357800,0.0,0.0
1985-01-11 00:00:00-05:00,4.722912379270237,4.805288825479346,4.709183028481249,4.777830123901367,963656,0.0,0.0
1985-01-14 00:00:00-05:00,4.777831056213799,4.928854285837466,4.7641017027457595,4.88766622543335,851838,0.0,0.0
1985-01-15 00:00:00-05:00,4.970040975547508,4.970040975547508,4.8739351929042485,4.901393890380859,1621524,0.0,0.0
1985-01-16 00:00:00-05:00,4.94258559542459,4.9975030272371725,4.887667822136657,4.928855895996094,1144586,0.0,0.0
1985-01-17 00:00:00-05:00,4.928852812039768,4.9700412016032045,4.873935414588702,4.915123462677002,745236,0.0,0.0
1985-01-18 00:00:00-05:00,4.928854285837466,4.942583980780745,4.860207518497272,4.88766622543335,440426,0.0,0.0
1985-01-21 00:00:00-05:00,4.887665619895739,5.024959479041899,4.887665619895739,5.01123046875,1840596,0.0,0.0
1985-01-22 00:00:00-05:00,5.024958683038019,5.1210644716587685,5.011229674920932,5.07987642288208,1509380,0.0,0.0
1985-01-23 00:00:00-05:00,5.066150806576096,5.203445086621908,5.066150806576096,5.189715385437012,1280854,0.0,0.0
1985-01-24 00:00:00-05:00,5.189711666704071,5.244629066190541,5.079876526255981,5.107335567474365,1700090,0.0,0.0
1985-01-25 00:00:00-05:00,5.162256666018007,5.217174104856016,5.134797946599003,5.189715385437012,1031790,0.0,0.0
1985-01-28 00:00:00-05:00,5.1622529669608355,5.217170366447306,5.093605876127598,5.107335567474365,855750,0.0,0.0
1985-01-29 00:00:00-05:00,5.1073367673516055,5.272089004516602,5.093607072779292,5.272089004516602,523882,0.0,0.0
1985-01-30 00:00:00-05:00,5.313278284204696,5.327007981048173,5.217172455152075,5.258360862731934,1103836,0.0,0.0
1985-01-31 00:00:00-05:00,5.258358296564914,5.258358296564914,5.148522824270368,5.175981521606445,353384,0.0,0.0
1985-02-01 00:00:00-05:00,5.107337328466544,5.244630874521057,4.997501808672398,5.024960517883301,738390,0.0,0.0
1985-02-04 00:00:00-05:00,5.024958870722996,5.12106466293335,4.983770820407911,5.12106466293335,1018098,0.0,0.0
1985-02-05 00:00:00-05:00,5.217170530151188,5.31327632374326,5.217170530151188,5.285817623138428,1779634,0.0,0.0
1985-02-06 00:00:00-05:00,5.313276108493718,5.478028988398618,5.313276108493718,5.381923198699951,2053474,0.0,0.0
1985-02-07 00:00:00-05:00,5.423113492332635,5.61532479769994,5.423113492332635,5.574136734008789,2081836,0.0,0.0
1985-02-08 00:00:00-05:00,5.618199795313657,5.714590497383283,5.563119589838141,5.700820446014404,1767246,0.046012,0.0
1985-02-11 00:00:00-05:00,5.687049349051052,5.687049349051052,5.549348175704414,5.590658664703369,1070258,0.0,0.0
1985-02-12 00:00:00-05:00,5.563121173802688,5.824752566792088,5.5493507760255465,5.755902290344238,1204244,0.0,0.0
1985-02-13 00:00:00-05:00,5.742130335010585,5.879831527316746,5.687050132078086,5.810981273651123,1350618,0.0,0.0
1985-02-14 00:00:00-05:00,5.852291425850497,5.8936015780498705,5.783440487209958,5.810981273651123,1416470,0.0,0.0
1985-02-15 00:00:00-05:00,5.783440216340045,5.783440216340045,5.673279815634459,5.687049865722656,704486,0.0,0.0
1985-02-19 00:00:00-05:00,5.700819126050964,5.79720946331497,5.67327902968982,5.728359222412109,811088,0.0,0.0
1985-02-20 00:00:00-05:00,5.728360892046988,5.728360892046988,5.287717509398185,5.480499267578125,4042400,0.0,0.0
1985-02-21 00:00:00-05:00,5.508037830895911,5.673279095968,5.508037830895911,5.65950870513916,2400012,0.0,0.0
1985-02-22 00:00:00-05:00,5.700820446014404,5.700820446014404,5.645739898051414,5.700820446014404,679058,0.0,0.0
1985-02-25 00:00:00-05:00,5.687049293354782,5.687049293354782,5.535578072654399,5.576888561248779,921928,0.0,0.0
1985-02-26 00:00:00-05:00,5.494269319772229,5.549349528548646,5.425418716314215,5.480499267578125,3657720,0.0,0.0
1985-02-27 00:00:00-05:00,5.5080398095035275,5.645740684870483,5.5080398095035275,5.563120365142822,1468630,0.0,0.0
1985-02-28 00:00:00-05:00,5.535578072654399,5.631968756058077,5.521808023952075,5.576888561248779,656890,0.0,0.0
1985-03-01 00:00:00-05:00,5.618199846520813,5.755900703952153,5.576889692037655,5.714590549468994,1173274,0.0,0.0
1985-03-04 00:00:00-05:00,5.769671440124512,5.8660624969987465,5.742131333867598,5.769671440124512,1186966,0.0,0.0
1985-03-05 00:00:00-05:00,5.797211118854902,5.8109818559428446,5.74213091040307,5.783441066741943,585822,0.0,0.0
1985-03-06 00:00:00-05:00,5.728361551686889,5.783441766805975,5.60443072518141,5.618200778961182,747518,0.0,0.0
1985-03-07 00:00:00-05:00,5.452958871577489,5.618200184423396,5.43918916174241,5.494269371032715,1093404,0.0,0.0
1985-03-08 00:00:00-05:00,5.52180628715197,5.549346375894303,5.425415634066505,5.452955722808838,1181098,0.0,0.0
1985-03-11 00:00:00-05:00,5.452958855983375,5.4804993030372655,5.384108252079892,5.397878646850586,632440,0.0,0.0
1985-03-12 00:00:00-05:00,5.439188111123637,5.508038359437591,5.439188111123637,5.466728210449219,728936,0.0,0.0
1985-03-13 00:00:00-05:00,5.46672551013279,5.508035638715818,5.370334867618464,5.4254150390625,406522,0.0,0.0
1985-03-14 00:00:00-05:00,5.411648491810521,5.411648491810521,5.329027838789084,5.342798233032227,1478084,0.0,0.0
1985-03-15 00:00:00-05:00,5.2601784690287925,5.273948866495841,5.177558139151886,5.232638359069824,2185178,0.0,0.0
1985-03-18 00:00:00-05:00,5.24640751000053,5.2739476134160235,5.177556908974315,5.19132661819458,579954,0.0,0.0
1985-03-19 00:00:00-05:00,5.177558319577308,5.260178652333334,5.067397190927456,5.246408939361572,1527962,0.0,0.0
1985-03-20 00:00:00-05:00,5.287717322636288,5.301487716831517,5.163786514779087,5.19132661819458,1498622,0.0,0.0
1985-03-21 00:00:00-05:00,5.12247819916073,5.205098533552569,5.067397291257673,5.177558422088623,1038962,0.0,0.0
1985-03-22 00:00:00-05:00,5.177558139151886,5.246408756536872,5.177558139151886,5.232638359069824,1282484,0.0,0.0
1985-03-25 00:00:00-05:00,5.218868835050883,5.218868835050883,5.136247817215094,5.150018215179443,997560,0.0,0.0
1985-03-26 00:00:00-05:00,5.15001887685119,5.218869505568524,5.122478762359305,5.205099105834961,981912,0.0,0.0
1985-03-27 00:00:00-05:00,5.218867896696816,5.329028320704121,5.218867896696816,5.287717819213867,929426,0.0,0.0
1985-03-28 00:00:00-05:00,5.342798437717797,5.439189146187674,5.342798437717797,5.397878646850586,1449070,0.0,0.0
1985-03-29 00:00:00-05:00,5.411651692487356,5.411651692487356,5.301490870800891,5.329030990600586,459334,0.0,0.0
1985-04-01 00:00:00-05:00,5.356565838244861,5.425416412466178,5.3427961343854165,5.411646366119385,698944,0.0,0.0
1985-04-02 00:00:00-05:00,5.41165003751912,5.4529602045853585,5.370339870452881,5.370339870452881,329586,0.0,0.0
1985-04-03 00:00:00-05:00,5.329029850927775,5.329029850927775,5.2601792236653315,5.27394962310791,942466,0.0,0.0
1985-04-04 00:00:00-05:00,5.287718769947173,5.301489167911521,5.136247817215094,5.150018215179443,1183054,0.0,0.0
1985-04-08 00:00:00-05:00,5.136247242882581,5.232637962929207,5.108707135008555,5.1224775314331055,669930,0.0,0.0
1985-04-09 00:00:00-05:00,5.122476577569708,5.150016680315454,5.012315481611782,5.0673956871032715,1245646,0.0,0.0
1985-04-10 00:00:00-05:00,5.081165528041291,5.2326364191476005,5.081165528041291,5.1362457275390625,1563822,0.0,0.0
1985-04-11 00:00:00-05:00,5.218868931772125,5.218868931772125,5.163788023869067,5.177558422088623,1158604,0.0,0.0
1985-04-12 00:00:00-05:00,5.205098249110855,5.232638359069824,5.177558139151886,5.232638359069824,588104,0.0,0.0
1985-04-15 00:00:00-05:00,5.273946573272604,5.301486671256558,5.260176181793213,5.260176181793213,454770,0.0,0.0
1985-04-16 00:00:00-05:00,5.218868646577903,5.246408756536872,5.108707521766901,5.232638359069824,696010,0.0,0.0
1985-04-17 00:00:00-05:00,5.287720468413358,5.342801392988119,5.2739507510011965,5.329030990600586,466180,0.0,0.0
1985-04-18 00:00:00-05:00,5.370337297554351,5.41164744482913,5.356566905975342,5.356566905975342,429668,0.0,0.0
1985-04-19 00:00:00-05:00,5.356569472276553,5.370339870452881,5.315259305210314,5.370339870452881,290792,0.0,0.0
1985-04-22 00:00:00-05:00,5.370338822194374,5.370338822194374,5.218867896696816,5.287717819213867,254280,0.0,0.0
1985-04-23 00:00:00-05:00,5.287718578987762,5.287718578987762,5.177558139151886,5.232638359069824,927470,0.0,0.0
1985-04-24 00:00:00-05:00,5.260177237523307,5.370338336543544,5.2326371340119895,5.342798233032227,867812,0.0,0.0
1985-04-25 00:00:00-05:00,5.342797160719902,5.397877356687808,5.260176181793213,5.260176181793213,488348,0.0,0.0
1985-04-26 00:00:00-05:00,5.27394962310791,5.287719337575264,5.27394962310791,5.27394962310791,260148,0.0,0.0
1985-04-29 00:00:00-04:00,5.150016226775483,5.2188668200639405,5.150016226775483,5.163785934448242,601470,0.0,0.0
1985-04-30 00:00:00-04:00,5.163786514779087,5.232637115805302,5.163786514779087,5.19132661819458,1112964,0.0,0.0
1985-05-01 00:00:00-04:00,5.205096319398714,5.2326364191476005,5.1362457275390625,5.1362457275390625,669278,0.0,0.0
1985-05-02 00:00:00-04:00,5.094938249815291,5.094938249815291,4.929696879690832,4.984777450561523,2261788,0.0,0.0
1985-05-03 00:00:00-04:00,4.943466936786601,5.026087964336447,4.902156765499294,4.984777450561523,1186314,0.0,0.0
1985-05-06 00:00:00-04:00,5.012316410837757,5.053626915102342,4.9847763029863925,5.026086807250977,446620,0.0,0.0
1985-05-07 00:00:00-04:00,5.053627484354457,5.1775583261329885,5.053627484354457,5.150018215179443,944748,0.0,0.0
1985-05-08 00:00:00-04:00,5.150018215179443,5.191328039122186,5.094937650784775,5.150018215179443,552570,0.0,0.0
1985-05-09 00:00:00-04:00,5.150018029192918,5.232638359069824,5.13624763172587,5.232638359069824,814348,0.0,0.0
1985-05-10 00:00:00-04:00,5.2877188513452404,5.397879981830373,5.2877188513452404,5.370339870452881,1383218,0.0,0.0
1985-05-13 00:00:00-04:00,5.411645589695338,5.494266198409637,5.397875545324172,5.452955722808838,795114,0.0,0.0
1985-05-14 00:00:00-04:00,5.466727983682919,5.466727983682919,5.356566905975342,5.356566905975342,957136,0.0,0.0
1985-05-15 00:00:00-04:00,5.356571110400281,5.370341512787814,5.2739507510011965,5.329030990600586,753060,0.0,0.0
1985-05-16 00:00:00-04:00,5.301489249521568,5.384109583654046,5.301489249521568,5.370339870452881,838146,0.0,0.0
1985-05-17 00:00:00-04:00,5.342797783706495,5.452958188487349,5.329027390621434,5.439188480377197,863248,0.0,0.0
1985-05-20 00:00:00-04:00,5.508038627058486,5.563119170873297,5.494268576726645,5.535578727722168,1148172,0.0,0.0
1985-05-21 00:00:00-04:00,5.53004789352417,5.543872966837424,5.502397746897662,5.53004789352417,1046134,0.06135,0.0
1985-05-22 00:00:00-04:00,5.530050417605614,5.530050417605614,5.502400258358741,5.516225337982178,702530,0.0,0.0
1985-05-23 00:00:00-04:00,5.516222820210916,5.571523113463932,5.502397746897662,5.53004789352417,1157952,0.0,0.0
1985-05-24 00:00:00-04:00,5.543875742068182,5.599176406860352,5.543875742068182,5.599176406860352,587452,0.0,0.0
1985-05-28 00:00:00-04:00,5.613000949143159,5.834203243255615,5.613000949143159,5.834203243255615,1437334,0.0,0.0
1985-05-29 00:00:00-04:00,5.8203774766343805,5.903328637800651,5.778902239907359,5.834203243255615,1937092,0.0,0.0
1985-05-30 00:00:00-04:00,5.875676763720626,5.9033269134621404,5.737425327301025,5.737425327301025,1067324,0.0,0.0
1985-05-31 00:00:00-04:00,5.695953226415815,5.737428473773596,5.668302717654426,5.709778308868408,1043852,0.0,0.0
1985-06-03 00:00:00-04:00,5.668301863620039,5.682126943989629,5.530050716067992,5.640651702880859,1806692,0.0,0.0
1985-06-04 00:00:00-04:00,5.640651702880859,5.682126943989629,5.61300154214168,5.640651702880859,595928,0.0,0.0
1985-06-05 00:00:00-04:00,5.723602097282967,5.7374271766098754,5.66830143611921,5.69595193862915,993648,0.0,0.0
1985-06-06 00:00:00-04:00,5.654476356792301,5.69595193862915,5.640651277465393,5.69595193862915,517036,0.0,0.0
1985-06-07 00:00:00-04:00,5.695949266467758,5.765074630673266,5.585348339882983,5.6129984855651855,747518,0.0,0.0
1985-06-10 00:00:00-04:00,5.6129993748618725,5.668299674987793,5.557698730879935,5.668299674987793,592016,0.0,0.0
1985-06-11 00:00:00-04:00,5.69595260984689,5.737427852715106,5.654477023122509,5.723602771759033,717200,0.0,0.0
1985-06-12 00:00:00-04:00,5.737427466619124,5.778902706696294,5.654476642608643,5.654476642608643,728936,0.0,0.0
1985-06-13 00:00:00-04:00,5.612998273519942,5.612998273519942,5.557697640388695,5.5715227127075195,513450,0.0,0.0
1985-06-14 00:00:00-04:00,5.640651702880859,5.654476783250449,5.585351381402501,5.640651702880859,674494,0.0,0.0
1985-06-17 00:00:00-04:00,5.640648917252144,5.682124137878418,5.571523205685708,5.682124137878418,389896,0.0,0.0
1985-06-18 00:00:00-04:00,5.682124137878418,5.723599702360672,5.654473990794235,5.682124137878418,549636,0.0,0.0
1985-06-19 00:00:00-04:00,5.723599195926488,5.723599195926488,5.5715227127075195,5.5715227127075195,573108,0.0,0.0
1985-06-20 00:00:00-04:00,5.571524757721653,5.64065048854415,5.516224448148516,5.557699680328369,906280,0.0,0.0
1985-06-21 00:00:00-04:00,5.543872568069871,5.585348128882294,5.530047495751046,5.5715227127075195,678080,0.0,0.0
1985-06-24 00:00:00-04:00,5.530050661834176,5.6130014870943565,5.530050661834176,5.599176406860352,686230,0.0,0.0
1985-06-25 00:00:00-04:00,5.640651562582919,5.709777306567677,5.640651562582919,5.654476642608643,997560,0.0,0.0
1985-06-26 00:00:00-04:00,5.6959523682153685,5.6959523682153685,5.599176461772091,5.640651702880859,898130,0.0,0.0
1985-06-27 00:00:00-04:00,5.668301863620039,5.682126943989629,5.61300154214168,5.640651702880859,739042,0.0,0.0
1985-06-28 00:00:00-04:00,5.654474599956313,5.69595016890677,5.585349224798912,5.668299674987793,419236,0.0,0.0
1985-07-01 00:00:00-04:00,5.682123170179019,5.8895002695607745,5.66829809899142,5.848024368286133,1326494,0.0,0.0
1985-07-02 00:00:00-04:00,5.848024452787838,5.944800640211255,5.848024452787838,5.917150497436523,1176860,0.0,0.0
1985-07-03 00:00:00-04:00,5.930977617382463,5.930977617382463,5.903327465057373,5.903327465057373,435862,0.0,0.0
1985-07-05 00:00:00-04:00,5.9033237440359,5.958624013828854,5.9033237440359,5.944798946380615,628202,0.0,0.0
1985-07-08 00:00:00-04:00,5.917151936469723,6.013927459716797,5.90332686172014,6.013927459716797,931382,0.0,0.0
1985-07-09 00:00:00-04:00,5.944800640211255,5.986275854373354,5.917150497436523,5.917150497436523,788268,0.0,0.0
1985-07-10 00:00:00-04:00,5.917153755050569,6.013929308040687,5.917153755050569,5.972454071044922,1115898,0.0,0.0
1985-07-11 00:00:00-04:00,6.013931769404709,6.110708049715367,6.013931769404709,6.083057880401611,1732038,0.0,0.0
1985-07-12 00:00:00-04:00,6.096877841543024,6.096877841543024,6.027751788636248,6.069227695465088,1037984,0.0,0.0
1985-07-15 00:00:00-04:00,6.069229192648876,6.1798298042440605,6.055404116199479,6.11070442199707,814348,0.0,0.0
1985-07-16 00:00:00-04:00,6.110706196254336,6.3180830909197585,6.110706196254336,6.290432929992676,2056408,0.0,0.0
1985-07-17 00:00:00-04:00,6.318083661352029,6.414859233334262,6.1798321565221865,6.235133171081543,1244342,0.0,0.0
1985-07-18 00:00:00-04:00,6.152177626647368,6.276603273743141,6.152177626647368,6.2213029861450195,654934,0.0,0.0
1985-07-19 00:00:00-04:00,6.207478425854769,6.221303498893738,5.93097627736347,6.069227695465088,2699606,0.0,0.0
1985-07-22 00:00:00-04:00,6.0554033716775635,6.069228446427146,5.986277310217633,6.013927459716797,768056,0.0,0.0
1985-07-23 00:00:00-04:00,6.0277539576322585,6.124530191440433,6.013928879618545,6.041579723358154,871398,0.0,0.0
1985-07-24 00:00:00-04:00,6.069229879385581,6.069229879385581,6.000103801604832,6.041579723358154,635700,0.0,0.0
1985-07-25 00:00:00-04:00,6.0692296987068035,6.0692296987068035,5.806551848841712,5.889503002166748,573108,0.0,0.0
1985-07-26 00:00:00-04:00,5.875677924564602,5.91715315737104,5.861852846962457,5.889503002166748,621356,0.0,0.0
1985-07-29 00:00:00-04:00,5.9171511196373086,5.944801265319511,5.571522923185919,5.6129984855651855,1260642,0.0,0.0
1985-07-30 00:00:00-04:00,5.668302104078581,5.778903095583321,5.668302104078581,5.723602771759033,1644344,0.0,0.0
1985-07-31 00:00:00-04:00,5.7374258633947415,5.903327465057373,5.723600787232196,5.903327465057373,1783220,0.0,0.0
1985-08-01 00:00:00-04:00,5.986274148725331,6.013924283621807,5.9309738789323765,5.944798946380615,1101880,0.0,0.0
1985-08-02 00:00:00-04:00,5.958625711598622,6.000100925760721,5.861850211887058,5.917150497436523,608316,0.0,0.0
1985-08-05 00:00:00-04:00,5.930979583418654,5.930979583418654,5.765077926761959,5.778903007507324,1339208,0.0,0.0
1985-08-06 00:00:00-04:00,5.820375022235838,5.834200783026877,5.737424583761231,5.765074729919434,661454,0.0,0.0
1985-08-07 00:00:00-04:00,5.751252933671178,5.778903095583321,5.709777690802961,5.723602771759033,715244,0.0,0.0
1985-08-08 00:00:00-04:00,5.682124137878418,5.80655014361322,5.654473990794235,5.682124137878418,492912,0.0,0.0
1985-08-09 00:00:00-04:00,5.668299475897431,5.7789004161205995,5.668299475897431,5.751250267028809,539856,0.0,0.0
1985-08-12 00:00:00-04:00,5.723600252430268,5.751250402171783,5.682124683961983,5.737425327301025,461942,0.0,0.0
1985-08-13 00:00:00-04:00,5.765075341574704,5.834201402016192,5.709775043391122,5.751250267028809,654282,0.0,0.0
1985-08-14 00:00:00-04:00,5.773458003997803,5.78733646234806,5.745701087297288,5.773458003997803,169194,0.06135,0.0
1985-08-15 00:00:00-04:00,5.773458003997803,5.828971837398833,5.773458003997803,5.773458003997803,289814,0.0,0.0
1985-08-16 00:00:00-04:00,5.731820475696415,5.787334288242787,5.731820475696415,5.745698928833008,195274,0.0,0.0
1985-08-19 00:00:00-04:00,5.773456289153652,5.87060546875,5.745699380697552,5.87060546875,222658,0.0,0.0
1985-08-20 00:00:00-04:00,5.87060546875,5.912241521801469,5.8428485602939,5.87060546875,311004,0.0,0.0
1985-08-21 00:00:00-04:00,5.912241608900962,5.967755426630994,5.912241608900962,5.953876972198486,390874,0.0,0.0
1985-08-22 00:00:00-04:00,5.953881114132572,5.953881114132572,5.82897424697876,5.82897424697876,432276,0.0,0.0
1985-08-23 00:00:00-04:00,5.80121125303024,5.856725741701173,5.773454353878318,5.815089702606201,217768,0.0,0.0
1985-08-26 00:00:00-04:00,5.801217318804093,5.870609639240761,5.78733885471676,5.82897424697876,288184,0.0,0.0
1985-08-27 00:00:00-04:00,5.828972148530709,5.884486675262451,5.828972148530709,5.884486675262451,606034,0.0,0.0
1985-08-28 00:00:00-04:00,5.884486675262451,5.898365134353496,5.856729757080361,5.884486675262451,351754,0.0,0.0
1985-08-29 00:00:00-04:00,5.912238194161026,5.967751979827881,5.870602164543954,5.967751979827881,509864,0.0,0.0
1985-08-30 00:00:00-04:00,5.967755275214332,5.967755275214332,5.898363004812445,5.912241458892822,227548,0.0,0.0
1985-09-03 00:00:00-04:00,5.926118850708008,5.953875753893299,5.898361947522718,5.926118850708008,577998,0.0,0.0
1985-09-04 00:00:00-04:00,5.912243277867902,5.912243277867902,5.7040653670627535,5.773458003997803,476938,0.0,0.0
1985-09-05 00:00:00-04:00,5.815095782891427,5.842852711066094,5.759581926542093,5.82897424697876,245478,0.0,0.0
1985-09-06 00:00:00-04:00,5.842848498123623,5.9261199129732,5.842848498123623,5.912241458892822,240262,0.0,0.0
1985-09-09 00:00:00-04:00,5.898362159729005,5.939997516004862,5.898362159729005,5.898362159729004,405544,0.0,0.0
1985-09-10 00:00:00-04:00,5.884486361167387,5.912243277867902,5.745701087297288,5.773458003997803,524208,0.0,0.0
1985-09-11 00:00:00-04:00,5.717943504854411,5.759578875057561,5.634672419264388,5.662429332733154,575716,0.0,0.0
1985-09-12 00:00:00-04:00,5.634671103239225,5.690184917211037,5.620792649746272,5.648549556732178,435210,0.0,0.0
1985-09-13 00:00:00-04:00,5.620794103684178,5.64855101785,5.468130385404694,5.509766101837158,950942,0.0,0.0
1985-09-16 00:00:00-04:00,5.509766466163212,5.551401840165029,5.495887662978853,5.523644924163818,262104,0.0,0.0
1985-09-17 00:00:00-04:00,5.495888406122082,5.495888406122082,5.329346197227794,5.343225002288818,1152410,0.0,0.0
1985-09-18 00:00:00-04:00,5.301585939822158,5.34322163842558,5.259950931585903,5.329342842102051,1348010,0.0,0.0
1985-09-19 00:00:00-04:00,5.329342842102051,5.384857337029001,5.273829037542266,5.329342842102051,941162,0.0,0.0
1985-09-20 00:00:00-04:00,5.384858368284031,5.454250637273086,5.3709795693025715,5.398736476898193,904650,0.0,0.0
1985-09-23 00:00:00-04:00,5.4403719441579295,5.509764555278111,5.384858131408691,5.384858131408691,757298,0.0,0.0
1985-09-24 00:00:00-04:00,5.398738245977838,5.426495162668954,5.357102870941162,5.357102870941162,645806,0.0,0.0
1985-09-25 00:00:00-04:00,5.384858131408691,5.398736239412367,5.357100879850438,5.384858131408691,797070,0.0,0.0
1985-09-26 00:00:00-04:00,5.370978540705472,5.370978540705472,5.301585939822158,5.329342842102051,675472,0.0,0.0
1985-09-30 00:00:00-04:00,5.31546586157786,5.329343970472606,5.148923722269731,5.246073246002197,594298,0.0,0.0
1985-10-01 00:00:00-04:00,5.246071400662464,5.329342095841864,5.2321926062823625,5.3015851974487305,485740,0.0,0.0
1985-10-02 00:00:00-04:00,5.329346892608487,5.3432256994804375,5.259954929351807,5.259954929351807,429994,0.0,0.0
1985-10-03 00:00:00-04:00,5.259954682152115,5.370982370439038,5.24607587593242,5.27383279800415,613206,0.0,0.0
1985-10-04 00:00:00-04:00,5.246076094688312,5.273833017917477,5.148926518202389,5.1905622482299805,373922,0.0,0.0
1985-10-07 00:00:00-04:00,5.218317895879485,5.218317895879485,5.010140332180541,5.079532623291016,714592,0.0,0.0
1985-10-08 00:00:00-04:00,5.079530079616121,5.1072869821604945,4.940745221710666,5.0378947257995605,1625762,0.0,0.0
1985-10-09 00:00:00-04:00,5.051779162657002,5.079536098089097,4.9129941403125335,4.940751075744629,1154366,0.0,0.0
1985-10-10 00:00:00-04:00,4.954629543460676,4.996265291792813,4.899115672596486,4.940751075744629,610598,0.0,0.0
1985-10-11 00:00:00-04:00,4.968504287502131,5.010140004630136,4.899112000928349,4.926868915557861,844992,0.0,0.0
1985-10-14 00:00:00-04:00,4.940743169549352,4.940743169549352,4.801958369288827,4.9129862785339355,1234236,0.0,0.0
1985-10-15 00:00:00-04:00,4.954626333739661,4.9823832511901855,4.912990957563874,4.9823832511901855,1217610,0.0,0.0
1985-10-16 00:00:00-04:00,4.968504792464923,4.9823832511901855,4.940747875014399,4.9823832511901855,1110030,0.0,0.0
1985-10-17 00:00:00-04:00,5.051773177071747,5.162801477616415,4.996259371983,5.0378947257995605,3004416,0.0,0.0
1985-10-18 00:00:00-04:00,5.107288602434755,5.1489243146437245,5.079531691084572,5.093410491943359,1095686,0.0,0.0
1985-10-21 00:00:00-04:00,5.1072869821604945,5.121165778616268,5.024016274527374,5.0378947257995605,667648,0.0,0.0
1985-10-22 00:00:00-04:00,5.0378947257995605,5.0378947257995605,4.96850212425504,5.0378947257995605,1702372,0.0,0.0
1985-10-23 00:00:00-04:00,4.968505687524931,5.135047912597656,4.968505687524931,5.135047912597656,1351270,0.0,0.0
1985-10-24 00:00:00-04:00,5.148923499612597,5.148923499612597,4.996260166168213,4.996260166168213,1387782,0.0,0.0
1985-10-25 00:00:00-04:00,5.024018122720785,5.0378965790984624,4.912990126515662,4.968503952026367,946378,0.0,0.0
1985-10-28 00:00:00-05:00,4.968503952026367,4.968503952026367,4.912990126515662,4.968503952026367,594624,0.0,0.0
1985-10-29 00:00:00-05:00,4.968505058278198,5.051776160268518,4.968505058278198,5.024019241333008,193644,0.0,0.0
1985-10-30 00:00:00-05:00,5.024020790101086,5.051777717593296,4.996263862608875,5.0101423263549805,497476,0.0,0.0
1985-10-31 00:00:00-05:00,5.03789464632564,5.093408795722225,5.024016195272388,5.065651893615723,673842,0.0,0.0
1985-11-01 00:00:00-05:00,5.079530785871376,5.148923397064209,5.037895426265858,5.148923397064209,976696,0.0,0.0
1985-11-04 00:00:00-05:00,5.121167403293542,5.232195048694273,5.079531691084572,5.093410491943359,1115246,0.0,0.0
1985-11-05 00:00:00-05:00,5.079530785871376,5.148923397064209,5.065652677853171,5.148923397064209,962352,0.0,0.0
1985-11-06 00:00:00-05:00,5.148923134234861,5.176680039221676,5.093409324261233,5.121166229248047,1029834,0.0,0.0
1985-11-07 00:00:00-05:00,5.135048056587806,5.20444036466072,5.121169594973224,5.1905622482299805,1462110,0.0,0.0
1985-11-08 00:00:00-05:00,5.232195016492208,5.384859063529716,5.232195016492208,5.370980262756348,1612070,0.0,0.0
1985-11-11 00:00:00-05:00,5.398737231481654,5.468129855353389,5.329344607609918,5.440372943878174,2214192,0.0,0.0
1985-11-12 00:00:00-05:00,5.49588680267334,5.5236440595132885,5.454251435188967,5.49588680267334,2917048,0.0,0.0
1985-11-13 00:00:00-05:00,5.518182277679443,5.532117381608737,5.47637800564364,5.518182277679443,1114594,0.06135,0.0
1985-11-14 00:00:00-05:00,5.462441150576821,5.462441150576821,5.30915853205942,5.323092937469482,1820710,0.0,0.0
1985-11-15 00:00:00-05:00,5.350967346268639,5.350967346268639,5.253423646316415,5.281293869018555,1406038,0.0,0.0
1985-11-18 00:00:00-05:00,5.295226735804063,5.337031364440918,5.267357214435565,5.337031364440918,498780,0.0,0.0
1985-11-19 00:00:00-05:00,5.350962441457393,5.378832292029196,5.281289028071509,5.323092937469482,827388,0.0,0.0
1985-11-20 00:00:00-05:00,5.295226735804063,5.392770407177912,5.295226735804063,5.337031364440918,851838,0.0,0.0
1985-11-21 00:00:00-05:00,5.378835109048912,5.559987673011883,5.378835109048912,5.490313529968262,1310520,0.0,0.0
1985-11-22 00:00:00-05:00,5.518181418776603,5.518181418776603,5.462442398071289,5.462442398071289,754364,0.0,0.0
1985-11-25 00:00:00-05:00,5.46244232562946,5.46244232562946,5.350963592529297,5.350963592529297,788594,0.0,0.0
1985-11-26 00:00:00-05:00,5.337028036047331,5.350962441457393,5.281289028071509,5.323092937469482,1134806,0.0,0.0
1985-11-27 00:00:00-05:00,5.295224572563182,5.378833449096321,5.295224572563182,5.350963592529297,652000,0.0,0.0
1985-11-29 00:00:00-05:00,5.364900885809415,5.434575035814768,5.337031364440918,5.337031364440918,837494,0.0,0.0
1985-12-02 00:00:00-05:00,5.295228287201203,5.309163398552273,5.239489228133767,5.281293869018555,1230976,0.0,0.0
1985-12-03 00:00:00-05:00,5.225551789488583,5.267356411754926,5.211617377511877,5.253421306610107,959092,0.0,0.0
1985-12-04 00:00:00-05:00,5.267357169139088,5.295226690267922,5.1698134986040625,5.239487648010254,1041896,0.0,0.0
1985-12-05 00:00:00-05:00,5.2116193771362305,5.267358432765563,5.169814738830042,5.2116193771362305,2117696,0.0,0.0
1985-12-06 00:00:00-05:00,5.197683019732897,5.253422061990565,5.197683019732897,5.239487648010254,1756162,0.0,0.0
1985-12-09 00:00:00-05:00,5.295226735804063,5.3788356464936635,5.295226735804063,5.337031364440918,1336926,0.0,0.0
1985-12-10 00:00:00-05:00,5.378833770751953,5.392768526576783,5.350963912518304,5.378833770751953,1255100,0.0,0.0
1985-12-11 00:00:00-05:00,5.378833062177051,5.476376686685046,5.364898308187901,5.448506832122803,1447114,0.0,0.0
1985-12-12 00:00:00-05:00,5.462442023881746,5.490311532325279,5.364898397745432,5.392767906188965,1027878,0.0,0.0
1985-12-13 00:00:00-05:00,5.378832292029196,5.378832292029196,5.225549326927902,5.323092937469482,1531874,0.0,0.0
1985-12-16 00:00:00-05:00,5.337029254900361,5.490311908423946,5.32309415314006,5.462442398071289,2002292,0.0,0.0
1985-12-17 00:00:00-05:00,5.5042475921054095,5.518182002170942,5.392768845741059,5.406703948974609,1747034,0.0,0.0
1985-12-18 00:00:00-05:00,5.378834870826855,5.448508664200635,5.323095489543773,5.3649001121521,872376,0.0,0.0
1985-12-19 00:00:00-05:00,5.3788356464936635,5.3788356464936635,5.239487693067068,5.337031364440918,1826252,0.0,0.0
1985-12-20 00:00:00-05:00,5.420639146851124,5.448508664200635,5.337030594802588,5.3649001121521,1336926,0.0,0.0
1985-12-23 00:00:00-05:00,5.350962441457393,5.364897540035241,5.2952234334815715,5.323092937469482,436840,0.0,0.0
1985-12-24 00:00:00-05:00,5.350965778541058,5.364900885809415,5.281292321703923,5.337031364440918,831626,0.0,0.0
1985-12-26 00:00:00-05:00,5.350963194147929,5.364898294685951,5.295224178331607,5.309159278869629,271232,0.0,0.0
1985-12-27 00:00:00-05:00,5.295224572563182,5.378833449096321,5.281290164155621,5.350963592529297,785660,0.0,0.0
1985-12-30 00:00:00-05:00,5.378834762900473,5.4206390380859375,5.364900004505318,5.4206390380859375,401306,0.0,0.0
1985-12-31 00:00:00-05:00,5.434575585090479,5.490314633461051,5.434575585090479,5.476379871368408,790550,0.0,0.0
1986-01-02 00:00:00-05:00,5.462445109275765,5.476379871368408,5.420640476413691,5.476379871368408,823150,0.0,0.0
1986-01-03 00:00:00-05:00,5.462444011384442,5.546052913719974,5.462444011384442,5.490313529968262,1234236,0.0,0.0
1986-01-06 00:00:00-05:00,5.462442023881746,5.490311532325279,5.350963296939717,5.392767906188965,1489494,0.0,0.0
1986-01-07 00:00:00-05:00,5.364900004505318,5.4206390380859375,5.295225865945492,5.4206390380859375,1947198,0.0,0.0
1986-01-08 00:00:00-05:00,5.434572815646402,5.490311835612516,5.350963592529297,5.350963592529297,2242228,0.0,0.0
1986-01-09 00:00:00-05:00,5.323097816734921,5.406707098504497,5.267358757667485,5.281293869018555,1449396,0.0,0.0
1986-01-10 00:00:00-05:00,5.239487648010254,5.323096211396757,5.21161812688142,5.239487648010254,753712,0.0,0.0
1986-01-13 00:00:00-05:00,5.2116193771362305,5.239488904950897,5.141945211015376,5.2116193771362305,891936,0.0,0.0
1986-01-14 00:00:00-05:00,5.211620161433805,5.2255545808539425,5.1558807508320506,5.183750629425049,657868,0.0,0.0
1986-01-15 00:00:00-05:00,5.155878755836345,5.253422080123958,5.155878755836345,5.225552558898926,1086558,0.0,0.0
1986-01-16 00:00:00-05:00,5.225550748758418,5.406703613721761,5.141942214045473,5.169811725616455,1037658,0.0,0.0
1986-01-17 00:00:00-05:00,5.169811146812222,5.169811146812222,5.058332766425259,5.086202621459961,918994,0.0,0.0
1986-01-20 00:00:00-05:00,5.086204710297691,5.114074230194092,5.0583348438171996,5.114074230194092,944422,0.0,0.0
1986-01-21 00:00:00-05:00,5.141941638361469,5.141941638361469,5.030463257974505,5.086202621459961,1118506,0.0,0.0
1986-01-22 00:00:00-05:00,5.086204264850991,5.1001386769947334,4.9050517082214355,4.9050517082214355,1144260,0.0,0.0
1986-01-23 00:00:00-05:00,4.9189878343539775,5.114075203942694,4.90505307175252,5.10014009475708,1128286,0.0,0.0
1986-01-24 00:00:00-05:00,5.128006358055619,5.211615573649189,5.072267343105155,5.197680473327637,592342,0.0,0.0
1986-01-27 00:00:00-05:00,5.183749849321564,5.2116193771362305,5.11407568320071,5.2116193771362305,738716,0.0,0.0
1986-01-28 00:00:00-05:00,5.2116188887370525,5.267357939142882,4.932922596955435,5.10014009475708,2176050,0.0,0.0
1986-01-29 00:00:00-05:00,5.114075682647756,5.225553793894367,5.1001405721577395,5.155879974365234,1189574,0.0,0.0
1986-01-30 00:00:00-05:00,5.141945210459408,5.225553793894367,5.1280100999693925,5.155879974365234,1074496,0.0,0.0
1986-01-31 00:00:00-05:00,5.169811055351504,5.169811055351504,5.100136938873298,5.141941547393799,1967084,0.0,0.0
1986-02-03 00:00:00-05:00,5.128007111675995,5.1837468279859324,5.114072702474491,5.169811725616455,1563496,0.0,0.0
1986-02-04 00:00:00-05:00,5.211619698600048,5.295228287201203,5.211619698600048,5.281293869018555,2409466,0.0,0.0
1986-02-05 00:00:00-05:00,5.2952234334815715,5.337028036047331,5.2534188309158125,5.323092937469482,696010,0.0,0.0
1986-02-06 00:00:00-05:00,5.3091599916278005,5.378833770751953,5.3091599916278005,5.378833770751953,1172296,0.0,0.0
1986-02-07 00:00:00-05:00,5.323092937469482,5.378832292029196,5.239484425505751,5.323092937469482,1418100,0.0,0.0
1986-02-10 00:00:00-05:00,5.373472213745117,5.373472213745117,5.303505706792051,5.373472213745117,1048090,0.06135,0.0
1986-02-11 00:00:00-05:00,5.401457477490937,5.583371935054122,5.401457477490937,5.443437576293945,2268960,0.0,0.0
1986-02-12 00:00:00-05:00,5.4714274406433105,5.513407911517444,5.443440692088516,5.4714274406433105,963656,0.0,0.0
1986-02-13 00:00:00-05:00,5.513406453011393,5.70931433715374,5.485419711860158,5.569380283355713,1121114,0.0,0.0
1986-02-14 00:00:00-05:00,5.597365365859758,5.751292744620655,5.583371999430744,5.681325912475586,1901884,0.0,0.0
1986-02-18 00:00:00-05:00,5.695321300330324,5.8072686195373535,5.695321300330324,5.8072686195373535,2163662,0.0,0.0
1986-02-19 00:00:00-05:00,5.793274879455566,5.8352549909708715,5.765288138445363,5.793274879455566,1380284,0.0,0.0
1986-02-20 00:00:00-05:00,5.765286445617676,5.821259911202919,5.709312631990689,5.765286445617676,1218588,0.0,0.0
1986-02-21 00:00:00-05:00,5.765286103877098,5.8912263939787115,5.765286103877098,5.877233028411865,1818102,0.0,0.0
1986-02-24 00:00:00-05:00,5.877235967936126,6.045157134808203,5.863242595370435,5.9611968994140625,1527310,0.0,0.0
1986-02-25 00:00:00-05:00,5.947199305933552,5.961192668567711,5.793271620874495,5.849245071411133,1371808,0.0,0.0
1986-02-26 00:00:00-05:00,5.8072686195373535,5.919215590702514,5.7932752481417085,5.8072686195373535,1920140,0.0,0.0
1986-02-27 00:00:00-05:00,5.93320670246184,6.073140346708148,5.93320670246184,6.045153617858887,1007666,0.0,0.0
1986-02-28 00:00:00-05:00,6.143112246996063,6.255059242248535,6.045157930066262,6.255059242248535,1698786,0.0,0.0
1986-03-03 00:00:00-05:00,6.241063273210135,6.255056641799153,6.087135522647335,6.157103061676025,1176860,0.0,0.0
1986-03-04 00:00:00-05:00,6.171096748267565,6.3110311374523,6.171096748267565,6.241063594818115,1624784,0.0,0.0
1986-03-05 00:00:00-05:00,6.0731448357400595,6.129119030895917,6.0031779619001195,6.11512565612793,1850702,0.0,0.0
1986-03-06 00:00:00-05:00,6.143109589546179,6.157102957899342,5.72330679874232,6.073142051696777,834234,0.0,0.0
1986-03-07 00:00:00-05:00,6.017169931950113,6.031163303451326,5.807268663348175,5.863242149353027,1594140,0.0,0.0
1986-03-10 00:00:00-05:00,5.863242149353027,5.8772355208542395,5.765288548844537,5.863242149353027,1259338,0.0,0.0
1986-03-11 00:00:00-05:00,5.8632418690061305,5.933209419250488,5.849248498174001,5.933209419250488,1129264,0.0,0.0
1986-03-12 00:00:00-05:00,5.97518877933269,6.15710327332685,5.97518877933269,6.129116535186768,1204570,0.0,0.0
1986-03-13 00:00:00-05:00,6.101130334662476,6.143111146445093,6.045156847064005,6.059150218963623,767730,0.0,0.0
1986-03-14 00:00:00-05:00,6.045156847064005,6.213078005943181,6.045156847064005,6.059150218963623,1000494,0.0,0.0
1986-03-17 00:00:00-05:00,6.171095435726664,6.241062267395848,6.129115336725153,6.227068901062012,1311498,0.0,0.0
1986-03-18 00:00:00-05:00,6.171096748267565,6.269050333438335,6.157103378957455,6.241063594818115,1307586,0.0,0.0
1986-03-19 00:00:00-05:00,6.283041972977577,6.422976323637284,6.241061876604697,6.380996227264404,1577840,0.0,0.0
1986-03-20 00:00:00-05:00,6.408984295377824,6.646872253874888,6.408984295377824,6.618885517120361,1866350,0.0,0.0
1986-03-21 00:00:00-05:00,6.702844961491337,6.702844961491337,6.436970296619599,6.49294376373291,1143934,0.0,0.0
1986-03-24 00:00:00-05:00,6.632878512218086,6.632878512218086,6.4789507726472175,6.604891777038574,1104488,0.0,0.0
1986-03-25 00:00:00-05:00,6.688851171729165,6.688851171729165,6.548916816711427,6.548916816711426,846622,0.0,0.0
1986-03-26 00:00:00-05:00,6.548917771983846,6.688852147413423,6.548917771983846,6.646872043609619,727958,0.0,0.0
1986-03-27 00:00:00-05:00,6.68885202505307,6.730832824172477,6.436970710754394,6.4369707107543945,790224,0.0,0.0
1986-03-31 00:00:00-05:00,6.450963663397927,6.506937826594747,6.450963663397927,6.49294376373291,988106,0.0,0.0
1986-04-01 00:00:00-05:00,6.4929457789583855,6.506939846163582,6.380998809986611,6.478952407836914,925188,0.0,0.0
1986-04-02 00:00:00-05:00,6.478950813790248,6.478950813790248,6.380997240039923,6.4369707107543945,368054,0.0,0.0
1986-04-03 00:00:00-05:00,6.4509648305534,6.4509648305534,6.213076856197895,6.241063594818115,751756,0.0,0.0
1986-04-04 00:00:00-05:00,6.31103343595866,6.31103343595866,6.185092370215741,6.255059242248535,858358,0.0,0.0
1986-04-07 00:00:00-05:00,6.185089215352379,6.241062684427912,6.101128315655547,6.171095848083496,557460,0.0,0.0
1986-04-08 00:00:00-05:00,6.213076856197895,6.241063594818115,6.0731424670131595,6.241063594818115,616140,0.0,0.0
1986-04-09 00:00:00-05:00,6.311033725738525,6.381000600983946,6.283046279556436,6.311033725738525,694054,0.0,0.0
1986-04-10 00:00:00-05:00,6.297035338435203,6.394989592722031,6.297035338435203,6.380996227264404,529424,0.0,0.0
1986-04-11 00:00:00-05:00,6.380996626817703,6.39498999315154,6.227068901062012,6.227068901062012,678406,0.0,0.0
1986-04-14 00:00:00-05:00,6.227069280786958,6.3670036487419726,6.129115710476919,6.339016914367676,1079060,0.0,0.0
1986-04-15 00:00:00-05:00,6.394991396100021,6.520931720733643,6.394991396100021,6.520931720733643,1040918,0.0,0.0
1986-04-16 00:00:00-05:00,6.4929457789583855,6.506939846163582,6.436972294472498,6.478952407836914,714592,0.0,0.0
1986-04-17 00:00:00-05:00,6.492943953426309,6.492943953426309,6.1011282800190925,6.339016914367676,2186482,0.0,0.0
1986-04-18 00:00:00-05:00,6.380997240039923,6.520930916826101,6.339017137004069,6.4369707107543945,440100,0.0,0.0
1986-04-21 00:00:00-05:00,6.422976323637284,6.4509630545525365,6.339016130891525,6.380996227264404,997560,0.0,0.0
1986-04-22 00:00:00-05:00,6.380997660845641,6.380997660845641,6.2130765415448295,6.283043384552002,917690,0.0,0.0
1986-04-23 00:00:00-05:00,6.227071944822378,6.241065317996103,6.115124959432579,6.143111705780029,597558,0.0,0.0
1986-04-24 00:00:00-05:00,6.157104518344711,6.1710978902443285,6.045156847064005,6.059150218963623,615814,0.0,0.0
1986-04-25 00:00:00-05:00,6.101129100963062,6.143109904256809,6.101129100963062,6.129116535186768,713940,0.0,0.0
1986-04-28 00:00:00-04:00,6.21307632438998,6.241063060614677,6.129116115715889,6.185089588165283,563002,0.0,0.0
1986-04-29 00:00:00-04:00,6.199085198474928,6.213078571648653,6.0731441438275775,6.143111705780029,584844,0.0,0.0
1986-04-30 00:00:00-04:00,6.12911806628614,6.12911806628614,5.877235967936126,5.9611968994140625,904650,0.0,0.0
1986-05-01 00:00:00-04:00,5.961197683626907,6.255059242248535,5.93321093481379,6.255059242248535,1069606,0.0,0.0
1986-05-02 00:00:00-04:00,6.255055633729685,6.283042366397359,6.2130755347281745,6.227068901062012,518992,0.0,0.0
1986-05-05 00:00:00-04:00,6.227070328573999,6.3949914591582635,6.227070328573999,6.353010654449463,341648,0.0,0.0
1986-05-06 00:00:00-04:00,6.380997660845641,6.394991029447076,6.269050015950567,6.283043384552002,673516,0.0,0.0
1986-05-07 00:00:00-04:00,6.283042366397359,6.283042366397359,6.129115336725153,6.227068901062012,381420,0.0,0.0
1986-05-08 00:00:00-04:00,6.269052616655094,6.269052616655094,6.185092370215741,6.255059242248535,811740,0.0,0.0
1986-05-09 00:00:00-04:00,6.241066154409184,6.311033725738525,6.12911915401651,6.311033725738525,781422,0.0,0.0
1986-05-12 00:00:00-04:00,6.3110308178384695,6.325023490356305,6.255056647349133,6.283043384552002,589082,0.0,0.0
1986-05-13 00:00:00-04:00,6.26905022588718,6.283043594957221,6.101129100963062,6.129116535186768,1109378,0.0,0.0
1986-05-14 00:00:00-04:00,6.101131072719601,6.115125142395852,6.045157578349986,6.087137699127197,719808,0.0,0.0
1986-05-15 00:00:00-04:00,6.115120857120028,6.1291142209063425,6.017166614532471,6.017166614532471,411412,0.0,0.0
1986-05-16 00:00:00-04:00,5.989181785855665,5.989181785855665,5.86324077576534,5.919214248657227,752082,0.0,0.0
1986-05-19 00:00:00-04:00,5.961194679733745,6.017168149154506,5.919213881584636,6.003174781799316,828692,0.0,0.0
1986-05-20 00:00:00-04:00,6.101586818695068,6.101586818695068,5.960997727964103,6.101586818695068,366098,0.076687,0.0
1986-05-21 00:00:00-04:00,6.1015876449247015,6.1297054668783915,5.96099853515625,5.96099853515625,498128,0.0,0.0
1986-05-22 00:00:00-04:00,5.946939995162143,6.115647656592116,5.904763254640664,6.059412002563477,955180,0.0,0.0
1986-05-23 00:00:00-04:00,6.0172343254089355,6.059411059365252,6.003175414090163,6.0172343254089355,521600,0.0,0.0
1986-05-27 00:00:00-04:00,6.045350395576837,6.115644931793213,6.017232581090287,6.115644931793213,683622,0.0,0.0
1986-05-28 00:00:00-04:00,6.185943090320754,6.340591842414791,6.185943090320754,6.270296573638916,820542,0.0,0.0
1986-05-29 00:00:00-04:00,6.298410887132388,6.298410887132388,6.143762920670242,6.256234169006348,866834,0.0,0.0
1986-05-30 00:00:00-04:00,6.256237058277258,6.256237058277258,6.143765757999377,6.171883583068848,1008970,0.0,0.0
1986-06-02 00:00:00-04:00,6.171882063404384,6.171882063404384,6.031292273329586,6.101586818695068,480198,0.0,0.0
1986-06-03 00:00:00-04:00,6.073473490704974,6.143768787384032,6.031296732304149,6.143768787384033,901716,0.0,0.0
1986-06-04 00:00:00-04:00,6.115644931793213,6.129703839036488,6.073468210063388,6.115644931793213,428038,0.0,0.0
1986-06-05 00:00:00-04:00,6.101586818695068,6.1156457277681655,6.045351182402682,6.101586818695068,610598,0.0,0.0
1986-06-06 00:00:00-04:00,6.087527274423617,6.101586182029747,6.045350551605225,6.045350551605225,283946,0.0,0.0
1986-06-09 00:00:00-04:00,6.045352001017321,6.045352001017321,5.904762191904942,5.96099853515625,557134,0.0,0.0
1986-06-10 00:00:00-04:00,5.87664827961352,5.918825040603739,5.848530438953374,5.862589359283447,546376,0.0,0.0
1986-06-11 00:00:00-04:00,5.876644346912641,5.890703257834369,5.778231620788574,5.778231620788574,585822,0.0,0.0
1986-06-12 00:00:00-04:00,5.890704170789877,5.90476308389049,5.834468518387424,5.848527431488037,3292600,0.0,0.0
1986-06-13 00:00:00-04:00,5.890702649395712,6.003174624496469,5.83446701151726,5.9891157150268555,1573928,0.0,0.0
1986-06-16 00:00:00-04:00,6.031294517757642,6.059412346367334,5.989117774843104,6.003176689147949,858684,0.0,0.0
1986-06-17 00:00:00-04:00,6.003178893370266,6.228122304185683,6.003178893370266,6.143768787384033,2281348,0.0,0.0
1986-06-18 00:00:00-04:00,6.14376247059892,6.14376247059892,5.989113816122131,6.031290531158447,767730,0.0,0.0
1986-06-19 00:00:00-04:00,6.017231626146342,6.087526151206868,6.003172721134236,6.031290531158447,1104814,0.0,0.0
1986-06-20 00:00:00-04:00,6.045351352905308,6.087528081314146,5.975056805557243,5.9891157150268555,1027878,0.0,0.0
1986-06-23 00:00:00-04:00,6.017234914491092,6.017234914491092,5.848527262805545,5.876645088195801,677754,0.0,0.0
1986-06-24 00:00:00-04:00,5.904762731598313,5.9891169045132555,5.890703819336489,5.946939468383789,748822,0.0,0.0
1986-06-25 00:00:00-04:00,5.932880077148404,6.017233533966082,5.904761558865325,5.9891157150268555,1877760,0.0,0.0
1986-06-26 00:00:00-04:00,5.946941201258982,6.157826345324022,5.946941201258982,6.1297078132629395,1318018,0.0,0.0
1986-06-27 00:00:00-04:00,6.1578244905144395,6.270295787504301,6.12970596692299,6.242177963256836,1101880,0.0,0.0
1986-06-30 00:00:00-04:00,6.298414401411637,6.410886411846593,6.2421787458661955,6.270296573638916,1327798,0.0,0.0
1986-07-01 00:00:00-04:00,6.270297581105124,6.368710693466029,6.270297581105124,6.340592861175537,1119484,0.0,0.0
1986-07-02 00:00:00-04:00,6.3827667236328125,6.453061979621189,6.3546489009750395,6.3827667236328125,1323886,0.0,0.0
1986-07-03 00:00:00-04:00,6.354651077976598,6.368710693466029,6.28435649725037,6.340592861175537,562676,0.0,0.0
1986-07-07 00:00:00-04:00,6.326534033909645,6.326534033909645,6.157827019147472,6.214062690734863,770990,0.0,0.0
1986-07-08 00:00:00-04:00,6.101588321051167,6.171883583068848,6.003175933308022,6.171883583068848,913452,0.0,0.0
1986-07-09 00:00:00-04:00,6.214062690734863,6.242180526528559,6.17188593704432,6.214062690734863,881504,0.0,0.0
1986-07-10 00:00:00-04:00,5.961002500938351,5.989120341598497,5.792294757633082,5.862589359283447,6386340,0.0,0.0
1986-07-11 00:00:00-04:00,5.848527601800306,5.848527601800306,5.778232684578198,5.820409774780273,1522420,0.0,0.0
1986-07-14 00:00:00-04:00,5.834468518387424,5.848527431488037,5.778232516312954,5.848527431488037,1029182,0.0,0.0
1986-07-15 00:00:00-04:00,5.792289839415197,5.8204076562005795,5.539228439331055,5.539228439331055,1249884,0.0,0.0
1986-07-16 00:00:00-04:00,5.567348003387451,5.6657607426943,5.52517126497252,5.567348003387451,1753228,0.0,0.0
1986-07-17 00:00:00-04:00,5.5954652359146735,5.609524146350928,5.384580880026952,5.4829936027526855,1153388,0.0,0.0
1986-07-18 00:00:00-04:00,5.511106247371102,5.511106247371102,5.314280986785889,5.314280986785889,850534,0.0,0.0
1986-07-21 00:00:00-04:00,5.2861683905033106,5.398639678955078,5.258050568390368,5.398639678955078,650696,0.0,0.0
1986-07-22 00:00:00-04:00,5.426758919122486,5.525171665564564,5.398640741801867,5.440817832946777,443686,0.0,0.0
1986-07-23 00:00:00-04:00,5.454875221874502,5.454875221874502,5.370521068572998,5.370521068572998,623312,0.0,0.0
1986-07-24 00:00:00-04:00,5.342403739568648,5.35646299952033,5.286168098449707,5.286168098449707,567892,0.0,0.0
1986-07-25 00:00:00-04:00,5.229932746277427,5.398639678955078,5.20181457449252,5.398639678955078,1284114,0.0,0.0
1986-07-28 00:00:00-04:00,5.454876022524893,5.553288749592155,5.398639678955078,5.398639678955078,1285092,0.0,0.0
1986-07-29 00:00:00-04:00,5.3986410845761235,5.454877442787958,5.38458251953125,5.38458251953125,1062108,0.0,0.0
1986-07-30 00:00:00-04:00,5.384580970390923,5.412698791735305,5.229932603324864,5.342403888702393,940184,0.0,0.0
1986-07-31 00:00:00-04:00,5.39864281469305,5.4127020835876465,5.356466406697934,5.4127020835876465,336432,0.0,0.0
1986-08-01 00:00:00-04:00,5.39864281469305,5.5251737870392414,5.342407137803336,5.4127020835876465,746214,0.0,0.0
1986-08-04 00:00:00-04:00,5.356466406697934,5.426761002810075,5.2580536224687675,5.4127020835876465,397068,0.0,0.0
1986-08-05 00:00:00-04:00,5.426759197791881,5.4689359414305745,5.398641019027367,5.4548773765563965,541812,0.0,0.0
1986-08-06 00:00:00-04:00,5.398639380687589,5.41269864063927,5.286168098449707,5.286168098449707,464224,0.0,0.0
1986-08-07 00:00:00-04:00,5.286168996141142,5.4126995598179874,5.286168996141142,5.35646390914917,455096,0.0,0.0
1986-08-08 00:00:00-04:00,5.328346083814761,5.384581734483579,5.314286821475551,5.35646390914917,806198,0.0,0.0
1986-08-11 00:00:00-04:00,5.38458133710152,5.539229714699725,5.38458133710152,5.525170803070068,1061456,0.0,0.0
1986-08-12 00:00:00-04:00,5.553287982940674,5.553287982940674,5.497051647134488,5.553287982940674,432276,0.0,0.0
1986-08-13 00:00:00-04:00,5.609528064727783,5.707940856196982,5.553292383700923,5.609528064727783,1177838,0.0,0.0
1986-08-14 00:00:00-04:00,5.51061487197876,5.637782829089265,5.411706382796485,5.51061487197876,636678,0.076687,0.0
1986-08-15 00:00:00-04:00,5.524748417358641,5.609527587890625,5.4964889281371345,5.609527587890625,492912,0.0,0.0
1986-08-18 00:00:00-04:00,5.609523008326024,5.637782474476754,5.553003724591118,5.581263542175293,234394,0.0,0.0
1986-08-19 00:00:00-04:00,5.581266078855753,5.595395466919468,5.496486939004629,5.524746417999268,414020,0.0,0.0
1986-08-20 00:00:00-04:00,5.5388764313561545,5.65191469718517,5.5106169527573,5.637784957885742,714266,0.0,0.0
1986-08-21 00:00:00-04:00,5.6519119855246345,5.6519119855246345,5.567133238969412,5.59539270401001,570826,0.0,0.0
1986-08-22 00:00:00-04:00,5.567135987924829,5.595395466919468,5.510617029935553,5.524746417999268,405218,0.0,0.0
1986-08-25 00:00:00-04:00,5.482356435825772,5.510615909072414,5.397577313218781,5.411707401275635,464550,0.0,0.0
1986-08-26 00:00:00-04:00,5.425835424045942,5.581263542175293,5.425835424045942,5.581263542175293,915082,0.0,0.0
1986-08-27 00:00:00-04:00,5.609522787963739,5.623652520484037,5.524743689975087,5.59539270401001,532358,0.0,0.0
1986-08-28 00:00:00-04:00,5.581266960748053,5.595396351044344,5.538877384124541,5.553007125854492,459008,0.0,0.0
1986-08-29 00:00:00-04:00,5.3693204501644,5.468229006043679,5.341060963179951,5.425839424133301,2073034,0.0,0.0
1986-09-02 00:00:00-04:00,5.439966105827384,5.52474451358769,5.397576550513748,5.454095840454102,1018750,0.0,0.0
1986-09-03 00:00:00-04:00,5.397575514445712,5.482354608799582,5.397575514445712,5.46822452545166,1128286,0.0,0.0
1986-09-04 00:00:00-04:00,5.496485044334254,5.496485044334254,5.411706636573949,5.454095840454102,726980,0.0,0.0
1986-09-05 00:00:00-04:00,5.4540955548096015,5.5530040434500245,5.42583573560272,5.496484756469727,1159908,0.0,0.0
1986-09-08 00:00:00-04:00,5.5388765089301915,5.5388765089301915,5.454097720512671,5.524746417999268,577346,0.0,0.0
1986-09-09 00:00:00-04:00,5.5388765089301915,5.5530062484275104,5.496486939004629,5.524746417999268,425104,0.0,0.0
1986-09-10 00:00:00-04:00,5.52474451358769,5.52474451358769,5.411706636573949,5.454095840454102,414346,0.0,0.0
1986-09-11 00:00:00-04:00,5.36931690112244,5.397576369427784,5.143240451812744,5.143240451812744,963982,0.0,0.0
1986-09-12 00:00:00-04:00,5.143243815766622,5.22802262756596,4.945426705379402,5.058465003967285,1143282,0.0,0.0
1986-09-15 00:00:00-04:00,5.114983572205352,5.129113313509099,5.016075031645471,5.030204772949219,992670,0.0,0.0
1986-09-16 00:00:00-04:00,5.030200684806859,5.100849685341422,4.987811495346139,5.072589874267578,670582,0.0,0.0
1986-09-17 00:00:00-04:00,5.086724842189532,5.100854585583805,5.030205517178739,5.058465003967285,694054,0.0,0.0
1986-09-18 00:00:00-04:00,5.001944164545662,5.044333378916291,4.959554598741462,4.987814426422119,888024,0.0,0.0
1986-09-19 00:00:00-04:00,4.987814426422119,5.001944164545662,4.931295122494376,4.987814426422119,970828,0.0,0.0
1986-09-22 00:00:00-04:00,5.001941204071045,5.001941204071045,4.973681744549748,5.001941204071045,554852,0.0,0.0
1986-09-23 00:00:00-04:00,5.001946030390195,5.058465003967285,4.9312969619851295,5.058465003967285,731544,0.0,0.0
1986-09-24 00:00:00-04:00,5.058461353956187,5.256278673038961,5.058461353956187,5.213889122009277,1507098,0.0,0.0
1986-09-25 00:00:00-04:00,5.213889122009277,5.228018855208022,5.12911037138336,5.213889122009277,522578,0.0,0.0
1986-09-26 00:00:00-04:00,5.199761341617549,5.270410390352388,5.14324238377656,5.15737247467041,767404,0.0,0.0
1986-09-29 00:00:00-04:00,5.129109144981902,5.143238874802141,5.030200684806859,5.072589874267578,386310,0.0,0.0
1986-09-30 00:00:00-04:00,5.044333378916291,5.058463117039834,4.987814426422119,4.987814426422119,362186,0.0,0.0
1986-10-01 00:00:00-04:00,4.987811495346139,5.086719955521182,4.945421954452056,5.072589874267578,577346,0.0,0.0
1986-10-02 00:00:00-04:00,5.044330414627098,5.100849685341422,5.044330414627098,5.072589874267578,469114,0.0,0.0
1986-10-03 00:00:00-04:00,5.05846012311364,5.072589852874289,5.001941204071045,5.001941204071045,415650,0.0,0.0
1986-10-06 00:00:00-04:00,5.001944164545662,5.072592855163378,4.973684688298576,4.987814426422119,409782,0.0,0.0
1986-10-07 00:00:00-04:00,5.001943473514082,5.044332682028531,4.903034968880178,4.9312944412231445,715570,0.0,0.0
1986-10-08 00:00:00-04:00,4.90303696796738,4.945426193764947,4.860647390736149,4.917166709899902,1012882,0.0,0.0
1986-10-09 00:00:00-04:00,4.945424955624638,4.973684783848195,4.888906002044678,4.888906002044678,457052,0.0,0.0
1986-10-10 00:00:00-04:00,4.888905902608948,4.9595545931469704,4.888905902608948,4.903035640716553,1199680,0.0,0.0
1986-10-13 00:00:00-04:00,4.973686543601649,5.058465003967285,4.973686543601649,5.058465003967285,468462,0.0,0.0
1986-10-14 00:00:00-04:00,5.044334514252966,5.129113313509099,5.001945290341724,5.030204772949219,1289656,0.0,0.0
1986-10-15 00:00:00-04:00,5.016073712510558,5.129111964647209,5.016073712510558,5.1008524894714355,875962,0.0,0.0
1986-10-16 00:00:00-04:00,5.171500016387981,5.185630102237162,5.114981078725165,5.129110813140869,1079386,0.0,0.0
1986-10-17 00:00:00-04:00,5.157368956055745,5.157368956055745,5.016070954986619,5.072589874267578,342300,0.0,0.0
1986-10-20 00:00:00-04:00,5.030200663592343,5.0443303933529915,4.945421933595088,5.001941204071045,517688,0.0,0.0
1986-10-21 00:00:00-04:00,5.030204772949219,5.058464255556713,4.931296232389338,5.030204772949219,407174,0.0,0.0
1986-10-22 00:00:00-04:00,4.987811495346139,5.072589874267578,4.973681765525899,5.072589874267578,516058,0.0,0.0
1986-10-23 00:00:00-04:00,5.100849685341422,5.129109144981902,5.072589874267578,5.072589874267578,1247928,0.0,0.0
1986-10-24 00:00:00-04:00,5.030205517178739,5.100854585583805,5.0160757737844675,5.058465003967285,1125678,0.0,0.0
1986-10-27 00:00:00-05:00,5.030202963148766,5.044332699368821,4.9878137544886,5.016073226928711,787290,0.0,0.0
1986-10-28 00:00:00-05:00,5.044333758641534,5.11498280601111,5.0160742802671425,5.086723327636719,1259012,0.0,0.0
1986-10-29 00:00:00-05:00,5.100849683824462,5.185628414154053,5.086719954008425,5.185628414154053,1192834,0.0,0.0
1986-10-30 00:00:00-05:00,5.199756994061705,5.256276607513428,5.199756994061705,5.256276607513428,1228368,0.0,0.0
1986-10-31 00:00:00-05:00,5.256279917843014,5.312798864022938,5.228020093319522,5.242149829864502,1463414,0.0,0.0
1986-11-03 00:00:00-05:00,5.284539780730237,5.341058731079102,5.270409691709464,5.341058731079102,1234562,0.0,0.0
1986-11-04 00:00:00-05:00,5.341058167098117,5.341058167098117,5.228019926902934,5.284539222717285,1625110,0.0,0.0
1986-11-05 00:00:00-05:00,5.242150911431894,5.2562810023257445,5.0867234259355705,5.15737247467041,1326168,0.0,0.0
1986-11-06 00:00:00-05:00,5.143240643829372,5.1856301993034215,5.100851439788806,5.114981174468994,1148824,0.0,0.0
1986-11-07 00:00:00-05:00,5.114981174468994,5.129110909149182,5.058461884314756,5.114981174468994,891936,0.0,0.0
1986-11-10 00:00:00-05:00,5.143240643829372,5.143240643829372,5.072591618994944,5.114981174468994,563654,0.0,0.0
1986-11-11 00:00:00-05:00,5.143240547556573,5.157370633405755,5.114981078725165,5.129110813140869,384028,0.0,0.0
1986-11-12 00:00:00-05:00,5.157372375006294,5.157372375006294,5.086723327636719,5.086723327636719,957788,0.0,0.0
1986-11-13 00:00:00-05:00,5.370895862579346,5.470356916704711,5.07251270020325,5.370895862579346,10106000,0.076687,0.0
1986-11-14 00:00:00-05:00,5.569820389309674,6.337091459008355,5.569820389309674,6.280256748199463,11801200,0.0,0.0
1986-11-17 00:00:00-05:00,6.038708700537197,6.052917378663111,5.797160112205777,5.953455924987793,5020400,0.0,0.0
1986-11-18 00:00:00-05:00,5.868202319896747,5.939245691926677,5.45614899513882,5.683488845825195,4042400,0.0,0.0
1986-11-19 00:00:00-05:00,5.62664955374132,5.655067234530453,5.527188554470854,5.541397571563721,2452172,0.0,0.0
1986-11-20 00:00:00-05:00,5.569818119735155,5.6266528073852005,5.3282696370320455,5.484565734863281,3683800,0.0,0.0
1986-11-21 00:00:00-05:00,5.569818075681963,6.024497340270172,5.569818075681963,5.82557487487793,3046470,0.0,0.0
1986-11-24 00:00:00-05:00,5.896619422631412,5.910828096444443,5.697697282455279,5.7119059562683105,1336926,0.0,0.0
1986-11-25 00:00:00-05:00,5.726112874570547,6.109748363494873,5.726112874570547,6.109748363494873,2050214,0.0,0.0
1986-11-26 00:00:00-05:00,6.15237700350485,6.848604225081976,6.15237700350485,6.337090492248535,5705000,0.0,0.0
1986-11-28 00:00:00-05:00,6.422340837813181,6.450758181326478,6.166584039399906,6.251836776733398,1450048,0.0,0.0
1986-12-01 00:00:00-05:00,6.081333619327429,6.578638676094363,6.067124943808019,6.536012649536133,3749000,0.0,0.0
1986-12-02 00:00:00-05:00,6.578634263075914,6.6212602610401685,6.379712232449416,6.3939208984375,2848588,0.0,0.0
1986-12-03 00:00:00-05:00,6.3086733899848095,6.365508094364722,6.109751217861298,6.166585922241211,2400664,0.0,0.0
1986-12-04 00:00:00-05:00,6.195002555911793,6.2092119371525305,6.109750509229772,6.138167858123779,1167732,0.0,0.0
1986-12-05 00:00:00-05:00,6.1097514497164385,6.379717012559595,6.1097514497164385,6.195003509521484,1784198,0.0,0.0
1986-12-08 00:00:00-05:00,6.223420611665669,6.294463983901442,6.081333160400391,6.081333160400391,965612,0.0,0.0
1986-12-09 00:00:00-05:00,6.067126936512552,6.081335616698702,5.868204707112435,5.882413387298584,1885584,0.0,0.0
1986-12-10 00:00:00-05:00,5.882408655923697,5.8966173246814435,5.655069249006302,5.697695255279541,2175072,0.0,0.0
1986-12-11 00:00:00-05:00,5.697696935851445,5.868201718029323,5.6266532177111905,5.768740653991699,1547196,0.0,0.0
1986-12-12 00:00:00-05:00,5.825575345786438,5.8397840187351235,5.68348826290276,5.768740653991699,1348988,0.0,0.0
1986-12-15 00:00:00-05:00,5.711906316458124,5.797158718109131,5.655071617622035,5.797158718109131,809458,0.0,0.0
1986-12-16 00:00:00-05:00,5.811367747875281,5.896620154734955,5.811367747875281,5.839785099029541,1356486,0.0,0.0
1986-12-17 00:00:00-05:00,5.8824136131156575,6.052918488688903,5.853996251652458,5.910830974578857,1381914,0.0,0.0
1986-12-18 00:00:00-05:00,5.8682030466459905,5.939246427474307,5.797159312420763,5.811367988586426,816956,0.0,0.0
1986-12-19 00:00:00-05:00,5.839782296253732,5.839782296253732,5.669277917764048,5.697695255279541,1691940,0.0,0.0
1986-12-22 00:00:00-05:00,5.683488496025777,5.740323543548584,5.655071148962797,5.740323543548584,869116,0.0,0.0
1986-12-23 00:00:00-05:00,5.726114401254106,5.8397841406127275,5.726114401254106,5.782949447631836,923232,0.0,0.0
1986-12-24 00:00:00-05:00,5.74032330809433,5.825575345786438,5.726114281748814,5.768740653991699,657216,0.0,0.0
1986-12-26 00:00:00-05:00,5.7545342445373535,5.825577637225058,5.7545342445373535,5.7545342445373535,287532,0.0,0.0
1986-12-29 00:00:00-05:00,5.740323543548584,5.768740890611565,5.6976971695572685,5.740323543548584,569196,0.0,0.0
1986-12-30 00:00:00-05:00,5.726113319396973,5.754531013915189,5.697695978275527,5.726113319396973,518340,0.0,0.0
1986-12-31 00:00:00-05:00,5.697695255279541,5.740321614949506,5.640860580248555,5.697695255279541,1029508,0.0,0.0
1987-01-02 00:00:00-05:00,5.726114281748814,5.768740653991699,5.68348826290276,5.768740653991699,504648,0.0,0.0
1987-01-05 00:00:00-05:00,5.782950396721023,5.896620154734955,5.7119066654384785,5.839785099029541,1518508,0.0,0.0
1987-01-06 00:00:00-05:00,5.853993045080638,5.896619063926693,5.74032330809433,5.768740653991699,1503838,0.0,0.0
1987-01-07 00:00:00-05:00,5.797158485382715,5.925036906027121,5.782949811244099,5.868202209472656,1158930,0.0,0.0
1987-01-08 00:00:00-05:00,5.868203492645417,6.0813343581227155,5.797159753020672,6.052917003631592,1976538,0.0,0.0
1987-01-09 00:00:00-05:00,6.024496306773391,6.067122314861332,5.96766092252932,5.996078968048096,988432,0.0,0.0
1987-01-12 00:00:00-05:00,5.967662930775264,6.010288953207772,5.939245582486925,5.981871604919434,744910,0.0,0.0
1987-01-13 00:00:00-05:00,5.939246412693009,5.981872441083914,5.925037736562708,5.967663764953613,531054,0.0,0.0
1987-01-14 00:00:00-05:00,5.953455088823311,5.9960818240080345,5.910829060432406,5.967663764953613,834886,0.0,0.0
1987-01-15 00:00:00-05:00,5.996079797154464,6.067123153791202,5.9818704190335374,6.010287761688232,1211742,0.0,0.0
1987-01-16 00:00:00-05:00,6.024497154443801,6.180792539424295,6.010287776288356,6.038705825805664,778814,0.0,0.0
1987-01-19 00:00:00-05:00,6.038705811136507,6.081331825118549,5.96766174770619,6.010287761688232,817934,0.0,0.0
1987-01-20 00:00:00-05:00,6.024500895954103,6.067126936512552,5.726117198456916,5.882413387298584,1398540,0.0,0.0
1987-01-21 00:00:00-05:00,5.797158237674545,5.868201958728842,5.726114516620249,5.740323543548584,870420,0.0,0.0
1987-01-22 00:00:00-05:00,5.740323791071695,6.010288953207772,5.740323791071695,5.981871604919434,1394302,0.0,0.0
1987-01-23 00:00:00-05:00,5.967663532620604,6.081333644031432,5.754533045566763,5.839785099029541,1896342,0.0,0.0
1987-01-26 00:00:00-05:00,5.811368958687517,5.853995347697109,5.711907855527762,5.7545342445373535,761536,0.0,0.0
1987-01-27 00:00:00-05:00,5.7829493269403835,5.868201718029323,5.754531981043014,5.768740653991699,1702698,0.0,0.0
1987-01-28 00:00:00-05:00,5.811366911206036,5.839784258269017,5.683488496025777,5.740323543548584,930730,0.0,0.0
1987-01-29 00:00:00-05:00,5.811365696158082,5.811365696158082,5.655069966593358,5.726113319396973,1577188,0.0,0.0
1987-01-30 00:00:00-05:00,5.7687421503054885,6.195003509521484,5.726115767006044,6.195003509521484,1829186,0.0,0.0
1987-02-02 00:00:00-05:00,6.166582773552443,6.479174901618454,6.052913422832772,6.322878837585449,2939542,0.0,0.0
1987-02-03 00:00:00-05:00,6.081331825118549,6.2660452591676465,5.96766174770619,6.010287761688232,2352742,0.0,0.0
1987-02-04 00:00:00-05:00,6.010286868623742,6.1950002752263975,5.925034853327196,6.152374267578125,1687050,0.0,0.0
1987-02-05 00:00:00-05:00,6.166586421596085,6.1950037760872085,6.024499649140469,6.052917003631592,963330,0.0,0.0
1987-02-06 00:00:00-05:00,6.067122355124056,6.109748363494873,5.967660962131997,6.109748363494873,733500,0.0,0.0
1987-02-09 00:00:00-05:00,6.081331024580995,6.180791710779568,6.038705016210177,6.109748363494873,650044,0.0,0.0
1987-02-10 00:00:00-05:00,6.095545470846391,6.251841689789671,6.0387107391558,6.2092156410217285,956484,0.0,0.0
1987-02-11 00:00:00-05:00,6.209210395812989,6.252033104508372,6.137840398059442,6.209210395812988,686230,0.076687,0.0
1987-02-12 00:00:00-05:00,6.180664199863778,6.194938203578798,6.066472170143624,6.080746173858643,626246,0.0,0.0
1987-02-13 00:00:00-05:00,6.095019918676921,6.252034662916117,6.009375189981254,6.223485946655273,1223478,0.0,0.0
1987-02-17 00:00:00-05:00,6.180663348498872,6.2092113519965215,6.109293339754745,6.152115345001221,1071562,0.0,0.0
1987-02-18 00:00:00-05:00,6.166390930184705,6.1949389410130475,5.995102155171107,6.052198886871338,888676,0.0,0.0
1987-02-19 00:00:00-05:00,6.0521969811386045,6.209210991253474,6.0521969811386045,6.166388988494873,1395280,0.0,0.0
1987-02-20 00:00:00-05:00,6.152113314359152,6.166387311396526,6.095017326209653,6.137839317321777,489326,0.0,0.0
1987-02-23 00:00:00-05:00,6.137842188718721,6.166390196148759,5.9951014415250645,6.080746173858643,700900,0.0,0.0
1987-02-24 00:00:00-05:00,6.06647121558788,6.080745217056894,5.995100498199463,5.995100498199463,539530,0.0,0.0
1987-02-25 00:00:00-05:00,6.023650034080868,6.137842061432923,6.023650034080868,6.123568058013916,999842,0.0,0.0
1987-02-26 00:00:00-05:00,6.109292856067452,6.109292856067452,5.9951001410743965,6.009374141693115,950290,0.0,0.0
1987-02-27 00:00:00-05:00,5.980824960631587,6.0664696574922665,5.980824960631587,6.037920951843262,545724,0.0,0.0
1987-03-02 00:00:00-05:00,6.009374499668477,6.052197214118867,5.880908486447355,5.995100498199463,1290308,0.0,0.0
1987-03-03 00:00:00-05:00,5.995101335004368,5.995101335004368,5.93800532115877,5.980827331542969,566914,0.0,0.0
1987-03-04 00:00:00-05:00,5.966550350189209,5.9808243465264885,5.909454364840094,5.966550350189209,1278898,0.0,0.0
1987-03-05 00:00:00-05:00,5.9665524952614355,6.02364921118084,5.952278493792423,5.995100498199463,923884,0.0,0.0
1987-03-06 00:00:00-05:00,5.952278373551728,5.99510037709373,5.795264005542718,5.823812007904053,910844,0.0,0.0
1987-03-09 00:00:00-05:00,5.766715641511732,5.766715641511732,5.7096192853482925,5.7381672859191895,1477432,0.0,0.0
1987-03-10 00:00:00-05:00,5.709619643437046,5.895182368829058,5.709619643437046,5.823812007904053,944096,0.0,0.0
1987-03-11 00:00:00-05:00,5.795264362350898,5.86663437264841,5.709619994972194,5.8095383644104,3072876,0.0,0.0
1987-03-12 00:00:00-05:00,5.809538006723385,5.866634011446055,5.795264005542718,5.823812007904053,998538,0.0,0.0
1987-03-13 00:00:00-05:00,5.809537769931899,5.895182128546786,5.766715768135283,5.852359771728516,1330732,0.0,0.0
1987-03-16 00:00:00-05:00,5.852360370588908,5.86663437264841,5.780990360291396,5.8095383644104,954528,0.0,0.0
1987-03-17 00:00:00-05:00,5.766716003181383,5.823812007904053,5.738167645798381,5.823812007904053,757298,0.0,0.0
1987-03-18 00:00:00-05:00,5.823810810057674,5.852358806547233,5.766714817078557,5.795262813568115,970828,0.0,0.0
1987-03-19 00:00:00-05:00,5.780991066694374,5.866635089516582,5.766717062890673,5.83808708190918,1484278,0.0,0.0
1987-03-20 00:00:00-05:00,5.838088941265947,5.952281363086119,5.838088941265947,5.938007354736328,2466516,0.0,0.0
1987-03-23 00:00:00-05:00,5.938004492323409,6.02364921118084,5.880908486447355,5.995100498199463,1118506,0.0,0.0
1987-03-24 00:00:00-05:00,5.93800712969235,5.966555145309992,5.880911098457064,5.909459114074707,1015490,0.0,0.0
1987-03-25 00:00:00-05:00,5.880909448342017,5.880909448342017,5.780991066694374,5.83808708190918,745562,0.0,0.0
1987-03-26 00:00:00-05:00,5.852360945368648,6.023650051970616,5.80953893498445,5.980827331542969,1708566,0.0,0.0
1987-03-27 00:00:00-05:00,6.02364994611493,6.08074595895716,5.866634845733643,5.866634845733643,1472868,0.0,0.0
1987-03-30 00:00:00-05:00,5.852357902557325,6.066468908220944,5.780987922357659,5.952276229858398,2216474,0.0,0.0
1987-03-31 00:00:00-05:00,5.938005216808149,5.966553223229264,5.838086839312528,5.866634845733643,1285092,0.0,0.0
1987-04-01 00:00:00-05:00,5.795263769333027,5.880908127947913,5.780989768734155,5.852359771728516,1322256,0.0,0.0
1987-04-02 00:00:00-05:00,5.895183310774572,6.037923345388566,5.838086941907249,5.980827331542969,1310846,0.0,0.0
1987-04-03 00:00:00-05:00,5.9665501381493495,6.080742814832484,5.895180158999309,6.023646831512451,1022010,0.0,0.0
1987-04-06 00:00:00-04:00,5.9808243465264885,6.037920331875603,5.923728361177373,5.966550350189209,512472,0.0,0.0
1987-04-07 00:00:00-04:00,5.9522811375011715,5.966555145309992,5.8951851062658855,5.909459114074707,718504,0.0,0.0
1987-04-08 00:00:00-04:00,5.9094582749492455,5.923732280731201,5.866635902581598,5.923732280731201,813696,0.0,0.0
1987-04-09 00:00:00-04:00,5.923729152792724,5.923729152792724,5.766714817078557,5.795262813568115,889654,0.0,0.0
1987-04-10 00:00:00-04:00,5.723893644617713,5.866634011446055,5.723893644617713,5.823812007904053,1228368,0.0,0.0
1987-04-13 00:00:00-04:00,5.823813078105478,5.980827474967926,5.780991066694374,5.83808708190918,1344424,0.0,0.0
1987-04-14 00:00:00-04:00,5.738167885266125,5.752441887042482,5.45268678467395,5.552605152130127,2222016,0.0,0.0
1987-04-15 00:00:00-04:00,5.638251832409242,5.652525484124732,5.3384966258606195,5.495511054992676,2727642,0.0,0.0
1987-04-16 00:00:00-04:00,5.481233960039655,5.595426667039925,5.452685960800403,5.509782314300537,2129106,0.0,0.0
1987-04-20 00:00:00-04:00,5.524058864492073,5.552606876912532,5.295674055084814,5.381318092346191,2048910,0.0,0.0
1987-04-21 00:00:00-04:00,5.367044661503517,5.438415050506592,5.281400265704187,5.438415050506592,1763008,0.0,0.0
1987-04-22 00:00:00-04:00,5.381312965587674,5.666794237902403,5.367039327997684,5.56687593460083,1038962,0.0,0.0
1987-04-23 00:00:00-04:00,5.5668786678006725,5.709619019018566,5.495508314680911,5.509782314300537,1250862,0.0,0.0
1987-04-24 00:00:00-04:00,5.495506974354251,5.595425302343686,5.367040654088277,5.424136638641357,1154692,0.0,0.0
1987-04-27 00:00:00-04:00,5.38131498660606,5.466959684482551,5.22430065389006,5.352766990661621,890306,0.0,0.0
1987-04-28 00:00:00-04:00,5.324221635938727,5.381317656151602,5.210029595512979,5.224303245544434,1023314,0.0,0.0
1987-04-29 00:00:00-04:00,5.252849819852119,5.367042539108288,5.238576173722182,5.267124176025391,1603594,0.0,0.0
1987-04-30 00:00:00-04:00,5.281399373158596,5.309947736948296,5.195754991832991,5.2528510093688965,1511988,0.0,0.0
1987-05-01 00:00:00-04:00,5.281398647485754,5.409865379333496,5.23857664021764,5.409865379333496,1135784,0.0,0.0
1987-05-04 00:00:00-04:00,5.381318996222765,5.481237411499023,5.381318996222765,5.481237411499023,684600,0.0,0.0
1987-05-05 00:00:00-04:00,5.495506744108038,5.524054735188498,5.438410761947117,5.45268440246582,738390,0.0,0.0
1987-05-06 00:00:00-04:00,5.452685331488744,5.466959684482551,5.3242189947171825,5.352766990661621,1071888,0.0,0.0
1987-05-07 00:00:00-04:00,5.352768182935017,5.367042539108288,5.210028171418973,5.267124176025391,796418,0.0,0.0
1987-05-08 00:00:00-04:00,5.338493101132187,5.352766743423535,5.210026770294337,5.309945106506348,1153388,0.0,0.0
1987-05-11 00:00:00-04:00,5.309946534624512,5.3527681830586475,5.195753815365705,5.210028171539307,1348336,0.0,0.0
1987-05-12 00:00:00-04:00,5.210028171418973,5.338494536805079,5.210028171418973,5.267124176025391,798048,0.0,0.0
1987-05-13 00:00:00-04:00,5.2528510093688965,5.26712536877462,5.210029351238715,5.2528510093688965,603752,0.0,0.0
1987-05-14 00:00:00-04:00,5.281399620779072,5.295673625832291,5.181481230384778,5.224303245544434,563980,0.0,0.0
1987-05-15 00:00:00-04:00,5.195752853893631,5.2243008509147035,5.124382506319349,5.167204856872559,815326,0.0,0.0
1987-05-18 00:00:00-04:00,5.138657810757969,5.267124176147043,5.138657810757969,5.210028171539307,1625436,0.0,0.0
1987-05-19 00:00:00-04:00,5.120843410491943,5.250303216303551,5.106459067127562,5.120843410491943,1078408,0.107362,0.0
1987-05-20 00:00:00-04:00,5.106459214843714,5.135227902404677,5.034537138175207,5.092074871063232,1226738,0.0,0.0
1987-05-21 00:00:00-04:00,5.0776911105519,5.135228492283085,4.94823128612445,5.048922061920166,775228,0.0,0.0
1987-05-22 00:00:00-04:00,5.063306765119103,5.1064598014174925,5.034537716487369,5.048922061920166,470092,0.0,0.0
1987-05-26 00:00:00-04:00,5.092077199003352,5.32222752024086,5.048923790167405,5.293458461761475,1548500,0.0,0.0
1987-05-27 00:00:00-04:00,5.279073267524105,6.070215219181695,5.264688562675595,6.027061462402344,6911200,0.0,0.0
1987-05-28 00:00:00-04:00,6.084597778728809,6.372286100754331,5.911985286386061,6.185288906097412,8182600,0.0,0.0
1987-05-29 00:00:00-04:00,5.955141199928893,6.027062953129591,5.782528276714679,5.825681686401367,4564000,0.0,0.0
1987-06-01 00:00:00-04:00,5.753757894805224,5.854448677641455,5.523607278489436,5.653067111968994,3455600,0.0,0.0
1987-06-02 00:00:00-04:00,5.581147009986455,5.969525550569033,5.466071489332799,5.825681686401367,3977200,0.0,0.0
1987-06-03 00:00:00-04:00,5.8976016986701225,6.0126768275881135,5.724989184176219,5.768142223358154,2301886,0.0,0.0
1987-06-04 00:00:00-04:00,5.768143218806358,6.012677865237346,5.753758869929974,5.868834018707275,2052496,0.0,0.0
1987-06-05 00:00:00-04:00,5.8688341778112525,5.926371932642863,5.811296780745876,5.8400654792785645,1220218,0.0,0.0
1987-06-08 00:00:00-04:00,5.868831885113674,5.926369617467794,5.796909809112549,5.796909809112549,748170,0.0,0.0
1987-06-09 00:00:00-04:00,5.8256784482613835,5.8256784482613835,5.724987691981998,5.782525062561035,1409624,0.0,0.0
1987-06-10 00:00:00-04:00,5.768143031053743,6.098984475506625,5.768143031053743,6.0126776695251465,2781758,0.0,0.0
1987-06-11 00:00:00-04:00,6.027060073424733,6.041444417192091,5.8976006217524075,5.926369667053223,1599030,0.0,0.0
1987-06-12 00:00:00-04:00,5.969524383544922,5.998293079201007,5.883217938810466,5.969524383544922,973762,0.0,0.0
1987-06-15 00:00:00-04:00,5.998292303016782,6.098983440315959,5.911985869450453,6.070214748382568,1443202,0.0,0.0
1987-06-16 00:00:00-04:00,6.027059260454631,6.228440761566162,5.9839062349733245,6.228440761566162,3233920,0.0,0.0
1987-06-17 00:00:00-04:00,6.3147465740888755,6.3147465740888755,6.113365103400147,6.127749443054199,2792516,0.0,0.0
1987-06-18 00:00:00-04:00,6.098985992965238,6.170907752900611,6.027063517497258,6.084600925445557,1299436,0.0,0.0
1987-06-19 00:00:00-04:00,6.070215693505474,6.1277530863307375,5.940755844116211,5.940755844116211,1790392,0.0,0.0
1987-06-22 00:00:00-04:00,5.983908421155355,6.113368260428685,5.926371032826035,6.027061462402344,2040108,0.0,0.0
1987-06-23 00:00:00-04:00,6.070217288991088,6.156523400913536,6.041447869484333,6.084600925445557,1570016,0.0,0.0
1987-06-24 00:00:00-04:00,6.084598850731663,6.113368260428685,6.012677115320014,6.027061462402344,1261620,0.0,0.0
1987-06-25 00:00:00-04:00,6.041446366341496,6.084599411566021,5.955140275892447,6.0126776695251465,830322,0.0,0.0
1987-06-26 00:00:00-04:00,5.983907957050086,6.127752132249351,5.940754919149998,6.070214748382568,1263250,0.0,0.0
1987-06-29 00:00:00-04:00,6.041445340916869,6.127752132249351,6.041445340916869,6.070214748382568,756972,0.0,0.0
1987-06-30 00:00:00-04:00,6.070215693505474,6.070215693505474,5.91198678993737,5.940755844116211,985172,0.0,0.0
1987-07-01 00:00:00-04:00,5.911986027449555,5.95513942426908,5.811295602991711,5.8832173347473145,1199354,0.0,0.0
1987-07-02 00:00:00-04:00,5.940754010820582,6.012675729657374,5.8976006217524075,5.926369667053223,1371156,0.0,0.0
1987-07-06 00:00:00-04:00,6.098985590673149,6.214060398979356,6.041447470987487,6.113369941711426,2888034,0.0,0.0
1987-07-07 00:00:00-04:00,6.15652061620661,6.271595380052786,6.127751925245066,6.199673652648926,2937260,0.0,0.0
1987-07-08 00:00:00-04:00,6.35790379846222,6.616822799028144,6.285982052619594,6.602438449859619,6715600,0.0,0.0
1987-07-09 00:00:00-04:00,6.559283855059654,6.631205583936391,6.3866709902231875,6.401055335998535,3520800,0.0,0.0
1987-07-10 00:00:00-04:00,6.401056608668181,6.516132113282778,6.401056608668181,6.429825305938721,1309868,0.0,0.0
1987-07-13 00:00:00-04:00,6.429820766660356,6.688740290369956,6.401052089699719,6.631202220916748,2480534,0.0,0.0
1987-07-14 00:00:00-04:00,6.645594463523252,6.760670023766113,6.573672685579454,6.588057041168213,2442392,0.0,0.0
1987-07-15 00:00:00-04:00,6.602439160526559,6.731898316977887,6.472979288542688,6.645592212677002,2965622,0.0,0.0
1987-07-16 00:00:00-04:00,6.70313188587829,6.717516956999835,6.544903974401935,6.588057041168213,1164798,0.0,0.0
1987-07-17 00:00:00-04:00,6.602436467375939,6.631205157074746,6.516130398279518,6.616820812225342,1094382,0.0,0.0
1987-07-20 00:00:00-04:00,6.559286049562631,6.559286049562631,6.40105747756388,6.444210529327393,971806,0.0,0.0
1987-07-21 00:00:00-04:00,6.3866709902231875,6.4873621261829175,6.357902298672493,6.401055335998535,2057712,0.0,0.0
1987-07-22 00:00:00-04:00,6.415441828151717,6.45859487991523,6.285982672861178,6.444210529327393,1668468,0.0,0.0
1987-07-23 00:00:00-04:00,6.4729770648752725,6.501745756425967,6.3866709902231875,6.401055335998535,956810,0.0,0.0
1987-07-24 00:00:00-04:00,6.429826178739555,6.444210529327393,6.40105747756388,6.444210529327393,479872,0.0,0.0
1987-07-27 00:00:00-04:00,6.444211021155244,6.444211021155244,6.3435205593555954,6.35790491104126,585496,0.0,0.0
1987-07-28 00:00:00-04:00,6.487364296623443,6.516132997799118,6.386673126976041,6.444210529327393,1616634,0.0,0.0
1987-07-29 00:00:00-04:00,6.401056608668181,6.45859400320926,6.3866722600329116,6.429825305938721,679710,0.0,0.0
1987-07-30 00:00:00-04:00,6.444208373324577,6.458592719099925,6.37228664444784,6.401055335998535,1277920,0.0,0.0
1987-07-31 00:00:00-04:00,6.386671046574474,6.4154397383790025,6.257211217921792,6.300364971160889,1229020,0.0,0.0
1987-08-03 00:00:00-04:00,6.285982368265756,6.3722884676107086,6.199675553388302,6.329135417938232,993322,0.0,0.0
1987-08-04 00:00:00-04:00,6.357901647769518,6.357901647769518,6.271594866420966,6.343517303466797,1026900,0.0,0.0
1987-08-05 00:00:00-04:00,6.343518008867681,6.343518008867681,6.2715955638240555,6.300364971160889,932034,0.0,0.0
1987-08-06 00:00:00-04:00,6.271597067075455,6.300366481308084,6.228444019025223,6.285982131958008,572130,0.0,0.0
1987-08-07 00:00:00-04:00,6.300364001265076,6.329132688640872,6.242825910981291,6.2572102546691895,1084602,0.0,0.0
1987-08-10 00:00:00-04:00,6.271597606740803,6.487364296623443,6.257213256152966,6.444210529327393,2327640,0.0,0.0
1987-08-11 00:00:00-04:00,6.487361431121826,6.832586408274782,6.401054650184421,6.487361431121826,1535460,0.0,0.0
1987-08-12 00:00:00-04:00,6.472977469245832,6.516131224800011,6.357902695854267,6.415440082550049,2365456,0.0,0.0
1987-08-13 00:00:00-04:00,6.354643821716309,6.470445593381589,6.340168600258148,6.354643821716309,1090144,0.107362,0.0
1987-08-14 00:00:00-04:00,6.32569468993307,6.412546036683796,6.282268296504757,6.398070812225342,516384,0.0,0.0
1987-08-17 00:00:00-04:00,6.3401678996890585,6.412543998982522,6.325692679830365,6.383593559265137,453466,0.0,0.0
1987-08-18 00:00:00-04:00,6.398068577249575,6.716524124145508,6.354642919043679,6.716524124145508,3152420,0.0,0.0
1987-08-19 00:00:00-04:00,6.687576648641835,6.832329626854989,6.58625006792974,6.615200519561768,2294062,0.0,0.0
1987-08-20 00:00:00-04:00,6.673102032643566,6.673102032643566,6.5428242683410645,6.5428242683410645,945726,0.0,0.0
1987-08-21 00:00:00-04:00,6.600721786580456,6.890226869130844,6.600721786580456,6.73099946975708,2765132,0.0,0.0
1987-08-24 00:00:00-04:00,6.716525307337718,6.7889021371502425,6.629673975626078,6.687574863433838,1136436,0.0,0.0
1987-08-25 00:00:00-04:00,6.759951693246363,6.817852581054122,6.687574863433838,6.687574863433838,1037984,0.0,0.0
1987-08-26 00:00:00-04:00,6.7454741802140274,6.7454741802140274,6.629672431568849,6.673098087310791,640264,0.0,0.0
1987-08-27 00:00:00-04:00,6.644149032405055,7.1218327850495475,6.6007233676287935,6.9191789627075195,4238000,0.0,0.0
1987-08-28 00:00:00-04:00,6.861278246909942,6.875753468861882,6.6730996414818975,6.687574863433838,1969692,0.0,0.0
1987-08-31 00:00:00-04:00,6.716526981802075,6.74547743292345,6.615200402877265,6.658626079559326,945400,0.0,0.0
1987-09-01 00:00:00-04:00,6.60072337140511,6.788901972262709,6.484920878549353,6.557297706604004,2170508,0.0,0.0
1987-09-02 00:00:00-04:00,6.571775513786249,6.759954929351807,6.513874598260335,6.759954929351807,1786154,0.0,0.0
1987-09-03 00:00:00-04:00,6.919185169808939,6.919185169808939,6.629679758203251,6.702055931091309,2872386,0.0,0.0
1987-09-04 00:00:00-04:00,6.731003661251947,6.731003661251947,6.427022451230471,6.5428242683410645,1972300,0.0,0.0
1987-09-08 00:00:00-04:00,6.5138715288515465,6.600723581267933,6.369119308245622,6.441495418548584,1655102,0.0,0.0
1987-09-09 00:00:00-04:00,6.484922397771174,6.499397622762652,6.3256949228649235,6.3691205978393555,1597400,0.0,0.0
1987-09-10 00:00:00-04:00,6.4993959511284185,6.4993959511284185,6.398069402249103,6.455970287322998,1574580,0.0,0.0
1987-09-11 00:00:00-04:00,6.427021261142251,6.470446934517614,6.354645138849979,6.398070812225342,1043200,0.0,0.0
1987-09-14 00:00:00-04:00,6.470444651051306,6.470444651051306,6.3401676769008946,6.412543773651123,865530,0.0,0.0
1987-09-15 00:00:00-04:00,6.412546272813787,6.412546272813787,6.3256949228649235,6.3691205978393555,758276,0.0,0.0
1987-09-16 00:00:00-04:00,6.3401701478564005,6.45597194778822,6.282268527837514,6.3691205978393555,1349314,0.0,0.0
1987-09-17 00:00:00-04:00,6.3256949228649235,6.441496722796742,6.311218977820469,6.3691205978393555,1960890,0.0,0.0
1987-09-18 00:00:00-04:00,6.369117079721293,6.369117079721293,6.25331462370246,6.267789840698242,1707588,0.0,0.0
1987-09-21 00:00:00-04:00,6.26779525003367,6.296745709010533,6.036190858165565,6.079616546630859,1466674,0.0,0.0
1987-09-22 00:00:00-04:00,6.094090341891608,6.282269001007079,6.036189437564703,6.28226900100708,1910686,0.0,0.0
1987-09-23 00:00:00-04:00,6.282266398870685,6.354643219353618,6.137514198010282,6.340167999267578,2222016,0.0,0.0
1987-09-24 00:00:00-04:00,6.3546453728478784,6.499397622762652,6.3256949228649235,6.3691205978393555,900086,0.0,0.0
1987-09-25 00:00:00-04:00,6.398068879611738,6.427019319783819,6.296741618956725,6.340167999267578,924536,0.0,0.0
1987-09-28 00:00:00-04:00,6.36911986272873,6.383595086049507,6.224366909468065,6.253317356109619,869116,0.0,0.0
1987-09-29 00:00:00-04:00,6.2533149372005745,6.282265372643513,6.1664636308717595,6.195414066314697,903998,0.0,0.0
1987-09-30 00:00:00-04:00,6.1664636308717595,6.282265372643513,6.137513195428821,6.195414066314697,886068,0.0,0.0
1987-10-01 00:00:00-04:00,6.238841329998227,6.441495150465268,6.209890887081906,6.354643821716309,1435704,0.0,0.0
1987-10-02 00:00:00-04:00,6.325695399305289,6.354645851468741,6.267793774925353,6.28226900100708,951594,0.0,0.0
1987-10-05 00:00:00-04:00,6.340168881065733,6.52834748840909,6.311217716814357,6.499396324157715,1598052,0.0,0.0
1987-10-06 00:00:00-04:00,6.470445656948985,6.687574701007321,6.470445656948985,6.557297706604004,2696346,0.0,0.0
1987-10-07 00:00:00-04:00,6.571773636674232,6.716526604196035,6.427021389205393,6.470447063446045,2223320,0.0,0.0
1987-10-08 00:00:00-04:00,6.484920098275985,6.542820977710757,6.354643119547751,6.383593559265137,985172,0.0,0.0
1987-10-09 00:00:00-04:00,6.4125459063105446,6.427021130474704,6.282268168780178,6.296743392944336,1096664,0.0,0.0
1987-10-12 00:00:00-04:00,6.296742170562313,6.3835942187396775,6.10856429295908,6.209890842437744,1348010,0.0,0.0
1987-10-13 00:00:00-04:00,6.2677911710030685,6.340167991396145,6.238840730866931,6.311216831207275,1220218,0.0,0.0
1987-10-14 00:00:00-04:00,6.2388424962877,6.427021130474704,6.195416823795223,6.296743392944336,1270096,0.0,0.0
1987-10-15 00:00:00-04:00,6.180941793439921,6.23884269191209,5.862485771763549,5.905911445617676,2002944,0.0,0.0
1987-10-16 00:00:00-04:00,5.891434903781511,5.949335789308092,5.413751158081626,5.515078067779541,3497328,0.0,0.0
1987-10-19 00:00:00-04:00,5.269000084390967,5.326900990359003,4.024126285759901,4.139928817749023,6292778,0.0,0.0
1987-10-20 00:00:00-04:00,4.371533779786067,4.559712470842709,3.3293137247317492,4.212305545806885,3889832,0.0,0.0
1987-10-21 00:00:00-04:00,4.545236333004769,5.211099285505651,4.429434158662557,4.878167629241943,3706294,0.0,0.0
1987-10-22 00:00:00-04:00,4.632088431102718,4.6899893384769085,4.400483721526355,4.5162858963012695,1815494,0.0,0.0
1987-10-23 00:00:00-04:00,4.429432781957715,4.559710502624512,4.414957559667275,4.559710502624512,1264554,0.0,0.0
1987-10-26 00:00:00-05:00,4.284680189967171,4.357056661292752,4.053075553730593,4.067551136016846,1574254,0.0,0.0
1987-10-27 00:00:00-05:00,4.226778914510249,4.255729718875571,3.9662241954072797,3.9806997776031494,1262598,0.0,0.0
1987-10-28 00:00:00-05:00,3.7925201043652197,4.270204147297039,3.7925201043652197,4.183352470397949,1232606,0.0,0.0
1987-10-29 00:00:00-05:00,4.255730639586436,4.516285415059424,4.255730639586436,4.4583845138549805,1418426,0.0,0.0
1987-10-30 00:00:00-05:00,4.54523263453242,4.791312369796859,4.54523263453242,4.675509929656982,1541654,0.0,0.0
1987-11-02 00:00:00-05:00,4.603136185891644,4.675512297601636,4.574185381181225,4.617611408233643,757950,0.0,0.0
1987-11-03 00:00:00-05:00,4.516283464988681,4.950541476621194,4.5018082459377755,4.907115459442139,1908730,0.0,0.0
1987-11-04 00:00:00-05:00,4.689984628098961,4.89263832042681,4.617608206545824,4.7623610496521,848252,0.0,0.0
1987-11-05 00:00:00-05:00,4.661036990003777,4.776838757676888,4.6176109670999725,4.718937873840332,1030160,0.0,0.0
1987-11-06 00:00:00-05:00,4.733414654137526,4.921592934311704,4.718939069484301,4.747889518737793,1558280,0.0,0.0
1987-11-09 00:00:00-05:00,4.632088661193848,4.718940026569326,4.545236575765264,4.632088661193848,1036028,0.0,0.0
1987-11-10 00:00:00-05:00,4.57418536488853,4.60313616949583,4.429432781957715,4.559710502624512,1273356,0.0,0.0
1987-11-11 00:00:00-05:00,4.74788727434953,4.762362852159962,4.487332634182721,4.574183940887451,536922,0.0,0.0
1987-11-12 00:00:00-05:00,4.571265568961382,4.688102628371533,4.396009253355959,4.439823150634766,739694,0.107362,0.0
1987-11-13 00:00:00-05:00,4.4398214209697064,4.4398214209697064,4.322984043831947,4.366797924041748,516058,0.0,0.0
1987-11-16 00:00:00-05:00,4.469034960835152,4.512849246313571,4.410616397857666,4.410616397857666,547354,0.0,0.0
1987-11-17 00:00:00-05:00,4.322985397791577,4.425218180212057,4.322985397791577,4.381403923034668,674494,0.0,0.0
1987-11-18 00:00:00-05:00,4.410615082424889,4.55666180955657,4.410615082424889,4.512847900390625,694380,0.0,0.0
1987-11-19 00:00:00-05:00,4.469032415487304,4.5128466760112085,4.410613885782228,4.439823150634766,1715412,0.0,0.0
1987-11-20 00:00:00-05:00,4.381404373347219,4.439823267839565,4.279171943664551,4.279171943664551,2702214,0.0,0.0
1987-11-23 00:00:00-05:00,4.279171132170616,4.352194282381691,4.133124105258386,4.191542625427246,1066998,0.0,0.0
1987-11-24 00:00:00-05:00,4.293777058244237,4.308381692694708,4.118520718348296,4.147730350494385,970828,0.0,0.0
1987-11-25 00:00:00-05:00,4.118521418891127,4.147731056005651,4.030893234037978,4.074707508087158,618748,0.0,0.0
1987-11-27 00:00:00-05:00,4.0601004251666035,4.118519306182861,4.045496158968819,4.118519306182861,372618,0.0,0.0
1987-11-30 00:00:00-05:00,3.9432661076419055,4.103917505491752,3.8410332678300856,4.001684665679932,851838,0.0,0.0
1987-12-01 00:00:00-05:00,4.001680966034165,4.089308722077336,3.9724717140197754,3.9724717140197754,692750,0.0,0.0
1987-12-02 00:00:00-05:00,3.943263340427569,4.0601003745123645,3.943263340427569,4.016286849975586,723720,0.0,0.0
1987-12-03 00:00:00-05:00,4.016287853473012,4.016287853473012,3.8264265359119918,3.8994500637054443,671560,0.0,0.0
1987-12-04 00:00:00-05:00,3.7972179502469428,3.914055760942395,3.534333784295113,3.8264272212982178,1422664,0.0,0.0
1987-12-07 00:00:00-05:00,3.8702407978861073,3.972473591498897,3.8118222662474337,3.8994500637054443,1220870,0.0,0.0
1987-12-08 00:00:00-05:00,4.030892214397349,4.060101480877987,3.9140551484747994,3.9870779514312744,1284114,0.0,0.0
1987-12-09 00:00:00-05:00,3.9432661076419055,4.103917505491752,3.9140568286228925,4.001684665679932,1495362,0.0,0.0
1987-12-10 00:00:00-05:00,3.797215934823335,3.9432629390536444,3.7387974237271977,3.8848440647125244,834560,0.0,0.0
1987-12-11 00:00:00-05:00,3.8702389687244714,4.001680966034165,3.8702389687244714,3.9724717140197754,2187134,0.0,0.0
1987-12-14 00:00:00-05:00,3.97247213161504,4.133123397827148,3.9432628765301065,4.133123397827148,1055914,0.0,0.0
1987-12-15 00:00:00-05:00,4.176938187199118,4.206147446084735,4.0601004251666035,4.118519306182861,2092920,0.0,0.0
1987-12-16 00:00:00-05:00,4.103912928134921,4.249959523580142,4.103912928134921,4.235354900360107,1358442,0.0,0.0
1987-12-17 00:00:00-05:00,4.264564515748201,4.322983376927308,4.235355266781098,4.293774127960205,1045482,0.0,0.0
1987-12-18 00:00:00-05:00,4.3083820863045625,4.45442880739711,4.293777450519826,4.425219535827637,1480366,0.0,0.0
1987-12-21 00:00:00-05:00,4.381406282340646,4.4106159239361125,4.26456880569458,4.26456880569458,947030,0.0,0.0
1987-12-22 00:00:00-05:00,4.191541844183793,4.2061468347488855,4.118518707583185,4.176937580108643,1181750,0.0,0.0
1987-12-23 00:00:00-05:00,4.162331781118439,4.3521926258944115,4.162331781118439,4.293774127960205,827062,0.0,0.0
1987-12-24 00:00:00-05:00,4.33758800141086,4.366797250377963,4.293774127960205,4.293774127960205,593972,0.0,0.0
1987-12-28 00:00:00-05:00,4.176937643699525,4.206146898784458,4.133123397827148,4.133123397827148,808480,0.0,0.0
1987-12-29 00:00:00-05:00,4.147728928313502,4.191542453396903,4.103914676740053,4.118519306182861,540182,0.0,0.0
1987-12-30 00:00:00-05:00,4.118519314572958,4.16233320299064,4.0893096923828125,4.0893096923828125,856728,0.0,0.0
1987-12-31 00:00:00-05:00,4.089309633033563,4.118519254799781,4.016286849975586,4.016286849975586,1273030,0.0,0.0
1988-01-04 00:00:00-05:00,4.060101628337224,4.33759075971679,4.060101628337224,4.322986125946045,845970,0.0,0.0
1988-01-05 00:00:00-05:00,4.381403923034668,4.483636705455148,4.352194660413122,4.381403923034668,1028530,0.0,0.0
1988-01-06 00:00:00-05:00,4.366802112379247,4.469034960835152,4.29377890865739,4.410616397857666,1443528,0.0,0.0
1988-01-07 00:00:00-05:00,4.381405048094028,4.4982428550720215,4.322986507850195,4.4982428550720215,1026574,0.0,0.0
1988-01-08 00:00:00-05:00,4.46903319053365,4.527452093615177,4.1331254967390585,4.2207536697387695,989084,0.0,0.0
1988-01-11 00:00:00-05:00,4.22075488816928,4.308383086465146,4.103917411523214,4.26456880569458,450858,0.0,0.0
1988-01-12 00:00:00-05:00,4.322985372397321,4.366799266072266,4.147729434452472,4.249961853027344,1515248,0.0,0.0
1988-01-13 00:00:00-05:00,4.176936407479967,4.308378379705153,4.133122174574992,4.235354900360107,721764,0.0,0.0
1988-01-14 00:00:00-05:00,4.249959891264649,4.293774127960205,4.206146017813994,4.293774127960205,520296,0.0,0.0
1988-01-15 00:00:00-05:00,4.439823267839565,4.439823267839565,4.279171943664551,4.279171943664551,1430814,0.0,0.0
1988-01-18 00:00:00-05:00,4.23535661799366,4.322984756096014,4.20614735970788,4.308380126953125,466832,0.0,0.0
1988-01-19 00:00:00-05:00,4.26456880569458,4.308383086465146,4.20615024899418,4.26456880569458,701878,0.0,0.0
1988-01-20 00:00:00-05:00,4.249961079610291,4.264565708177491,4.147728679639891,4.206147193908691,430646,0.0,0.0
1988-01-21 00:00:00-05:00,4.176937580108643,4.2061468347488855,4.1477283254684,4.176937580108643,702530,0.0,0.0
1988-01-22 00:00:00-05:00,4.206147193908691,4.249961079610291,4.176937936774291,4.206147193908691,563002,0.0,0.0
1988-01-25 00:00:00-05:00,4.264564763486418,4.3521928787231445,4.264564763486418,4.3521928787231445,1722258,0.0,0.0
1988-01-26 00:00:00-05:00,4.366797250377963,4.454425360524174,4.264564515748201,4.293774127960205,2681350,0.0,0.0
1988-01-27 00:00:00-05:00,4.322984756096014,4.381403272667574,4.279170868667346,4.308380126953125,705464,0.0,0.0
1988-01-28 00:00:00-05:00,4.32298362805921,4.3667975040551115,4.235355512822483,4.3521928787231445,464224,0.0,0.0
1988-01-29 00:00:00-05:00,4.38140272984038,4.469030857086182,4.38140272984038,4.469030857086182,858684,0.0,0.0
1988-02-01 00:00:00-05:00,4.498243077996501,4.658894434873786,4.4106149000429005,4.425219535827637,1577514,0.0,0.0
1988-02-02 00:00:00-05:00,4.410611743295935,4.410611743295935,4.293774377395275,4.3521928787231445,4100102,0.0,0.0
1988-02-03 00:00:00-05:00,4.410614556675349,4.425219191323111,4.322986385543626,4.396009922027588,1632608,0.0,0.0
1988-02-04 00:00:00-05:00,4.396006260163307,4.512843603265285,4.396006260163307,4.483633995056152,540834,0.0,0.0
1988-02-05 00:00:00-05:00,4.45442622975271,4.5128451023315685,4.439821602419238,4.469030857086182,1033420,0.0,0.0
1988-02-08 00:00:00-05:00,4.381406753123619,4.425221038602038,4.3521974716348755,4.410616397857666,373922,0.0,0.0
1988-02-09 00:00:00-05:00,4.439823951583025,4.4982428550720215,4.425219316522067,4.4982428550720215,965938,0.0,0.0
1988-02-10 00:00:00-05:00,4.539512106597399,4.701637355686994,4.539512106597399,4.657421112060547,1091122,0.107362,0.0
1988-02-11 00:00:00-05:00,4.613203474447689,4.6574189645308985,4.5837258700962185,4.598464488983154,760884,0.0,0.0
1988-02-12 00:00:00-05:00,4.62794386069476,4.657421112060547,4.598466609328973,4.657421112060547,374574,0.0,0.0
1988-02-16 00:00:00-05:00,4.598466609328973,4.716376347947654,4.58372798364608,4.657421112060547,589408,0.0,0.0
1988-02-17 00:00:00-05:00,4.77533034277585,4.77533034277585,4.686898231506348,4.686898231506348,964308,0.0,0.0
1988-02-18 00:00:00-05:00,4.672158171939003,4.7311126502872884,4.642680932764861,4.716374397277832,904324,0.0,0.0
1988-02-19 00:00:00-05:00,4.716373689827095,4.819544378038721,4.716373689827095,4.775328159332275,1248580,0.0,0.0
1988-02-22 00:00:00-05:00,4.922717668961851,5.512264919082633,4.907979042695499,5.291184425354004,3781600,0.0,0.0
1988-02-23 00:00:00-05:00,5.350137193372716,5.659648956424515,5.09957991220597,5.217489242553711,4759600,0.0,0.0
1988-02-24 00:00:00-05:00,5.246966703629328,5.379615026591145,5.2027508403604905,5.30592155456543,2043694,0.0,0.0
1988-02-25 00:00:00-05:00,5.246963981644715,5.276441208531942,5.025884046835583,5.0848388671875,1482648,0.0,0.0
1988-02-26 00:00:00-05:00,5.114317417144775,5.261703956287162,5.099578799888293,5.114317417144775,1000494,0.0,0.0
1988-02-29 00:00:00-05:00,5.114316094074728,5.173270547849183,5.070099887166425,5.0848388671875,861292,0.0,0.0
1988-03-01 00:00:00-05:00,5.099578554446172,5.099578554446172,4.9816692554917115,5.025885105133057,736760,0.0,0.0
1988-03-02 00:00:00-05:00,5.070101255998785,5.143794709690168,5.040624021153255,5.099578857421875,1035050,0.0,0.0
1988-03-03 00:00:00-05:00,5.114316448407041,5.2911801885614205,5.0995778339423,5.27644157409668,1373112,0.0,0.0
1988-03-04 00:00:00-05:00,5.305919224805508,5.364873683277824,5.158532345469736,5.261703014373779,1864068,0.0,0.0
1988-03-07 00:00:00-05:00,5.2764407251634164,5.2764407251634164,5.202747664696282,5.2469635009765625,498454,0.0,0.0
1988-03-08 00:00:00-05:00,5.246966703629328,5.335398796744655,5.246966703629328,5.30592155456543,1126982,0.0,0.0
1988-03-09 00:00:00-05:00,5.3206584359659415,5.3206584359659415,5.188010522953501,5.232226371765137,922580,0.0,0.0
1988-03-10 00:00:00-05:00,5.217487736107496,5.246964968539055,5.040623608363078,5.055362224578857,881178,0.0,0.0
1988-03-11 00:00:00-05:00,5.0701005059254305,5.188010161019052,4.996407063136294,5.173271179199219,1109052,0.0,0.0
1988-03-14 00:00:00-05:00,5.14379590597445,5.202750755954103,5.114318664273446,5.158534526824951,839124,0.0,0.0
1988-03-15 00:00:00-05:00,5.158535066331152,5.188012677692722,5.07010296540181,5.143796443939209,517688,0.0,0.0
1988-03-16 00:00:00-05:00,5.143794709690168,5.143794709690168,5.08484023999911,5.099578857421875,760884,0.0,0.0
1988-03-17 00:00:00-05:00,5.114319199155323,5.158535066331152,5.099580576763381,5.143796443939209,787942,0.0,0.0
1988-03-18 00:00:00-05:00,5.143796028580959,5.173273270984576,5.070102555994262,5.12905740737915,1236192,0.0,0.0
1988-03-21 00:00:00-05:00,5.084841543773725,5.143796028580959,5.0406253135906445,5.12905740737915,1282484,0.0,0.0
1988-03-22 00:00:00-05:00,5.129057368334776,5.36487603892388,5.129057368334776,5.30592155456543,1985014,0.0,0.0
1988-03-23 00:00:00-05:00,5.335397541105964,5.482784450471185,5.335397541105964,5.409090995788574,1164798,0.0,0.0
1988-03-24 00:00:00-05:00,5.320660175655043,5.335398796744655,5.246966703629328,5.30592155456543,1220544,0.0,0.0
1988-03-25 00:00:00-05:00,5.276441852473007,5.276441852473007,5.143793948714567,5.173271179199219,822824,0.0,0.0
1988-03-28 00:00:00-05:00,5.070099887166425,5.173270547849183,5.040622660279197,5.0848388671875,597232,0.0,0.0
1988-03-29 00:00:00-05:00,5.188012677692722,5.188012677692722,5.129057821547266,5.143796443939209,391200,0.0,0.0
1988-03-30 00:00:00-05:00,5.217489376804604,5.232227997655106,5.129057285123948,5.158534526824951,849556,0.0,0.0
1988-03-31 00:00:00-05:00,5.158533981538409,5.217488825286198,5.143795362245864,5.202750205993652,1118506,0.0,0.0
1988-04-04 00:00:00-04:00,5.173271886170707,5.261703956287162,5.114317417144775,5.114317417144775,718178,0.0,0.0
1988-04-05 00:00:00-04:00,5.202749139224046,5.246964988035682,5.158532923834878,5.232226371765137,714266,0.0,0.0
1988-04-06 00:00:00-04:00,5.232225785137622,5.291180243609937,5.188009941283385,5.261703014373779,990062,0.0,0.0
1988-04-07 00:00:00-04:00,5.2617051039675005,5.305921331958927,5.202750622082449,5.217489242553711,731870,0.0,0.0
1988-04-08 00:00:00-04:00,5.217491294022242,5.409094168640386,5.217491294022242,5.291184425354004,1284440,0.0,0.0
1988-04-11 00:00:00-04:00,5.350136816607418,5.409091660918412,5.291181972296424,5.335398197174072,1505794,0.0,0.0
1988-04-12 00:00:00-04:00,5.335398796744655,5.379615026591145,5.30592155456543,5.30592155456543,609946,0.0,0.0
1988-04-13 00:00:00-04:00,5.320656776428223,5.335395388101726,5.291179186503798,5.320656776428223,1048742,0.0,0.0
1988-04-14 00:00:00-04:00,5.217489242553711,5.379614800892879,5.1880120016111855,5.217489242553711,2034892,0.0,0.0
1988-04-15 00:00:00-04:00,5.217489364740756,5.232227985557179,5.129057273264572,5.18801212310791,1116550,0.0,0.0
1988-04-18 00:00:00-04:00,5.188011586701108,5.217488825286198,5.158533981538409,5.202750205993652,521600,0.0,0.0
1988-04-19 00:00:00-04:00,5.232229920288595,5.32066204446449,5.232229920288595,5.291184425354004,1303022,0.0,0.0
1988-04-20 00:00:00-04:00,5.2617051039675005,5.276443724438764,5.217489242553711,5.217489242553711,572130,0.0,0.0
1988-04-21 00:00:00-04:00,5.261707172821299,5.32066204446449,5.246968546554947,5.291184425354004,839450,0.0,0.0
1988-04-22 00:00:00-04:00,5.30592155456543,5.335398796744655,5.276443945808553,5.30592155456543,621682,0.0,0.0
1988-04-25 00:00:00-04:00,5.305919224805508,5.335396454041666,5.246964399755701,5.261703014373779,473352,0.0,0.0
1988-04-26 00:00:00-04:00,5.246966483496237,5.305921331958927,5.202750622082449,5.217489242553711,636678,0.0,0.0
1988-04-27 00:00:00-04:00,5.2027508403604905,5.335398796744655,5.2027508403604905,5.30592155456543,868138,0.0,0.0
1988-04-28 00:00:00-04:00,5.305919224805508,5.320657839423587,5.246964399755701,5.261703014373779,699270,0.0,0.0
1988-04-29 00:00:00-04:00,5.246966703629328,5.335398796744655,5.246966703629328,5.30592155456543,899760,0.0,0.0
1988-05-02 00:00:00-04:00,5.320660175655043,5.335398796744655,5.30592155456543,5.30592155456543,521600,0.0,0.0
1988-05-03 00:00:00-04:00,5.335398796744655,5.36487603892388,5.30592155456543,5.30592155456543,775554,0.0,0.0
1988-05-04 00:00:00-04:00,5.320660175655043,5.335398796744655,5.30592155456543,5.30592155456543,605382,0.0,0.0
1988-05-05 00:00:00-04:00,5.335400670730842,5.335400670730842,5.276445799087652,5.291184425354004,651348,0.0,0.0
1988-05-06 00:00:00-04:00,5.246964345167197,5.30591916960365,5.246964345167197,5.27644157409668,438796,0.0,0.0
1988-05-09 00:00:00-04:00,5.261703604306227,5.305919819695396,5.202749139224046,5.232226371765137,874006,0.0,0.0
1988-05-10 00:00:00-04:00,5.2174894614501035,5.335398796744655,5.2174894614501035,5.30592155456543,906280,0.0,0.0
1988-05-11 00:00:00-04:00,5.2764407251634164,5.2911793372568425,5.2322248888831355,5.2469635009765625,950290,0.0,0.0
1988-05-12 00:00:00-04:00,5.246964399755701,5.350135068659745,5.246964399755701,5.261703014373779,1160560,0.0,0.0
1988-05-13 00:00:00-04:00,5.2911801885614205,5.335396398533131,5.27644157409668,5.27644157409668,819564,0.0,0.0
1988-05-16 00:00:00-04:00,5.305921371986777,5.3648758543165815,5.291182384826686,5.350137233734131,590386,0.0,0.0
1988-05-17 00:00:00-04:00,5.364875813843979,5.379614800892879,5.217489242553711,5.217489242553711,1289004,0.0,0.0
1988-05-18 00:00:00-04:00,5.205589506098875,5.250209065618551,4.9973662513858255,5.0717315673828125,1667816,0.122699,0.0
1988-05-19 00:00:00-04:00,4.937873904788124,5.0568591657936155,4.937873904788124,4.997366905212402,810436,0.0,0.0
1988-05-20 00:00:00-04:00,5.07173174788486,5.07173174788486,4.93787343448332,4.952746868133545,427712,0.0,0.0
1988-05-23 00:00:00-04:00,4.982491961669189,4.982491961669189,4.908126288535749,4.937872409820557,586474,0.0,0.0
1988-05-24 00:00:00-04:00,4.93787343448332,4.997366429241223,4.92300074067609,4.952746868133545,488674,0.0,0.0
1988-05-25 00:00:00-04:00,4.952748258542417,5.012240530158879,4.952748258542417,4.967621326446533,315894,0.0,0.0
1988-05-26 00:00:00-04:00,4.982492923736572,5.0122390507650465,4.967619860222335,4.982492923736572,547680,0.0,0.0
1988-05-27 00:00:00-04:00,4.952748258542417,5.012240530158879,4.952748258542417,4.967621326446533,194622,0.0,0.0
1988-05-31 00:00:00-04:00,4.997366905212402,5.0271130355030085,4.982493470145566,4.997366905212402,282642,0.0,0.0
1988-06-01 00:00:00-04:00,5.027111777828126,5.190715823417793,5.027111777828126,5.175842761993408,455096,0.0,0.0
1988-06-02 00:00:00-04:00,5.131224154393493,5.146097217489388,5.086604595184326,5.086604595184326,371314,0.0,0.0
1988-06-03 00:00:00-04:00,5.116347869675705,5.160967404015269,5.116347869675705,5.131221294403076,362186,0.0,0.0
1988-06-06 00:00:00-04:00,5.160970724439708,5.160970724439708,5.116351161393164,5.146097660064697,256888,0.0,0.0
1988-06-07 00:00:00-04:00,5.131224559326988,5.205589880675046,5.1014780608662535,5.160970687866211,441730,0.0,0.0
1988-06-08 00:00:00-04:00,5.175841671324683,5.324572624148938,5.1609686130343935,5.294826507568359,927144,0.0,0.0
1988-06-09 00:00:00-04:00,5.309701035089859,5.324574097495627,5.250208785466782,5.27995491027832,374248,0.0,0.0
1988-06-10 00:00:00-04:00,5.294828343624553,5.398940157680175,5.294828343624553,5.3245744705200195,778162,0.0,0.0
1988-06-13 00:00:00-04:00,5.369192093134301,5.398938209294898,5.339445607052347,5.3840651512146,640590,0.0,0.0
1988-06-14 00:00:00-04:00,5.398941636032627,5.4138147035529425,5.35432243347168,5.35432243347168,959418,0.0,0.0
1988-06-15 00:00:00-04:00,5.3245725789992076,5.369192123413086,5.3245725789992076,5.369192123413086,492586,0.0,0.0
1988-06-16 00:00:00-04:00,5.384067058288342,5.398940121636783,5.324574434973092,5.339447498321533,785986,0.0,0.0
1988-06-17 00:00:00-04:00,5.324575928509456,5.35432243347168,5.309702860989141,5.35432243347168,976370,0.0,0.0
1988-06-20 00:00:00-04:00,5.3394475339677525,5.354320967336976,5.309701407072286,5.3245744705200195,635700,0.0,0.0
1988-06-21 00:00:00-04:00,5.324572548972048,5.398938209294898,5.324572548972048,5.3840651512146,1115572,0.0,0.0
1988-06-22 00:00:00-04:00,5.413813587957095,5.503052344611624,5.398940523501593,5.458433151245117,1678574,0.0,0.0
1988-06-23 00:00:00-04:00,5.4584308115374505,5.488176927698047,5.369192093134301,5.3840651512146,985498,0.0,0.0
1988-06-24 00:00:00-04:00,5.3840651512146,5.428684695376853,5.354319035054003,5.3840651512146,329586,0.0,0.0
1988-06-27 00:00:00-04:00,5.38406761389347,5.398940678776726,5.309701919555664,5.309701919555664,523556,0.0,0.0
1988-06-28 00:00:00-04:00,5.3394475339677525,5.354320967336976,5.309701407072286,5.3245744705200195,230808,0.0,0.0
1988-06-29 00:00:00-04:00,5.35431826002896,5.35431826002896,5.235333442687988,5.235333442687988,455748,0.0,0.0
1988-06-30 00:00:00-04:00,5.265081405639648,5.279954466796176,5.190715729935576,5.265081405639648,470744,0.0,0.0
1988-07-01 00:00:00-04:00,5.235334274407202,5.3394456824392265,5.22046084619555,5.294826507568359,1206200,0.0,0.0
1988-07-05 00:00:00-04:00,5.27995528017682,5.3394475339677525,5.250209153281353,5.3245744705200195,602448,0.0,0.0
1988-07-06 00:00:00-04:00,5.339447159901396,5.384066717040168,5.190716165922241,5.27995491027832,2072708,0.0,0.0
1988-07-07 00:00:00-04:00,5.235335723061013,5.2948279726840894,5.235335723061013,5.27995491027832,595602,0.0,0.0
1988-07-08 00:00:00-04:00,5.235338623826277,5.250211694472829,5.175845971318402,5.220465183258057,518340,0.0,0.0
1988-07-11 00:00:00-04:00,5.2204623920207505,5.2204623920207505,5.175843203937745,5.19071626663208,817608,0.0,0.0
1988-07-12 00:00:00-04:00,5.235338623826277,5.2799578357659325,5.190719041964954,5.220465183258057,855750,0.0,0.0
1988-07-13 00:00:00-04:00,5.235338169505213,5.279957377572826,5.205591660871833,5.250211238861084,248738,0.0,0.0
1988-07-14 00:00:00-04:00,5.250208371214634,5.279954493679142,5.175842695131927,5.2055888175964355,322740,0.0,0.0
1988-07-15 00:00:00-04:00,5.190715823417793,5.25020843903677,5.175842761993408,5.175842761993408,527142,0.0,0.0
1988-07-18 00:00:00-04:00,5.146099105917373,5.146099105917373,5.041986886197811,5.101479530334473,541486,0.0,0.0
1988-07-19 00:00:00-04:00,5.116351757689309,5.146098259827713,5.056859493255615,5.056859493255615,483458,0.0,0.0
1988-07-20 00:00:00-04:00,5.071733393226951,5.116352598888234,5.056860324673189,5.101479530334473,633744,0.0,0.0
1988-07-21 00:00:00-04:00,5.086605625472463,5.086605625472463,5.056859493255615,5.056859493255615,296660,0.0,0.0
1988-07-22 00:00:00-04:00,5.0717315673828125,5.08660463058221,5.056858504183415,5.0717315673828125,287858,0.0,0.0
1988-07-25 00:00:00-04:00,5.071732230938919,5.071732230938919,4.997366905212402,4.997366905212402,910844,0.0,0.0
1988-07-26 00:00:00-04:00,4.997367228821921,5.056859493255615,4.967620726683518,5.056859493255615,822824,0.0,0.0
1988-07-27 00:00:00-04:00,5.056859493255615,5.13122519371929,5.056859493255615,5.056859493255615,544420,0.0,0.0
1988-07-28 00:00:00-04:00,5.0866017600635125,5.160967404015269,5.041982225723949,5.131221294403076,288510,0.0,0.0
1988-07-29 00:00:00-04:00,5.1460965464659925,5.279954466796176,5.101476993074975,5.265081405639648,621356,0.0,0.0
1988-08-01 00:00:00-04:00,5.235338169505213,5.265084308216955,5.220464730227704,5.250211238861084,231786,0.0,0.0
1988-08-02 00:00:00-04:00,5.235338169505213,5.265084308216955,5.205591660871833,5.250211238861084,296986,0.0,0.0
1988-08-03 00:00:00-04:00,5.205592112611505,5.250211694472829,5.175845971318402,5.220465183258057,313612,0.0,0.0
1988-08-04 00:00:00-04:00,5.23533637913578,5.23533637913578,5.131224559326988,5.160970687866211,181582,0.0,0.0
1988-08-05 00:00:00-04:00,5.116351161393164,5.146097660064697,5.101478097018153,5.146097660064697,115730,0.0,0.0
1988-08-08 00:00:00-04:00,5.086605032643143,5.205589917564739,5.086605032643143,5.146097660064697,439774,0.0,0.0
1988-08-09 00:00:00-04:00,5.11635160446167,5.146098105709208,4.997367079157703,5.11635160446167,520296,0.0,0.0
1988-08-10 00:00:00-04:00,5.056858946200746,5.086605075199634,4.99736668820297,5.041985511779785,834234,0.0,0.0
1988-08-11 00:00:00-04:00,5.044988563594782,5.090032577514648,5.044988563594782,5.090032577514648,299594,0.122699,0.0
1988-08-12 00:00:00-04:00,5.090035698485592,5.090035698485592,5.044991656946835,5.075021266937256,408804,0.0,0.0
1988-08-15 00:00:00-04:00,5.044990264148216,5.075019865848197,4.999945488151474,5.014960289001465,379464,0.0,0.0
1988-08-16 00:00:00-04:00,5.014958456459509,5.044988420632856,4.909854888916016,4.909854888916016,261778,0.0,0.0
1988-08-17 00:00:00-04:00,4.909857324084296,4.924871753447806,4.864812542206492,4.894842147827148,375878,0.0,0.0
1988-08-18 00:00:00-04:00,4.924869060516357,4.954898649716755,4.879824303269145,4.924869060516357,235372,0.0,0.0
1988-08-19 00:00:00-04:00,4.924871753447806,4.924871753447806,4.864812542206492,4.894842147827148,279056,0.0,0.0
1988-08-22 00:00:00-04:00,4.834781185401267,4.864810780145039,4.774721622467041,4.774721622467041,461942,0.0,0.0
1988-08-23 00:00:00-04:00,4.804752270470693,4.819766696520251,4.654603528614273,4.744692325592041,626572,0.0,0.0
1988-08-24 00:00:00-04:00,4.744690852075321,4.759706020355225,4.699646841022094,4.759706020355225,630158,0.0,0.0
1988-08-25 00:00:00-04:00,4.729677245910691,4.729677245910691,4.684632480200165,4.714662075042725,453140,0.0,0.0
1988-08-26 00:00:00-04:00,4.714662075042725,4.759706840753251,4.654602885357605,4.714662075042725,773598,0.0,0.0
1988-08-29 00:00:00-04:00,4.744692325592041,4.759707498535072,4.654603528614273,4.744692325592041,1187944,0.0,0.0
1988-08-30 00:00:00-04:00,4.744689806203663,4.849793720315212,4.729675388126629,4.819764137268066,515080,0.0,0.0
1988-08-31 00:00:00-04:00,4.834781185401267,4.834781185401267,4.744691654276586,4.774721622467041,266994,0.0,0.0
1988-09-01 00:00:00-04:00,4.77472209518587,4.77472209518587,4.669618129730225,4.669618129730225,1972300,0.0,0.0
1988-09-02 00:00:00-04:00,4.699648378196217,4.804752349853516,4.699648378196217,4.804752349853516,620704,0.0,0.0
1988-09-06 00:00:00-04:00,4.774720523314781,4.819764905061112,4.759705729399338,4.789735317230225,558438,0.0,0.0
1988-09-07 00:00:00-04:00,4.804749719191032,4.849793720315212,4.774719762697347,4.819764137268066,670256,0.0,0.0
1988-09-08 00:00:00-04:00,4.789735459684411,4.834780216217041,4.789735459684411,4.834780216217041,237654,0.0,0.0
1988-09-09 00:00:00-04:00,4.834781185401267,4.834781185401267,4.729677230351384,4.774721622467041,336758,0.0,0.0
1988-09-12 00:00:00-04:00,4.804750778301692,4.804750778301692,4.7146612624087565,4.759706020355225,313938,0.0,0.0
1988-09-13 00:00:00-04:00,4.744691654276586,4.774721622467041,4.729677230351384,4.774721622467041,422496,0.0,0.0
1988-09-14 00:00:00-04:00,4.819767643944806,4.849797248840332,4.789738039049279,4.849797248840332,524208,0.0,0.0
1988-09-15 00:00:00-04:00,4.849794492891999,4.849794492891999,4.789735317230225,4.789735317230225,207336,0.0,0.0
1988-09-16 00:00:00-04:00,4.759707577173677,4.834781949342246,4.759707577173677,4.804752349853516,1728452,0.0,0.0
1988-09-19 00:00:00-04:00,4.789737176662408,4.819766776151138,4.774722376918043,4.804752349853516,742302,0.0,0.0
1988-09-20 00:00:00-04:00,4.774722376918043,4.804752349853516,4.759707577173677,4.804752349853516,1030486,0.0,0.0
1988-09-21 00:00:00-04:00,4.804751590657496,4.819766014582698,4.774721622467041,4.774721622467041,260474,0.0,0.0
1988-09-22 00:00:00-04:00,4.789737097527661,4.789737097527661,4.699648300549893,4.744692325592041,446620,0.0,0.0
1988-09-23 00:00:00-04:00,4.729675769805908,4.774720148011656,4.714660603624091,4.729675769805908,394134,0.0,0.0
1988-09-26 00:00:00-04:00,4.774723236601516,4.894842029630431,4.74469325825918,4.849797248840332,625594,0.0,0.0
1988-09-27 00:00:00-04:00,4.909857205525005,4.909857205525005,4.819767643944806,4.849797248840332,504974,0.0,0.0
1988-09-28 00:00:00-04:00,4.834779302238178,4.849793720315212,4.819764137268066,4.819764137268066,339366,0.0,0.0
1988-09-29 00:00:00-04:00,4.8197673397152885,4.8948417206621295,4.8197673397152885,4.879826545715332,247108,0.0,0.0
1988-09-30 00:00:00-04:00,4.894841498917461,4.9398862748236745,4.864811897277832,4.864811897277832,527468,0.0,0.0
1988-10-03 00:00:00-04:00,4.834782514662086,4.879826545715332,4.789737736715267,4.879826545715332,643524,0.0,0.0
1988-10-04 00:00:00-04:00,4.819767643944806,4.8798268537358584,4.819767643944806,4.849797248840332,487370,0.0,0.0
1988-10-05 00:00:00-04:00,4.864812404109675,5.014960801397536,4.864812404109675,4.954901218414307,505952,0.0,0.0
1988-10-06 00:00:00-04:00,5.014957336462769,5.150090838000073,4.9999425444526855,5.13507604598999,1321604,0.0,0.0
1988-10-07 00:00:00-04:00,5.135074776127728,5.255193455950575,5.0750156229395325,5.180119514465332,853468,0.0,0.0
1988-10-10 00:00:00-04:00,5.180123376826938,5.180123376826938,5.135078604903416,5.1651082038879395,471722,0.0,0.0
1988-10-11 00:00:00-04:00,5.150093404395678,5.180123376826938,5.150093404395678,5.1651082038879395,329260,0.0,0.0
1988-10-12 00:00:00-04:00,5.150090838000073,5.165105630010157,5.105046461969822,5.13507604598999,350776,0.0,0.0
1988-10-13 00:00:00-04:00,5.105048195983024,5.225166946310544,5.105048195983024,5.2101521492004395,739694,0.0,0.0
1988-10-14 00:00:00-04:00,5.270211337640861,5.285226508197644,5.195137352090334,5.2101521492004395,463246,0.0,0.0
1988-10-17 00:00:00-04:00,5.255194807723208,5.315254349806735,5.225165223404721,5.240180015563965,624616,0.0,0.0
1988-10-18 00:00:00-04:00,5.25519591142612,5.27021070673879,5.225166320800781,5.225166320800781,582888,0.0,0.0
1988-10-19 00:00:00-04:00,5.255194755517211,5.270209547527295,5.105046461969822,5.13507604598999,531706,0.0,0.0
1988-10-20 00:00:00-04:00,5.135077937157077,5.210152298302733,5.135077937157077,5.1951375007629395,339366,0.0,0.0
1988-10-21 00:00:00-04:00,5.195137382557456,5.285226539193098,5.180122585359296,5.255196571350098,745888,0.0,0.0
1988-10-24 00:00:00-04:00,5.225167095842527,5.255196690922114,5.1951375007629395,5.1951375007629395,940184,0.0,0.0
1988-10-25 00:00:00-04:00,5.2101515254881114,5.225166320800781,5.180121934862772,5.225166320800781,226896,0.0,0.0
1988-10-26 00:00:00-04:00,5.210148697935073,5.285223007202148,5.195133910770943,5.285223007202148,544094,0.0,0.0
1988-10-27 00:00:00-04:00,5.255197849449212,5.285227824595703,5.135079069203561,5.270212650299072,425104,0.0,0.0
1988-10-28 00:00:00-04:00,5.270211368548258,5.270211368548258,5.225166976953777,5.255196571350098,1343446,0.0,0.0
1988-10-31 00:00:00-05:00,5.19513430276238,5.225163879356478,5.150089564424776,5.180119514465332,1342794,0.0,0.0
1988-11-01 00:00:00-05:00,5.165107398928394,5.195137366679614,5.135077804623852,5.150092601776123,678080,0.0,0.0
1988-11-02 00:00:00-05:00,5.120062351226807,5.18012190558466,5.060002796868953,5.120062351226807,1039288,0.0,0.0
1988-11-03 00:00:00-05:00,5.090033171091008,5.1951375007629395,5.090033171091008,5.1951375007629395,585496,0.0,0.0
1988-11-04 00:00:00-05:00,5.1651082038879395,5.240182574795985,5.135078604903416,5.1651082038879395,507908,0.0,0.0
1988-11-07 00:00:00-05:00,5.135077078262353,5.135077078262353,4.969913959503174,4.969913959503174,1485256,0.0,0.0
1988-11-08 00:00:00-05:00,4.999945163726807,5.029974763478298,4.969915563975316,4.999945163726807,825758,0.0,0.0
1988-11-09 00:00:00-05:00,4.999943661096153,4.999943661096153,4.894839720106026,4.909854888916016,430320,0.0,0.0
1988-11-10 00:00:00-05:00,4.894839720106026,4.924869310832738,4.804750947925888,4.909854888916016,1086558,0.0,0.0
1988-11-11 00:00:00-05:00,4.864808885285323,4.864808885285323,4.804749719191032,4.819764137268066,572456,0.0,0.0
1988-11-14 00:00:00-05:00,4.819764137268066,4.834779302238178,4.729675388126629,4.819764137268066,928448,0.0,0.0
1988-11-15 00:00:00-05:00,4.807633221547704,4.8834635199163205,4.807633221547704,4.822799205780029,513776,0.122699,0.0
1988-11-16 00:00:00-05:00,4.853129188758609,4.883461142456479,4.762132573251388,4.777298927307129,398046,0.0,0.0
1988-11-17 00:00:00-05:00,4.762134126262122,4.7924660898517475,4.7014701990828724,4.7166361808776855,341648,0.0,0.0
1988-11-18 00:00:00-05:00,4.731800960525206,4.762132916408784,4.716634982583416,4.746967315673828,434884,0.0,0.0
1988-11-21 00:00:00-05:00,4.716638019394164,4.762135982513428,4.716638019394164,4.762135982513428,575064,0.0,0.0
1988-11-22 00:00:00-05:00,4.7318006195535185,4.792464526949257,4.716634642704584,4.777298927307129,665040,0.0,0.0
1988-11-23 00:00:00-05:00,4.822800310546188,4.837966298252609,4.762135982513428,4.762135982513428,679058,0.0,0.0
1988-11-25 00:00:00-05:00,4.716638019394164,4.777302347426925,4.701472031687743,4.762135982513428,282642,0.0,0.0
1988-11-28 00:00:00-05:00,4.762136013019892,4.837966329244845,4.731804037412741,4.807634353637695,637330,0.0,0.0
1988-11-29 00:00:00-05:00,4.8076339919458055,4.883464302465831,4.8076339919458055,4.837965965270996,391526,0.0,0.0
1988-11-30 00:00:00-05:00,4.837967708431666,4.95929639986228,4.822801716304636,4.928963661193848,427386,0.0,0.0
1988-12-01 00:00:00-05:00,4.928959031813977,4.928959031813977,4.868295120282651,4.8834614753723145,538878,0.0,0.0
1988-12-02 00:00:00-05:00,4.883464220742398,4.883464220742398,4.853132247924805,4.853132247924805,546702,0.0,0.0
1988-12-05 00:00:00-05:00,4.883463461324488,4.913795429425215,4.868297100067139,4.868297100067139,399350,0.0,0.0
1988-12-06 00:00:00-05:00,4.8682964432222,4.974458694458008,4.8682964432222,4.974458694458008,1111986,0.0,0.0
1988-12-07 00:00:00-05:00,4.959295575503192,5.035125146326384,4.959295575503192,5.004793167114258,406196,0.0,0.0
1988-12-08 00:00:00-05:00,4.974459487859713,4.974459487859713,4.898629188537598,4.898629188537598,362186,0.0,0.0
1988-12-09 00:00:00-05:00,4.913796424865723,4.944128399111124,4.89863006053596,4.913796424865723,233742,0.0,0.0
1988-12-12 00:00:00-05:00,4.883463581321568,4.959293880643683,4.883463581321568,4.898629188537598,405218,0.0,0.0
1988-12-13 00:00:00-05:00,4.868297857126557,4.913796193559991,4.853132247924805,4.853132247924805,573108,0.0,0.0
1988-12-14 00:00:00-05:00,4.8834614753723145,4.898627076048314,4.837963164516989,4.8834614753723145,1248906,0.0,0.0
1988-12-15 00:00:00-05:00,4.883466062019943,4.944130030528064,4.868299692685727,4.928963661193848,647436,0.0,0.0
1988-12-16 00:00:00-05:00,4.898628679674201,4.989625331173717,4.883463074033555,4.959293365478516,653304,0.0,0.0
1988-12-19 00:00:00-05:00,4.974457796898081,5.095786385453178,4.974457796898081,5.019956111907959,1013860,0.0,0.0
1988-12-20 00:00:00-05:00,5.004790936814363,5.0199572968689194,4.913795039728757,4.959293365478516,1135132,0.0,0.0
1988-12-21 00:00:00-05:00,4.944127397525943,4.944127397525943,4.822799147916047,4.868297100067139,455748,0.0,0.0
1988-12-22 00:00:00-05:00,4.853132247924805,4.883464220742398,4.746969965856185,4.853132247924805,540508,0.0,0.0
1988-12-23 00:00:00-05:00,5.126119384368392,5.247447620340992,5.095787419676978,5.186783313751221,2661790,0.0,0.0
1988-12-27 00:00:00-05:00,5.186784709627077,5.201950696054279,5.095788791063867,5.141286373138428,601144,0.0,0.0
1988-12-28 00:00:00-05:00,5.110954565398575,5.141286539232883,5.035124253605746,5.095788955688477,410108,0.0,0.0
1988-12-29 00:00:00-05:00,5.095788955688477,5.141286539232883,5.080622591564266,5.095788955688477,744584,0.0,0.0
1988-12-30 00:00:00-05:00,5.12612183837701,5.141287450775949,4.974461187902132,5.004793167114258,500084,0.0,0.0
1989-01-03 00:00:00-05:00,5.004791059962787,5.004791059962787,4.9289607666519375,4.989625453948975,607012,0.0,0.0
1989-01-04 00:00:00-05:00,5.004790771188849,5.201949296096928,4.974458806497434,5.186783313751221,737086,0.0,0.0
1989-01-05 00:00:00-05:00,5.217116682481481,5.217116682481481,5.141286373138428,5.141286373138428,675798,0.0,0.0
1989-01-06 00:00:00-05:00,5.186784108383743,5.186784108383743,5.1109538078308105,5.1109538078308105,375552,0.0,0.0
1989-01-09 00:00:00-05:00,5.126117679833193,5.444603957603962,5.110951325323655,5.399106025695801,1268466,0.0,0.0
1989-01-10 00:00:00-05:00,5.399108728809588,5.399108728809588,5.2777804724368895,5.323278427124023,2498464,0.0,0.0
1989-01-11 00:00:00-05:00,5.308111190795898,5.308111190795898,5.217114925667768,5.308111190795898,987454,0.0,0.0
1989-01-12 00:00:00-05:00,5.323278427124024,5.353610774122453,5.262614487541178,5.323278427124023,1456242,0.0,0.0
1989-01-13 00:00:00-05:00,5.292946319847313,5.399108588566714,5.277780335345541,5.383942604064941,737738,0.0,0.0
1989-01-16 00:00:00-05:00,5.383939297480166,5.383939297480166,5.29294306914852,5.338441371917725,348820,0.0,0.0
1989-01-17 00:00:00-05:00,5.33844503215654,5.353611017742391,5.232282755848562,5.262614727020264,386310,0.0,0.0
1989-01-18 00:00:00-05:00,5.262613246835292,5.323277172116101,5.217114925667768,5.308111190795898,722090,0.0,0.0
1989-01-19 00:00:00-05:00,5.308111190795898,5.39910745592403,5.292945209475697,5.308111190795898,1079386,0.0,0.0
1989-01-20 00:00:00-05:00,5.3081115497238205,5.3081115497238205,5.186783313751221,5.186783313751221,638308,0.0,0.0
1989-01-23 00:00:00-05:00,5.186784709627077,5.232283046115728,5.141286373138428,5.141286373138428,460638,0.0,0.0
1989-01-24 00:00:00-05:00,5.141286087919412,5.292946698191965,5.141286087919412,5.262614727020264,831300,0.0,0.0
1989-01-25 00:00:00-05:00,5.292946815490722,5.323278787334621,5.262614843646824,5.292946815490723,337084,0.0,0.0
1989-01-26 00:00:00-05:00,5.262613246835292,5.353609511963423,5.201948944347566,5.308111190795898,482806,0.0,0.0
1989-01-27 00:00:00-05:00,5.338445150463602,5.353611136385551,5.247448857724875,5.292946815490723,739042,0.0,0.0
1989-01-30 00:00:00-05:00,5.292945209475697,5.323277172116101,5.277779228155494,5.308111190795898,272536,0.0,0.0
1989-01-31 00:00:00-05:00,5.323275761975379,5.429437980301242,5.277777830067217,5.399106025695801,780118,0.0,0.0
1989-02-01 00:00:00-05:00,5.429438004419994,5.535600600424271,5.323275785622536,5.490102291107178,840428,0.0,0.0
1989-02-02 00:00:00-05:00,5.444603244717272,5.717591554836277,5.444603244717272,5.702425956726074,3389096,0.0,0.0
1989-02-03 00:00:00-05:00,5.672095936338977,6.020914618954604,5.656929578654039,5.823755741119385,5291306,0.0,0.0
1989-02-06 00:00:00-05:00,5.747927502688475,5.823757044847265,5.611432893416125,5.672097206115723,1590880,0.0,0.0
1989-02-07 00:00:00-05:00,5.626599311828613,5.717595222095106,5.611433326784198,5.626599311828613,1975234,0.0,0.0
1989-02-08 00:00:00-05:00,5.626601800977485,5.732764120460485,5.550771465001863,5.656933784484863,1304000,0.0,0.0
1989-02-09 00:00:00-05:00,5.611431637219917,5.8692540597604035,5.581099299056939,5.823755741119385,1580122,0.0,0.0
1989-02-10 00:00:00-05:00,5.747926386159527,5.778258348013883,5.656929746182646,5.717593669891357,817282,0.0,0.0
1989-02-13 00:00:00-05:00,5.641767024993897,5.717596591166256,5.626600659110904,5.6417670249938965,780118,0.0,0.0
1989-02-14 00:00:00-05:00,5.690717764149697,5.751908069092417,5.644824654962721,5.675419807434082,1159908,0.122699,0.0
1989-02-15 00:00:00-05:00,5.660124409333726,5.767207484191315,5.660124409333726,5.736612319946289,631136,0.0,0.0
1989-02-16 00:00:00-05:00,5.767205726380645,5.904884684479677,5.72131337448091,5.828396797180176,1326494,0.0,0.0
1989-02-17 00:00:00-05:00,5.828394319222839,5.935477696395323,5.8130963677869385,5.874286651611328,1531548,0.0,0.0
1989-02-21 00:00:00-05:00,5.874286651611328,5.904882174003326,5.828394319222839,5.874286651611328,1397236,0.0,0.0
1989-02-22 00:00:00-05:00,5.8589894611350335,5.950774886871618,5.8130963677869385,5.874286651611328,1800172,0.0,0.0
1989-02-23 00:00:00-05:00,5.8589894611350335,5.966072838307518,5.828394319222839,5.874286651611328,2159098,0.0,0.0
1989-02-24 00:00:00-05:00,5.874289991893251,5.996671390091046,5.843694832583813,5.935481071472168,2125846,0.0,0.0
1989-02-27 00:00:00-05:00,5.904884231116856,6.134348636357565,5.874288698066143,6.057860374450684,3185020,0.0,0.0
1989-02-28 00:00:00-05:00,6.088454052055335,6.103751623678815,5.904882431613935,5.950775146484375,2045324,0.0,0.0
1989-03-01 00:00:00-05:00,5.950776022313763,5.966073976668601,5.8130974769592285,5.8130974769592285,2176702,0.0,0.0
1989-03-02 00:00:00-05:00,5.813098105321093,5.889586363443711,5.7978009102724695,5.843693256378174,765774,0.0,0.0
1989-03-03 00:00:00-05:00,5.981372112543802,6.1190510600721755,5.981372112543802,6.057860374450684,2468146,0.0,0.0
1989-03-06 00:00:00-05:00,6.1190509669108994,6.2108368037057495,6.057860282221022,6.164943695068359,1721606,0.0,0.0
1989-03-07 00:00:00-05:00,6.164940539180682,6.241428760768048,5.966071771821109,5.99666690826416,2254290,0.0,0.0
1989-03-08 00:00:00-05:00,5.9813689595629,6.149642970959156,5.966071771821109,5.99666690826416,1777678,0.0,0.0
1989-03-09 00:00:00-05:00,5.996671390091046,6.027266549400484,5.935481071472168,5.935481071472168,960396,0.0,0.0
1989-03-10 00:00:00-05:00,5.935480036951862,5.950777233460348,5.843693814061322,5.889586925506592,738390,0.0,0.0
1989-03-13 00:00:00-05:00,5.935479886406938,5.950777082527433,5.813098512643547,5.858991622924805,950942,0.0,0.0
1989-03-14 00:00:00-05:00,5.889584603047228,5.904882174003326,5.8130963677869385,5.874286651611328,500084,0.0,0.0
1989-03-15 00:00:00-05:00,5.874289149079912,5.889587107019778,5.782503684320511,5.828396797180176,497150,0.0,0.0
1989-03-16 00:00:00-05:00,5.889584535090114,5.889584535090114,5.797799110412598,5.797799110412598,740998,0.0,0.0
1989-03-17 00:00:00-05:00,5.706014959905442,5.721312916621057,5.629526698247107,5.675419807434082,1219240,0.0,0.0
1989-03-20 00:00:00-05:00,5.644825862073441,5.675421021087385,5.553040004551594,5.59893274307251,760884,0.0,0.0
1989-03-21 00:00:00-05:00,5.6601242650403005,5.6601242650403005,5.568338394165039,5.568338394165039,606360,0.0,0.0
1989-03-22 00:00:00-05:00,5.55303955078125,5.5836350877750744,5.491848857273585,5.55303955078125,870420,0.0,0.0
1989-03-23 00:00:00-05:00,5.537742061606676,5.553039640109679,5.445956210108666,5.491848945617676,826084,0.0,0.0
1989-03-27 00:00:00-05:00,5.491845866842623,5.553036527030627,5.46125072698851,5.522441387176514,533010,0.0,0.0
1989-03-28 00:00:00-05:00,5.507143615877513,5.675417259401888,5.507143615877513,5.644822120666504,1253470,0.0,0.0
1989-03-29 00:00:00-05:00,5.64482574691067,5.736611222079943,5.64482574691067,5.7060160636901855,2007508,0.0,0.0
1989-03-30 00:00:00-05:00,5.813099498534345,5.828397458209231,5.7060160636901855,5.7060160636901855,927796,0.0,0.0
1989-03-31 00:00:00-05:00,5.736607805142847,5.767202945309,5.660119954727462,5.721310615539551,473678,0.0,0.0
1989-04-03 00:00:00-04:00,5.721312270557778,6.226133751249401,5.721312270557778,6.0884552001953125,3005068,0.0,0.0
1989-04-04 00:00:00-04:00,5.981371816614954,6.042562879688949,5.813098105321093,5.843693256378174,7090500,0.0,0.0
1989-04-05 00:00:00-04:00,5.828397458209231,5.843694656924102,5.5989326288460255,5.7060160636901855,3529602,0.0,0.0
1989-04-06 00:00:00-04:00,5.7213124172833565,5.8130978666867,5.7213124172833565,5.767204761505127,3156658,0.0,0.0
1989-04-07 00:00:00-04:00,5.767201673840659,5.813094754451835,5.721309354188878,5.751904487609863,1620546,0.0,0.0
1989-04-10 00:00:00-04:00,5.706014163186587,5.751907265965603,5.660121440887451,5.660121440887451,1197072,0.0,0.0
1989-04-11 00:00:00-04:00,5.660121188785083,5.7366090558768645,5.614228468530014,5.629525661468506,3354214,0.0,0.0
1989-04-12 00:00:00-04:00,5.62952496279902,5.67541805783825,5.614227771759032,5.614227771759033,1898950,0.0,0.0
1989-04-13 00:00:00-04:00,5.614228468530014,5.629525661468506,5.5836333216933,5.629525661468506,1169362,0.0,0.0
1989-04-14 00:00:00-04:00,5.660119690034196,5.675417259401888,5.629524170819049,5.644822120666504,518014,0.0,0.0
1989-04-17 00:00:00-04:00,5.644822914798642,5.644822914798642,5.583632628719424,5.614227771759033,815652,0.0,0.0
1989-04-18 00:00:00-04:00,5.614230703059498,5.644825862073441,5.553040004551594,5.59893274307251,1555020,0.0,0.0
1989-04-19 00:00:00-04:00,5.629525282701874,5.67541838034902,5.568334993145463,5.583632946014404,683622,0.0,0.0
1989-04-20 00:00:00-04:00,5.61422809079261,5.61422809079261,5.568334993145463,5.583632946014404,600492,0.0,0.0
1989-04-21 00:00:00-04:00,5.583635544045554,5.629527902086454,5.568337584058566,5.59893274307251,828366,0.0,0.0
1989-04-24 00:00:00-04:00,5.583635544045554,5.614230703059498,5.568337584058566,5.59893274307251,809132,0.0,0.0
1989-04-25 00:00:00-04:00,5.598929032083665,5.644822120666504,5.598929032083665,5.644822120666504,720134,0.0,0.0
1989-04-26 00:00:00-04:00,5.660120486318446,5.660120486318446,5.5989298197594115,5.614227771759033,732848,0.0,0.0
1989-04-27 00:00:00-04:00,5.629525661468506,5.675418762203439,5.614228468530014,5.629525661468506,415976,0.0,0.0
1989-04-28 00:00:00-04:00,5.644825862073441,5.644825862073441,5.59893274307251,5.59893274307251,930404,0.0,0.0
1989-05-01 00:00:00-04:00,5.598931545775747,5.675419807434082,5.598931545775747,5.675419807434082,1062434,0.0,0.0
1989-05-02 00:00:00-04:00,5.706014959905442,5.751908069092417,5.660122231198401,5.675419807434082,951594,0.0,0.0
1989-05-03 00:00:00-04:00,5.6907172203063965,5.736609564147721,5.644824115505275,5.6907172203063965,775880,0.0,0.0
1989-05-04 00:00:00-04:00,5.6907172203063965,5.7213123698538775,5.675419265052757,5.6907172203063965,523882,0.0,0.0
1989-05-05 00:00:00-04:00,5.7366065404196735,5.813094754451835,5.721309354188878,5.751904487609863,2100418,0.0,0.0
1989-05-08 00:00:00-04:00,5.736610019606945,5.79780108451998,5.736610019606945,5.782503128051758,810110,0.0,0.0
1989-05-09 00:00:00-04:00,5.782499621030849,5.797797568221039,5.7366065404196735,5.751904487609863,784356,0.0,0.0
1989-05-10 00:00:00-04:00,5.767203207893829,5.82839425197177,5.751906017594042,5.797799110412598,1129590,0.0,0.0
1989-05-11 00:00:00-04:00,5.82839425197177,5.858989393530941,5.767203207893829,5.797799110412598,541486,0.0,0.0
1989-05-12 00:00:00-04:00,5.843694656924102,5.843694656924102,5.7060160636901855,5.7060160636901855,2726338,0.0,0.0
1989-05-15 00:00:00-04:00,5.706014461902898,5.782502716885586,5.706014461902898,5.767204761505127,697314,0.0,0.0
1989-05-16 00:00:00-04:00,5.782501159153213,5.82839425197177,5.767203207893829,5.797799110412598,791528,0.0,0.0
1989-05-17 00:00:00-04:00,5.822514057159424,5.85340339226438,5.80707015786459,5.822514057159424,924862,0.138037,0.0
1989-05-18 00:00:00-04:00,5.807065976572726,5.868843065785672,5.807065976572726,5.837954521179199,678080,0.0,0.0
1989-05-19 00:00:00-04:00,5.868840217590332,5.899728747206353,5.837951687974311,5.868840217590332,1081668,0.0,0.0
1989-05-22 00:00:00-04:00,5.853400244799766,5.946065895513936,5.853400244799766,5.915177345275879,773924,0.0,0.0
1989-05-23 00:00:00-04:00,5.915177726802656,5.946066279033014,5.86884451432848,5.899733066558838,854446,0.0,0.0
1989-05-24 00:00:00-04:00,5.899730225613624,5.9460634157766,5.899730225613624,5.930618762969971,933012,0.0,0.0
1989-05-25 00:00:00-04:00,5.91517734527588,5.930621236266292,5.899732686028235,5.915177345275879,459986,0.0,0.0
1989-05-26 00:00:00-04:00,5.899733166289713,5.961510655923373,5.899733166289713,5.946066379547119,1020380,0.0,0.0
1989-05-30 00:00:00-04:00,5.961508750915528,5.976953022356544,5.930619823904971,5.961508750915527,1116550,0.0,0.0
1989-05-31 00:00:00-04:00,5.946064012340043,5.97695255279541,5.946064012340043,5.97695255279541,862270,0.0,0.0
1989-06-01 00:00:00-04:00,5.946064012340043,5.992397207151589,5.946064012340043,5.97695255279541,981586,0.0,0.0
1989-06-02 00:00:00-04:00,5.976956834036852,6.038733959197998,5.976956834036852,6.038733959197998,1169362,0.0,0.0
1989-06-05 00:00:00-04:00,6.038735021450622,6.038735021450622,5.976957885422477,5.99240255355835,300572,0.0,0.0
1989-06-06 00:00:00-04:00,5.992398650920827,6.02328719881828,5.976953992843515,6.007842540740967,684274,0.0,0.0
1989-06-07 00:00:00-04:00,6.007842540740967,6.069620020664458,6.007842540740967,6.007842540740967,1002776,0.0,0.0
1989-06-08 00:00:00-04:00,6.038733959197998,6.0541786246170535,6.007845396617425,6.038733959197998,521926,0.0,0.0
1989-06-09 00:00:00-04:00,6.038732622241068,6.054177284240723,6.023288728498781,6.054177284240723,539530,0.0,0.0
1989-06-12 00:00:00-04:00,6.038730369562238,6.316728419921788,6.038730369562238,6.131396770477295,1902536,0.0,0.0
1989-06-13 00:00:00-04:00,6.1159521009908815,6.1313967571956285,6.100508213043213,6.100508213043213,274166,0.0,0.0
1989-06-14 00:00:00-04:00,6.131396770477295,6.177729586806283,6.115952114239092,6.131396770477295,363164,0.0,0.0
1989-06-15 00:00:00-04:00,6.131397613507512,6.131397613507512,6.0541758582131315,6.069620132446289,365772,0.0,0.0
1989-06-16 00:00:00-04:00,6.06962204091166,6.085066320000947,6.007844540425798,6.023289203643799,575064,0.0,0.0
1989-06-19 00:00:00-04:00,6.023285747606956,6.038729633706147,5.930619357983865,5.97695255279541,510516,0.0,0.0
1989-06-20 00:00:00-04:00,5.976954445751993,5.992399104999637,5.91517734527588,5.915177345275879,243848,0.0,0.0
1989-06-21 00:00:00-04:00,5.930617276822375,5.961506190566754,5.853396336910681,5.868840217590332,458030,0.0,0.0
1989-06-22 00:00:00-04:00,5.8842863410639055,5.9460634157766,5.868841688257276,5.930618762969971,334476,0.0,0.0
1989-06-23 00:00:00-04:00,5.899734202672074,6.023289203643799,5.899734202672074,6.023289203643799,313286,0.0,0.0
1989-06-26 00:00:00-04:00,6.007841565238577,6.023286220808117,5.961508750915528,5.961508750915527,247434,0.0,0.0
1989-06-27 00:00:00-04:00,5.976953022356544,6.007841565238577,5.961508750915528,5.961508750915527,357948,0.0,0.0
1989-06-28 00:00:00-04:00,5.946069092806317,5.961513376229973,5.822514057159424,5.822514057159424,927144,0.0,0.0
1989-06-29 00:00:00-04:00,5.837961242367644,5.837961242367644,5.745295501863053,5.77618408203125,641242,0.0,0.0
1989-06-30 00:00:00-04:00,5.791622376066421,5.91517734527588,5.7761784850760085,5.915177345275879,843362,0.0,0.0
1989-07-03 00:00:00-04:00,5.915173396142722,5.946061925758744,5.868840217590332,5.868840217590332,174084,0.0,0.0
1989-07-05 00:00:00-04:00,5.884289264678955,5.915177817382312,5.868844604198631,5.884289264678955,455422,0.0,0.0
1989-07-06 00:00:00-04:00,5.884288795037823,5.91517734527588,5.884288795037823,5.915177345275879,914430,0.0,0.0
1989-07-07 00:00:00-04:00,5.915177826794613,5.961510655923373,5.899733166289713,5.946066379547119,229504,0.0,0.0
1989-07-10 00:00:00-04:00,5.961508750915528,5.992397677926085,5.930619823904971,5.961508750915527,377182,0.0,0.0
1989-07-11 00:00:00-04:00,5.976954445751993,5.992399104999637,5.91517734527588,5.915177345275879,654608,0.0,0.0
1989-07-12 00:00:00-04:00,5.884287393710447,6.007841565238577,5.884287393710447,5.961508750915527,502366,0.0,0.0
1989-07-13 00:00:00-04:00,5.992397207151589,6.007841093250779,5.899730817528496,5.97695255279541,694380,0.0,0.0
1989-07-14 00:00:00-04:00,5.992397677926085,6.007841565238577,5.946064479474511,5.961508750915527,922580,0.0,0.0
1989-07-17 00:00:00-04:00,5.976953022356544,5.992397677926085,5.930619823904971,5.961508750915527,584518,0.0,0.0
1989-07-18 00:00:00-04:00,5.9615103002336225,6.115953438910049,5.946066024778842,6.085064888000488,936924,0.0,0.0
1989-07-19 00:00:00-04:00,6.115954395724605,6.177731891337172,6.023288728498781,6.054177284240723,1016142,0.0,0.0
1989-07-20 00:00:00-04:00,6.0387330986043715,6.06962204091166,6.023289203643799,6.023289203643799,740998,0.0,0.0
1989-07-21 00:00:00-04:00,6.038729633706147,6.054174288062325,5.961508282567727,5.97695255279541,596906,0.0,0.0
1989-07-24 00:00:00-04:00,5.976957885422477,5.9924025535583505,5.946069317408405,5.99240255355835,422496,0.0,0.0
1989-07-25 00:00:00-04:00,5.992398650920827,6.007842540740967,5.976953992843515,6.007842540740967,263734,0.0,0.0
1989-07-26 00:00:00-04:00,6.007841565238577,6.007841565238577,5.915175936592479,5.961508750915527,388266,0.0,0.0
1989-07-27 00:00:00-04:00,5.930621236266292,5.961510170632964,5.899732686028235,5.915177345275879,564958,0.0,0.0
1989-07-28 00:00:00-04:00,5.884289274042107,5.94606637954712,5.884289274042107,5.946066379547119,261452,0.0,0.0
1989-07-31 00:00:00-04:00,5.899730225613624,5.930618762969971,5.868841688257276,5.930618762969971,1613700,0.0,0.0
1989-08-01 00:00:00-04:00,5.94606637954712,6.054176698309539,5.868844613537207,5.946066379547119,739694,0.0,0.0
1989-08-02 00:00:00-04:00,5.9615097188947885,6.02328719881828,5.93062078686875,6.007842540740967,464224,0.0,0.0
1989-08-03 00:00:00-04:00,6.007843485052132,6.038732037804639,5.94606637954712,5.946066379547119,177018,0.0,0.0
1989-08-04 00:00:00-04:00,5.976953992843515,6.02328719881828,5.93062078686875,6.007842540740967,474982,0.0,0.0
1989-08-07 00:00:00-04:00,6.054177761822372,6.085066320000947,6.007844540425798,6.023289203643799,730892,0.0,0.0
1989-08-08 00:00:00-04:00,6.069619297910104,6.146841042586958,6.069619297910104,6.131396770477295,983216,0.0,0.0
1989-08-09 00:00:00-04:00,6.146842011215943,6.254952317148314,6.146842011215943,6.177730560302734,879222,0.0,0.0
1989-08-10 00:00:00-04:00,6.193174367521657,6.208618640899658,6.162285820765653,6.208618640899658,734152,0.0,0.0
1989-08-11 00:00:00-04:00,6.254953764325441,6.254953764325441,6.146843433380127,6.146843433380127,606686,0.0,0.0
1989-08-14 00:00:00-04:00,6.177733902344272,6.208622468141215,6.162289619445801,6.162289619445801,368706,0.0,0.0
1989-08-15 00:00:00-04:00,6.218391588898448,6.265146255493164,6.202806700033542,6.265146255493164,485740,0.138037,0.0
1989-08-16 00:00:00-04:00,6.296318232507207,6.296318232507207,6.233978271484375,6.233978271484375,358274,0.0,0.0
1989-08-17 00:00:00-04:00,6.249561366628258,6.28073114435807,6.2339764777633535,6.265146255493164,352732,0.0,0.0
1989-08-18 00:00:00-04:00,6.249563164833568,6.296318232507207,6.218393378135183,6.233978271484375,522252,0.0,0.0
1989-08-21 00:00:00-04:00,6.171636455932942,6.265146175555218,6.015787181646445,6.0313720703125,722742,0.0,0.0
1989-08-22 00:00:00-04:00,6.078127279627091,6.156052112579346,6.0469575014965695,6.156052112579346,153220,0.0,0.0
1989-08-23 00:00:00-04:00,6.187223591436797,6.265148058182761,6.156053804738411,6.233978271484375,294378,0.0,0.0
1989-08-24 00:00:00-04:00,6.249563164833568,6.280732951531954,6.202808484785989,6.233978271484375,333172,0.0,0.0
1989-08-25 00:00:00-04:00,6.265146255493164,6.28073114435807,6.2339764777633535,6.265146255493164,307744,0.0,0.0
1989-08-28 00:00:00-04:00,6.233975734361895,6.296315670013429,6.233975734361895,6.296315670013428,144418,0.0,0.0
1989-08-29 00:00:00-04:00,6.3119048133686055,6.670358619112235,6.3119048133686055,6.561263561248779,1153062,0.0,0.0
1989-08-30 00:00:00-04:00,6.545676564231149,6.8262061800427185,6.202808153603344,6.389827251434326,2029676,0.0,0.0
1989-08-31 00:00:00-04:00,6.420999291881983,6.483338880084094,6.374244213104248,6.374244213104248,314916,0.0,0.0
1989-09-01 00:00:00-04:00,6.37424160629778,6.43658155663153,6.327486934266961,6.42099666595459,324696,0.0,0.0
1989-09-05 00:00:00-04:00,6.420999291881983,6.420999291881983,6.343074419003192,6.374244213104248,370988,0.0,0.0
1989-09-06 00:00:00-04:00,6.3274854440262445,6.343070331032652,6.233975734361895,6.296315670013428,374574,0.0,0.0
1989-09-07 00:00:00-04:00,6.3274880192055925,6.3274880192055925,6.233978271484375,6.233978271484375,652326,0.0,0.0
1989-09-08 00:00:00-04:00,6.2651472710684475,6.2651472710684475,6.140467752312808,6.171637535095215,512472,0.0,0.0
1989-09-11 00:00:00-04:00,6.187222814112429,6.187222814112429,6.124882860921604,6.171637535095215,450532,0.0,0.0
1989-09-12 00:00:00-04:00,6.202807114148172,6.202807114148172,6.140467166900635,6.140467166900635,192340,0.0,0.0
1989-09-13 00:00:00-04:00,6.124883350353733,6.156053523252923,6.015788714271674,6.0625433921813965,400002,0.0,0.0
1989-09-14 00:00:00-04:00,6.04695756544862,6.04695756544862,5.922277676356028,5.984617233276367,607338,0.0,0.0
1989-09-15 00:00:00-04:00,6.031373767148812,6.031373767148812,5.828769769864561,5.969034194946289,1195116,0.0,0.0
1989-09-18 00:00:00-04:00,5.906695195765532,6.00020456314087,5.906695195765532,6.000204563140869,304810,0.0,0.0
1989-09-19 00:00:00-04:00,6.015787181646445,6.062541847644611,5.984617016688391,6.0313720703125,412716,0.0,0.0
1989-09-20 00:00:00-04:00,6.046958887170864,6.109298457717159,6.046958887170864,6.0625433921813965,218094,0.0,0.0
1989-09-21 00:00:00-04:00,6.062541847644611,6.07812712393661,6.0313720703125,6.0313720703125,442708,0.0,0.0
1989-09-22 00:00:00-04:00,6.062546774906188,6.062546774906188,6.015792070908701,6.046962261199951,368706,0.0,0.0
1989-09-25 00:00:00-04:00,6.04696226119995,6.093716577571179,6.000207169576206,6.046962261199951,729914,0.0,0.0
1989-09-26 00:00:00-04:00,6.062542067052748,6.062542067052748,5.984617233276367,5.984617233276367,777836,0.0,0.0
1989-09-27 00:00:00-04:00,5.984619995790109,6.01579017626446,5.937865694143924,5.9534502029418945,820216,0.0,0.0
1989-09-28 00:00:00-04:00,5.984618541372485,6.0625433921813965,5.953448756099338,6.0625433921813965,624616,0.0,0.0
1989-09-29 00:00:00-04:00,6.031373903686694,6.233978293183544,6.031373903686694,6.124883651733398,567240,0.0,0.0
1989-10-02 00:00:00-04:00,6.093713821721772,6.218393751248422,6.078129315063544,6.202808856964111,490956,0.0,0.0
1989-10-03 00:00:00-04:00,6.140467530365909,6.2183923721313485,6.06254268860047,6.218392372131348,555178,0.0,0.0
1989-10-04 00:00:00-04:00,6.2183920040535625,6.2183920040535625,6.124882276995243,6.140467166900635,201142,0.0,0.0
1989-10-05 00:00:00-04:00,6.093713477300456,6.233978293183544,6.078128971523077,6.124883651733398,640590,0.0,0.0
1989-10-06 00:00:00-04:00,6.124883599324773,6.156053773491003,6.1092987060546875,6.1092987060546875,206684,0.0,0.0
1989-10-09 00:00:00-04:00,6.093712690513186,6.187222814112429,6.0469584039655855,6.171637535095215,157132,0.0,0.0
1989-10-10 00:00:00-04:00,6.187222224242781,6.202807114148172,6.124882276995243,6.140467166900635,349798,0.0,0.0
1989-10-11 00:00:00-04:00,6.171638279135031,6.171638279135031,6.093713425158544,6.1092987060546875,406522,0.0,0.0
1989-10-12 00:00:00-04:00,6.156053773491003,6.156053773491003,6.046959132974345,6.1092987060546875,331542,0.0,0.0
1989-10-13 00:00:00-04:00,6.07812734390879,6.093711845512917,5.891107897895858,5.984617233276367,992018,0.0,0.0
1989-10-16 00:00:00-04:00,5.641750833649668,5.859940133099632,5.501486394753575,5.766430377960205,891284,0.0,0.0
1989-10-17 00:00:00-04:00,5.704086104670401,5.828765942457653,5.688501609479241,5.75084114074707,974740,0.0,0.0
1989-10-18 00:00:00-04:00,5.7196744435376505,5.797599287052448,5.657334491200611,5.704089164733887,537574,0.0,0.0
1989-10-19 00:00:00-04:00,5.688504867778607,5.73525915538391,5.610580021433716,5.62616491317749,325348,0.0,0.0
1989-10-20 00:00:00-04:00,5.6573338445093,5.6573338445093,5.501484562920882,5.548239231109619,609620,0.0,0.0
1989-10-23 00:00:00-04:00,5.517069225908124,5.5326541146647985,5.454729283255481,5.485899448394775,724372,0.0,0.0
1989-10-24 00:00:00-04:00,5.4703170734247255,5.579411740210333,5.439147279379166,5.5014872550964355,743932,0.0,0.0
1989-10-25 00:00:00-04:00,5.501484562920882,5.57940900990211,5.501484562920882,5.548239231109619,565936,0.0,0.0
1989-10-26 00:00:00-04:00,5.532654228830464,5.579408896065264,5.50148445067393,5.517069339752197,398046,0.0,0.0
1989-10-27 00:00:00-04:00,5.485900258236579,5.5014851492939325,5.454730088495869,5.470314979553223,346864,0.0,0.0
1989-10-30 00:00:00-05:00,5.517069339752197,5.532654228830464,5.470314284891443,5.517069339752197,1051024,0.0,0.0
1989-10-31 00:00:00-05:00,5.5482391179087305,5.563824006986997,5.50148445067393,5.517069339752197,539204,0.0,0.0
1989-11-01 00:00:00-05:00,5.517069225908124,5.5326541146647985,5.454729283255481,5.485899448394775,472374,0.0,0.0
1989-11-02 00:00:00-05:00,5.501484983075487,5.501484983075487,5.407975251930608,5.42356014251709,219398,0.0,0.0
1989-11-03 00:00:00-05:00,5.4235591712869144,5.439144059082514,5.314464569091797,5.314464569091797,422496,0.0,0.0
1989-11-06 00:00:00-05:00,5.314464569091797,5.345634344682996,5.298879681296198,5.314464569091797,288184,0.0,0.0
1989-11-07 00:00:00-05:00,5.33004983113699,5.407974663212403,5.2832947768413625,5.39238977432251,380442,0.0,0.0
1989-11-08 00:00:00-05:00,5.423560306381162,5.5014851492939325,5.423560306381162,5.470314979553223,504648,0.0,0.0
1989-11-09 00:00:00-05:00,5.50148445067393,5.517069339752197,5.485899561595663,5.517069339752197,243848,0.0,0.0
1989-11-10 00:00:00-05:00,5.501484562920882,5.548239231109619,5.485899673524636,5.548239231109619,623638,0.0,0.0
1989-11-13 00:00:00-05:00,5.579408896065264,5.579408896065264,5.485899561595663,5.517069339752197,1776048,0.0,0.0
1989-11-14 00:00:00-05:00,5.526516169842509,5.526516169842509,5.22735984538566,5.274595260620117,414020,0.138037,0.0
1989-11-15 00:00:00-05:00,5.337579796237134,5.337579796237134,5.117148716754716,5.195874214172363,542464,0.0,0.0
1989-11-16 00:00:00-05:00,5.195871884958861,5.2745973470853365,5.180127262463849,5.243107318878174,376204,0.0,0.0
1989-11-17 00:00:00-05:00,5.1801243615262385,5.1801243615262385,4.959693504303135,4.975438117980957,532358,0.0,0.0
1989-11-20 00:00:00-05:00,4.613304985785573,4.69203005953032,4.503089490934342,4.518834114074707,1553064,0.0,0.0
1989-11-21 00:00:00-05:00,4.5818132309636574,4.69202869373238,4.550323210632157,4.660538673400879,1312150,0.0,0.0
1989-11-22 00:00:00-05:00,4.660540397856897,4.73926586942349,4.629050365873706,4.692030429840088,1216958,0.0,0.0
1989-11-24 00:00:00-05:00,4.739267121201168,4.817992221952725,4.723521709442139,4.723521709442139,530728,0.0,0.0
1989-11-27 00:00:00-05:00,4.755009499623111,4.770754511026007,4.723519085208817,4.739264488220215,1080038,0.0,0.0
1989-11-28 00:00:00-05:00,4.7235201831246005,4.770755619921001,4.7235201831246005,4.755010604858398,505300,0.0,0.0
1989-11-29 00:00:00-05:00,4.755008375954324,4.817988406682927,4.755008375954324,4.770753383636475,499432,0.0,0.0
1989-11-30 00:00:00-05:00,4.770753692163432,4.880969144674585,4.7550086834630445,4.802243709564209,811088,0.0,0.0
1989-12-01 00:00:00-05:00,4.849480128332864,4.89671516418457,4.83373472477378,4.89671516418457,818260,0.0,0.0
1989-12-04 00:00:00-05:00,4.896716557458881,4.959697014789651,4.896716557458881,4.943951606750488,367728,0.0,0.0
1989-12-05 00:00:00-05:00,4.975439786119901,4.991185188293457,4.9439497649897515,4.991185188293457,345560,0.0,0.0
1989-12-06 00:00:00-05:00,5.0069278773218056,5.0069278773218056,4.912457466125488,4.912457466125488,866834,0.0,0.0
1989-12-07 00:00:00-05:00,4.912457552781547,5.085652983356391,4.896712549239134,4.95969295501709,14180674,0.0,0.0
1989-12-08 00:00:00-05:00,5.069910632727313,5.101400653857463,4.991185188293457,4.991185188293457,2798384,0.0,0.0
1989-12-11 00:00:00-05:00,5.022675209423608,5.054165230553758,4.959695167163307,4.991185188293457,287858,0.0,0.0
1989-12-12 00:00:00-05:00,4.9911855529276,5.069911003112793,4.943950126173082,5.069911003112793,631136,0.0,0.0
1989-12-13 00:00:00-05:00,5.085658832885486,5.132894289451292,5.069914202841892,5.1171488761901855,719808,0.0,0.0
1989-12-14 00:00:00-05:00,5.101401750443413,5.117146372784437,5.054166316986084,5.054166316986084,313938,0.0,0.0
1989-12-15 00:00:00-05:00,5.117142900174493,5.117142900174493,4.833732058193841,4.912457466125488,661780,0.0,0.0
1989-12-18 00:00:00-05:00,4.9124617970427735,4.943951831334311,4.833736319705288,4.865226745605469,633418,0.0,0.0
1989-12-19 00:00:00-05:00,4.865226745605469,4.865226745605469,4.81799130255952,4.865226745605469,669604,0.0,0.0
1989-12-20 00:00:00-05:00,4.83373603999849,4.928206920623779,4.83373603999849,4.928206920623779,357296,0.0,0.0
1989-12-21 00:00:00-05:00,4.928202947932265,4.9754375669511965,4.912457552781547,4.95969295501709,559416,0.0,0.0
1989-12-22 00:00:00-05:00,4.975440792641221,5.132891713360927,4.975440792641221,5.038421630859375,288836,0.0,0.0
1989-12-26 00:00:00-05:00,5.038422425875121,5.0699124583444695,4.928206920623779,4.928206920623779,91932,0.0,0.0
1989-12-27 00:00:00-05:00,4.943951545249832,4.991186985562476,4.912461512780483,4.928206920623779,469114,0.0,0.0
1989-12-28 00:00:00-05:00,4.912457466125488,4.975437479184167,4.912457466125488,4.912457466125488,481502,0.0,0.0
1989-12-29 00:00:00-05:00,4.912457466125488,4.975437479184167,4.912457466125488,4.912457466125488,492912,0.0,0.0
1990-01-02 00:00:00-05:00,4.943951627467177,5.164382641635602,4.912461594474153,5.132892608642578,380768,0.0,0.0
1990-01-03 00:00:00-05:00,5.180126783893891,5.1958714049343255,5.085655924783028,5.101401329040527,570174,0.0,0.0
1990-01-04 00:00:00-05:00,5.085653781890869,5.1013991795138836,5.038419155455294,5.085653781890869,269276,0.0,0.0
1990-01-05 00:00:00-05:00,5.101399710500599,5.227359771728516,5.0856543112387005,5.227359771728516,723720,0.0,0.0
1990-01-08 00:00:00-05:00,5.1801252365112305,5.211615252402614,5.148635220619847,5.1801252365112305,124858,0.0,0.0
1990-01-09 00:00:00-05:00,5.132890462735351,5.195870502391338,5.132890462735351,5.1486358642578125,452488,0.0,0.0
1990-01-10 00:00:00-05:00,5.101401329040527,5.13289135433846,5.0541658994850955,5.101401329040527,469766,0.0,0.0
1990-01-11 00:00:00-05:00,5.132892608642578,5.195872674628626,5.117147200537438,5.132892608642578,367402,0.0,0.0
1990-01-12 00:00:00-05:00,5.069912718383584,5.069912718383584,4.975441832912822,5.006932258605957,935620,0.0,0.0
1990-01-15 00:00:00-05:00,4.99118724156371,5.054167309732696,4.99118724156371,5.006932258605957,316546,0.0,0.0
1990-01-16 00:00:00-05:00,4.975443289710282,5.1171488761901855,4.959698659666688,5.1171488761901855,237328,0.0,0.0
1990-01-17 00:00:00-05:00,5.069910940391345,5.069910940391345,4.9754400880510365,5.022675514221191,299920,0.0,0.0
1990-01-18 00:00:00-05:00,4.991186198000039,5.038421630859375,4.991186198000039,5.038421630859375,174736,0.0,0.0
1990-01-19 00:00:00-05:00,5.038422684299092,5.038422684299092,5.006932258605957,5.006932258605957,162348,0.0,0.0
1990-01-22 00:00:00-05:00,5.022677080511793,5.022677080511793,4.943951606750488,4.943951606750488,430972,0.0,0.0
1990-01-23 00:00:00-05:00,4.975441639611559,4.991187047650722,4.928206981928579,4.943951606750488,1722584,0.0,0.0
1990-01-24 00:00:00-05:00,4.786498700863821,4.817988718264598,4.676283248352669,4.802243709564209,419562,0.0,0.0
1990-01-25 00:00:00-05:00,4.802245995725929,4.8179910119219045,4.440109448392634,4.503089904785156,385332,0.0,0.0
1990-01-26 00:00:00-05:00,4.471599801328068,4.6290503523941515,4.455854393773707,4.597559928894043,542138,0.0,0.0
1990-01-29 00:00:00-05:00,4.660540122874188,4.755010604858398,4.629050092748982,4.755010604858398,180604,0.0,0.0
1990-01-30 00:00:00-05:00,4.723520461823279,4.786500917398277,4.644795381865301,4.692030429840088,299594,0.0,0.0
1990-01-31 00:00:00-05:00,4.755011017975435,4.943951606750488,4.707775577075202,4.943951606750488,337084,0.0,0.0
1990-02-01 00:00:00-05:00,4.912460291737444,4.912460291737444,4.802244813881305,4.817989826202393,163000,0.0,0.0
1990-02-02 00:00:00-05:00,4.786499688922073,4.89671516418457,4.786499688922073,4.89671516418457,399676,0.0,0.0
1990-02-05 00:00:00-05:00,4.943949179476137,4.959694579784959,4.802243709564209,4.802243709564209,421192,0.0,0.0
1990-02-06 00:00:00-05:00,4.802246956530084,4.802246956530084,4.629051352113819,4.644796371459961,262430,0.0,0.0
1990-02-07 00:00:00-05:00,4.629046440124512,4.676281448040768,4.550321035322467,4.629046440124512,567892,0.0,0.0
1990-02-08 00:00:00-05:00,4.597560921812835,4.660541390806103,4.581815902466692,4.644796371459961,503344,0.0,0.0
1990-02-09 00:00:00-05:00,4.660536445402016,4.676281448040768,4.6133014374857595,4.629046440124512,135616,0.0,0.0
1990-02-12 00:00:00-05:00,4.59755871961835,4.629049134835672,4.4715986251831055,4.4715986251831055,549962,0.0,0.0
1990-02-13 00:00:00-05:00,4.465219243527532,4.465219243527532,4.353588732691621,4.401430606842041,311982,0.138037,0.0
1990-02-14 00:00:00-05:00,4.417377579052154,4.417377579052154,4.289799529263418,4.385483264923096,209292,0.0,0.0
1990-02-15 00:00:00-05:00,4.401429607437341,4.513060092926025,4.401429607437341,4.513060092926025,428038,0.0,0.0
1990-02-16 00:00:00-05:00,4.465217590332031,4.481165140235309,4.433323283797787,4.465217590332031,878570,0.0,0.0
1990-02-20 00:00:00-05:00,4.449272369249929,4.449272369249929,4.385483734166477,4.433324813842773,245152,0.0,0.0
1990-02-21 00:00:00-05:00,4.401431491250574,4.592798233032227,4.401431491250574,4.592798233032227,308396,0.0,0.0
1990-02-22 00:00:00-05:00,4.59279953673946,4.704430101693362,4.59279953673946,4.624693870544434,591690,0.0,0.0
1990-02-23 00:00:00-05:00,4.59279953673946,4.656588204349407,4.560905202934487,4.624693870544434,338062,0.0,0.0
1990-02-26 00:00:00-05:00,4.656584294309649,4.656584294309649,4.513059516065631,4.5449538230896,211900,0.0,0.0
1990-02-27 00:00:00-05:00,4.576848399660688,4.592795950748043,4.544954090758349,4.560901641845703,194622,0.0,0.0
1990-02-28 00:00:00-05:00,4.59279953673946,4.624693870544434,4.576851973200479,4.624693870544434,537900,0.0,0.0
1990-03-01 00:00:00-05:00,4.624692144165271,4.688481184599518,4.624692144165271,4.640639305114746,186798,0.0,0.0
1990-03-02 00:00:00-05:00,4.624690259650381,4.624690259650381,4.529007332943364,4.560901641845703,239284,0.0,0.0
1990-03-05 00:00:00-05:00,4.576849905246349,4.624691780973951,4.529008822791378,4.6087446212768555,195926,0.0,0.0
1990-03-06 00:00:00-05:00,4.624692557783708,4.624692557783708,4.544956349268622,4.592798233032227,328282,0.0,0.0
1990-03-07 00:00:00-05:00,4.560904145440699,4.608745635055604,4.529009819030762,4.529009819030762,734804,0.0,0.0
1990-03-08 00:00:00-05:00,4.513059781856009,4.560901641845703,4.513059781856009,4.560901641845703,155176,0.0,0.0
1990-03-09 00:00:00-05:00,4.592795680261713,4.624689987285682,4.529007066213777,4.5449538230896,954202,0.0,0.0
1990-03-12 00:00:00-05:00,4.529007066213777,4.5449538230896,4.481165209041663,4.5449538230896,243196,0.0,0.0
1990-03-13 00:00:00-05:00,4.529007645112591,4.529007645112591,4.449271470724613,4.513060092926025,359252,0.0,0.0
1990-03-14 00:00:00-05:00,4.544955585852159,4.624691780973951,4.497114106760872,4.6087446212768555,276448,0.0,0.0
1990-03-15 00:00:00-05:00,4.608743231869593,4.624690386759067,4.481165596117606,4.49711275100708,505300,0.0,0.0
1990-03-16 00:00:00-05:00,4.544954404026732,4.544954404026732,4.497112937375672,4.513060092926025,867486,0.0,0.0
1990-03-19 00:00:00-05:00,4.4971148621414,4.592798233032227,4.4971148621414,4.592798233032227,467484,0.0,0.0
1990-03-20 00:00:00-05:00,4.592796076980119,4.608743231869593,4.49711275100708,4.49711275100708,684926,0.0,0.0
1990-03-21 00:00:00-05:00,4.529007645112591,4.592796267314004,4.4652182296387535,4.513060092926025,458682,0.0,0.0
1990-03-22 00:00:00-05:00,4.529007066213777,4.592795680261713,4.529007066213777,4.5449538230896,318176,0.0,0.0
1990-03-23 00:00:00-05:00,4.560905202934487,4.624693870544434,4.529010869129514,4.624693870544434,330564,0.0,0.0
1990-03-26 00:00:00-05:00,4.656585647977165,4.656585647977165,4.576849460601807,4.576849460601807,471722,0.0,0.0
1990-03-27 00:00:00-05:00,4.624689839045498,4.720373153686523,4.592795533043872,4.720373153686523,539856,0.0,0.0
1990-03-28 00:00:00-05:00,4.704427242279053,4.704427242279053,4.656585374014031,4.704427242279053,769360,0.0,0.0
1990-03-29 00:00:00-05:00,4.704427830522737,4.7522693081336245,4.6725335121154785,4.6725335121154785,559742,0.0,0.0
1990-03-30 00:00:00-05:00,4.672534441547312,4.704428766298793,4.465220140753536,4.592798233032227,644176,0.0,0.0
1990-04-02 00:00:00-04:00,4.529008822791378,4.6087446212768555,4.529008822791378,4.6087446212768555,184190,0.0,0.0
1990-04-03 00:00:00-04:00,4.624693229146353,4.704429449236676,4.624693229146353,4.688482284545898,242544,0.0,0.0
1990-04-04 00:00:00-04:00,4.752270943309005,4.800112834017774,4.688482284545898,4.688482284545898,418258,0.0,0.0
1990-04-05 00:00:00-04:00,4.720376613927452,4.736323778618228,4.576851338437583,4.688482284545898,107580,0.0,0.0
1990-04-06 00:00:00-04:00,4.816057709054044,4.847952023272373,4.768215841090298,4.784162998199463,394134,0.0,0.0
1990-04-09 00:00:00-04:00,4.784162998199463,4.800110551944878,4.7363215268719685,4.784162998199463,92258,0.0,0.0
1990-04-10 00:00:00-04:00,4.784164098662188,4.863900299185339,4.752269777107465,4.832005977630615,240588,0.0,0.0
1990-04-11 00:00:00-04:00,4.800111656075892,4.863900299185339,4.7682169378848265,4.832005977630615,333824,0.0,0.0
1990-04-12 00:00:00-04:00,4.8320044903419666,4.847951646210801,4.7203740026239025,4.752268314361572,90954,0.0,0.0
1990-04-16 00:00:00-04:00,4.784162998199463,4.800110551944878,4.7363215268719685,4.784162998199463,201794,0.0,0.0
1990-04-17 00:00:00-04:00,4.800109315326735,4.800109315326735,4.688478847684897,4.720373153686523,266016,0.0,0.0
1990-04-18 00:00:00-04:00,4.736322148929995,4.736322148929995,4.640638797071917,4.6725335121154785,328608,0.0,0.0
1990-04-19 00:00:00-04:00,4.688480360909074,4.688480360909074,4.544955144306174,4.576849460601807,796418,0.0,0.0
1990-04-20 00:00:00-04:00,4.592797310171118,4.592797310171118,4.401430606842041,4.401430606842041,577020,0.0,0.0
1990-04-23 00:00:00-04:00,4.385482169829801,4.385482169829801,4.114379377520792,4.226009845733643,784356,0.0,0.0
1990-04-24 00:00:00-04:00,4.226010054320371,4.27385191256505,4.210062503814697,4.210062503814697,257866,0.0,0.0
1990-04-25 00:00:00-04:00,4.2419572081898735,4.257904362059376,4.194115746581365,4.210062503814697,403262,0.0,0.0
1990-04-26 00:00:00-04:00,4.210063489585965,4.210063489585965,4.11438054396513,4.1303277015686035,472048,0.0,0.0
1990-04-27 00:00:00-04:00,4.1303277015686035,4.178169174379021,4.11438054396513,4.1303277015686035,296986,0.0,0.0
1990-04-30 00:00:00-04:00,4.1622214388423595,4.210062503814697,4.1622214388423595,4.210062503814697,486392,0.0,0.0
1990-05-01 00:00:00-04:00,4.1941171808899105,4.241958658859297,4.146275306284218,4.162222862243652,290466,0.0,0.0
1990-05-02 00:00:00-04:00,4.162222119765018,4.194116432721804,4.146274566650391,4.146274566650391,380116,0.0,0.0
1990-05-03 00:00:00-04:00,4.1622214388423595,4.210062503814697,4.146273888336686,4.210062503814697,416954,0.0,0.0
1990-05-04 00:00:00-04:00,4.2100640467533355,4.2100640467533355,4.1462754078975435,4.1781697273254395,563654,0.0,0.0
1990-05-07 00:00:00-04:00,4.210063489585965,4.210063489585965,4.1303277015686035,4.1303277015686035,600166,0.0,0.0
1990-05-08 00:00:00-04:00,4.1462754078975435,4.1781697273254395,4.1143810884696475,4.1781697273254395,332520,0.0,0.0
1990-05-09 00:00:00-04:00,4.194119453430176,4.241960957321987,4.146277552901844,4.194119453430176,1295850,0.0,0.0
1990-05-10 00:00:00-04:00,4.194115746581365,4.226010054320371,4.1622214388423595,4.210062503814697,723720,0.0,0.0
1990-05-11 00:00:00-04:00,4.210062101373429,4.321692564425325,4.194115345664453,4.289798259735107,1089818,0.0,0.0
1990-05-14 00:00:00-04:00,4.289800529356957,4.353589172486305,4.257906207792283,4.321694850921631,638308,0.0,0.0
1990-05-15 00:00:00-04:00,4.321694996088096,4.385484434632827,4.305748231406447,4.369536876678467,1016142,0.0,0.0
1990-05-16 00:00:00-04:00,4.346914510368699,4.411552429199219,4.346914510368699,4.411552429199219,128770,0.138037,0.0
1990-05-17 00:00:00-04:00,4.42770896874251,4.492346838783683,4.395390033721924,4.395390033721924,1175230,0.0,0.0
1990-05-18 00:00:00-04:00,4.4115507931699165,4.443870544433594,4.395391721372019,4.443870544433594,323066,0.0,0.0
1990-05-21 00:00:00-04:00,4.42770823440822,4.621622616204719,4.42770823440822,4.540824890136719,452162,0.0,0.0
1990-05-22 00:00:00-04:00,4.540826659236712,4.55698613036267,4.508507716984796,4.524666786193848,720786,0.0,0.0
1990-05-23 00:00:00-04:00,4.556985378265381,4.5893047171001315,4.52466603943063,4.556985378265381,390874,0.0,0.0
1990-05-24 00:00:00-04:00,4.540825909806425,4.573144846724336,4.52466603943063,4.556985378265381,297964,0.0,0.0
1990-05-25 00:00:00-04:00,4.573143819797219,4.589303686544218,4.540824890136719,4.540824890136719,281338,0.0,0.0
1990-05-29 00:00:00-04:00,4.556985378265381,4.573144846724336,4.508506972888514,4.556985378265381,339040,0.0,0.0
1990-05-30 00:00:00-04:00,4.573145866394043,4.589305740372989,4.556986394332026,4.573145866394043,252976,0.0,0.0
1990-05-31 00:00:00-04:00,4.573145866394043,4.589305740372989,4.54082692227001,4.573145866394043,235372,0.0,0.0
1990-06-01 00:00:00-04:00,4.540828001732318,4.589306831359863,4.524668123911787,4.589306831359863,362186,0.0,0.0
1990-06-04 00:00:00-04:00,4.589307750706728,4.734743464889525,4.57314786964899,4.718583583831787,365120,0.0,0.0
1990-06-05 00:00:00-04:00,4.702421472110595,4.718580942204589,4.605464249629751,4.653943061828613,404566,0.0,0.0
1990-06-06 00:00:00-04:00,4.637782096862793,4.637782096862793,4.621623032493778,4.637782096862793,214834,0.0,0.0
1990-06-07 00:00:00-04:00,4.621623032493778,4.637782096862793,4.621623032493778,4.637782096862793,191036,0.0,0.0
1990-06-08 00:00:00-04:00,4.653942590935954,4.670102059394909,4.52466603943063,4.556985378265381,126162,0.0,0.0
1990-06-11 00:00:00-04:00,4.540825164724393,4.6216228956783025,4.540825164724393,4.605463027954102,108558,0.0,0.0
1990-06-12 00:00:00-04:00,4.589306831359863,4.621625783166876,4.556987477635825,4.589306831359863,321110,0.0,0.0
1990-06-13 00:00:00-04:00,4.556986394332026,4.605464810518076,4.556986394332026,4.573145866394043,237980,0.0,0.0
1990-06-14 00:00:00-04:00,4.5893047171001315,4.5893047171001315,4.556985378265381,4.556985378265381,137898,0.0,0.0
1990-06-15 00:00:00-04:00,4.556987477635825,4.605465905346345,4.556987477635825,4.589306831359863,351102,0.0,0.0
1990-06-18 00:00:00-04:00,4.5893047171001315,4.605463783642247,4.540825909806425,4.556985378265381,107580,0.0,0.0
1990-06-19 00:00:00-04:00,4.573144846724336,4.605463783642247,4.540825909806425,4.556985378265381,240914,0.0,0.0
1990-06-20 00:00:00-04:00,4.573146953539331,4.589306831359863,4.556987477635825,4.589306831359863,174410,0.0,0.0
1990-06-21 00:00:00-04:00,4.5893047171001315,4.605463783642247,4.540825909806425,4.556985378265381,410434,0.0,0.0
1990-06-22 00:00:00-04:00,4.573146580593704,4.573146580593704,4.4923488057483025,4.508508682250977,489000,0.0,0.0
1990-06-25 00:00:00-04:00,4.492348563661228,4.492348563661228,4.443870544433594,4.443870544433594,201142,0.0,0.0
1990-06-26 00:00:00-04:00,4.443868838169619,4.4761877731902056,4.395390033721924,4.395390033721924,545398,0.0,0.0
1990-06-27 00:00:00-04:00,4.395390033721924,4.411549099315401,4.3469112292742285,4.395390033721924,281338,0.0,0.0
1990-06-28 00:00:00-04:00,4.363071779143365,4.379230847256926,4.330752839082484,4.346911907196045,194948,0.0,0.0
1990-06-29 00:00:00-04:00,4.330752849578857,4.330752849578857,4.266114165466675,4.330752849578857,621356,0.0,0.0
1990-07-02 00:00:00-04:00,4.330755046469746,4.330755046469746,4.266116329567852,4.298435688018799,376856,0.0,0.0
1990-07-03 00:00:00-04:00,4.266115066656325,4.298434415539672,4.201477172723559,4.233796119689941,338062,0.0,0.0
1990-07-05 00:00:00-04:00,4.201475823707632,4.201475823707632,4.1368379505288875,4.152997016906738,166912,0.0,0.0
1990-07-06 00:00:00-04:00,4.169156685245305,4.201475620269775,4.152996815816254,4.201475620269775,543768,0.0,0.0
1990-07-09 00:00:00-04:00,4.169158683030375,4.169158683030375,4.104520380091117,4.12067985534668,283620,0.0,0.0
1990-07-10 00:00:00-04:00,4.072200650566289,4.088360122730538,4.023722234073544,4.039881706237793,245804,0.0,0.0
1990-07-11 00:00:00-04:00,4.039882243217138,4.088360666153614,4.039882243217138,4.056041717529297,196252,0.0,0.0
1990-07-12 00:00:00-04:00,4.0722017866028315,4.1045207399474615,4.039882833258202,4.0883612632751465,126488,0.0,0.0
1990-07-13 00:00:00-04:00,4.088358121451133,4.088358121451133,3.99140093400992,4.0237202644348145,740020,0.0,0.0
1990-07-16 00:00:00-04:00,4.039882833258202,4.1045207399474615,4.039882833258202,4.0883612632751465,191036,0.0,0.0
1990-07-17 00:00:00-04:00,4.10451861202268,4.152997016906738,4.10451861202268,4.152997016906738,343604,0.0,0.0
1990-07-18 00:00:00-04:00,4.1368410053219735,4.169159965776835,4.039883722040255,4.072202682495117,438144,0.0,0.0
1990-07-19 00:00:00-04:00,4.039882890130283,4.1206802746292945,4.039882890130283,4.104520797729492,326000,0.0,0.0
1990-07-20 00:00:00-04:00,4.1045207399474615,4.136840095209135,4.0722017866028315,4.0883612632751465,365446,0.0,0.0
1990-07-23 00:00:00-04:00,4.056038434219976,4.056038434219976,3.8459646343798983,3.926762342453003,383376,0.0,0.0
1990-07-24 00:00:00-04:00,3.910605431869253,3.9267649036403722,3.765169382095337,3.765169382095337,570174,0.0,0.0
1990-07-25 00:00:00-04:00,3.749010204091774,3.749010204091774,3.3773411583269706,3.4096601009368896,1133828,0.0,0.0
1990-07-26 00:00:00-04:00,3.474299906833875,3.5389378277871217,3.45814002467843,3.5227787494659424,665692,0.0,0.0
1990-07-27 00:00:00-04:00,3.522777436899123,3.522777436899123,3.4581387361956226,3.4904584884643555,206032,0.0,0.0
1990-07-30 00:00:00-04:00,3.4742985591310593,3.6197342267775645,3.4742985591310593,3.603574752807617,539856,0.0,0.0
1990-07-31 00:00:00-04:00,3.6035748105498002,3.6035748105498002,3.522777439405399,3.555096387863159,621030,0.0,0.0
1990-08-01 00:00:00-04:00,3.571254842603392,3.603574187389201,3.5227768302169635,3.538935899734497,366750,0.0,0.0
1990-08-02 00:00:00-04:00,3.6197335720062256,3.6520525140999673,3.5874146299124834,3.6197335720062256,1119158,0.0,0.0
1990-08-03 00:00:00-04:00,3.6197338336447986,3.700531596636214,3.6197338336447986,3.668212652206421,658520,0.0,0.0
1990-08-06 00:00:00-04:00,3.6843717225043844,3.71669106885111,3.6197338336447986,3.668212652206421,983868,0.0,0.0
1990-08-07 00:00:00-04:00,3.66821401303323,3.7490118059988515,3.6520541329064398,3.7166924476623535,379138,0.0,0.0
1990-08-08 00:00:00-04:00,3.7005323962565106,3.9429253356906964,3.7005323962565106,3.9106063842773438,837494,0.0,0.0
1990-08-09 00:00:00-04:00,3.8782835568424763,3.9914001873781593,3.8621240956111875,3.926762342453003,638634,0.0,0.0
1990-08-10 00:00:00-04:00,3.8782862909581866,3.8782862909581866,3.797488927841187,3.7974889278411865,103016,0.0,0.0
1990-08-13 00:00:00-04:00,3.813647747039795,3.8298072168944555,3.76516893555894,3.813647747039795,226570,0.0,0.0
1990-08-14 00:00:00-04:00,3.80708345022545,3.8234928282450515,3.774263469758089,3.79067325592041,145396,0.138037,0.0
1990-08-15 00:00:00-04:00,3.8070857665799123,3.823495154583518,3.7250363777040794,3.774265766143799,375226,0.0,0.0
1990-08-16 00:00:00-04:00,3.774265766143799,3.790675562290372,3.757855969997226,3.774265766143799,118990,0.0,0.0
1990-08-17 00:00:00-04:00,3.774264408907803,3.774264408907803,3.6265754804120602,3.708624839782715,666670,0.0,0.0
1990-08-20 00:00:00-04:00,3.7250354290008545,3.741444812825269,3.708625228890713,3.7250354290008545,917038,0.0,0.0
1990-08-21 00:00:00-04:00,3.7414449778784187,3.7414449778784187,3.6593960144224544,3.6758058071136475,262430,0.0,0.0
1990-08-22 00:00:00-04:00,3.725035263552919,3.725035263552919,3.6429858992178996,3.69221568107605,636678,0.0,0.0
1990-08-23 00:00:00-04:00,3.675806530968182,3.675806530968182,3.5773477554321285,3.577347755432129,239610,0.0,0.0
1990-08-24 00:00:00-04:00,3.6593938172973415,3.6593938172973415,3.429656449413649,3.4624760150909424,479872,0.0,0.0
1990-08-27 00:00:00-04:00,3.4952991067516432,3.577348511857209,3.4788888992160913,3.5117084980010986,244174,0.0,0.0
1990-08-28 00:00:00-04:00,3.4788869246549314,3.528116703033447,3.4460673444977985,3.5281167030334473,158110,0.0,0.0
1990-08-29 00:00:00-04:00,3.4952991067516432,3.560938304321657,3.4952991067516432,3.5117084980010986,315568,0.0,0.0
1990-08-30 00:00:00-04:00,3.52811514644553,3.741442731490576,3.34760692300646,3.4624760150909424,719808,0.0,0.0
1990-08-31 00:00:00-04:00,3.4460668329276523,3.4460668329276523,3.3147883277160655,3.3640174865722656,282316,0.0,0.0
1990-09-04 00:00:00-04:00,3.3311976223194586,3.3968373794097166,3.2983780498813697,3.3476076126098633,224940,0.0,0.0
1990-09-05 00:00:00-04:00,3.4132465763743634,3.4132465763743634,3.3640168151300616,3.396836996078491,88346,0.0,0.0
1990-09-06 00:00:00-04:00,3.3476079030011174,3.4132472576426,3.3476079030011174,3.3640174865722656,223636,0.0,0.0
1990-09-07 00:00:00-04:00,3.3311983800989493,3.4296579360961914,3.3311983800989493,3.4296579360961914,106928,0.0,0.0
1990-09-10 00:00:00-04:00,3.4460665339954897,3.462476728357254,3.3311976223194586,3.3476076126098633,173106,0.0,0.0
1990-09-11 00:00:00-04:00,3.3476081577231143,3.3640177425428797,3.298378586978243,3.314788579940796,184842,0.0,0.0
1990-09-12 00:00:00-04:00,3.314789342147351,3.331198930740357,3.2819697568184587,3.3311989307403564,454444,0.0,0.0
1990-09-13 00:00:00-04:00,3.347608927476243,3.380428716876576,3.314789342147351,3.3311989307403564,340670,0.0,0.0
1990-09-14 00:00:00-04:00,3.298380332870283,3.298380332870283,3.2491509401388026,3.281970739364624,227222,0.0,0.0
1990-09-17 00:00:00-04:00,3.281968752431013,3.3640174865722656,3.281968752431013,3.3640174865722656,202120,0.0,0.0
1990-09-18 00:00:00-04:00,3.3968392672940015,3.3968392672940015,3.3311994737226724,3.380429267883301,716874,0.0,0.0
1990-09-19 00:00:00-04:00,3.380427389119312,3.380427389119312,3.3311976223194586,3.3476076126098633,601796,0.0,0.0
1990-09-20 00:00:00-04:00,3.298379182815552,3.314789178742496,3.24914980724901,3.2983791828155518,155828,0.0,0.0
1990-09-21 00:00:00-04:00,3.3968376740714517,3.3968376740714517,3.3311979112872137,3.3640174865722656,527794,0.0,0.0
1990-09-24 00:00:00-04:00,3.3311994737226724,3.380429267883301,3.2983798830442184,3.380429267883301,197882,0.0,0.0
1990-09-25 00:00:00-04:00,3.3147898824549187,3.5117076305971175,3.3147898824549187,3.380429267883301,536270,0.0,0.0
1990-09-26 00:00:00-04:00,3.380429423617672,3.429659220046288,3.3476096273557556,3.4132490158081055,243196,0.0,0.0
1990-09-27 00:00:00-04:00,3.4296571559191658,3.4296571559191658,3.3476076126098633,3.3476076126098633,176040,0.0,0.0
1990-09-28 00:00:00-04:00,3.3311983800989493,3.4296579360961914,3.2983788001950773,3.4296579360961914,257866,0.0,0.0
1990-10-01 00:00:00-04:00,3.413246961557401,3.4296571559191658,3.3311976223194586,3.3476076126098633,212552,0.0,0.0
1990-10-02 00:00:00-04:00,3.4132490158081055,3.4788882001889716,3.380429423617672,3.4132490158081055,508234,0.0,0.0
1990-10-03 00:00:00-04:00,3.413248225467563,3.4952975950880107,3.413248225467563,3.4460678100585938,1006362,0.0,0.0
1990-10-04 00:00:00-04:00,3.44606702717407,3.511706181444094,3.44606702717407,3.478886604309082,213530,0.0,0.0
1990-10-05 00:00:00-04:00,3.44606624497964,3.7742631662633586,3.413246675294074,3.6593942642211914,404566,0.0,0.0
1990-10-08 00:00:00-04:00,3.610166636348876,3.6922160079477213,3.610166636348876,3.6758058071136475,122576,0.0,0.0
1990-10-09 00:00:00-04:00,3.675804049063974,3.7250338117350092,3.6429844793784083,3.6593942642211914,400002,0.0,0.0
1990-10-10 00:00:00-04:00,3.6101681106422157,3.626577501891671,3.5117084980010986,3.5117084980010986,292096,0.0,0.0
1990-10-11 00:00:00-04:00,3.5117070581921457,3.5117070581921457,3.314789342147351,3.3311989307403564,187776,0.0,0.0
1990-10-12 00:00:00-04:00,3.3147892676230364,3.4460678100585938,3.2983792712560853,3.4460678100585938,265690,0.0,0.0
1990-10-15 00:00:00-04:00,3.4296585030127953,3.446067887534361,3.331198930740357,3.3311989307403564,287858,0.0,0.0
1990-10-16 00:00:00-04:00,3.364019523178924,3.380429728899087,3.265560737715963,3.281970739364624,314264,0.0,0.0
1990-10-17 00:00:00-04:00,3.281969105395854,3.347608263025231,3.249149322509765,3.2491493225097656,326652,0.0,0.0
1990-10-18 00:00:00-04:00,3.2491509401388026,3.4624791249278912,3.2491509401388026,3.281970739364624,380116,0.0,0.0
1990-10-19 00:00:00-04:00,3.3147883277160655,3.380427682357548,3.3147883277160655,3.3640174865722656,263408,0.0,0.0
1990-10-22 00:00:00-04:00,3.4460685717648003,3.5773477554321285,3.4460685717648003,3.577347755432129,170824,0.0,0.0
1990-10-23 00:00:00-04:00,3.544527053833008,3.610166216972785,3.511706655977451,3.544527053833008,234068,0.0,0.0
1990-10-24 00:00:00-04:00,3.5445276982306364,3.5445276982306364,3.495297908782959,3.495297908782959,187450,0.0,0.0
1990-10-25 00:00:00-04:00,3.4624763376186647,3.4624763376186647,3.396836996078491,3.396836996078491,164304,0.0,0.0
1990-10-26 00:00:00-04:00,3.4132490158081055,3.4460686079985385,3.3476096273557556,3.4132490158081055,209944,0.0,0.0
1990-10-29 00:00:00-05:00,3.429658733709933,3.5117072944083074,3.429658733709933,3.495297908782959,133008,0.0,0.0
1990-10-30 00:00:00-05:00,3.5117062000154498,3.560935974121094,3.495296819503943,3.5609359741210938,211248,0.0,0.0
1990-10-31 00:00:00-05:00,3.5281174963194717,3.5773472857671496,3.4624783212464463,3.495297908782959,563002,0.0,0.0
1990-11-01 00:00:00-05:00,3.495296819503943,3.610165748226738,3.495296819503943,3.5609359741210938,176040,0.0,0.0
1990-11-02 00:00:00-05:00,3.5609368501324155,3.7250355933301074,3.5609368501324155,3.6758058071136475,302854,0.0,0.0
1990-11-05 00:00:00-05:00,3.675804049063974,3.675804049063974,3.6429844793784083,3.6593942642211914,105298,0.0,0.0
1990-11-06 00:00:00-05:00,3.6758062601521706,3.8399050235748295,3.6265764678682,3.839905023574829,284272,0.0,0.0
1990-11-07 00:00:00-05:00,3.807084325311488,3.807084325311488,3.7414443492889404,3.7414443492889404,193644,0.0,0.0
1990-11-08 00:00:00-05:00,3.725036052436141,3.8727246130021884,3.725036052436141,3.839905023574829,498780,0.0,0.0
1990-11-09 00:00:00-05:00,3.8399032895443646,3.9711819961136574,3.8399032895443646,3.872722864151001,462920,0.0,0.0
1990-11-12 00:00:00-05:00,3.889133227941048,3.987592374498316,3.889133227941048,3.9711825847625732,1206852,0.0,0.0
1990-11-13 00:00:00-05:00,4.314331244266863,4.480907594617472,4.231042861938477,4.231042861938477,1684768,0.138037,0.0
1990-11-14 00:00:00-05:00,4.2643587150002045,4.347647102241619,4.181070327758789,4.181070327758789,611902,0.0,0.0
1990-11-15 00:00:00-05:00,4.214383748613963,4.214383748613963,3.9978342812322776,4.064465045928955,170172,0.0,0.0
1990-11-16 00:00:00-05:00,4.064465039338086,4.064465039338086,3.981176687178801,4.031149864196777,320458,0.0,0.0
1990-11-19 00:00:00-05:00,4.06446717532048,4.114439964294434,4.031151982671179,4.114439964294434,183538,0.0,0.0
1990-11-20 00:00:00-05:00,4.114439208080491,4.147754808912778,3.9645204544067383,3.9645204544067383,178648,0.0,0.0
1990-11-21 00:00:00-05:00,3.964520214598775,3.981177806854248,3.864574661065936,3.981177806854248,317198,0.0,0.0
1990-11-23 00:00:00-05:00,3.947862861143672,4.0311512417651585,3.947862861143672,3.9645204544067383,114426,0.0,0.0
1990-11-26 00:00:00-05:00,3.9978342747494553,4.064465039338086,3.931203924466838,4.031149864196777,243196,0.0,0.0
1990-11-27 00:00:00-05:00,4.047807698045343,4.131095640966044,4.047807698045343,4.081122875213623,185494,0.0,0.0
1990-11-28 00:00:00-05:00,4.114439964294434,4.164413167574618,4.081124771645131,4.114439964294434,83782,0.0,0.0
1990-11-29 00:00:00-05:00,4.064465286629483,4.114438052381904,4.047807698045343,4.081122875213623,142136,0.0,0.0
1990-11-30 00:00:00-05:00,4.047807698045343,4.147753643856222,4.047807698045343,4.081122875213623,160066,0.0,0.0
1990-12-03 00:00:00-05:00,4.064465039338086,4.0977802144793944,3.9978342747494553,4.031149864196777,345886,0.0,0.0
1990-12-04 00:00:00-05:00,4.064465527938044,4.147753890109638,4.064465527938044,4.131095886230469,545724,0.0,0.0
1990-12-05 00:00:00-05:00,4.147754893916254,4.231042861938477,4.131096886005646,4.231042861938477,190058,0.0,0.0
1990-12-06 00:00:00-05:00,4.26435677750452,4.297671951541977,4.197726015123606,4.214383602142334,228852,0.0,0.0
1990-12-07 00:00:00-05:00,4.214385524494341,4.214385524494341,4.147755146026611,4.147755146026611,265364,0.0,0.0
1990-12-10 00:00:00-05:00,4.147755854685495,4.197728647074323,4.047809855601581,4.1644134521484375,129096,0.0,0.0
1990-12-11 00:00:00-05:00,4.181070763899268,4.181070763899268,4.097782367969782,4.114439964294434,149960,0.0,0.0
1990-12-12 00:00:00-05:00,4.1144382966573625,4.197726658828958,4.1144382966573625,4.131095886230469,120946,0.0,0.0
1990-12-13 00:00:00-05:00,4.181070327758789,4.21438551693288,4.164412733171744,4.181070327758789,394786,0.0,0.0
1990-12-14 00:00:00-05:00,4.181068428104877,4.26435677750452,4.131095252742691,4.214383602142334,201142,0.0,0.0
1990-12-17 00:00:00-05:00,4.1644105432712895,4.380959987640381,4.1644105432712895,4.380959987640381,292422,0.0,0.0
1990-12-18 00:00:00-05:00,4.347645282745361,4.380960457977,4.314329693207708,4.347645282745361,589082,0.0,0.0
1990-12-19 00:00:00-05:00,4.380961244093062,4.497564792633057,4.36430323918213,4.497564792633057,532684,0.0,0.0
1990-12-20 00:00:00-05:00,4.480907909207045,4.514223098754883,4.4309351248852895,4.514223098754883,359578,0.0,0.0
1990-12-21 00:00:00-05:00,4.61416979851283,4.61416979851283,4.480908202972549,4.530881404876709,550288,0.0,0.0
1990-12-24 00:00:00-05:00,4.514221968403472,4.514221968403472,4.447591605991896,4.464249610900879,103994,0.0,0.0
1990-12-26 00:00:00-05:00,4.464248331083717,4.4809055026052205,4.380959987640381,4.380959987640381,261126,0.0,0.0
1990-12-27 00:00:00-05:00,4.380961592974104,4.397618770599365,4.380961592974104,4.397618770599365,291118,0.0,0.0
1990-12-28 00:00:00-05:00,4.380961415802026,4.5308801514276755,4.364303410238193,4.480906963348389,285250,0.0,0.0
1990-12-31 00:00:00-05:00,4.497564968912221,4.5308801514276755,4.41427659831748,4.480906963348389,254932,0.0,0.0
1991-01-02 00:00:00-05:00,4.530882547381009,4.564197747513708,4.264360117706772,4.281017303466797,299594,0.0,0.0
1991-01-03 00:00:00-05:00,4.2976722664751295,4.2976722664751295,4.18106873449333,4.264357089996338,332194,0.0,0.0
1991-01-04 00:00:00-05:00,4.264358514631276,4.330988889848704,4.2310429127163935,4.29767370223999,107906,0.0,0.0
1991-01-07 00:00:00-05:00,4.264359447847601,4.380963044301906,4.264359447847601,4.330989837646484,163978,0.0,0.0
1991-01-08 00:00:00-05:00,4.33098744295392,4.380960621978137,4.231041499211517,4.264357089996338,147352,0.0,0.0
1991-01-09 00:00:00-05:00,4.247700455542922,4.464250415319191,4.231042861938477,4.231042861938477,286554,0.0,0.0
1991-01-10 00:00:00-05:00,4.231044503267749,4.31433291790582,4.164414103002352,4.281017303466797,325348,0.0,0.0
1991-01-11 00:00:00-05:00,4.2810141036700555,4.3976176312868045,4.214383753206778,4.347645282745361,293074,0.0,0.0
1991-01-14 00:00:00-05:00,4.264360161325924,4.330990562272868,4.264360161325924,4.314332962036133,331868,0.0,0.0
1991-01-15 00:00:00-05:00,4.314331547161666,4.514223098754883,4.297673952387748,4.514223098754883,221028,0.0,0.0
1991-01-16 00:00:00-05:00,4.530879973842744,4.5975103362621175,4.497564792633057,4.497564792633057,536922,0.0,0.0
1991-01-17 00:00:00-05:00,4.564195921209455,4.764087870634104,4.564195921209455,4.647484302520752,940184,0.0,0.0
1991-01-18 00:00:00-05:00,4.6474828921698,4.780743598937988,4.6474828921698,4.780743598937988,393808,0.0,0.0
1991-01-21 00:00:00-05:00,4.830718083200925,5.097240397344872,4.830718083200925,4.9972944259643555,763818,0.0,0.0
1991-01-22 00:00:00-05:00,4.963979955109503,5.063925940882714,4.814061183602789,4.980637550354004,660476,0.0,0.0
1991-01-23 00:00:00-05:00,4.980635880216637,5.03060906349903,4.963978290557861,4.963978290557861,273514,0.0,0.0
1991-01-24 00:00:00-05:00,5.013951893836536,5.030609484890644,4.814059972575043,4.83071756362915,172454,0.0,0.0
1991-01-25 00:00:00-05:00,4.847374191454822,4.847374191454822,4.764086252734545,4.797401428222656,349472,0.0,0.0
1991-01-28 00:00:00-05:00,4.797401979664036,4.963978290557861,4.797401979664036,4.963978290557861,235046,0.0,0.0
1991-01-29 00:00:00-05:00,4.947322377497387,4.947322377497387,4.864033986671835,4.914007186889648,220050,0.0,0.0
1991-01-30 00:00:00-05:00,4.963977961885315,5.130554676055908,4.947320373329464,5.130554676055908,481176,0.0,0.0
1991-01-31 00:00:00-05:00,5.063923607229969,5.113896369934082,5.030608432093894,5.113896369934082,533988,0.0,0.0
1991-02-01 00:00:00-05:00,5.08058333769694,5.097240932290852,5.030610553915203,5.063925743103027,623312,0.0,0.0
1991-02-04 00:00:00-05:00,5.063924314534352,5.1138970842184195,5.030609134744975,5.0972394943237305,342952,0.0,0.0
1991-02-05 00:00:00-05:00,5.130553631994737,5.380417823791504,5.130553631994737,5.380417823791504,899434,0.0,0.0
1991-02-06 00:00:00-05:00,5.297132720952212,5.430393887605222,5.280475126908858,5.347105503082275,545398,0.0,0.0
1991-02-07 00:00:00-05:00,5.33044703385845,5.663599662745048,5.33044703385845,5.580311298370361,955180,0.0,0.0
1991-02-08 00:00:00-05:00,5.580311123856181,5.663599485626174,5.546995944870609,5.596969127655029,377182,0.0,0.0
1991-02-11 00:00:00-05:00,5.563653534363396,5.596969127655029,5.546995944870609,5.596969127655029,533010,0.0,0.0
1991-02-12 00:00:00-05:00,5.55655767613863,5.607072088106695,5.455529689788818,5.455529689788818,565610,0.138037,0.0
1991-02-13 00:00:00-05:00,5.421855516740377,5.455531523509539,5.32082665884629,5.33766508102417,316872,0.0,0.0
1991-02-14 00:00:00-05:00,5.337663004424985,5.421853407387208,5.337663004424985,5.405014991760254,688186,0.0,0.0
1991-02-15 00:00:00-05:00,5.405015601638113,5.4386915991055975,5.388178021697555,5.421854019165039,276448,0.0,0.0
1991-02-19 00:00:00-05:00,5.421854019165039,5.455530016632523,5.388178021697555,5.421854019165039,317524,0.0,0.0
1991-02-20 00:00:00-05:00,5.3713399954564585,5.388178414210012,5.320825576782227,5.320825576782227,320784,0.0,0.0
1991-02-21 00:00:00-05:00,5.354500847947608,5.405014837002733,5.3376628515958995,5.371338844299316,227548,0.0,0.0
1991-02-22 00:00:00-05:00,5.371340680023792,5.421855105135993,5.303988671598547,5.3545026779174805,941488,0.0,0.0
1991-02-25 00:00:00-05:00,5.405015995377138,5.42185441413069,5.320825576782227,5.320825576782227,165608,0.0,0.0
1991-02-26 00:00:00-05:00,5.320825324457826,5.320825324457826,5.152444914046161,5.169282913208008,445968,0.0,0.0
1991-02-27 00:00:00-05:00,5.169281595119842,5.287147977991832,5.169281595119842,5.270310401916504,439774,0.0,0.0
1991-02-28 00:00:00-05:00,5.3376628515958995,5.3881772594441495,5.28714844374765,5.371338844299316,254932,0.0,0.0
1991-03-01 00:00:00-05:00,5.388179302215576,5.438692891628335,5.337664875216252,5.388179302215576,306440,0.0,0.0
1991-03-04 00:00:00-05:00,5.421855129441491,5.522883142532255,5.405016708466428,5.4723687171936035,400002,0.0,0.0
1991-03-05 00:00:00-05:00,5.455530445687382,5.506044864654541,5.4218544455714195,5.506044864654541,296008,0.0,0.0
1991-03-06 00:00:00-05:00,5.539725663356311,5.539725663356311,5.472372767195958,5.522887229919434,247760,0.0,0.0
1991-03-07 00:00:00-05:00,5.607072048869724,5.607072048869724,5.522881642040867,5.539720058441162,223636,0.0,0.0
1991-03-08 00:00:00-05:00,5.522878983761829,5.6239073395707315,5.522878983761829,5.590230941772461,301224,0.0,0.0
1991-03-11 00:00:00-05:00,5.607073121805436,5.67442512512207,5.607073121805436,5.67442512512207,210270,0.0,0.0
1991-03-12 00:00:00-05:00,5.674427826888487,5.792294307605624,5.607075791503515,5.7417802810668945,408804,0.0,0.0
1991-03-13 00:00:00-05:00,5.825965090123577,5.926993463948707,5.825965090123577,5.859641075134277,625268,0.0,0.0
1991-03-14 00:00:00-05:00,5.893316978217628,5.960669366095742,5.809127016861263,5.842803001403809,556482,0.0,0.0
1991-03-15 00:00:00-05:00,5.809128148230417,5.8259661437810095,5.708099337340651,5.792289733886719,588756,0.0,0.0
1991-03-18 00:00:00-05:00,5.792290481874509,5.859642891567542,5.455529689788818,5.455529689788818,40678280,0.0,0.0
1991-03-19 00:00:00-05:00,5.421853694338881,5.472367268720629,5.388177698888944,5.455529689788818,1837010,0.0,0.0
1991-03-20 00:00:00-05:00,5.489206445803344,5.556558446035268,5.489206445803344,5.506044864654541,5577860,0.0,0.0
1991-03-21 00:00:00-05:00,5.522883142532255,5.573397567870906,5.4723687171936035,5.4723687171936035,12354748,0.0,0.0
1991-03-22 00:00:00-05:00,5.489205646826585,5.556557637255147,5.47236723042629,5.539720058441162,563654,0.0,0.0
1991-03-25 00:00:00-05:00,5.5902336324694275,5.5902336324694275,5.522881642040867,5.539720058441162,537900,0.0,0.0
1991-03-26 00:00:00-05:00,5.57339924642932,5.724941730499268,5.5397232319234195,5.724941730499268,968220,0.0,0.0
1991-03-27 00:00:00-05:00,5.758618289913138,5.943837224808681,5.7081038445809735,5.7417802810668945,1698134,0.0,0.0
1991-03-28 00:00:00-05:00,5.775453533723343,5.859643956441279,5.623911107865645,5.65758752822876,576042,0.0,0.0
1991-04-01 00:00:00-05:00,5.623912743230052,5.657589173385858,5.556560301711798,5.607074737548828,387288,0.0,0.0
1991-04-02 00:00:00-05:00,5.640746256562487,5.8596409936750815,5.640746256562487,5.842803001403809,1649886,0.0,0.0
1991-04-03 00:00:00-05:00,5.859645158192001,5.876483162430237,5.792292722445739,5.809131145477295,705464,0.0,0.0
1991-04-04 00:00:00-05:00,5.825968550430507,5.893320560455322,5.809130547924304,5.893320560455322,378160,0.0,0.0
1991-04-05 00:00:00-05:00,5.8933214521877115,5.910159457241714,5.758616992962355,5.775454998016357,364142,0.0,0.0
1991-04-08 00:00:00-04:00,5.7586140632629395,5.775452059750598,5.724938070287624,5.7586140632629395,396090,0.0,0.0
1991-04-09 00:00:00-04:00,5.758612982333782,5.758612982333782,5.472365839394664,5.556556224822998,549962,0.0,0.0
1991-04-10 00:00:00-04:00,5.590233671588567,5.607072088106695,5.388177698888944,5.455529689788818,725350,0.0,0.0
1991-04-11 00:00:00-04:00,5.489206697208089,5.708101126780387,5.489206697208089,5.67442512512207,459334,0.0,0.0
1991-04-12 00:00:00-04:00,5.792293003070359,5.809131426917702,5.724940982854351,5.775454998016357,1522746,0.0,0.0
1991-04-15 00:00:00-04:00,5.741779737752218,5.792293759511069,5.674427289947022,5.724941730499268,817608,0.0,0.0
1991-04-16 00:00:00-04:00,5.758615532938403,5.758615532938403,5.590234687502529,5.65758752822876,688512,0.0,0.0
1991-04-17 00:00:00-04:00,5.657589701487467,5.758617745005168,5.657589701487467,5.724941730499268,908562,0.0,0.0
1991-04-18 00:00:00-04:00,5.724939398424,5.724939398424,5.522882556110409,5.640748977661133,1464066,0.0,0.0
1991-04-19 00:00:00-04:00,5.65758752822876,5.724939531368522,5.65758752822876,5.65758752822876,428364,0.0,0.0
1991-04-22 00:00:00-04:00,5.657587673256558,5.691263675689697,5.590234830803791,5.691263675689697,1135132,0.0,0.0
1991-04-23 00:00:00-04:00,5.724941730499268,5.792293759511069,5.623913268188171,5.724941730499268,3459512,0.0,0.0
1991-04-24 00:00:00-04:00,5.926997881089057,5.994349901305065,5.758616992962355,5.775454998016357,8185860,0.0,0.0
1991-04-25 00:00:00-04:00,5.758617745005168,5.758617745005168,5.691265715993367,5.724941730499268,1375394,0.0,0.0
1991-04-26 00:00:00-04:00,5.691264972746347,5.775454998016357,5.640750538791001,5.775454998016357,2116392,0.0,0.0
1991-04-29 00:00:00-04:00,5.792291856560656,5.960672711358532,5.792291856560656,5.92699670791626,2557144,0.0,0.0
1991-04-30 00:00:00-04:00,5.943833976146817,6.061700392442885,5.926995976503551,5.97750997543335,1168384,0.0,0.0
1991-05-01 00:00:00-04:00,6.028024073077405,6.112214491465634,5.977510073320395,6.095376491546631,1386804,0.0,0.0
1991-05-02 00:00:00-04:00,6.112214391372683,6.112214391372683,5.960671975790083,5.97750997543335,652978,0.0,0.0
1991-05-03 00:00:00-04:00,5.926993692361039,6.061698056388059,5.926993692361039,5.994345664978027,881830,0.0,0.0
1991-05-06 00:00:00-04:00,5.960669678669533,6.044859644440767,5.943831685515287,5.994345664978027,408804,0.0,0.0
1991-05-07 00:00:00-04:00,5.994348714800804,6.061701140478606,5.92699670791626,5.92699670791626,393808,0.0,0.0
1991-05-08 00:00:00-04:00,5.926997593938263,5.926997593938263,5.809131145477295,5.809131145477295,506930,0.0,0.0
1991-05-09 00:00:00-04:00,5.842803323527364,5.910155296325684,5.842803323527364,5.910155296325684,459334,0.0,0.0
1991-05-10 00:00:00-04:00,5.943834379159216,5.943834379159216,5.65758752822876,5.65758752822876,395438,0.0,0.0
1991-05-13 00:00:00-04:00,5.657589241842587,5.657589241842587,5.556560368946079,5.623912811279297,410108,0.0,0.0
1991-05-14 00:00:00-04:00,5.657583737369001,5.674421308078705,5.590230941772461,5.590230941772461,525186,0.0,0.0
1991-05-15 00:00:00-04:00,5.607275652407494,5.658405227688682,5.539101472365108,5.590231895446777,681014,0.153374,0.0
1991-05-16 00:00:00-04:00,5.641364622852052,5.709537982940673,5.607277942807741,5.709537982940674,256236,0.0,0.0
1991-05-17 00:00:00-04:00,5.675451625719248,5.760668754577637,5.641364943736067,5.760668754577637,318828,0.0,0.0
1991-05-20 00:00:00-04:00,5.69249218826534,5.726579277511409,5.641362190246582,5.641362190246582,219398,0.0,0.0
1991-05-21 00:00:00-04:00,5.641365546734178,5.7095389179875005,5.624321780020365,5.67545223236084,318176,0.0,0.0
1991-05-22 00:00:00-04:00,5.692495272693895,5.7095386146016,5.641365246970783,5.658408164978027,160066,0.0,0.0
1991-05-23 00:00:00-04:00,5.641365246970783,5.743625298417008,5.641365246970783,5.658408164978027,687860,0.0,0.0
1991-05-24 00:00:00-04:00,5.709537982940673,5.726581746863242,5.6924946429185175,5.709537982940674,292422,0.0,0.0
1991-05-28 00:00:00-04:00,5.743624711119002,5.794755155514377,5.692494690624045,5.777711391448975,764796,0.0,0.0
1991-05-29 00:00:00-04:00,5.794755155514377,5.811798495679363,5.70953803078903,5.777711391448975,1188922,0.0,0.0
1991-05-30 00:00:00-04:00,5.726579576069603,5.743622485730833,5.692492485046387,5.692492485046387,894544,0.0,0.0
1991-05-31 00:00:00-04:00,5.6924946429185175,5.726581746863242,5.675451302896363,5.709537982940674,493890,0.0,0.0
1991-06-03 00:00:00-04:00,5.675451930786191,5.7095386146016,5.624321481162618,5.658408164978027,1235866,0.0,0.0
1991-06-04 00:00:00-04:00,5.6584071849612725,5.675450947817516,5.62432050704956,5.6243205070495605,1064064,0.0,0.0
1991-06-05 00:00:00-04:00,5.658405227688682,5.675448984649399,5.590231895446777,5.590231895446777,1090796,0.0,0.0
1991-06-06 00:00:00-04:00,5.590234431106557,5.65840779427104,5.539103984832764,5.539103984832764,649066,0.0,0.0
1991-06-07 00:00:00-04:00,5.522058408765427,5.522058408765427,5.419797989362321,5.453885078430176,624290,0.0,0.0
1991-06-10 00:00:00-04:00,5.5050177374322855,5.5050177374322855,5.470931053161621,5.470931053161621,759906,0.0,0.0
1991-06-11 00:00:00-04:00,5.50501671045818,5.62432050704956,5.487973795402711,5.6243205070495605,1980776,0.0,0.0
1991-06-12 00:00:00-04:00,5.607277591994091,5.726581388585471,5.607277591994091,5.6243205070495605,1119810,0.0,0.0
1991-06-13 00:00:00-04:00,5.62432050704956,5.692494286773372,5.62432050704956,5.6243205070495605,824454,0.0,0.0
1991-06-14 00:00:00-04:00,5.65840786082722,5.760668754577637,5.65840786082722,5.760668754577637,1000494,0.0,0.0
1991-06-17 00:00:00-04:00,5.760674008604217,5.760674008604217,5.709543515095407,5.726587295532227,727958,0.0,0.0
1991-06-18 00:00:00-04:00,5.743626456541176,5.879974067096372,5.743626456541176,5.8629302978515625,995278,0.0,0.0
1991-06-19 00:00:00-04:00,5.8629302978515625,5.8629302978515625,5.811800261818774,5.8629302978515625,436840,0.0,0.0
1991-06-20 00:00:00-04:00,5.862927993565145,5.89701509475708,5.828841316273588,5.89701509475708,475960,0.0,0.0
1991-06-21 00:00:00-04:00,5.897016667561568,6.067450523376465,5.897016667561568,6.067450523376465,549962,0.0,0.0
1991-06-24 00:00:00-04:00,5.9992760601227,5.9992760601227,5.897015595661442,5.931102275848389,614836,0.0,0.0
1991-06-25 00:00:00-04:00,5.9311017720486365,5.965188449340193,5.89701509475708,5.89701509475708,430646,0.0,0.0
1991-06-26 00:00:00-04:00,5.914062268865802,5.9822356676615955,5.897018919166854,5.9651923179626465,246130,0.0,0.0
1991-06-27 00:00:00-04:00,6.016316890716553,6.050403556685421,5.999273557732119,6.016316890716553,416954,0.0,0.0
1991-06-28 00:00:00-04:00,6.01632013584123,6.01632013584123,5.914059658876421,5.948146343231201,418910,0.0,0.0
1991-07-01 00:00:00-04:00,6.016316890716553,6.016316890716553,5.982229800847447,6.016316890716553,485414,0.0,0.0
1991-07-02 00:00:00-04:00,5.999275236267713,6.0504052495266665,5.982231474614371,6.033361911773682,215812,0.0,0.0
1991-07-03 00:00:00-04:00,6.016319196745579,6.016319196745579,5.965188754293964,5.982232093811035,409782,0.0,0.0
1991-07-05 00:00:00-04:00,5.948148968263698,5.9822356676615955,5.948148968263698,5.9651923179626465,50530,0.0,0.0
1991-07-08 00:00:00-04:00,5.89701509475708,5.9311017720486365,5.879971756111302,5.89701509475708,395438,0.0,0.0
1991-07-09 00:00:00-04:00,5.931101178109168,5.948144515048229,5.828840732574464,5.828840732574463,465854,0.0,0.0
1991-07-10 00:00:00-04:00,6.067446889669855,6.101533555638722,6.016316890716553,6.016316890716553,914756,0.0,0.0
1991-07-11 00:00:00-04:00,6.084491220202373,6.084491220202373,6.0333612128663425,6.0504045486450195,455748,0.0,0.0
1991-07-12 00:00:00-04:00,6.084489948674166,6.340141203629599,6.067446616457182,6.30605411529541,971806,0.0,0.0
1991-07-15 00:00:00-04:00,6.271968609239683,6.271968609239683,6.135621917106559,6.220839023590088,461290,0.0,0.0
1991-07-16 00:00:00-04:00,6.289014798226245,6.323101484422461,6.2208414258338145,6.254928112030029,1416796,0.0,0.0
1991-07-17 00:00:00-04:00,6.271971067051474,6.340145287634278,6.2549281477565115,6.32310152053833,405870,0.0,0.0
1991-07-18 00:00:00-04:00,6.340145323074951,6.391274929046632,6.289014869302281,6.391274929046631,469440,0.0,0.0
1991-07-19 00:00:00-04:00,6.408316944087933,6.510576975872539,6.391273181556787,6.459447383880615,450532,0.0,0.0
1991-07-22 00:00:00-04:00,6.425357613670276,6.442401370245994,6.374228039544045,6.4083147048950195,192666,0.0,0.0
1991-07-23 00:00:00-04:00,6.35718820692924,6.374231974025187,6.306058177342876,6.32310152053833,518014,0.0,0.0
1991-07-24 00:00:00-04:00,6.30605411529541,6.30605411529541,6.220837454210486,6.30605411529541,605708,0.0,0.0
1991-07-25 00:00:00-04:00,6.254926288664885,6.357186317443848,6.220839612405231,6.357186317443848,315894,0.0,0.0
1991-07-26 00:00:00-04:00,6.340142803106898,6.340142803106898,6.203795263173121,6.220839023590088,280034,0.0,0.0
1991-07-29 00:00:00-04:00,6.203798294067383,6.254928752497651,6.203798294067383,6.203798294067383,146700,0.0,0.0
1991-07-30 00:00:00-04:00,6.237881392080678,6.340142250061035,6.203794722020752,6.340142250061035,239936,0.0,0.0
1991-07-31 00:00:00-04:00,6.340142250061035,6.340142250061035,6.30605515610082,6.340142250061035,111492,0.0,0.0
1991-08-01 00:00:00-04:00,6.34014400198555,6.34014400198555,6.2378831157482075,6.271969795227051,438144,0.0,0.0
1991-08-02 00:00:00-04:00,6.32310311333998,6.340146884729285,6.169712562041024,6.23788595199585,162348,0.0,0.0
1991-08-05 00:00:00-04:00,6.271968609239683,6.340142803106898,6.203795263173121,6.220839023590088,323718,0.0,0.0
1991-08-06 00:00:00-04:00,6.169708388936125,6.203795060857788,6.084491285231658,6.11857795715332,334802,0.0,0.0
1991-08-07 00:00:00-04:00,6.084495310904901,6.135625776517061,6.084495310904901,6.10153865814209,286880,0.0,0.0
1991-08-08 00:00:00-04:00,6.067447441527421,6.1185774451311925,6.067447441527421,6.084490776062012,244500,0.0,0.0
1991-08-09 00:00:00-04:00,6.101537209759346,6.101537209759346,6.050407180185025,6.067450523376465,194948,0.0,0.0
1991-08-12 00:00:00-04:00,6.067447949270827,6.152665052975294,6.050404613309996,6.11857795715332,142136,0.0,0.0
1991-08-13 00:00:00-04:00,6.152665052975294,6.152665052975294,6.101534621192489,6.11857795715332,394134,0.0,0.0
1991-08-14 00:00:00-04:00,6.135814286417343,6.153049662007049,6.10134353523793,6.118578910827637,257214,0.153374,0.0
1991-08-15 00:00:00-04:00,6.118580442159161,6.118580442159161,6.101345062255859,6.101345062255859,197556,0.0,0.0
1991-08-16 00:00:00-04:00,6.101345062255859,6.187521961772369,6.101345062255859,6.101345062255859,237002,0.0,0.0
1991-08-19 00:00:00-04:00,5.928988645399534,6.256462052357405,5.928988645399534,6.084107875823975,922906,0.0,0.0
1991-08-20 00:00:00-04:00,6.135811445460259,6.342636285450967,6.135811445460259,6.308165550231934,945074,0.0,0.0
1991-08-21 00:00:00-04:00,6.204755972440611,6.256462097167969,6.084107919400089,6.256462097167969,1277268,0.0,0.0
1991-08-22 00:00:00-04:00,6.204755926316069,6.239226675878061,6.153049373296397,6.170284748077393,474004,0.0,0.0
1991-08-23 00:00:00-04:00,6.153049374966672,6.187520124538021,6.084107875823975,6.084107875823975,1343120,0.0,0.0
1991-08-26 00:00:00-04:00,6.101345332858904,6.101345332858904,5.860049146157237,5.877284526824951,3329438,0.0,0.0
1991-08-27 00:00:00-04:00,5.860050469687341,5.860050469687341,5.808343887329102,5.808343887329102,612554,0.0,0.0
1991-08-28 00:00:00-04:00,5.722166538238525,5.739402351483085,5.618754230832736,5.722166538238525,2309384,0.0,0.0
1991-08-29 00:00:00-04:00,5.739401817321777,5.7566372002853265,5.704931051394679,5.739401817321777,314264,0.0,0.0
1991-08-30 00:00:00-04:00,5.773873115868577,5.928992005526584,5.756637731315124,5.894521236419678,1137414,0.0,0.0
1991-09-03 00:00:00-04:00,5.894521180812955,5.980698531444184,5.808343830181727,5.825579643249512,935294,0.0,0.0
1991-09-04 00:00:00-04:00,5.825578470087901,5.842813422331044,5.756636517731143,5.773871898651123,355340,0.0,0.0
1991-09-05 00:00:00-04:00,5.773872583248875,5.773872583248875,5.687695239754242,5.739401817321777,837820,0.0,0.0
1991-09-06 00:00:00-04:00,5.739396989493182,5.842809200286865,5.72216119235104,5.842809200286865,150286,0.0,0.0
1991-09-09 00:00:00-04:00,5.808343349175973,5.82557916081641,5.739401817321777,5.739401817321777,297964,0.0,0.0
1991-09-10 00:00:00-04:00,5.739401327534502,5.739401327534502,5.618753228408601,5.653223991394043,190710,0.0,0.0
1991-09-11 00:00:00-04:00,5.670458793640136,5.6876937433924954,5.653222986534226,5.670458793640137,66178,0.0,0.0
1991-09-12 00:00:00-04:00,5.670458615702346,5.687693564913877,5.601516246795655,5.601516246795654,562676,0.0,0.0
1991-09-13 00:00:00-04:00,5.6187516341566015,5.635987439435725,5.480868192660719,5.515339374542236,340344,0.0,0.0
1991-09-16 00:00:00-04:00,5.549811502584068,5.687694549560547,5.532575693035172,5.687694549560547,261778,0.0,0.0
1991-09-17 00:00:00-04:00,5.653220776798569,5.653220776798569,5.4808666312003815,5.5325727462768555,972458,0.0,0.0
1991-09-18 00:00:00-04:00,5.549809740078327,5.584280490875243,5.515338989281411,5.584280490875244,249064,0.0,0.0
1991-09-19 00:00:00-04:00,5.515339902387661,5.567045608466606,5.498104095458984,5.498104095458984,433254,0.0,0.0
1991-09-20 00:00:00-04:00,5.4808666312003815,5.5325727462768555,5.463631259508223,5.5325727462768555,641242,0.0,0.0
1991-09-23 00:00:00-04:00,5.498102431252855,5.549808979034424,5.480867058217879,5.549808979034424,558438,0.0,0.0
1991-09-24 00:00:00-04:00,5.549811702437716,5.653223991394044,5.532575892268143,5.653223991394043,786312,0.0,0.0
1991-09-25 00:00:00-04:00,5.653225636757124,5.670461451943156,5.618754863739014,5.618754863739014,589082,0.0,0.0
1991-09-26 00:00:00-04:00,5.584282465423159,5.6876947543794865,5.584282465423159,5.653223991394043,297964,0.0,0.0
1991-09-27 00:00:00-04:00,5.6876947543794865,5.756636709027223,5.653223991394044,5.653223991394043,923232,0.0,0.0
1991-09-30 00:00:00-04:00,5.687693684906715,5.687693684906715,5.4291625824513625,5.498104095458984,1124700,0.0,0.0
1991-10-01 00:00:00-04:00,5.498103745485417,5.498103745485417,5.29127836227417,5.29127836227417,860314,0.0,0.0
1991-10-02 00:00:00-04:00,5.325751676339152,5.325751676339152,5.256809711456299,5.256809711456299,1176534,0.0,0.0
1991-10-03 00:00:00-04:00,5.274045095662006,5.342987060546876,5.239574327558029,5.342987060546875,551918,0.0,0.0
1991-10-04 00:00:00-04:00,5.325749397277832,5.360220150629645,5.308514020601925,5.325749397277832,879222,0.0,0.0
1991-10-07 00:00:00-04:00,5.360222444442121,5.360222444442121,5.256809711456299,5.256809711456299,375552,0.0,0.0
1991-10-08 00:00:00-04:00,5.274041841346954,5.291277214763962,5.2395710945129395,5.2395710945129395,339040,0.0,0.0
1991-10-09 00:00:00-04:00,5.239571861924479,5.256807237865859,5.17062992948225,5.187865734100342,628854,0.0,0.0
1991-10-10 00:00:00-04:00,5.17063236267316,5.342987060546876,5.17063236267316,5.342987060546875,414020,0.0,0.0
1991-10-11 00:00:00-04:00,5.394691309648747,5.532574322467901,5.394691309648747,5.515339374542236,410760,0.0,0.0
1991-10-14 00:00:00-04:00,5.515337803261305,5.5842792900299365,5.4808666312003815,5.5325727462768555,255258,0.0,0.0
1991-10-15 00:00:00-04:00,5.532573652107529,5.58428020432636,5.429161405023223,5.446396350860596,289162,0.0,0.0
1991-10-16 00:00:00-04:00,5.411926945790219,5.463633510849474,5.360220809407748,5.377456188201904,1335948,0.0,0.0
1991-10-17 00:00:00-04:00,5.394691712136151,5.601516246795655,5.3774559055710975,5.601516246795654,1377350,0.0,0.0
1991-10-18 00:00:00-04:00,5.635987840491204,5.825577425285417,5.635987840491204,5.704929351806641,702530,0.0,0.0
1991-10-21 00:00:00-04:00,5.963459491729736,6.015165613208869,5.877282193921187,5.963459491729736,714266,0.0,0.0
1991-10-22 00:00:00-04:00,6.049636740905163,6.256462097167969,6.032401365996043,6.256462097167969,1611744,0.0,0.0
1991-10-23 00:00:00-04:00,6.4115815818827615,6.4115815818827615,6.049636979792106,6.118578910827637,864878,0.0,0.0
1991-10-24 00:00:00-04:00,6.1875208587278365,6.1875208587278365,6.015166661743454,6.032402038574219,474004,0.0,0.0
1991-10-25 00:00:00-04:00,5.997930573218917,6.1013432506096485,5.928988645399534,6.084107875823975,286880,0.0,0.0
1991-10-28 00:00:00-05:00,6.084110539114462,6.204758644104003,6.084110539114462,6.204758644104004,517362,0.0,0.0
1991-10-29 00:00:00-05:00,6.2392284716186905,6.325405799003441,6.221993091877102,6.290935039520264,885416,0.0,0.0
1991-10-30 00:00:00-05:00,6.3254026608556515,6.480521430249503,6.3081668609882495,6.428814888000488,1046460,0.0,0.0
1991-10-31 00:00:00-05:00,6.359874775299372,6.359874775299372,6.187520168854804,6.256462097167969,383050,0.0,0.0
1991-11-01 00:00:00-05:00,6.30817004337148,6.3254058519341045,6.221993143942413,6.2736992835998535,208640,0.0,0.0
1991-11-04 00:00:00-05:00,6.308171483066813,6.428819598479481,6.290936527924329,6.359878063201904,672538,0.0,0.0
1991-11-05 00:00:00-05:00,6.308168221895326,6.308168221895326,6.22199134734973,6.256462097167969,280360,0.0,0.0
1991-11-06 00:00:00-05:00,6.256462097167969,6.256462097167969,6.1358140441274465,6.256462097167969,477590,0.0,0.0
1991-11-07 00:00:00-05:00,6.221992869470686,6.239228248596192,6.204757490345179,6.239228248596191,219072,0.0,0.0
1991-11-08 00:00:00-05:00,6.2736948150129,6.325401346517956,6.239224079793867,6.308165550231934,631788,0.0,0.0
1991-11-11 00:00:00-05:00,6.308165550231934,6.35987208173699,6.290930611298923,6.308165550231934,458356,0.0,0.0
1991-11-12 00:00:00-05:00,6.290746287184312,6.4301533699035645,6.290746287184312,6.4301533699035645,761862,0.153374,0.0
1991-11-13 00:00:00-05:00,6.412719900236261,6.464997768402099,6.395294522065264,6.4649977684021,452488,0.0,0.0
1991-11-14 00:00:00-05:00,6.447577476501465,6.499854956008132,6.377873737078993,6.447577476501465,444338,0.0,0.0
1991-11-15 00:00:00-05:00,6.430148132953512,6.447573949924477,6.2558890964171665,6.308166980743408,231134,0.0,0.0
1991-11-18 00:00:00-05:00,6.133912457258269,6.221041600062302,6.06420870960141,6.168764114379883,464550,0.0,0.0
1991-11-19 00:00:00-05:00,6.133911796911364,6.168763450281019,6.11648553681295,6.151337623596191,354036,0.0,0.0
1991-11-20 00:00:00-05:00,6.116483968486826,6.116483968486826,5.959651135123262,6.011929035186768,666018,0.0,0.0
1991-11-21 00:00:00-05:00,5.994502924148796,5.994502924148796,5.942225456237792,5.942225456237793,382724,0.0,0.0
1991-11-22 00:00:00-05:00,5.924801826477051,5.959653484650282,5.750542668783601,5.924801826477051,422496,0.0,0.0
1991-11-25 00:00:00-05:00,5.924801916158282,6.081634813725382,5.924801916158282,6.064208984375,218420,0.0,0.0
1991-11-26 00:00:00-05:00,6.081631333911651,6.168760864223073,6.011928056393238,6.133909225463867,425756,0.0,0.0
1991-11-27 00:00:00-05:00,6.099057674407959,6.116483495276463,6.081631853539456,6.099057674407959,313612,0.0,0.0
1991-11-29 00:00:00-05:00,6.099057674407959,6.116483495276463,6.099057674407959,6.099057674407959,39446,0.0,0.0
1991-12-02 00:00:00-05:00,6.046780211802449,6.116483495276463,5.994502315783497,6.099057674407959,181908,0.0,0.0
1991-12-03 00:00:00-05:00,6.099059693150398,6.238466739654541,6.081633866514078,6.238466739654541,350124,0.0,0.0
1991-12-04 00:00:00-05:00,6.221038624639157,6.273316518731531,6.186186984186526,6.203612804412842,521600,0.0,0.0
1991-12-05 00:00:00-05:00,6.168762117259649,6.168762117259649,5.994503021240234,5.994503021240234,468462,0.0,0.0
1991-12-06 00:00:00-05:00,5.87252211089849,5.907373758419501,5.855096720551499,5.88994836807251,368380,0.0,0.0
1991-12-09 00:00:00-05:00,5.9073742024358635,5.924800460919694,5.785392993530329,5.80281925201416,473352,0.0,0.0
1991-12-10 00:00:00-05:00,5.907373377550304,5.9596512788747935,5.872521732276301,5.942225456237793,547028,0.0,0.0
1991-12-11 00:00:00-05:00,5.942225456237792,5.9596512788747935,5.872521732276301,5.942225456237793,311004,0.0,0.0
1991-12-12 00:00:00-05:00,5.977075984220625,6.133909225463867,5.977075984220625,6.133909225463867,252324,0.0,0.0
1991-12-13 00:00:00-05:00,6.168762259745545,6.168762259745545,5.9945031597010985,6.046781063079834,158110,0.0,0.0
1991-12-16 00:00:00-05:00,6.011930793124547,6.046782447748809,5.872523307800293,5.872523307800293,699596,0.0,0.0
1991-12-17 00:00:00-05:00,5.872521827392041,6.0293551004922135,5.8376701815535545,5.994503021240234,332520,0.0,0.0
1991-12-18 00:00:00-05:00,6.029356403388814,6.151337623596191,6.011930576703986,6.151337623596191,302854,0.0,0.0
1991-12-19 00:00:00-05:00,6.064211209642393,6.273322105407715,6.064211209642393,6.273322105407715,694706,0.0,0.0
1991-12-20 00:00:00-05:00,6.16875926077663,6.186185075626739,6.029352308562466,6.081629753112793,1182076,0.0,0.0
1991-12-23 00:00:00-05:00,6.099059710128123,6.203615103650673,6.046782230073641,6.151337623596191,546376,0.0,0.0
1991-12-24 00:00:00-05:00,6.133911796911364,6.1861892769658455,6.11648553681295,6.151337623596191,393482,0.0,0.0
1991-12-26 00:00:00-05:00,6.081631853539456,6.168761391295416,6.081631853539456,6.099057674407959,328282,0.0,0.0
1991-12-27 00:00:00-05:00,6.15133504484347,6.221038322361884,6.133909225463867,6.133909225463867,245478,0.0,0.0
1991-12-30 00:00:00-05:00,6.133911779836623,6.273318826340766,6.116485519786718,6.238466739654541,779140,0.0,0.0
1991-12-31 00:00:00-05:00,6.273322105407715,6.377877119876563,6.1861924932698615,6.273322105407715,416954,0.0,0.0
1992-01-02 00:00:00-05:00,6.2733162139141,6.2733162139141,6.116482972670858,6.133909225463867,389896,0.0,0.0
1992-01-03 00:00:00-05:00,6.151334194591374,6.308166980743408,6.151334194591374,6.308166980743408,561698,0.0,0.0
1992-01-06 00:00:00-05:00,6.238462520177066,6.343017842691013,6.081629753112792,6.081629753112793,322414,0.0,0.0
1992-01-07 00:00:00-05:00,6.029357234410392,6.064208892583623,5.924801826477051,5.924801826477051,773924,0.0,0.0
1992-01-08 00:00:00-05:00,5.9247972933261135,5.959648924833841,5.872519412651208,5.9073710441589355,884438,0.0,0.0
1992-01-09 00:00:00-05:00,5.872519101593846,6.02935230189806,5.85509372017629,5.959648609161377,954202,0.0,0.0
1992-01-10 00:00:00-05:00,5.942224092026464,6.064205255894616,5.942224092026464,6.029353618621826,1346706,0.0,0.0
1992-01-13 00:00:00-05:00,6.02935387577284,6.133909225463867,6.02935387577284,6.133909225463867,401306,0.0,0.0
1992-01-14 00:00:00-05:00,6.0642055145320475,6.15133504484347,6.046779695152444,6.133909225463867,758928,0.0,0.0
1992-01-15 00:00:00-05:00,6.168758219634724,6.168758219634724,6.0642029147672645,6.116480350494385,1035702,0.0,0.0
1992-01-16 00:00:00-05:00,6.116480350494385,6.116480350494385,6.0642029147672645,6.116480350494385,503018,0.0,0.0
1992-01-17 00:00:00-05:00,6.116485435652037,6.273318740048781,6.099059609255416,6.1861891746521,1266184,0.0,0.0
1992-01-20 00:00:00-05:00,6.15133504484347,6.186186683602677,6.046779695152444,6.133909225463867,483784,0.0,0.0
1992-01-21 00:00:00-05:00,6.133912735190185,6.133912735190185,5.977079404209431,6.064208984375,664714,0.0,0.0
1992-01-22 00:00:00-05:00,6.081631333911651,6.15133504484347,6.081631333911651,6.133909225463867,956484,0.0,0.0
1992-01-23 00:00:00-05:00,6.133908963853583,6.151334782489977,6.011927799985431,6.029353618621826,1087862,0.0,0.0
1992-01-24 00:00:00-05:00,5.9945064113005895,6.011932677488365,5.820247650146484,5.820247650146484,688512,0.0,0.0
1992-01-27 00:00:00-05:00,5.8550997491082954,5.924803080204443,5.820247650146484,5.820247650146484,508560,0.0,0.0
1992-01-28 00:00:00-05:00,5.837673482920521,5.9422289129784795,5.820247650146484,5.820247650146484,1273356,0.0,0.0
1992-01-29 00:00:00-05:00,5.8550960389200295,5.872521427238413,5.52400412577454,5.576282024383545,1164472,0.0,0.0
1992-01-30 00:00:00-05:00,5.576279191966318,5.820241005707594,5.576279191966318,5.785388946533203,847600,0.0,0.0
1992-01-31 00:00:00-05:00,5.855093064881985,5.855093064881985,5.767963567065872,5.785388946533203,627224,0.0,0.0
1992-02-03 00:00:00-05:00,5.785388946533203,5.785388946533203,5.733111941304726,5.785388946533203,450858,0.0,0.0
1992-02-04 00:00:00-05:00,5.8202416571013025,6.011926487067212,5.767964212608759,5.959648609161377,962678,0.0,0.0
1992-02-05 00:00:00-05:00,5.977079313736898,5.994505142823513,5.924801826477051,5.924801826477051,457052,0.0,0.0
1992-02-06 00:00:00-05:00,5.942223033657066,5.942223033657066,5.83766770704766,5.855093955993652,310352,0.0,0.0
1992-02-07 00:00:00-05:00,5.872518116941384,6.1339065958166445,5.872518116941384,6.116480350494385,998864,0.0,0.0
1992-02-10 00:00:00-05:00,6.098857428966775,6.257498131577071,6.063603598512583,6.222244739532471,1075148,0.153374,0.0
1992-02-11 00:00:00-05:00,6.222242429192678,6.2574958081475796,6.098855164441095,6.134108543395996,409130,0.0,0.0
1992-02-12 00:00:00-05:00,6.081230231395813,6.186990398807061,6.081230231395813,6.0988569259643555,580932,0.0,0.0
1992-02-13 00:00:00-05:00,6.098860205481207,6.1341136135749705,6.081233501434326,6.081233501434326,370662,0.0,0.0
1992-02-14 00:00:00-05:00,6.1164811273576,6.239868377452332,6.0812277525903555,6.18698787689209,319806,0.0,0.0
1992-02-18 00:00:00-05:00,6.1517386471445175,6.328006078158486,6.134111947884088,6.275125980377197,398698,0.0,0.0
1992-02-19 00:00:00-05:00,6.2927548596133605,6.363262119490319,6.2927548596133605,6.345635414123535,814348,0.0,0.0
1992-02-20 00:00:00-05:00,6.345631191342372,6.416137965889876,6.345631191342372,6.363257884979248,724372,0.0,0.0
1992-02-21 00:00:00-05:00,6.363255714909296,6.363255714909296,6.310375213623047,6.310375213623047,789572,0.0,0.0
1992-02-24 00:00:00-05:00,6.310377665723932,6.3985115765086995,6.310377665723932,6.328004360198975,1408972,0.0,0.0
1992-02-25 00:00:00-05:00,6.292752254087781,6.292752254087781,6.134111533062383,6.169364929199219,337736,0.0,0.0
1992-02-26 00:00:00-05:00,6.169361922350897,6.186988611828348,6.063601347076765,6.134108543395996,296334,0.0,0.0
1992-02-27 00:00:00-05:00,6.151737213134766,6.169363908286298,6.116483822831699,6.151737213134766,359578,0.0,0.0
1992-02-28 00:00:00-05:00,6.169361189508467,6.292748439603199,6.169361189508467,6.18698787689209,765448,0.0,0.0
1992-03-02 00:00:00-05:00,6.151737451231479,6.239871368809846,6.151737451231479,6.204617977142334,587452,0.0,0.0
1992-03-03 00:00:00-05:00,6.239871435554771,6.275124827599372,6.186990909078278,6.222244739532471,487370,0.0,0.0
1992-03-04 00:00:00-05:00,6.257501448879792,6.433769379367278,6.257501448879792,6.345635414123535,517036,0.0,0.0
1992-03-05 00:00:00-05:00,6.292750971248888,6.380884882033656,6.257497582298803,6.328004360198975,455096,0.0,0.0
1992-03-06 00:00:00-05:00,6.328002235937645,6.416136117136552,6.328002235937645,6.380882740020752,394786,0.0,0.0
1992-03-09 00:00:00-05:00,6.416137965889876,6.416137965889876,6.363257884979248,6.363257884979248,155828,0.0,0.0
1992-03-10 00:00:00-05:00,6.363257884979248,6.398511272253,6.345631191342372,6.363257884979248,235372,0.0,0.0
1992-03-11 00:00:00-05:00,6.363257884979248,6.416137965889876,6.345631191342372,6.363257884979248,336758,0.0,0.0
1992-03-12 00:00:00-05:00,6.345635414123535,6.398515530223887,6.310381564980144,6.345635414123535,912474,0.0,0.0
1992-03-13 00:00:00-05:00,6.345634637987059,6.451394857252198,6.310380793155576,6.398514747619629,349798,0.0,0.0
1992-03-16 00:00:00-05:00,6.380882412656701,6.416135787963866,6.345629037349536,6.416135787963867,318502,0.0,0.0
1992-03-17 00:00:00-05:00,6.451392623750063,6.451392623750063,6.398512532424828,6.4337663650512695,341648,0.0,0.0
1992-03-18 00:00:00-05:00,6.416141450830485,6.433768592451111,6.398514747619628,6.398514747619629,270906,0.0,0.0
1992-03-19 00:00:00-05:00,6.416137965889876,6.416137965889876,6.345631191342372,6.363257884979248,283946,0.0,0.0
1992-03-20 00:00:00-05:00,6.363262119490319,6.363262119490319,6.328008270346928,6.345635414123535,318176,0.0,0.0
1992-03-23 00:00:00-05:00,6.345629362904951,6.380882740020751,6.345629362904951,6.380882740020752,245152,0.0,0.0
1992-03-24 00:00:00-05:00,6.380882412656701,6.486642538578198,6.380882412656701,6.416135787963867,432928,0.0,0.0
1992-03-25 00:00:00-05:00,6.380882740020751,6.3985094285786515,6.363256051462852,6.380882740020752,544094,0.0,0.0
1992-03-26 00:00:00-05:00,6.380888824857103,6.380888824857103,6.328008270346928,6.345635414123535,131052,0.0,0.0
1992-03-27 00:00:00-05:00,6.363256051462852,6.380882740020751,6.345629362904951,6.380882740020752,115730,0.0,0.0
1992-03-30 00:00:00-05:00,6.380888824857103,6.41614223559067,6.345635414123535,6.345635414123535,215486,0.0,0.0
1992-03-31 00:00:00-05:00,6.345631191342372,6.398511272253,6.3280040592959645,6.363257884979248,325022,0.0,0.0
1992-04-01 00:00:00-05:00,6.275128154246576,6.363262119490319,6.275128154246576,6.345635414123535,300246,0.0,0.0
1992-04-02 00:00:00-05:00,6.345633215828587,6.380886614349446,6.275125980377197,6.275125980377197,207010,0.0,0.0
1992-04-03 00:00:00-05:00,6.275128154246576,6.345635414123535,6.275128154246576,6.345635414123535,116708,0.0,0.0
1992-04-06 00:00:00-04:00,6.345631191342372,6.398511272253,6.345631191342372,6.363257884979248,283620,0.0,0.0
1992-04-07 00:00:00-04:00,6.380882740020751,6.433763244103858,6.363256051462852,6.380882740020752,134312,0.0,0.0
1992-04-08 00:00:00-04:00,6.328004915666273,6.328004915666273,6.169364213055977,6.222244739532471,258192,0.0,0.0
1992-04-09 00:00:00-04:00,6.22224467297609,6.292751456311114,6.204617977142333,6.204617977142334,479872,0.0,0.0
1992-04-10 00:00:00-04:00,6.275123978385337,6.363257884979248,6.275123978385337,6.363257884979248,252976,0.0,0.0
1992-04-13 00:00:00-04:00,6.345629037349536,6.416135787963866,6.345629037349536,6.416135787963867,65526,0.0,0.0
1992-04-14 00:00:00-04:00,6.398509100310284,6.4690162893339975,6.398509100310284,6.416135787963867,188428,0.0,0.0
1992-04-15 00:00:00-04:00,6.433763244103858,6.451389494252353,6.363256051462852,6.380882740020752,370336,0.0,0.0
1992-04-16 00:00:00-04:00,6.398510500690269,6.627658367156983,6.398510500690269,6.627658367156982,589734,0.0,0.0
1992-04-20 00:00:00-04:00,6.574779987335206,6.592407122974999,6.486646062774724,6.574779987335205,312634,0.0,0.0
1992-04-21 00:00:00-04:00,6.5219003597895115,6.539527058274125,6.41613973047218,6.451393127441406,304810,0.0,0.0
1992-04-22 00:00:00-04:00,6.504267772430397,6.557148258416626,6.504267772430397,6.521894454956055,140506,0.0,0.0
1992-04-23 00:00:00-04:00,6.504270223197422,6.574776979866543,6.469016844862862,6.539523601531982,374248,0.0,0.0
1992-04-24 00:00:00-04:00,6.539523601531982,6.574776979866543,6.504270223197422,6.539523601531982,261778,0.0,0.0
1992-04-27 00:00:00-04:00,6.53952728966559,6.53952728966559,6.486646753930999,6.504273891448975,91932,0.0,0.0
1992-04-28 00:00:00-04:00,6.486640651495485,6.574774502533027,6.486640651495485,6.521894454956055,238958,0.0,0.0
1992-04-29 00:00:00-04:00,6.521896912364703,6.557150729108684,6.504270223197422,6.539523601531982,219072,0.0,0.0
1992-04-30 00:00:00-04:00,6.539524663993055,6.645284816179338,6.504271279930961,6.557151794433594,393482,0.0,0.0
1992-05-01 00:00:00-04:00,6.521896912364703,6.557150729108684,6.486643095620721,6.539523601531982,149308,0.0,0.0
1992-05-04 00:00:00-04:00,6.504271279930961,6.557151794433594,6.486644149490422,6.557151794433594,224940,0.0,0.0
1992-05-05 00:00:00-04:00,6.504273891448975,6.557154427183566,6.486646753930999,6.504273891448975,280034,0.0,0.0
1992-05-06 00:00:00-04:00,6.504273153484918,6.504273153484918,6.41613922953324,6.4337663650512695,224940,0.0,0.0
1992-05-07 00:00:00-04:00,6.41613922953324,6.486646017966887,6.3632591382080035,6.4337663650512695,604404,0.0,0.0
1992-05-08 00:00:00-04:00,6.41613922953324,6.451392623750063,6.398512532424828,6.4337663650512695,234068,0.0,0.0
1992-05-11 00:00:00-04:00,6.451393127441406,6.469020264335672,6.433766867366446,6.451393127441406,552570,0.0,0.0
1992-05-12 00:00:00-04:00,6.402170283723648,6.420004011375735,6.259503567341772,6.366503715515137,268298,0.162577,0.0
1992-05-13 00:00:00-04:00,6.402170232355945,6.420003959864943,6.366503664433604,6.384336948394775,87042,0.0,0.0
1992-05-14 00:00:00-04:00,6.366507592296314,6.384340887259864,6.348674297332763,6.348674297332764,287206,0.0,0.0
1992-05-15 00:00:00-04:00,6.313007354736327,6.348673942670953,6.259507029286313,6.313007354736328,263408,0.0,0.0
1992-05-18 00:00:00-04:00,6.330835819244385,6.36650237997088,6.313002538881137,6.330835819244385,281012,0.0,0.0
1992-05-19 00:00:00-04:00,6.330838791982314,6.366505369456573,6.277338925770927,6.295172214508057,144092,0.0,0.0
1992-05-20 00:00:00-04:00,6.33084064870364,6.33084064870364,6.277340766801703,6.313007354736328,424126,0.0,0.0
1992-05-21 00:00:00-04:00,6.330838791982314,6.330838791982314,6.277338925770927,6.295172214508057,248412,0.0,0.0
1992-05-22 00:00:00-04:00,6.277340766801703,6.366507236638265,6.277340766801703,6.313007354736328,246456,0.0,0.0
1992-05-26 00:00:00-04:00,6.295172748716038,6.313006038966499,6.2595057246671315,6.277339458465576,165934,0.0,0.0
1992-05-27 00:00:00-04:00,6.277335978154642,6.330835819244385,6.277335978154642,6.330835819244385,60962,0.0,0.0
1992-05-28 00:00:00-04:00,6.330841730738205,6.420008659362793,6.313008433722918,6.420008659362793,90302,0.0,0.0
1992-05-29 00:00:00-04:00,6.3843369483947745,6.402170232355945,6.348670380472433,6.384336948394775,117686,0.0,0.0
1992-06-01 00:00:00-04:00,6.348670380472433,6.3843369483947745,6.295170528588923,6.384336948394775,238958,0.0,0.0
1992-06-02 00:00:00-04:00,6.384341621784066,6.420008659362793,6.348675027753492,6.420008659362793,188754,0.0,0.0
1992-06-03 00:00:00-04:00,6.420008659362793,6.455675253393367,6.4021749187993535,6.420008659362793,293400,0.0,0.0
1992-06-04 00:00:00-04:00,6.455670957100776,6.455670957100776,6.384337372964457,6.402170658111572,231786,0.0,0.0
1992-06-05 00:00:00-04:00,6.384341621784066,6.420008659362793,6.348675027753492,6.420008659362793,174736,0.0,0.0
1992-06-08 00:00:00-04:00,6.402172484042144,6.43783950805664,6.402172484042144,6.437839508056641,98452,0.0,0.0
1992-06-09 00:00:00-04:00,6.455675061516467,6.473508358001709,6.437841765031225,6.473508358001709,63570,0.0,0.0
1992-06-10 00:00:00-04:00,6.437836122221928,6.4913359647846605,6.437836122221928,6.455669403076172,158110,0.0,0.0
1992-06-11 00:00:00-04:00,6.473506088523152,6.473506088523152,6.402172484042144,6.437839508056641,164304,0.0,0.0
1992-06-12 00:00:00-04:00,6.4913375273950065,6.50917125608998,6.402170658111572,6.402170658111572,125184,0.0,0.0
1992-06-15 00:00:00-04:00,6.4200043868065455,6.4200043868065455,6.366504087817342,6.402170658111572,255910,0.0,0.0
1992-06-16 00:00:00-04:00,6.420002664608361,6.420002664608361,6.330835819244385,6.330835819244385,173758,0.0,0.0
1992-06-17 00:00:00-04:00,6.295170579098115,6.366503715515137,6.277337294993859,6.366503715515137,206684,0.0,0.0
1992-06-18 00:00:00-04:00,6.33084064870364,6.384340530605578,6.313007354736327,6.313007354736328,94214,0.0,0.0
1992-06-19 00:00:00-04:00,6.295172748716038,6.384339199968344,6.277339458465577,6.277339458465576,431298,0.0,0.0
1992-06-22 00:00:00-04:00,6.241674008248084,6.259507302995191,6.206007418753869,6.223840713500977,138550,0.0,0.0
1992-06-23 00:00:00-04:00,6.24167243441667,6.277339458465577,6.223839144166209,6.277339458465576,97148,0.0,0.0
1992-06-24 00:00:00-04:00,6.259504287600534,6.259504287600534,6.09900426864624,6.09900426864624,192992,0.0,0.0
1992-06-25 00:00:00-04:00,6.099005358420641,6.134671937106105,6.0098384681590185,6.045505046844482,461290,0.0,0.0
1992-06-26 00:00:00-04:00,6.045504456753933,6.34867167663267,6.045504456753933,6.259504795074463,361534,0.0,0.0
1992-06-29 00:00:00-04:00,6.2595073789669105,6.348674297332763,6.2595073789669105,6.348674297332764,136594,0.0,0.0
1992-06-30 00:00:00-04:00,6.348672080719444,6.348672080719444,6.295172214508056,6.295172214508057,121272,0.0,0.0
1992-07-01 00:00:00-04:00,6.330841002369213,6.348674297332763,6.277341117478562,6.348674297332764,169846,0.0,0.0
1992-07-02 00:00:00-04:00,6.3308393292169605,6.348672619467421,6.277339458465577,6.277339458465576,164956,0.0,0.0
1992-07-06 00:00:00-04:00,6.277338526224439,6.277338526224439,6.241671507472405,6.259504795074463,181582,0.0,0.0
1992-07-07 00:00:00-04:00,6.241669323456214,6.2595026048182465,6.188169479370116,6.188169479370117,126814,0.0,0.0
1992-07-08 00:00:00-04:00,6.134673796217344,6.259507302995191,6.116840501470237,6.223840713500977,245804,0.0,0.0
1992-07-09 00:00:00-04:00,6.188176899169561,6.259510110148232,6.188176899169561,6.2416768074035645,58680,0.0,0.0
1992-07-10 00:00:00-04:00,6.2595026048182465,6.2595026048182465,6.188169479370116,6.188169479370117,240262,0.0,0.0
1992-07-13 00:00:00-04:00,6.188169479370116,6.223836042094182,6.188169479370116,6.188169479370117,87368,0.0,0.0
1992-07-14 00:00:00-04:00,6.2238407890398095,6.384340887259864,6.1881741991127095,6.348674297332764,547028,0.0,0.0
1992-07-15 00:00:00-04:00,6.313002538881137,6.330835819244385,6.259502254243655,6.330835819244385,310678,0.0,0.0
1992-07-16 00:00:00-04:00,6.330837517523111,6.402170658111572,6.277337662081765,6.402170658111572,266342,0.0,0.0
1992-07-17 00:00:00-04:00,6.366504087817342,6.402170658111572,6.366504087817342,6.402170658111572,265690,0.0,0.0
1992-07-20 00:00:00-04:00,6.366503664433604,6.402170232355945,6.348670380472433,6.384336948394775,277426,0.0,0.0
1992-07-21 00:00:00-04:00,6.384339193808888,6.491339378756408,6.384339193808888,6.437839508056641,255910,0.0,0.0
1992-07-22 00:00:00-04:00,6.437836122221928,6.544836250895143,6.437836122221928,6.455669403076172,290466,0.0,0.0
1992-07-23 00:00:00-04:00,6.509171224989528,6.598337650299072,6.455670926255946,6.598337650299072,740346,0.0,0.0
1992-07-24 00:00:00-04:00,6.527000418321053,6.544834136962891,6.527000418321053,6.544834136962891,569522,0.0,0.0
1992-07-27 00:00:00-04:00,6.544834136962891,6.562666968509514,6.544834136962891,6.544834136962891,150938,0.0,0.0
1992-07-28 00:00:00-04:00,6.5448405475617015,6.634007453918457,6.527006811451917,6.634007453918457,185168,0.0,0.0
1992-07-29 00:00:00-04:00,6.6161731510555555,6.687506315192002,6.6161731510555555,6.651839733123779,476938,0.0,0.0
1992-07-30 00:00:00-04:00,6.705342134974066,6.758842468261719,6.687508394846087,6.758842468261719,242544,0.0,0.0
1992-07-31 00:00:00-04:00,6.741004362707517,6.79450466134876,6.723170634128532,6.776670932769775,231786,0.0,0.0
1992-08-03 00:00:00-04:00,6.848005054549661,6.937171936035155,6.830172210510065,6.937171936035156,318828,0.0,0.0
1992-08-04 00:00:00-04:00,6.9728385112101865,7.008505529933134,6.919339091995559,6.937171936035156,413694,0.0,0.0
1992-08-05 00:00:00-04:00,6.9193413567768225,6.972840793502441,6.794507859256837,6.830174446105957,200490,0.0,0.0
1992-08-06 00:00:00-04:00,6.8301705477528545,6.848003387451172,6.812336820958917,6.848003387451172,131378,0.0,0.0
1992-08-07 00:00:00-04:00,6.883673627659595,6.919340654436436,6.705340267967467,6.741006851196289,169520,0.0,0.0
1992-08-10 00:00:00-04:00,6.776670438371507,6.90150386802993,6.758837598189243,6.794504165649414,203750,0.0,0.0
1992-08-11 00:00:00-04:00,6.830171126834986,6.848003968045225,6.705337689980537,6.812337398529053,262104,0.0,0.0
1992-08-12 00:00:00-04:00,6.812341914453089,6.812341914453089,6.723174988005761,6.758842468261719,129096,0.0,0.0
1992-08-13 00:00:00-04:00,6.794502858234794,6.81233569498562,6.723168849945068,6.723168849945068,146700,0.0,0.0
1992-08-14 00:00:00-04:00,6.7588380912865,6.830171231411018,6.741004362707517,6.776670932769775,206032,0.0,0.0
1992-08-17 00:00:00-04:00,6.794506681943142,6.91934015783269,6.794506681943142,6.901506423950195,244826,0.0,0.0
1992-08-18 00:00:00-04:00,6.887802052965334,6.9599258436406615,6.887802052965334,6.941895008087158,424778,0.162577,0.0
1992-08-19 00:00:00-04:00,6.941892518311089,6.941892518311089,6.90583086013794,6.9058308601379395,241892,0.0,0.0
1992-08-20 00:00:00-04:00,6.905832549077488,6.941894216070135,6.887801267119903,6.923862934112549,116382,0.0,0.0
1992-08-21 00:00:00-04:00,6.959925049566458,7.014017550055428,6.887801267119903,6.923862934112549,518340,0.0,0.0
1992-08-24 00:00:00-04:00,6.923862934112549,6.959925049566458,6.887801267119903,6.923862934112549,442056,0.0,0.0
1992-08-25 00:00:00-04:00,6.887803208100461,6.887803208100461,6.743556499481201,6.743556499481201,108884,0.0,0.0
1992-08-26 00:00:00-04:00,6.743551520930832,6.761581897735596,6.725520247203955,6.761581897735596,228200,0.0,0.0
1992-08-27 00:00:00-04:00,6.743556499481201,6.815679853790831,6.725525212442405,6.743556499481201,467158,0.0,0.0
1992-08-28 00:00:00-04:00,6.76158688959722,6.815679853790831,6.725525212442405,6.743556499481201,456074,0.0,0.0
1992-08-31 00:00:00-04:00,6.761581897735596,6.797643548267237,6.725520247203955,6.761581897735596,371640,0.0,0.0
1992-09-01 00:00:00-04:00,6.797648187031119,6.88780282334345,6.761586511890732,6.869772434234619,180930,0.0,0.0
1992-09-02 00:00:00-04:00,6.851738452911377,6.905831392804597,6.797645513018157,6.851738452911377,243522,0.0,0.0
1992-09-03 00:00:00-04:00,6.851736472525756,6.851736472525756,6.761581897735596,6.761581897735596,214182,0.0,0.0
1992-09-04 00:00:00-04:00,6.779618176636016,6.815679853790831,6.743556499481201,6.743556499481201,300246,0.0,0.0
1992-09-08 00:00:00-04:00,6.779617797922288,6.905834109375006,6.779617797922288,6.869772434234619,520622,0.0,0.0
1992-09-09 00:00:00-04:00,6.851737924417065,6.90583086013794,6.851737924417065,6.9058308601379395,163000,0.0,0.0
1992-09-10 00:00:00-04:00,6.941892518311089,6.977954176484238,6.851737924417065,6.9058308601379395,253628,0.0,0.0
1992-09-11 00:00:00-04:00,6.977959156036376,6.99599044645144,6.92386618171413,6.977959156036377,262104,0.0,0.0
1992-09-14 00:00:00-04:00,7.014020839943559,7.014020839943559,6.9418974721291935,6.977959156036377,527468,0.0,0.0
1992-09-15 00:00:00-04:00,6.941894216070135,6.941894216070135,6.887801267119903,6.923862934112549,261778,0.0,0.0
1992-09-16 00:00:00-04:00,6.941892518311089,6.977954176484238,6.90583086013794,6.9058308601379395,191036,0.0,0.0
1992-09-17 00:00:00-04:00,6.905837392904696,6.923867790586469,6.815682713726374,6.833714008331299,257214,0.0,0.0
1992-09-18 00:00:00-04:00,6.815682713726374,6.88780609829977,6.7796210214396755,6.833714008331299,344256,0.0,0.0
1992-09-21 00:00:00-04:00,6.815677804138291,6.8697707520647375,6.7976465225219735,6.797646522521973,140180,0.0,0.0
1992-09-22 00:00:00-04:00,6.761589896435414,6.797651589626645,6.599311828613281,6.599311828613281,269928,0.0,0.0
1992-09-23 00:00:00-04:00,6.671430497097532,6.779615941353943,6.653399664465003,6.725522994995117,287206,0.0,0.0
1992-09-24 00:00:00-04:00,6.761585073699697,6.797646741169758,6.743554688425935,6.779616355895996,197556,0.0,0.0
1992-09-25 00:00:00-04:00,6.779616355895995,6.851739690836116,6.761585073699697,6.779616355895996,193970,0.0,0.0
1992-09-28 00:00:00-04:00,6.905831392804597,6.923861774820755,6.8156767919566885,6.851738452911377,251998,0.0,0.0
1992-09-29 00:00:00-04:00,6.779616137828162,6.85173947044842,6.779616137828162,6.797646522521973,136920,0.0,0.0
1992-09-30 00:00:00-04:00,6.833710759094233,6.869772434234619,6.797648187031119,6.869772434234619,159088,0.0,0.0
1992-10-01 00:00:00-04:00,6.88780282334345,6.88780282334345,6.833710759094233,6.869772434234619,109536,0.0,0.0
1992-10-02 00:00:00-04:00,6.8697707520647375,6.8697707520647375,6.779616137828162,6.797646522521973,123880,0.0,0.0
1992-10-05 00:00:00-04:00,6.779613171462473,6.779613171462473,6.61733529560903,6.761581897735596,324044,0.0,0.0
1992-10-06 00:00:00-04:00,6.797646325525231,6.797646325525231,6.707492610823829,6.725522994995117,98778,0.0,0.0
1992-10-07 00:00:00-04:00,6.725525212442405,6.779618176636016,6.725525212442405,6.743556499481201,160066,0.0,0.0
1992-10-08 00:00:00-04:00,6.76158688959722,6.797648566752035,6.725525212442405,6.743556499481201,181256,0.0,0.0
1992-10-09 00:00:00-04:00,6.725526559957808,6.725526559957808,6.671434033387696,6.707496166229248,144418,0.0,0.0
1992-10-12 00:00:00-04:00,6.743556199074167,6.815679550170898,6.743556199074167,6.815679550170898,75632,0.0,0.0
1992-10-13 00:00:00-04:00,6.815679853790831,6.869772817984442,6.743556499481201,6.743556499481201,228200,0.0,0.0
1992-10-14 00:00:00-04:00,6.797643548267237,6.833706095720992,6.761581897735596,6.761581897735596,137246,0.0,0.0
1992-10-15 00:00:00-04:00,6.779618176636016,6.851741530945646,6.743556499481201,6.743556499481201,182234,0.0,0.0
1992-10-16 00:00:00-04:00,6.761586588386981,6.83371083640645,6.725524912838615,6.815679550170898,533988,0.0,0.0
1992-10-19 00:00:00-04:00,6.779616518064966,6.7976469037700165,6.671431064605713,6.671431064605713,782074,0.0,0.0
1992-10-20 00:00:00-04:00,6.563247680555837,6.563247680555837,6.292784185860487,6.473093032836914,1144586,0.0,0.0
1992-10-21 00:00:00-04:00,6.4370313531339125,6.491124321149835,6.4370313531339125,6.473093032836914,498128,0.0,0.0
1992-10-22 00:00:00-04:00,6.473094291828744,6.491125583648681,6.455063448470313,6.491125583648682,439448,0.0,0.0
1992-10-23 00:00:00-04:00,6.491124155545497,6.599309191894437,6.491124155545497,6.5812788009643555,152568,0.0,0.0
1992-10-26 00:00:00-05:00,6.5812788009643555,6.6173404797473365,6.545216673719967,6.5812788009643555,889980,0.0,0.0
1992-10-27 00:00:00-05:00,6.5812788009643555,6.599309191894437,6.491124155545497,6.5812788009643555,419888,0.0,0.0
1992-10-28 00:00:00-05:00,6.563246178579375,6.635369521480197,6.545215342854169,6.617339134216309,237002,0.0,0.0
1992-10-29 00:00:00-05:00,6.653400421142579,6.653400421142579,6.635369137998149,6.653400421142578,175062,0.0,0.0
1992-10-30 00:00:00-05:00,6.68946417757828,6.725525858195567,6.635371208190919,6.635371208190918,561372,0.0,0.0
1992-11-02 00:00:00-05:00,6.6534031911976586,6.7435578506093234,6.6534031911976586,6.707496166229248,485740,0.0,0.0
1992-11-03 00:00:00-05:00,6.707496166229249,6.725526559957808,6.689464875577733,6.707496166229248,402936,0.0,0.0
1992-11-04 00:00:00-05:00,6.689462184906005,6.707493468304881,6.617338845155697,6.689462184906006,700248,0.0,0.0
1992-11-05 00:00:00-05:00,6.671434033387696,6.725526559957808,6.671434033387696,6.707496166229248,102690,0.0,0.0
1992-11-06 00:00:00-05:00,6.671434033387696,6.7435578506093234,6.671434033387696,6.707496166229248,173758,0.0,0.0
1992-11-09 00:00:00-05:00,6.707494822326386,6.743556499481201,6.707494822326386,6.743556499481201,104646,0.0,0.0
1992-11-10 00:00:00-05:00,6.761584660260175,6.761584660260175,6.725522994995117,6.725522994995117,107580,0.0,0.0
1992-11-11 00:00:00-05:00,6.7074931813996495,6.743554849732308,6.671431064605713,6.671431064605713,103016,0.0,0.0
1992-11-12 00:00:00-05:00,6.707494822326386,6.76158688959722,6.671432696710183,6.743556499481201,155502,0.0,0.0
1992-11-13 00:00:00-05:00,6.743556199074167,6.815679550170898,6.707494523525801,6.815679550170898,512146,0.0,0.0
1992-11-16 00:00:00-05:00,6.797646741169758,6.833709305562354,6.779616355895995,6.779616355895996,70090,0.0,0.0
1992-11-17 00:00:00-05:00,6.783994967079436,6.838703963783065,6.692812096370273,6.711048126220703,235372,0.162577,0.0
1992-11-18 00:00:00-05:00,6.7475201376592935,6.929885387420654,6.7475201376592935,6.929885387420654,311004,0.0,0.0
1992-11-19 00:00:00-05:00,6.929884595235739,7.002830505371094,6.911648571277923,7.002830505371094,388918,0.0,0.0
1992-11-20 00:00:00-05:00,7.021068249206419,7.1122511010065255,6.966358356695924,7.0940141677856445,384028,0.0,0.0
1992-11-23 00:00:00-05:00,7.094016361295029,7.294618606567384,7.094016361295029,7.294618606567383,775228,0.0,0.0
1992-11-24 00:00:00-05:00,7.23990535736084,7.276378308818059,7.166959000870424,7.23990535736084,590060,0.0,0.0
1992-11-25 00:00:00-05:00,7.276382121283754,7.404037971845375,7.276382121283754,7.294618606567383,280686,0.0,0.0
1992-11-27 00:00:00-05:00,7.294619739077692,7.331092715307484,7.258146762847901,7.2581467628479,174084,0.0,0.0
1992-11-30 00:00:00-05:00,7.294618454355004,7.294618454355004,7.2216720611664,7.276381969451904,327304,0.0,0.0
1992-12-01 00:00:00-05:00,7.27638330233751,7.4952216148376465,7.27638330233751,7.4952216148376465,537574,0.0,0.0
1992-12-02 00:00:00-05:00,7.458748924240192,7.58640480041504,7.385802968469597,7.586404800415039,502366,0.0,0.0
1992-12-03 00:00:00-05:00,7.586398752949223,7.586398752949223,7.476979452940158,7.549925804138184,599514,0.0,0.0
1992-12-04 00:00:00-05:00,7.5499297719613265,7.622875707919733,7.495219866416339,7.568166255950928,411412,0.0,0.0
1992-12-07 00:00:00-05:00,7.568162278543703,7.622871701760263,7.531689329732663,7.549925804138184,293726,0.0,0.0
1992-12-08 00:00:00-05:00,7.531692328454275,7.622874736785889,7.458745948212859,7.622874736785889,505300,0.0,0.0
1992-12-09 00:00:00-05:00,8.024082122296639,8.315866844275373,7.951135261437517,8.133501052856445,2493248,0.0,0.0
1992-12-10 00:00:00-05:00,8.115258839601465,8.115258839601465,7.8417107990211,8.024076461791992,1489820,0.0,0.0
1992-12-11 00:00:00-05:00,8.02408044833986,8.115262871450858,7.987607479095459,7.987607479095459,433906,0.0,0.0
1992-12-14 00:00:00-05:00,7.914659836477892,7.969370191987761,7.823477422548617,7.841713905334473,662432,0.0,0.0
1992-12-15 00:00:00-05:00,7.878187540621369,7.878187540621369,7.732295665932438,7.750532150268555,494542,0.0,0.0
1992-12-16 00:00:00-05:00,7.732294702844753,7.823477113168208,7.732294702844753,7.805240631103516,566588,0.0,0.0
1992-12-17 00:00:00-05:00,7.768768262902495,7.932896614074706,7.768768262902495,7.932896614074707,556808,0.0,0.0
1992-12-18 00:00:00-05:00,7.987606971617782,8.005843455081362,7.878187163683969,7.932896614074707,559416,0.0,0.0
1992-12-21 00:00:00-05:00,7.987606020483397,8.151734352111816,7.987606020483397,8.151734352111816,599840,0.0,0.0
1992-12-22 00:00:00-05:00,8.115260168458834,8.224679946899414,8.078787211362672,8.224679946899414,294052,0.0,0.0
1992-12-23 00:00:00-05:00,8.242918645749015,8.51646774206194,8.242918645749015,8.370574951171875,596906,0.0,0.0
1992-12-24 00:00:00-05:00,8.297630310058594,8.352339775036585,8.261157333406599,8.297630310058594,126814,0.0,0.0
1992-12-28 00:00:00-05:00,8.31586679838459,8.31586679838459,8.224684356754606,8.297630310058594,215486,0.0,0.0
1992-12-29 00:00:00-05:00,8.315860738894798,8.37057016400786,8.242913931592131,8.261151313781738,179300,0.0,0.0
1992-12-30 00:00:00-05:00,8.297630355848739,8.297630355848739,8.133501052856445,8.133501052856445,359904,0.0,0.0
1992-12-31 00:00:00-05:00,8.133496287057289,8.297625493878538,8.115259809316267,8.242915153503418,223962,0.0,0.0
1993-01-04 00:00:00-05:00,8.261154147016327,8.261154147016327,8.13349787081977,8.151734352111816,343930,0.0,0.0
1993-01-05 00:00:00-05:00,8.15173754128308,8.169974029709714,8.060555099149909,8.133501052856445,288184,0.0,0.0
1993-01-06 00:00:00-05:00,8.060555425085994,8.133501381742168,8.060555425085994,8.115264892578125,262104,0.0,0.0
1993-01-07 00:00:00-05:00,8.133499356073058,8.133499356073058,7.987607479095459,7.987607479095459,172780,0.0,0.0
1993-01-08 00:00:00-05:00,8.005843455081362,8.04231642200852,7.914660130611128,7.932896614074707,261126,0.0,0.0
1993-01-11 00:00:00-05:00,7.932894747234777,8.042314529418945,7.932894747234777,8.042314529418945,189732,0.0,0.0
1993-01-12 00:00:00-05:00,8.042315162763424,8.07878812397974,8.024078682155267,8.060551643371582,454444,0.0,0.0
1993-01-13 00:00:00-05:00,8.078787478883042,8.352335573314601,8.078787478883042,8.206442832946777,603752,0.0,0.0
1993-01-14 00:00:00-05:00,8.224679582914451,8.279388108985462,8.206442198021374,8.242915153503418,288510,0.0,0.0
1993-01-15 00:00:00-05:00,8.279393295054518,8.315867180535228,8.115264892578125,8.115264892578125,666670,0.0,0.0
1993-01-18 00:00:00-05:00,8.09702205657959,8.133495006318428,8.07878558171017,8.09702205657959,351754,0.0,0.0
1993-01-19 00:00:00-05:00,8.060552905472099,8.060552905472099,7.932896614074706,7.932896614074707,239284,0.0,0.0
1993-01-20 00:00:00-05:00,8.00583968223249,8.115258531449008,7.9876032073630725,8.09702205657959,358274,0.0,0.0
1993-01-21 00:00:00-05:00,8.097023069017187,8.352334656264684,8.097023069017187,8.315861701965332,254280,0.0,0.0
1993-01-22 00:00:00-05:00,8.315862615010676,8.370572052466564,8.188206353794815,8.206442832946777,359252,0.0,0.0
1993-01-25 00:00:00-05:00,8.20644156869001,8.279387474060059,8.20644156869001,8.279387474060059,404892,0.0,0.0
1993-01-26 00:00:00-05:00,8.31586584448268,8.334102330716794,8.169973047457292,8.188209533691406,499758,0.0,0.0
1993-01-27 00:00:00-05:00,8.151732128723465,8.188205081359545,8.060549747133264,8.169968605041504,325022,0.0,0.0
1993-01-28 00:00:00-05:00,8.169968605041504,8.206441557677586,8.097022699769344,8.169968605041504,219072,0.0,0.0
1993-01-29 00:00:00-05:00,8.169974360070256,8.261157713043097,8.115264892578125,8.115264892578125,124858,0.0,0.0
1993-02-01 00:00:00-05:00,7.987608232956166,8.115263637359527,7.987608232956166,8.078790664672852,280360,0.0,0.0
1993-02-02 00:00:00-05:00,8.206442558964078,8.334098815917969,8.151733123334735,8.334098815917969,459986,0.0,0.0
1993-02-03 00:00:00-05:00,8.461760079037301,8.698835372924805,8.461760079037301,8.698835372924805,925514,0.0,0.0
1993-02-04 00:00:00-05:00,8.735304810382726,8.972380008056158,8.698831842610252,8.954143524169922,1135458,0.0,0.0
1993-02-05 00:00:00-05:00,8.935907116936432,8.954143600979101,8.534702653692957,8.571176528930664,917038,0.0,0.0
1993-02-08 00:00:00-05:00,8.649205682290056,8.649205682290056,8.52038724618988,8.538789749145508,646784,0.162577,0.0
1993-02-09 00:00:00-05:00,8.520383834838867,8.55718974142473,8.465176348075698,8.520383834838867,308070,0.0,0.0
1993-02-10 00:00:00-05:00,8.520386593527354,8.63080251821403,8.520386593527354,8.612399101257324,440100,0.0,0.0
1993-02-11 00:00:00-05:00,8.796422561605842,8.998850937169403,8.796422561605842,8.814825057983398,1763008,0.0,0.0
1993-02-12 00:00:00-05:00,8.833227554360953,8.870032547116063,8.814825057983398,8.814825057983398,602122,0.0,0.0
1993-02-16 00:00:00-05:00,8.81482467965286,8.81482467965286,8.465176348075698,8.520383834838867,304484,0.0,0.0
1993-02-17 00:00:00-05:00,8.538788804562211,8.557192220892786,8.29955629260358,8.317957878112793,982564,0.0,0.0
1993-02-18 00:00:00-05:00,8.35476178395428,8.35476178395428,8.060321807861328,8.060321807861328,841080,0.0,0.0
1993-02-19 00:00:00-05:00,8.060319446825567,8.207539391748249,8.023513545184604,8.170734405517578,648088,0.0,0.0
1993-02-22 00:00:00-05:00,8.281149447660981,8.391565322875977,8.244344461059418,8.391565322875977,572456,0.0,0.0
1993-02-23 00:00:00-05:00,8.391565322875977,8.409967816176758,8.373162829575195,8.391565322875977,237002,0.0,0.0
1993-02-24 00:00:00-05:00,8.354759420864111,8.42837030947754,8.33635784297363,8.391565322875977,742628,0.0,0.0
1993-02-25 00:00:00-05:00,8.446775839652288,8.667606754067434,8.446775839652288,8.64920425415039,640264,0.0,0.0
1993-02-26 00:00:00-05:00,8.686010764225092,8.75962077669187,8.59399824864162,8.667608261108398,748822,0.0,0.0
1993-03-01 00:00:00-05:00,8.649200059370903,8.649200059370903,8.520381707016643,8.575589179992676,103994,0.0,0.0
1993-03-02 00:00:00-05:00,8.612394161976695,8.612394161976695,8.501979216024633,8.575589179992676,427386,0.0,0.0
1993-03-03 00:00:00-05:00,8.575589179992676,8.593992586394872,8.520381707016643,8.575589179992676,163000,0.0,0.0
1993-03-04 00:00:00-05:00,8.612398338905674,8.75961925365265,8.612398338905674,8.64920425415039,548332,0.0,0.0
1993-03-05 00:00:00-05:00,8.667608185245683,8.667608185245683,8.538789749145508,8.538789749145508,298942,0.0,0.0
1993-03-08 00:00:00-05:00,8.57558763303858,8.7412109375,8.538782657693826,8.7412109375,437818,0.0,0.0
1993-03-09 00:00:00-05:00,8.741215072473178,8.833227554360953,8.722812576095624,8.814825057983398,360230,0.0,0.0
1993-03-10 00:00:00-05:00,8.741218454798954,8.833230972290039,8.667608440806086,8.833230972290039,281012,0.0,0.0
1993-03-11 00:00:00-05:00,8.796423706496377,8.87003370158724,8.722813711405516,8.851632118225098,428690,0.0,0.0
1993-03-12 00:00:00-05:00,8.870032114810213,8.925240516662596,8.851630534739966,8.925240516662598,372944,0.0,0.0
1993-03-15 00:00:00-05:00,8.906841025514804,8.980451032266549,8.888438523826869,8.962048530578613,356318,0.0,0.0
1993-03-16 00:00:00-05:00,8.943640661103132,9.072458095605134,8.943640661103132,9.035653114318848,643198,0.0,0.0
1993-03-17 00:00:00-05:00,9.035659645033885,9.072464652921772,8.980452133202053,8.998854637145996,237328,0.0,0.0
1993-03-18 00:00:00-05:00,8.962041644714938,9.054054082458105,8.962041644714938,9.01724910736084,269276,0.0,0.0
1993-03-19 00:00:00-05:00,9.109271049499512,9.14607606299825,9.090868542750144,9.109271049499512,704160,0.0,0.0
1993-03-22 00:00:00-05:00,9.090864531054223,9.201280438236111,9.072462032425669,9.164475440979004,374574,0.0,0.0
1993-03-23 00:00:00-05:00,9.256488001741605,9.293292999267576,9.219683004215632,9.293292999267578,460638,0.0,0.0
1993-03-24 00:00:00-05:00,9.219678936160447,9.238081426803591,9.035653114318848,9.035653114318848,610272,0.0,0.0
1993-03-25 00:00:00-05:00,9.017252433029867,9.238083280468501,8.998849938694176,9.219680786132812,261126,0.0,0.0
1993-03-26 00:00:00-05:00,9.219682936864665,9.274890432750325,9.164475440979004,9.164475440979004,273840,0.0,0.0
1993-03-29 00:00:00-05:00,9.219681272967534,9.348498740119425,9.219681272967534,9.330096244812012,133334,0.0,0.0
1993-03-30 00:00:00-05:00,9.366901992457912,9.40370698604731,9.311694502073815,9.385305404663086,246782,0.0,0.0
1993-03-31 00:00:00-05:00,9.385303663446399,9.55092610387144,9.385303663446399,9.42210865020752,451184,0.0,0.0
1993-04-01 00:00:00-05:00,9.42211019912931,9.440511780124641,9.330096801689916,9.348499298095703,128770,0.0,0.0
1993-04-02 00:00:00-05:00,9.36690090699892,9.36690090699892,9.201278455039358,9.256485939025879,340670,0.0,0.0
1993-04-05 00:00:00-04:00,9.256489454542004,9.274891956193251,9.182879447937012,9.182879447937012,253302,0.0,0.0
1993-04-06 00:00:00-04:00,9.201279955332886,9.274889945983887,9.182877457670136,9.274889945983887,192666,0.0,0.0
1993-04-07 00:00:00-04:00,9.274888433688053,9.293290928350226,9.238083444363706,9.256485939025879,306766,0.0,0.0
1993-04-08 00:00:00-04:00,9.274888269139883,9.274888269139883,9.182875797461431,9.219680786132812,144418,0.0,0.0
1993-04-12 00:00:00-04:00,9.25648529437217,9.422108650207518,9.25648529437217,9.42210865020752,358926,0.0,0.0
1993-04-13 00:00:00-04:00,9.36690179450149,9.403706787313066,9.311694305284128,9.348499298095703,119642,0.0,0.0
1993-04-14 00:00:00-04:00,9.311691780931875,9.532522593345677,9.238081815264012,9.514120101928711,251020,0.0,0.0
1993-04-15 00:00:00-04:00,9.532524666750746,9.569329657590076,9.495719675911415,9.55092716217041,263408,0.0,0.0
1993-04-16 00:00:00-04:00,9.550928356504926,9.550928356504926,9.477318365621406,9.495720863342285,124858,0.0,0.0
1993-04-19 00:00:00-04:00,9.550925084762643,9.550925084762643,9.458912627677812,9.514120101928711,271884,0.0,0.0
1993-04-20 00:00:00-04:00,9.49572038543128,9.514122882225978,9.311694502073815,9.385305404663086,167564,0.0,0.0
1993-04-21 00:00:00-04:00,9.403707429623141,9.45891583802191,9.274889945983887,9.274889945983887,139528,0.0,0.0
1993-04-22 00:00:00-04:00,9.219682098671589,9.366902074315744,8.980448722839355,8.980448722839355,359904,0.0,0.0
1993-04-23 00:00:00-04:00,8.906840725861299,8.943645727998938,8.759619801900056,8.88843822479248,506930,0.0,0.0
1993-04-26 00:00:00-04:00,8.88844073809049,8.88844073809049,8.538791288094567,8.557194709777832,407174,0.0,0.0
1993-04-27 00:00:00-04:00,8.612397803358649,8.87003370158724,8.557191222451076,8.851632118225098,287206,0.0,0.0
1993-04-28 00:00:00-04:00,8.814825334829198,9.017253716750394,8.814825334829198,8.980448722839355,148004,0.0,0.0
1993-04-29 00:00:00-04:00,8.980446898825248,9.201277732849121,8.925239419171854,9.201277732849121,163652,0.0,0.0
1993-04-30 00:00:00-04:00,9.20127888230721,9.219681377823918,9.109265489313268,9.14607048034668,352732,0.0,0.0
1993-05-03 00:00:00-04:00,9.182877457670136,9.274889945983887,9.164474960007384,9.274889945983887,185168,0.0,0.0
1993-05-04 00:00:00-04:00,9.238085502978619,9.385306408493083,9.238085502978619,9.293292999267578,434884,0.0,0.0
1993-05-05 00:00:00-04:00,9.330096244812012,9.385304646144652,9.311693749504599,9.330096244812012,321762,0.0,0.0
1993-05-06 00:00:00-04:00,9.366900772227307,9.477316654022045,9.34849827782991,9.440510749816895,314590,0.0,0.0
1993-05-07 00:00:00-04:00,9.440510228177773,9.4773161303492,9.422108650207518,9.42210865020752,281338,0.0,0.0
1993-05-10 00:00:00-04:00,9.45891721706153,9.495722217752926,9.45891721706153,9.477319717407227,257540,0.0,0.0
1993-05-11 00:00:00-04:00,9.514123361063167,9.514123361063167,9.440512454769124,9.495720863342285,307092,0.0,0.0
1993-05-12 00:00:00-04:00,9.4773161303492,9.49571862372976,9.403705241416652,9.42210865020752,153220,0.0,0.0
1993-05-13 00:00:00-04:00,9.36690355212789,9.385306967397392,9.238086053115776,9.31169605255127,281338,0.0,0.0
1993-05-14 00:00:00-04:00,9.293291254197186,9.385304646144652,9.293291254197186,9.330096244812012,351102,0.0,0.0
1993-05-17 00:00:00-04:00,9.334549232258066,9.371664611366718,9.27887616359509,9.297433853149414,186472,0.162577,0.0
1993-05-18 00:00:00-04:00,9.278878211975098,9.278878211975098,9.20464743737081,9.278878211975098,362512,0.0,0.0
1993-05-19 00:00:00-04:00,9.278881224150501,9.278881224150501,9.13041870361642,9.260323524475098,312960,0.0,0.0
1993-05-20 00:00:00-04:00,9.278881224150501,9.315996623501306,9.223207201993432,9.260323524475098,148982,0.0,0.0
1993-05-21 00:00:00-04:00,9.27887616359509,9.297433853149414,9.204645405377786,9.297433853149414,311004,0.0,0.0
1993-05-24 00:00:00-04:00,9.278876700397493,9.278876700397493,9.148971942871592,9.2232027053833,226244,0.0,0.0
1993-05-25 00:00:00-04:00,9.204651115030417,9.204651115030417,8.944841453848994,9.056188583374023,628528,0.0,0.0
1993-05-26 00:00:00-04:00,9.056188736229986,9.074746437608898,8.944841604825571,9.037631034851074,321436,0.0,0.0
1993-05-27 00:00:00-04:00,9.019066661151259,9.056182036451064,8.852046549171874,8.907719612121582,289814,0.0,0.0
1993-05-28 00:00:00-04:00,8.907723093616465,9.111858660680008,8.907723093616465,9.074743270874023,334476,0.0,0.0
1993-06-01 00:00:00-04:00,9.074743636041125,9.186089809939645,9.037628244741619,9.148974418640137,270906,0.0,0.0
1993-06-02 00:00:00-04:00,9.111861003941018,9.297438923825903,9.111861003941018,9.260323524475098,231134,0.0,0.0
1993-06-03 00:00:00-04:00,9.315997123718262,9.353112525061956,9.241766321030873,9.315997123718262,121598,0.0,0.0
1993-06-04 00:00:00-04:00,9.297439423046415,9.353112525061956,9.278881722374567,9.315997123718262,168542,0.0,0.0
1993-06-07 00:00:00-04:00,9.353106080631145,9.40877914428711,9.315990704860504,9.40877914428711,198208,0.0,0.0
1993-06-08 00:00:00-04:00,9.371669722527512,9.390227422202916,9.241765824799696,9.260323524475098,130726,0.0,0.0
1993-06-09 00:00:00-04:00,9.223202033214044,9.241760645619864,9.093298208285695,9.186086654663086,323392,0.0,0.0
1993-06-10 00:00:00-04:00,9.223203833977195,9.260320142905181,9.18608844817973,9.204647064208984,107254,0.0,0.0
1993-06-11 00:00:00-04:00,9.241766321030873,9.334554824390109,9.204650919687177,9.315997123718262,189406,0.0,0.0
1993-06-14 00:00:00-04:00,9.334557003706012,9.334557003706012,9.167536735534668,9.167536735534668,174736,0.0,0.0
1993-06-15 00:00:00-04:00,9.16752963349952,9.260319009769566,9.16752963349952,9.2232027053833,154524,0.0,0.0
1993-06-16 00:00:00-04:00,9.223203545805477,9.241762161254883,9.204646776617059,9.241762161254883,111166,0.0,0.0
1993-06-17 00:00:00-04:00,9.241761319141638,9.241761319141638,9.204645937885784,9.2232027053833,178974,0.0,0.0
1993-06-18 00:00:00-04:00,9.204645267068907,9.223202033214044,9.167528965387609,9.186086654663086,385984,0.0,0.0
1993-06-21 00:00:00-04:00,9.093300965777015,9.148974050485995,9.074743270874023,9.074743270874023,390874,0.0,0.0
1993-06-22 00:00:00-04:00,9.111857201029453,9.390223503112793,9.093299509099262,9.390223503112793,705790,0.0,0.0
1993-06-23 00:00:00-04:00,9.371668316155038,9.650034692643496,9.353110619264521,9.557246208190918,346864,0.0,0.0
1993-06-24 00:00:00-04:00,9.538684806622634,9.798493385314941,9.520126193809276,9.798493385314941,315568,0.0,0.0
1993-06-25 00:00:00-04:00,9.74282093890668,9.798494939919125,9.57580170526087,9.594359397888184,299920,0.0,0.0
1993-06-28 00:00:00-04:00,9.594359601795409,9.87272592025167,9.594359601795409,9.817052841186523,558764,0.0,0.0
1993-06-29 00:00:00-04:00,9.835612892854211,9.872728287798163,9.724266708022357,9.761382102966309,281990,0.0,0.0
1993-06-30 00:00:00-04:00,9.724262626582957,9.854166454363929,9.724262626582957,9.798493385314941,213530,0.0,0.0
1993-07-01 00:00:00-04:00,9.817057236570786,9.817057236570786,9.724268729918075,9.742825508117676,280360,0.0,0.0
1993-07-02 00:00:00-04:00,9.724266467170667,9.724266467170667,9.650034755990593,9.66859245300293,86064,0.0,0.0
1993-07-06 00:00:00-04:00,9.668589449255924,9.74282021424395,9.668589449255924,9.68714714050293,172454,0.0,0.0
1993-07-07 00:00:00-04:00,9.631472869715667,9.76137761542996,9.612915180775099,9.724262237548828,168542,0.0,0.0
1993-07-08 00:00:00-04:00,9.724266708022357,9.779938877307535,9.687150389947655,9.761382102966309,183864,0.0,0.0
1993-07-09 00:00:00-04:00,9.724262626582957,9.835608764680932,9.705704013769598,9.798493385314941,135616,0.0,0.0
1993-07-12 00:00:00-04:00,9.761378116355157,9.817051186033837,9.74281950333189,9.779934883117676,95518,0.0,0.0
1993-07-13 00:00:00-04:00,9.650031053867426,9.779934883117678,9.631473363974532,9.779934883117676,379464,0.0,0.0
1993-07-14 00:00:00-04:00,9.798495148164807,9.854168227229954,9.761379762121377,9.817052841186523,315894,0.0,0.0
1993-07-15 00:00:00-04:00,9.835608764680932,9.835608764680932,9.761378005948949,9.798493385314941,161044,0.0,0.0
1993-07-16 00:00:00-04:00,9.909842344706552,10.00263081953805,9.891284649740252,9.928400039672852,367402,0.0,0.0
1993-07-19 00:00:00-04:00,10.00263317413465,10.151095691943404,9.98407547479991,10.113980293273926,432928,0.0,0.0
1993-07-20 00:00:00-04:00,10.05830368866575,10.095419074395775,9.909841222615134,10.076861381530762,272536,0.0,0.0
1993-07-21 00:00:00-04:00,10.076861932413319,10.095419626292845,9.984072539885123,10.002630233764648,135942,0.0,0.0
1993-07-22 00:00:00-04:00,9.965515504065031,10.169651073350199,9.928400113855117,10.039746284484863,896174,0.0,0.0
1993-07-23 00:00:00-04:00,10.03974539165804,10.03974539165804,9.854168457111676,9.909841537475586,538552,0.0,0.0
1993-07-26 00:00:00-04:00,9.909839348462103,9.9840701058836,9.909839348462103,9.946954727172852,143766,0.0,0.0
1993-07-27 00:00:00-04:00,9.798495376747768,9.909841537475584,9.798495376747768,9.909841537475586,437818,0.0,0.0
1993-07-28 00:00:00-04:00,9.946956924384857,9.946956924384857,9.835610763657039,9.909841537475586,312960,0.0,0.0
1993-07-29 00:00:00-04:00,9.928397037817478,9.9840701058836,9.89128165910673,9.946954727172852,167564,0.0,0.0
1993-07-30 00:00:00-04:00,9.946958394196253,10.09542088690144,9.909843001802628,9.965516090393066,554852,0.0,0.0
1993-08-02 00:00:00-04:00,10.03974539165804,10.058304008243226,9.872726150566312,9.909841537475586,160718,0.0,0.0
1993-08-03 00:00:00-04:00,9.872723579406738,9.909838956650031,9.817050513541801,9.872723579406738,272536,0.0,0.0
1993-08-04 00:00:00-04:00,9.872726255070525,9.872726255070525,9.20464743737081,9.278878211975098,2217452,0.0,0.0
1993-08-05 00:00:00-04:00,9.297438923825903,9.334554323176707,9.186091802642627,9.260323524475098,945726,0.0,0.0
1993-08-06 00:00:00-04:00,9.315997123718262,9.408785627077497,9.241766321030873,9.315997123718262,413368,0.0,0.0
1993-08-09 00:00:00-04:00,9.31599112128855,9.408779564862831,9.31599112128855,9.353106498718262,543116,0.0,0.0
1993-08-10 00:00:00-04:00,9.464453982268704,9.483010748692674,9.297433853149414,9.297433853149414,789246,0.0,0.0
1993-08-11 00:00:00-04:00,9.35310972702649,9.427340507507324,9.35310972702649,9.427340507507324,269276,0.0,0.0
1993-08-12 00:00:00-04:00,9.464457217153322,9.501572608947754,9.42734090222822,9.501572608947754,306114,0.0,0.0
1993-08-13 00:00:00-04:00,9.520127183901568,9.53868579864502,9.44589641744959,9.53868579864502,185168,0.0,0.0
1993-08-16 00:00:00-04:00,9.48301286273929,9.55724456063541,9.464456092178462,9.52012825012207,150938,0.0,0.0
1993-08-17 00:00:00-04:00,9.562042472291772,9.580755753065201,9.431056022644043,9.431056022644043,276774,0.162577,0.0
1993-08-18 00:00:00-04:00,9.524614830012048,9.524614830012048,9.374916076660154,9.374916076660156,233416,0.0,0.0
1993-08-19 00:00:00-04:00,9.356211982154695,9.41234906415947,9.356211982154695,9.393636703491211,571804,0.0,0.0
1993-08-20 00:00:00-04:00,9.393636703491211,9.41234906415947,9.356211982154695,9.393636703491211,295030,0.0,0.0
1993-08-23 00:00:00-04:00,9.300073969325634,9.393636703491211,9.300073969325634,9.393636703491211,296334,0.0,0.0
1993-08-24 00:00:00-04:00,9.393632501270476,9.393632501270476,9.281358387486506,9.300069808959961,235046,0.0,0.0
1993-08-25 00:00:00-04:00,9.187794208393585,9.22521890693212,8.944532737069373,8.98195743560791,450532,0.0,0.0
1993-08-26 00:00:00-04:00,9.056813874864755,9.243937493824697,9.019388220248416,9.13166332244873,865856,0.0,0.0
1993-08-27 00:00:00-04:00,9.150371268771924,9.281358669659387,9.1316589159057,9.225220680236816,919972,0.0,0.0
1993-08-30 00:00:00-04:00,9.262649247989119,9.41234906415947,9.24393688732086,9.393636703491211,532684,0.0,0.0
1993-08-31 00:00:00-04:00,9.374920254972572,9.5246190750438,9.374920254972572,9.46848201751709,571152,0.0,0.0
1993-09-01 00:00:00-04:00,9.44976590750743,9.543328563672606,9.431053562439097,9.524615287780762,380442,0.0,0.0
1993-09-02 00:00:00-04:00,9.505911510598708,9.524623872532901,9.412349700927734,9.412349700927734,412064,0.0,0.0
1993-09-03 00:00:00-04:00,9.356211023607125,9.393635741109465,9.337498664855957,9.337498664855957,110514,0.0,0.0
1993-09-07 00:00:00-04:00,9.300073016529426,9.431060458611803,9.300073016529426,9.337498664855957,220702,0.0,0.0
1993-09-08 00:00:00-04:00,9.337496446963023,9.412345864189058,9.337496446963023,9.356208801269531,115730,0.0,0.0
1993-09-09 00:00:00-04:00,9.318783375391835,9.318783375391835,9.225220680236816,9.225220680236816,387288,0.0,0.0
1993-09-10 00:00:00-04:00,9.225220399770649,9.33749544437849,9.225220399770649,9.300069808959961,199512,0.0,0.0
1993-09-13 00:00:00-04:00,9.300068642172562,9.431056022644043,9.300068642172562,9.431056022644043,232438,0.0,0.0
1993-09-14 00:00:00-04:00,9.41234906415947,9.431061424827726,9.374924342822954,9.393636703491211,316546,0.0,0.0
1993-09-15 00:00:00-04:00,9.356211982154695,9.393636703491211,9.281362539481664,9.393636703491211,397720,0.0,0.0
1993-09-16 00:00:00-04:00,9.37492115557604,9.37492115557604,9.318784092656513,9.356208801269531,151264,0.0,0.0
1993-09-17 00:00:00-04:00,9.318784092656513,9.356208801269531,9.318784092656513,9.356208801269531,561046,0.0,0.0
1993-09-20 00:00:00-04:00,9.356203732491169,9.374916076660154,9.300065769160742,9.374916076660156,211248,0.0,0.0
1993-09-21 00:00:00-04:00,9.374916527234099,9.580753253809272,9.374916527234099,9.524615287780762,459334,0.0,0.0
1993-09-22 00:00:00-04:00,9.505909043818285,9.749170616660862,9.505909043818285,9.73045825958252,412064,0.0,0.0
1993-09-23 00:00:00-04:00,9.767881704316919,9.824018768256442,9.693032285730885,9.74916934967041,238306,0.0,0.0
1993-09-24 00:00:00-04:00,9.805311814412576,9.824023246765137,9.767886157234217,9.824023246765137,234720,0.0,0.0
1993-09-27 00:00:00-04:00,9.805308604808252,9.82402003103594,9.655608817569787,9.674321174621582,388266,0.0,0.0
1993-09-28 00:00:00-04:00,9.618182803834271,9.636895158357607,9.524620100393607,9.580758094787598,145722,0.0,0.0
1993-09-29 00:00:00-04:00,9.580758094787598,9.618182803834271,9.543333385740926,9.580758094787598,227222,0.0,0.0
1993-09-30 00:00:00-04:00,9.580759324589698,9.580759324589698,9.449771895288597,9.505908966064453,385332,0.0,0.0
1993-10-01 00:00:00-04:00,9.505908966064453,9.580759324589698,9.487196609139168,9.505908966064453,203098,0.0,0.0
1993-10-04 00:00:00-04:00,9.505908966064453,9.580759324589698,9.487196609139168,9.505908966064453,197230,0.0,0.0
1993-10-05 00:00:00-04:00,9.524623872532901,9.580761889159836,9.356212615125152,9.412349700927734,281338,0.0,0.0
1993-10-06 00:00:00-04:00,9.44977007166071,9.618182182312012,9.431057718346556,9.618182182312012,155502,0.0,0.0
1993-10-07 00:00:00-04:00,9.618182803834271,9.655607512880943,9.580758094787598,9.580758094787598,200490,0.0,0.0
1993-10-08 00:00:00-04:00,9.618182803834271,9.618182803834271,9.562044809440279,9.580758094787598,180604,0.0,0.0
1993-10-11 00:00:00-04:00,9.618182803834271,9.655607512880943,9.543333385740926,9.580758094787598,54116,0.0,0.0
1993-10-12 00:00:00-04:00,9.580757475683704,9.636894535626164,9.580757475683704,9.618182182312012,193318,0.0,0.0
1993-10-13 00:00:00-04:00,9.636896133422852,9.693033202672833,9.636896133422852,9.636896133422852,305136,0.0,0.0
1993-10-14 00:00:00-04:00,9.711741864189994,9.917578637285311,9.67431716559516,9.861440658569336,886394,0.0,0.0
1993-10-15 00:00:00-04:00,9.95500618160599,9.95500618160599,9.730456995023902,9.74916934967041,203098,0.0,0.0
1993-10-18 00:00:00-04:00,9.73045589440445,10.048566818237305,9.73045589440445,10.048566818237305,294378,0.0,0.0
1993-10-19 00:00:00-04:00,10.011143393418727,10.085992813110352,10.011143393418727,10.085992813110352,417932,0.0,0.0
1993-10-20 00:00:00-04:00,10.085991523297183,10.085991523297183,10.011142113177424,10.048566818237305,145396,0.0,0.0
1993-10-21 00:00:00-04:00,10.011140788565433,10.085990188781581,9.955003738403319,9.95500373840332,394460,0.0,0.0
1993-10-22 00:00:00-04:00,10.048566818237305,10.123416228357062,10.048566818237305,10.048566818237305,491934,0.0,0.0
1993-10-25 00:00:00-04:00,10.085993454434135,10.179556165821905,10.04856874220865,10.104705810546875,192666,0.0,0.0
1993-10-26 00:00:00-04:00,10.123416852818135,10.123416852818135,9.898868608607646,10.01114273071289,269928,0.0,0.0
1993-10-27 00:00:00-04:00,10.011142113177424,10.104703875827122,9.955005055587607,10.048566818237305,69764,0.0,0.0
1993-10-28 00:00:00-04:00,10.104697501465534,10.460233836898627,10.085985160739929,10.329246520996094,326978,0.0,0.0
1993-10-29 00:00:00-04:00,10.291827847630424,10.310540199279783,10.21697844103298,10.310540199279785,204402,0.0,0.0
1993-11-01 00:00:00-05:00,10.347961124725634,10.366673469543457,10.310536435089988,10.366673469543457,199186,0.0,0.0
1993-11-02 00:00:00-05:00,10.36667581840229,10.516375541687012,10.291826422171786,10.516375541687012,339692,0.0,0.0
1993-11-03 00:00:00-05:00,10.516373158909541,10.535085503727364,10.366673469543457,10.366673469543457,340018,0.0,0.0
1993-11-04 00:00:00-05:00,10.385392753883474,10.441529820816285,10.216980622261003,10.235692977905273,194948,0.0,0.0
1993-11-05 00:00:00-05:00,10.2356914062134,10.329253170068329,10.160841995129456,10.273116111755371,277100,0.0,0.0
1993-11-08 00:00:00-05:00,10.347966548948866,10.385392189025879,10.254404775816305,10.385392189025879,498780,0.0,0.0
1993-11-09 00:00:00-05:00,10.404106484602408,10.553806293759104,10.404106484602408,10.441532135009766,532684,0.0,0.0
1993-11-10 00:00:00-05:00,10.51637937371673,10.609942083921588,10.478954661964407,10.572516441345215,405544,0.0,0.0
1993-11-11 00:00:00-05:00,10.77834811656013,10.834485157260335,10.59122371673584,10.59122371673584,667648,0.0,0.0
1993-11-12 00:00:00-05:00,10.62865382330122,10.778353605561724,10.460242615435241,10.553804397583008,385984,0.0,0.0
1993-11-15 00:00:00-05:00,10.591229727738916,10.591229727738916,10.404105221712983,10.460243225097656,498780,0.0,0.0
1993-11-16 00:00:00-05:00,10.48362118440804,10.57789897918701,10.48362118440804,10.577898979187012,338062,0.162577,0.0
1993-11-17 00:00:00-05:00,10.653321987421805,10.766455169739936,10.483622682913765,10.540189743041992,676124,0.0,0.0
1993-11-18 00:00:00-05:00,10.502475041170099,10.540185775100179,10.464764307240019,10.48361873626709,152568,0.0,0.0
1993-11-19 00:00:00-05:00,10.559039531222325,10.615605623487959,10.54018416713378,10.596750259399414,506278,0.0,0.0
1993-11-22 00:00:00-05:00,10.634464539392416,10.728742329260902,10.483620638365723,10.615609169006348,399350,0.0,0.0
1993-11-23 00:00:00-05:00,10.615609721923324,10.615609721923324,10.502477493714384,10.577898979187012,386636,0.0,0.0
1993-11-24 00:00:00-05:00,10.577898428234208,10.691031588488762,10.55904305784814,10.615609169006348,346212,0.0,0.0
1993-11-26 00:00:00-05:00,10.634468078613283,10.653323455274545,10.596757325290756,10.634468078613281,46944,0.0,0.0
1993-11-29 00:00:00-05:00,10.653320464659638,10.672175836027794,10.540188236450698,10.577898979187012,379138,0.0,0.0
1993-11-30 00:00:00-05:00,10.57789897918701,10.634465093291482,10.52133286508254,10.577898979187012,295030,0.0,0.0
1993-12-01 00:00:00-05:00,10.559041142065219,10.634462609925379,10.42705263537197,10.48361873626709,272210,0.0,0.0
1993-12-02 00:00:00-05:00,10.502477493714384,10.57789897918701,10.48362118440804,10.577898979187012,171476,0.0,0.0
1993-12-03 00:00:00-05:00,10.615608620003814,10.70988546705849,10.59675325059288,10.653319358825684,403588,0.0,0.0
1993-12-06 00:00:00-05:00,10.653321705775735,10.67217707934055,10.559044837951658,10.55904483795166,154524,0.0,0.0
1993-12-07 00:00:00-05:00,10.559039531222325,10.596750259399414,10.559039531222325,10.596750259399414,250368,0.0,0.0
1993-12-08 00:00:00-05:00,10.57789897918701,10.615609721923324,10.559043607818854,10.577898979187012,123554,0.0,0.0
1993-12-09 00:00:00-05:00,10.596755865231898,10.6156112392952,10.52133436897869,10.540189743041992,154198,0.0,0.0
1993-12-10 00:00:00-05:00,10.540183979817455,10.577894707324361,10.37048476809856,10.408195495605469,188428,0.0,0.0
1993-12-13 00:00:00-05:00,10.408197810553382,10.464764852332957,10.389342442606196,10.445908546447754,186472,0.0,0.0
1993-12-14 00:00:00-05:00,10.445906074629322,10.445906074629322,10.332773893716713,10.351629257202148,319480,0.0,0.0
1993-12-15 00:00:00-05:00,10.408204649528164,10.427060029864755,10.313927747845204,10.37049388885498,193970,0.0,0.0
1993-12-16 00:00:00-05:00,10.408205513635973,10.427060895537974,10.313928604125977,10.313928604125977,199186,0.0,0.0
1993-12-17 00:00:00-05:00,10.257355675682334,10.38934326171875,10.257355675682334,10.38934326171875,362512,0.0,0.0
1993-12-20 00:00:00-05:00,10.445909775377865,10.445909775377865,10.33277755438508,10.427054405212402,143766,0.0,0.0
1993-12-21 00:00:00-05:00,10.332778952225507,10.351634324941767,10.125368914408401,10.200790405273438,474982,0.0,0.0
1993-12-22 00:00:00-05:00,10.200785556379667,10.427050859358921,10.144219465119305,10.408195495605469,402936,0.0,0.0
1993-12-23 00:00:00-05:00,10.445911145477877,10.464767456054688,10.408200400200757,10.464767456054688,211900,0.0,0.0
1993-12-27 00:00:00-05:00,10.502482100042076,10.54019285931811,10.31392736572331,10.332782745361328,455748,0.0,0.0
1993-12-28 00:00:00-05:00,10.351631706711824,10.483619282342127,10.332776338764639,10.445908546447754,275144,0.0,0.0
1993-12-29 00:00:00-05:00,10.445914105615435,10.521336555480957,10.427058727633684,10.521336555480957,229504,0.0,0.0
1993-12-30 00:00:00-05:00,10.483616950619284,10.521328616064,10.408195495605469,10.408195495605469,330238,0.0,0.0
1993-12-31 00:00:00-05:00,10.37049407826589,10.464771919609412,10.200794714198471,10.295072555541992,188754,0.0,0.0
1994-01-03 00:00:00-05:00,10.295069735681697,10.31392511119811,10.031093540513531,10.163081169128418,226896,0.0,0.0
1994-01-04 00:00:00-05:00,10.03109307296701,10.03109307296701,9.710550766189998,9.93681526184082,822172,0.0,0.0
1994-01-05 00:00:00-05:00,9.955670201910939,10.031091690063477,9.804826287667643,10.031091690063477,520296,0.0,0.0
1994-01-06 00:00:00-05:00,10.031091690063477,10.031091690063477,9.936813891934584,10.031091690063477,293400,0.0,0.0
1994-01-07 00:00:00-05:00,10.012233596465952,10.031088963378757,9.93681119087677,9.955667495727539,118338,0.0,0.0
1994-01-10 00:00:00-05:00,9.993382323691874,10.012237698329443,9.861393763290545,9.93681526184082,631462,0.0,0.0
1994-01-11 00:00:00-05:00,9.955666272367049,10.012232366154574,9.899099240641673,9.97452163696289,267320,0.0,0.0
1994-01-12 00:00:00-05:00,10.012236715198815,10.068802833557129,9.974525969626606,10.068802833557129,601796,0.0,0.0
1994-01-13 00:00:00-05:00,10.031092246411937,10.106513738747532,9.99338150024414,9.99338150024414,235372,0.0,0.0
1994-01-14 00:00:00-05:00,9.993375726070223,9.993375726070223,9.84253189061835,9.861387252807617,435536,0.0,0.0
1994-01-17 00:00:00-05:00,9.861389839838566,9.899100574110113,9.748257637023926,9.748257637023926,271232,0.0,0.0
1994-01-18 00:00:00-05:00,9.748256288931003,9.880244778566615,9.748256288931003,9.842533111572266,300572,0.0,0.0
1994-01-19 00:00:00-05:00,9.7671130041597,9.880246144912315,9.748257637023926,9.748257637023926,210596,0.0,0.0
1994-01-20 00:00:00-05:00,9.7671130041597,9.785968371295473,9.71054690275238,9.748257637023926,176366,0.0,0.0
1994-01-21 00:00:00-05:00,9.767112033732241,9.767112033732241,9.59741280843305,9.6162691116333,308396,0.0,0.0
1994-01-24 00:00:00-05:00,9.653979955486154,9.67283438303197,9.503136093678574,9.540846824645996,272862,0.0,0.0
1994-01-25 00:00:00-05:00,9.503140449523926,9.540851197776389,9.239164273818353,9.503140449523926,1950458,0.0,0.0
1994-01-26 00:00:00-05:00,9.503135982121213,9.6162691116333,9.503135982121213,9.6162691116333,230482,0.0,0.0
1994-01-27 00:00:00-05:00,9.578557443170684,9.804822764256976,9.578557443170684,9.6162691116333,333498,0.0,0.0
1994-01-28 00:00:00-05:00,9.729406227086454,9.74826160189119,9.65398472786751,9.672839164733887,396090,0.0,0.0
1994-01-31 00:00:00-05:00,9.71054730882057,9.842534884290336,9.672835635034048,9.785968780517578,772294,0.0,0.0
1994-02-01 00:00:00-05:00,9.80482763937784,9.993382323691874,9.785972264740272,9.93681526184082,375552,0.0,0.0
1994-02-02 00:00:00-05:00,9.974522862640343,10.012233596465952,9.823678989399943,9.955667495727539,583540,0.0,0.0
1994-02-03 00:00:00-05:00,9.974521072711958,9.974521072711958,9.804821863011286,9.880244255065918,326000,0.0,0.0
1994-02-04 00:00:00-05:00,9.88025029519902,9.89910473231679,9.710550981755384,9.729406356811523,210922,0.0,0.0
1994-02-07 00:00:00-05:00,9.691695050732868,9.76711654663086,9.672838738820055,9.76711654663086,366098,0.0,0.0
1994-02-08 00:00:00-05:00,9.84253556756798,9.84253556756798,9.804824829101562,9.804824829101562,244500,0.0,0.0
1994-02-09 00:00:00-05:00,9.86139717216863,9.86139717216863,9.691698741769327,9.710554122924805,250042,0.0,0.0
1994-02-10 00:00:00-05:00,9.80482763937784,9.936815261840819,9.785972264740272,9.93681526184082,296334,0.0,0.0
1994-02-11 00:00:00-05:00,9.880244813983682,10.031087730750416,9.880244813983682,9.97452163696289,330238,0.0,0.0
1994-02-14 00:00:00-05:00,9.97908803407397,10.036112150682097,9.884049415588379,9.884049415588379,189732,0.162577,0.0
1994-02-15 00:00:00-05:00,10.05512133450003,10.131152240329074,10.05512133450003,10.09313678741455,464224,0.0,0.0
1994-02-16 00:00:00-05:00,10.055117672427668,10.07412539196232,9.960079074754404,10.017101287841797,278730,0.0,0.0
1994-02-17 00:00:00-05:00,10.112145110440816,10.245199203491211,10.07412965528356,10.245199203491211,538226,0.0,0.0
1994-02-18 00:00:00-05:00,10.22619087261538,10.22619087261538,10.07412906095729,10.09313678741455,1085580,0.0,0.0
1994-02-22 00:00:00-05:00,10.18817226485092,10.264203147136387,10.150156823708185,10.226187705993652,186472,0.0,0.0
1994-02-23 00:00:00-05:00,10.226192567981625,10.283215756807094,10.188177108764648,10.188177108764648,186798,0.0,0.0
1994-02-24 00:00:00-05:00,10.207178288903888,10.24519372372814,10.093131984431137,10.112139701843262,278404,0.0,0.0
1994-02-25 00:00:00-05:00,10.188170712036772,10.188170712036772,10.03610897064209,10.03610897064209,110840,0.0,0.0
1994-02-28 00:00:00-05:00,10.055120629277573,10.074128354401715,9.97908878326416,9.97908878326416,268624,0.0,0.0
1994-03-01 00:00:00-05:00,10.017103122915085,10.055119514465332,9.979087676881576,10.055119514465332,670256,0.0,0.0
1994-03-02 00:00:00-05:00,10.112139841339431,10.112139841339431,9.94106943675394,10.03610897064209,209292,0.0,0.0
1994-03-03 00:00:00-05:00,10.055117672427668,10.093133111496973,9.97908584877249,10.017101287841797,308070,0.0,0.0
1994-03-04 00:00:00-05:00,10.017103082926267,10.074127197265625,10.017103082926267,10.074127197265625,112796,0.0,0.0
1994-03-07 00:00:00-05:00,10.07412440599076,10.093132123665097,10.017100307451281,10.03610897064209,334150,0.0,0.0
1994-03-08 00:00:00-05:00,10.074120632562975,10.074120632562975,9.998089790344238,9.998089790344238,181256,0.0,0.0
1994-03-09 00:00:00-05:00,10.036111751383878,10.093134920206499,9.998096305502129,10.074127197265625,264060,0.0,0.0
1994-03-10 00:00:00-05:00,10.074127237482084,10.074127237482084,9.99809634541507,10.055119514465332,172780,0.0,0.0
1994-03-11 00:00:00-05:00,10.112145110440816,10.283214658648467,10.112145110440816,10.245199203491211,319806,0.0,0.0
1994-03-14 00:00:00-05:00,10.226186006316013,10.226186006316013,10.03610883219476,10.112139701843262,210596,0.0,0.0
1994-03-15 00:00:00-05:00,10.131152749787084,10.321230969434934,10.112145022373994,10.283214569091797,672538,0.0,0.0
1994-03-16 00:00:00-05:00,10.28321068767565,10.340234793908026,10.226187526959876,10.321227073669434,423800,0.0,0.0
1994-03-17 00:00:00-05:00,10.28320915855239,10.28320915855239,10.07412426701901,10.112139701843262,266994,0.0,0.0
1994-03-18 00:00:00-05:00,10.207183014451424,10.207183014451424,10.13115210960343,10.15015983581543,496498,0.0,0.0
1994-03-21 00:00:00-05:00,10.09313678741455,10.150159966786335,10.07412906095729,10.09313678741455,212226,0.0,0.0
1994-03-22 00:00:00-05:00,10.093131984431137,10.169162854079637,10.055116549606886,10.112139701843262,113122,0.0,0.0
1994-03-23 00:00:00-05:00,10.131147419255386,10.169162854079637,10.03610883219476,10.112139701843262,132356,0.0,0.0
1994-03-24 00:00:00-05:00,10.226192567981625,10.264208027198604,10.13115391993918,10.188177108764648,359252,0.0,0.0
1994-03-25 00:00:00-05:00,10.207183014451424,10.207183014451424,10.13115210960343,10.15015983581543,186146,0.0,0.0
1994-03-28 00:00:00-05:00,10.150156823708185,10.226187705993654,10.131149103136819,10.226187705993652,400002,0.0,0.0
1994-03-29 00:00:00-05:00,10.207183014451424,10.226190740663421,10.13115210960343,10.15015983581543,385984,0.0,0.0
1994-03-30 00:00:00-05:00,10.036111382580298,10.036111382580298,9.770002325670214,9.789010047912598,881830,0.0,0.0
1994-03-31 00:00:00-05:00,9.808017809750545,9.846033254388784,9.294807416100896,9.770002365112305,292748,0.0,0.0
1994-04-04 00:00:00-04:00,9.503891835160546,9.598930432036523,9.465876396410156,9.560914993286133,318502,0.0,0.0
1994-04-05 00:00:00-04:00,9.693972504513779,9.75099473200536,9.541909764307945,9.731987953186035,175714,0.0,0.0
1994-04-06 00:00:00-04:00,9.693972832501652,9.712979611964053,9.579925537109375,9.579925537109375,283294,0.0,0.0
1994-04-07 00:00:00-04:00,9.598933262088615,9.598933262088615,9.465879187233936,9.579925537109375,551266,0.0,0.0
1994-04-08 00:00:00-04:00,9.560915252923682,9.560915252923682,9.389844828384755,9.427861213684082,310026,0.0,0.0
1994-04-11 00:00:00-04:00,9.42786239605002,9.446869172808482,9.294807394607158,9.313815116882324,323392,0.0,0.0
1994-04-12 00:00:00-04:00,9.313815316291468,9.313815316291468,9.180761257516615,9.21877670288086,509538,0.0,0.0
1994-04-13 00:00:00-04:00,9.237784385681152,9.294807553481334,9.18076121788097,9.237784385681152,1277920,0.0,0.0
1994-04-14 00:00:00-04:00,9.256792068481445,9.29480751351812,9.23778434596311,9.256792068481445,495520,0.0,0.0
1994-04-15 00:00:00-04:00,9.275799870927223,9.275799870927223,9.21877670288086,9.21877670288086,366750,0.0,0.0
1994-04-18 00:00:00-04:00,9.237784537976093,9.27579998380294,9.161752700805664,9.161752700805664,262430,0.0,0.0
1994-04-19 00:00:00-04:00,9.275799830881274,9.313815276081394,9.218776663081092,9.237784385681152,524208,0.0,0.0
1994-04-20 00:00:00-04:00,9.332824793943438,9.389847972712596,9.256793888917892,9.294809341430664,263734,0.0,0.0
1994-04-21 00:00:00-04:00,9.294810114953245,9.370841026306152,9.25679465927679,9.370841026306152,168216,0.0,0.0
1994-04-22 00:00:00-04:00,9.35183048248291,9.389845926712308,9.313815038253512,9.35183048248291,285250,0.0,0.0
1994-04-25 00:00:00-04:00,9.408857345581055,9.408857345581055,9.332826427249598,9.408857345581055,186798,0.0,0.0
1994-04-26 00:00:00-04:00,9.370838363466476,9.408853808340371,9.27579975128174,9.275799751281738,261126,0.0,0.0
1994-04-28 00:00:00-04:00,9.27579975128174,9.332822918592582,9.27579975128174,9.275799751281738,288836,0.0,0.0
1994-04-29 00:00:00-04:00,9.294801656554826,9.351824788177666,9.275793946013879,9.332817077636719,459986,0.0,0.0
1994-05-02 00:00:00-04:00,9.294807473718686,9.294807473718686,9.237784306407844,9.275799751281738,379138,0.0,0.0
1994-05-03 00:00:00-04:00,9.275799672331992,9.332822839157489,9.237784227781662,9.313815116882324,349798,0.0,0.0
1994-05-04 00:00:00-04:00,9.294807316138813,9.389845926712308,9.256791871909416,9.35183048248291,328608,0.0,0.0
1994-05-05 00:00:00-04:00,9.33282162400809,9.465876608126965,9.33282162400809,9.446867942810059,293726,0.0,0.0
1994-05-06 00:00:00-04:00,9.42786437074227,9.42786437074227,9.275801615174279,9.294809341430664,250042,0.0,0.0
1994-05-09 00:00:00-04:00,9.275800188993802,9.275800188993802,9.0667142868042,9.0667142868042,247434,0.0,0.0
1994-05-10 00:00:00-04:00,9.123737065336377,9.332822958554791,8.971675285189685,9.256792068481445,1085906,0.0,0.0
1994-05-11 00:00:00-04:00,9.256794367624252,9.294809822102957,8.933662059038301,9.085723876953125,455422,0.0,0.0
1994-05-12 00:00:00-04:00,9.199771927073908,9.256795113385966,9.180764198303223,9.180764198303223,216464,0.0,0.0
1994-05-13 00:00:00-04:00,9.199768980198737,9.256792148245102,9.104729421271406,9.21877670288086,740346,0.0,0.0
1994-05-16 00:00:00-04:00,9.237784149794715,9.35183048248291,9.218776427680016,9.35183048248291,496498,0.0,0.0
1994-05-17 00:00:00-04:00,9.362575538943833,9.458503244322879,9.362575538943833,9.43931770324707,474982,0.174847,0.0
1994-05-18 00:00:00-04:00,9.40094284122317,9.554428062479356,9.362571774499552,9.47768497467041,723068,0.0,0.0
1994-05-19 00:00:00-04:00,9.516058933397904,9.592801082471237,9.516058933397904,9.55443000793457,277426,0.0,0.0
1994-05-20 00:00:00-04:00,9.5928034851474,9.765473363810424,9.5928034851474,9.727102279663086,445968,0.0,0.0
1994-05-23 00:00:00-04:00,9.727100859825208,9.803843016918046,9.727100859825208,9.784658432006836,246456,0.0,0.0
1994-05-24 00:00:00-04:00,9.784657511880063,9.918956274163381,9.765471020049107,9.899770736694336,279382,0.0,0.0
1994-05-25 00:00:00-04:00,9.861396789550781,9.899767853313014,9.784654662026316,9.861396789550781,433906,0.0,0.0
1994-05-26 00:00:00-04:00,9.842214589311718,9.880586624145508,9.803843508839973,9.880586624145508,183212,0.0,0.0
1994-05-27 00:00:00-04:00,9.88058949134231,9.899775037145535,9.765475262160635,9.842217445373535,281012,0.0,0.0
1994-05-31 00:00:00-04:00,9.842216493473966,9.880588535731551,9.803845405578613,9.803845405578613,191688,0.0,0.0
1994-06-01 00:00:00-04:00,9.803842094987198,9.918956274163381,9.784657511880063,9.899770736694336,288836,0.0,0.0
1994-06-02 00:00:00-04:00,9.899770736694336,9.918956274163381,9.861399661756245,9.899770736694336,127466,0.0,0.0
1994-06-03 00:00:00-04:00,9.861394545274209,10.053250774783963,9.861394545274209,10.034064292907715,113448,0.0,0.0
1994-06-06 00:00:00-04:00,9.995698000773354,10.072440147399902,9.976512464116716,10.072440147399902,260474,0.0,0.0
1994-06-07 00:00:00-04:00,9.995701312472704,10.053258895874023,9.957330226446615,10.053258895874023,253954,0.0,0.0
1994-06-08 00:00:00-04:00,10.034069532589465,10.034069532589465,9.976512919989526,10.014883995056152,576694,0.0,0.0
1994-06-09 00:00:00-04:00,9.995693237878047,10.034064292907715,9.95732218284838,10.034064292907715,118664,0.0,0.0
1994-06-10 00:00:00-04:00,9.976515769958496,9.9957013129725,9.938144683930489,9.976515769958496,367728,0.0,0.0
1994-06-13 00:00:00-04:00,9.976512919989526,10.034069532589465,9.976512919989526,10.014883995056152,147678,0.0,0.0
1994-06-14 00:00:00-04:00,10.034070041588551,10.149184226989746,10.014884503082012,10.149184226989746,436188,0.0,0.0
1994-06-15 00:00:00-04:00,10.149178412358134,10.168363939872968,10.034064292907715,10.034064292907715,824454,0.0,0.0
1994-06-16 00:00:00-04:00,10.053258895874023,10.091629981900113,10.024480104173364,10.053258895874023,520948,0.0,0.0
1994-06-17 00:00:00-04:00,10.129997711731683,10.206739858358231,10.053255565105134,10.072440147399902,768056,0.0,0.0
1994-06-20 00:00:00-04:00,10.072435347937382,10.091621829813631,9.995693237878047,10.034064292907715,375878,0.0,0.0
1994-06-21 00:00:00-04:00,10.034074765411704,10.110816955566406,10.034074765411704,10.110816955566406,311656,0.0,0.0
1994-06-22 00:00:00-04:00,10.129997711731683,10.129997711731683,10.053255565105134,10.072440147399902,289162,0.0,0.0
1994-06-23 00:00:00-04:00,10.07244060765609,10.07244060765609,10.014883995056152,10.014883995056152,233090,0.0,0.0
1994-06-24 00:00:00-04:00,9.976514325324866,9.976514325324866,9.823030003437893,9.880586624145508,398698,0.0,0.0
1994-06-27 00:00:00-04:00,9.880588054888477,9.976515769958496,9.861402511874472,9.976515769958496,160718,0.0,0.0
1994-06-28 00:00:00-04:00,9.938145159802678,9.995701791600698,9.938145159802678,9.957330703735352,178648,0.0,0.0
1994-06-29 00:00:00-04:00,9.918959140420526,10.130001067926202,9.918959140420526,10.053258895874023,142788,0.0,0.0
1994-06-30 00:00:00-04:00,10.053250774783963,10.053250774783963,9.95732218284838,10.034064292907715,210922,0.0,0.0
1994-07-01 00:00:00-04:00,10.053255565105134,10.110811220713176,9.938141390803443,10.072440147399902,260800,0.0,0.0
1994-07-05 00:00:00-04:00,10.053255565105134,10.245110931671505,10.053255565105134,10.072440147399902,371314,0.0,0.0
1994-07-06 00:00:00-04:00,10.053259377760948,10.053259377760948,9.957330703735352,9.957330703735352,200816,0.0,0.0
1994-07-07 00:00:00-04:00,9.957324448956362,9.957324448956362,9.842210303308033,9.861396789550781,305136,0.0,0.0
1994-07-08 00:00:00-04:00,9.823029518127441,9.823029518127441,9.765471945901432,9.823029518127441,292422,0.0,0.0
1994-07-11 00:00:00-04:00,9.823029518127441,9.88058613599145,9.803843024477437,9.823029518127441,570174,0.0,0.0
1994-07-12 00:00:00-04:00,9.84221408851018,9.880586121391486,9.746286392211914,9.746286392211914,296986,0.0,0.0
1994-07-13 00:00:00-04:00,9.765474323049675,9.842216498882554,9.688732147216797,9.688732147216797,215486,0.0,0.0
1994-07-14 00:00:00-04:00,9.727099431847353,9.823028068492686,9.707913895390659,9.765470504760742,237980,0.0,0.0
1994-07-15 00:00:00-04:00,9.765471931471566,9.803843009990874,9.707915313692606,9.746286392211914,219724,0.0,0.0
1994-07-18 00:00:00-04:00,9.803845410966115,9.803845410966115,9.669546603258578,9.688732147216797,387940,0.0,0.0
1994-07-19 00:00:00-04:00,9.707916733619344,9.746287817750991,9.57361793915858,9.650360107421875,503670,0.0,0.0
1994-07-20 00:00:00-04:00,9.669542297330947,9.669542297330947,9.592800155671982,9.631171226501465,282316,0.0,0.0
1994-07-21 00:00:00-04:00,9.631171180073176,9.631171180073176,9.516057968139648,9.516057968139648,420866,0.0,0.0
1994-07-22 00:00:00-04:00,9.516059374828798,9.554430451145421,9.400945191516982,9.420130729675293,739042,0.0,0.0
1994-07-25 00:00:00-04:00,9.477685943133336,9.554429038784157,9.477685943133336,9.516057968139648,246456,0.0,0.0
1994-07-26 00:00:00-04:00,9.554430431094566,9.554430431094566,9.343388557434082,9.343388557434082,281990,0.0,0.0
1994-07-27 00:00:00-04:00,9.400942934845776,9.688726892500629,9.400942934845776,9.669541358947754,452162,0.0,0.0
1994-07-28 00:00:00-04:00,9.631174565356051,9.765473359816815,9.631174565356051,9.650360107421875,133660,0.0,0.0
1994-07-29 00:00:00-04:00,9.650355825394877,9.803840093817884,9.650355825394877,9.669541358947754,152242,0.0,0.0
1994-08-01 00:00:00-04:00,9.650360111368409,9.746287821736756,9.650360111368409,9.727102279663086,131378,0.0,0.0
1994-08-02 00:00:00-04:00,9.765472382973218,9.765472382973218,9.573616981506348,9.573616981506348,254932,0.0,0.0
1994-08-03 00:00:00-04:00,9.611990895734834,9.91896058294876,9.573619804128382,9.842217445373535,430646,0.0,0.0
1994-08-04 00:00:00-04:00,9.957327349101472,9.957327349101472,9.88058519922529,9.899770736694336,261452,0.0,0.0
1994-08-05 00:00:00-04:00,9.899771697825864,9.938142776489258,9.880586158494166,9.938142776489258,230808,0.0,0.0
1994-08-08 00:00:00-04:00,9.899772170019315,9.93814325051291,9.86140108952572,9.918957710266113,245478,0.0,0.0
1994-08-09 00:00:00-04:00,9.899773597902481,10.091629982404704,9.899773597902481,9.976515769958496,372618,0.0,0.0
1994-08-10 00:00:00-04:00,9.976515769958496,10.149186611446716,9.976515769958496,9.976515769958496,594298,0.0,0.0
1994-08-11 00:00:00-04:00,9.976512886570518,9.995698424039563,9.899770736694336,9.899770736694336,110514,0.0,0.0
1994-08-12 00:00:00-04:00,9.880586629772518,9.957328790759709,9.880586629772518,9.918957710266113,78566,0.0,0.0
1994-08-15 00:00:00-04:00,9.957328315820956,9.976513855152653,9.938142776489258,9.938142776489258,90954,0.0,0.0
1994-08-16 00:00:00-04:00,9.987693786621094,9.987693786621094,9.92962503257799,9.987693786621094,198534,0.174847,0.0
1994-08-17 00:00:00-04:00,10.026402927122975,10.026402927122975,9.910267376221753,9.968335151672363,239610,0.0,0.0
1994-08-18 00:00:00-04:00,9.96833848579056,9.96833848579056,9.890913796455806,9.910270690917969,223636,0.0,0.0
1994-08-19 00:00:00-04:00,9.929622338534314,9.968335151672363,9.910267376221753,9.968335151672363,223310,0.0,0.0
1994-08-22 00:00:00-04:00,9.832849039927327,9.832849039927327,9.697357476691137,9.774781227111816,237654,0.0,0.0
1994-08-23 00:00:00-04:00,9.7941312789917,9.871555945722747,9.755419427045018,9.7941312789917,339040,0.0,0.0
1994-08-24 00:00:00-04:00,9.852202095833626,10.045762378108586,9.832846163889927,10.007050514221191,430320,0.0,0.0
1994-08-25 00:00:00-04:00,10.045761264270238,10.065117194067819,9.987693474877494,10.026405334472656,157132,0.0,0.0
1994-08-26 00:00:00-04:00,10.026406608496105,10.161898134295647,10.026406608496105,10.103830337524414,362838,0.0,0.0
1994-08-29 00:00:00-04:00,10.123187208999468,10.21996784210205,10.123187208999468,10.21996784210205,408152,0.0,0.0
1994-08-30 00:00:00-04:00,11.613601308304114,11.962009126100451,11.323261299667466,11.8845853805542,5026268,0.0,0.0
1994-08-31 00:00:00-04:00,11.845868158083405,12.310412385003477,11.826512228864889,12.194276809692383,7445840,0.0,0.0
1994-09-01 00:00:00-04:00,12.174921506819512,12.252346196637609,12.155566537912453,12.232990264892578,1948502,0.0,0.0
1994-09-02 00:00:00-04:00,12.232984490430406,12.232984490430406,12.11684799194336,12.11684799194336,1206200,0.0,0.0
1994-09-06 00:00:00-04:00,12.039426736571835,12.058782663094966,11.78779872893341,11.807154655456543,1513944,0.0,0.0
1994-09-07 00:00:00-04:00,11.807163453999072,11.807163453999072,11.632959985476758,11.671671867370605,1168384,0.0,0.0
1994-09-08 00:00:00-04:00,11.652307243271489,11.826510581979674,11.652307243271489,11.807154655456543,359252,0.0,0.0
1994-09-09 00:00:00-04:00,11.729736652140684,11.729736652140684,11.652312908406193,11.691024780273438,700574,0.0,0.0
1994-09-12 00:00:00-04:00,11.652310688037995,11.652310688037995,11.574885996218734,11.613598823547363,226244,0.0,0.0
1994-09-13 00:00:00-04:00,11.613598182364264,11.613598182364264,11.323258251876107,11.342613220214844,701878,0.0,0.0
1994-09-14 00:00:00-04:00,11.303904361827687,11.361973133627211,11.303904361827687,11.323261260986328,226570,0.0,0.0
1994-09-15 00:00:00-04:00,11.323260639139196,11.342615611558509,11.207124064756298,11.284547805786133,390874,0.0,0.0
1994-09-16 00:00:00-04:00,11.284544614520172,11.284544614520172,11.168409035818527,11.207120895385742,661454,0.0,0.0
1994-09-19 00:00:00-04:00,11.207123435917484,11.265191238431639,11.207123435917484,11.245835304260254,722742,0.0,0.0
1994-09-20 00:00:00-04:00,11.187759037307979,11.187759037307979,11.09097943967259,11.110334396362305,513450,0.0,0.0
1994-09-21 00:00:00-04:00,11.149052775217575,11.226476492054669,11.071628095542634,11.1296968460083,871398,0.0,0.0
1994-09-22 00:00:00-04:00,11.168405780896457,11.168405780896457,11.013558387756348,11.013558387756348,517036,0.0,0.0
1994-09-23 00:00:00-04:00,10.974851138750656,11.032917972674928,10.858714582388123,10.91678237915039,512798,0.0,0.0
1994-09-26 00:00:00-04:00,10.878066864767671,10.955490567806361,10.839355013248325,10.897422790527344,361208,0.0,0.0
1994-09-27 00:00:00-04:00,10.839350176293607,10.897417927660454,10.723213710722666,10.781282424926758,476286,0.0,0.0
1994-09-28 00:00:00-04:00,10.761938209729154,10.936142631672537,10.761938209729154,10.858718872070312,389570,0.0,0.0
1994-09-29 00:00:00-04:00,10.839361190795898,10.878073064377839,10.800649317213956,10.839361190795898,194622,0.0,0.0
1994-09-30 00:00:00-04:00,10.819994259171324,10.878062010538171,10.76192554496723,10.781282424926758,337084,0.0,0.0
1994-10-03 00:00:00-04:00,10.800644859318888,10.800644859318888,10.626440537263619,10.684508323669434,329586,0.0,0.0
1994-10-04 00:00:00-04:00,10.684508771176823,10.70386470078946,10.510305404663086,10.510305404663086,347516,0.0,0.0
1994-10-05 00:00:00-04:00,10.529659892550189,10.529659892550189,10.3360996600883,10.452235221862793,424778,0.0,0.0
1994-10-06 00:00:00-04:00,10.49094947505045,10.607085052726273,10.45223665298731,10.510305404663086,475308,0.0,0.0
1994-10-07 00:00:00-04:00,10.607087132101318,10.723222732543945,10.587731198694213,10.723222732543945,470744,0.0,0.0
1994-10-10 00:00:00-04:00,10.742578506469727,10.80064630062447,10.703865680861943,10.742578506469727,246456,0.0,0.0
1994-10-11 00:00:00-04:00,10.761929448228484,11.071625197346295,10.761929448228484,11.013558387756348,569848,0.0,0.0
1994-10-12 00:00:00-04:00,11.052273920631578,11.265189157180583,11.032917027198298,11.149053573608398,561698,0.0,0.0
1994-10-13 00:00:00-04:00,11.34261497511718,11.34261497511718,11.22647937008887,11.245835304260254,372944,0.0,0.0
1994-10-14 00:00:00-04:00,11.226477122978807,11.226477122978807,10.974850029116896,11.052273750305176,380116,0.0,0.0
1994-10-17 00:00:00-04:00,11.090984987589753,11.1296968460083,11.032916237124088,11.1296968460083,427060,0.0,0.0
1994-10-18 00:00:00-04:00,11.110343131085884,11.110343131085884,11.07163126159725,11.090988159179688,167238,0.0,0.0
1994-10-19 00:00:00-04:00,11.013562368830563,11.071629199409935,10.994205474853516,10.994205474853516,390548,0.0,0.0
1994-10-20 00:00:00-04:00,10.95549890767942,10.95549890767942,10.703870718414054,10.82000732421875,466832,0.0,0.0
1994-10-21 00:00:00-04:00,10.820003362417523,10.820003362417523,10.684510865729736,10.723222732543945,377834,0.0,0.0
1994-10-24 00:00:00-04:00,10.703869327481035,10.80064998021502,10.703869327481035,10.761937141418457,305788,0.0,0.0
1994-10-25 00:00:00-04:00,10.742576808080909,11.07162758960191,10.742576808080909,10.95549201965332,661454,0.0,0.0
1994-10-26 00:00:00-04:00,11.013563006956803,11.05227487147798,10.897426450555274,11.032917976379395,443034,0.0,0.0
1994-10-27 00:00:00-04:00,11.032919561496616,11.245835809791107,11.032919561496616,11.07163143157959,502366,0.0,0.0
1994-10-28 00:00:00-04:00,11.07163143157959,11.110343301662564,11.05227645937624,11.07163143157959,372944,0.0,0.0
1994-10-31 00:00:00-05:00,11.071628888389027,11.187765434799125,11.071628888389027,11.149053573608398,588756,0.0,0.0
1994-11-01 00:00:00-05:00,11.14905310603492,11.207120895385742,11.0909853166841,11.207120895385742,455748,0.0,0.0
1994-11-02 00:00:00-05:00,11.168409504203762,11.24583322658522,11.149053573608398,11.149053573608398,407500,0.0,0.0
1994-11-03 00:00:00-05:00,11.187764965602135,11.22647682516935,11.14905310603492,11.207120895385742,152568,0.0,0.0
1994-11-04 00:00:00-05:00,11.22647987474962,11.22647987474962,11.07163143157959,11.07163143157959,457378,0.0,0.0
1994-11-07 00:00:00-05:00,11.110343301662564,11.110343301662564,11.013564589293265,11.07163143157959,708724,0.0,0.0
1994-11-08 00:00:00-05:00,11.110341542440562,11.226478097138447,11.052274709348595,11.168410301208496,316546,0.0,0.0
1994-11-09 00:00:00-05:00,11.265194058265966,11.400686594219414,11.24583811924952,11.361974716186523,450858,0.0,0.0
1994-11-10 00:00:00-05:00,11.40068292642455,11.51681852316041,11.284546366850666,11.45875072479248,976370,0.0,0.0
1994-11-11 00:00:00-05:00,11.40068438016903,11.40068438016903,11.265191870528675,11.284547805786133,337410,0.0,0.0
1994-11-14 00:00:00-05:00,11.284541932482801,11.303897857666016,11.149050456200293,11.303897857666016,248086,0.0,0.0
1994-11-15 00:00:00-05:00,11.197778037226668,11.334336826684012,11.17827074777888,11.256303787231445,414998,0.174847,0.0
1994-11-16 00:00:00-05:00,11.29531893121399,11.29531893121399,11.178269386291504,11.178269386291504,195274,0.0,0.0
1994-11-17 00:00:00-05:00,11.158760158389187,11.197776673363348,11.139252871317343,11.178269386291504,192992,0.0,0.0
1994-11-18 00:00:00-05:00,11.158758780169288,11.197775290324515,11.080725759858833,11.100234985351562,540834,0.0,0.0
1994-11-21 00:00:00-05:00,11.139248075605282,11.197771852455407,11.002689361572266,11.002689361572266,528772,0.0,0.0
1994-11-22 00:00:00-05:00,11.002693302776203,11.041709814928685,10.573510698683737,10.671051979064941,505952,0.0,0.0
1994-11-23 00:00:00-05:00,10.61252721083622,10.690560235141183,10.378427167506162,10.671051979064941,726980,0.0,0.0
1994-11-25 00:00:00-05:00,10.651543617248535,10.671051873131113,10.612527105483379,10.651543617248535,233090,0.0,0.0
1994-11-28 00:00:00-05:00,10.632033348083496,10.671049852460484,10.573508591518012,10.632033348083496,270906,0.0,0.0
1994-11-29 00:00:00-05:00,10.632032836674275,10.729574092924937,10.612524585424143,10.710065841674805,365772,0.0,0.0
1994-11-30 00:00:00-05:00,10.710069759801526,10.729578018188477,10.651544984640672,10.729578018188477,264060,0.0,0.0
1994-12-01 00:00:00-05:00,10.729576747293665,10.788101515522387,10.61252721083622,10.671051979064941,418258,0.0,0.0
1994-12-02 00:00:00-05:00,10.690561604280894,10.768594638579545,10.671053345706232,10.749086380004883,723068,0.0,0.0
1994-12-05 00:00:00-05:00,10.788102897154209,10.807611155728871,10.749086380004883,10.749086380004883,361534,0.0,0.0
1994-12-06 00:00:00-05:00,10.749086276575428,10.78810279334933,10.690561501414575,10.729578018188477,174084,0.0,0.0
1994-12-07 00:00:00-05:00,10.651540977761659,10.710065730906768,10.59301622461655,10.690557479858398,190710,0.0,0.0
1994-12-08 00:00:00-05:00,10.71006559083477,10.729573841628001,10.495473861694336,10.495473861694336,614184,0.0,0.0
1994-12-09 00:00:00-05:00,10.495478424983409,10.495478424983409,10.358920610057346,10.456461906433105,241892,0.0,0.0
1994-12-12 00:00:00-05:00,10.495473861694336,10.553998614074027,10.456457360107876,10.495473861694336,162348,0.0,0.0
1994-12-13 00:00:00-05:00,10.495473188042459,10.495473188042459,10.378423690795898,10.378423690795898,190058,0.0,0.0
1994-12-14 00:00:00-05:00,10.397936076340535,10.495477362845154,10.339411304437764,10.436952590942383,576694,0.0,0.0
1994-12-15 00:00:00-05:00,10.397935841499121,10.651544151098514,10.397935841499121,10.573511123657227,361534,0.0,0.0
1994-12-16 00:00:00-05:00,10.5930188496008,10.690560129013692,10.5930188496008,10.651543617248535,1255426,0.0,0.0
1994-12-19 00:00:00-05:00,10.729574858536754,10.846624374389648,10.729574858536754,10.846624374389648,389570,0.0,0.0
1994-12-20 00:00:00-05:00,10.8466260543919,10.983184814453125,10.8466260543919,10.983184814453125,226570,0.0,0.0
1994-12-21 00:00:00-05:00,10.963677196274295,10.983185453072332,10.924660682678223,10.924660682678223,247760,0.0,0.0
1994-12-22 00:00:00-05:00,10.924659418979392,11.061218171184557,10.924659418979392,11.041708946228027,651674,0.0,0.0
1994-12-23 00:00:00-05:00,11.080730079362455,11.295321939283777,11.080730079362455,11.197779655456543,765122,0.0,0.0
1994-12-27 00:00:00-05:00,11.197776244325498,11.275810241699219,11.178268958001066,11.275810241699219,377508,0.0,0.0
1994-12-28 00:00:00-05:00,11.236794158752746,11.256302416239826,11.158760158389187,11.178269386291504,581584,0.0,0.0
1994-12-29 00:00:00-05:00,11.217288990106232,11.431879881554783,11.19777975683177,11.412372589111328,258518,0.0,0.0
1994-12-30 00:00:00-05:00,11.392857223199195,11.412366445972077,11.314824213767585,11.334332466125488,251020,0.0,0.0
1995-01-03 00:00:00-05:00,11.29531478881836,11.29531478881836,11.217281787487527,11.29531478881836,286228,0.0,0.0
1995-01-04 00:00:00-05:00,11.27580687063812,11.353839874267578,11.23679036882339,11.353839874267578,520622,0.0,0.0
1995-01-05 00:00:00-05:00,11.33433341973934,11.568433438145147,11.31482516574011,11.509908676147461,1006036,0.0,0.0
1995-01-06 00:00:00-05:00,11.470898355620662,11.646472736319598,11.470898355620662,11.60745620727539,663410,0.0,0.0
1995-01-09 00:00:00-05:00,11.587947942753287,11.646472736319598,11.568439678231183,11.60745620727539,481828,0.0,0.0
1995-01-10 00:00:00-05:00,11.626959464479928,11.80253473998043,11.626959464479928,11.744009971618652,436840,0.0,0.0
1995-01-11 00:00:00-05:00,11.704995922568827,11.783028963472418,11.587945390798069,11.66597843170166,541160,0.0,0.0
1995-01-12 00:00:00-05:00,11.62695756673175,11.646465819668212,11.568432807922363,11.568432807922363,568218,0.0,0.0
1995-01-13 00:00:00-05:00,11.568439678231183,11.626964471797494,11.548931413709079,11.60745620727539,884764,0.0,0.0
1995-01-16 00:00:00-05:00,11.587947942753287,11.685489265363808,11.587947942753287,11.60745620727539,206684,0.0,0.0
1995-01-17 00:00:00-05:00,11.587941060858826,11.607449313795287,11.509908049112978,11.568432807922363,264386,0.0,0.0
1995-01-18 00:00:00-05:00,11.529422166265084,11.529422166265084,11.373355092977906,11.412372589111328,412716,0.0,0.0
1995-01-19 00:00:00-05:00,11.373353958129883,11.373353958129883,11.275812653567884,11.373353958129883,527468,0.0,0.0
1995-01-20 00:00:00-05:00,11.392857223199195,11.392857223199195,11.295315961409683,11.334332466125488,468136,0.0,0.0
1995-01-23 00:00:00-05:00,11.236796131743084,11.392862219042282,11.236796131743084,11.373353958129883,840102,0.0,0.0
1995-01-24 00:00:00-05:00,11.373349819423725,11.373349819423725,11.314825057983398,11.314825057983398,348820,0.0,0.0
1995-01-25 00:00:00-05:00,11.334333311796842,11.373349819423725,11.295316804169957,11.314825057983398,394460,0.0,0.0
1995-01-26 00:00:00-05:00,11.314830304401028,11.412372589111328,11.314830304401028,11.412372589111328,351754,0.0,0.0
1995-01-27 00:00:00-05:00,11.412372589111328,11.412372589111328,11.334338567259987,11.412372589111328,327304,0.0,0.0
1995-01-30 00:00:00-05:00,11.431872877897035,11.451382099219309,11.334331623360214,11.353839874267578,251346,0.0,0.0
1995-01-31 00:00:00-05:00,11.334340571656584,11.334340571656584,11.139257908568025,11.236799240112305,385658,0.0,0.0
1995-02-01 00:00:00-05:00,11.25630358261568,11.2758118421242,11.178270544581588,11.217287063598633,501062,0.0,0.0
1995-02-02 00:00:00-05:00,11.197777542477521,11.197777542477521,11.119744506472673,11.158761024475098,441404,0.0,0.0
1995-02-03 00:00:00-05:00,11.17827236318969,11.314830201966124,11.139255837824994,11.197779655456543,1130894,0.0,0.0
1995-02-06 00:00:00-05:00,11.197774051957825,11.490399786590652,11.197774051957825,11.392857551574707,1018750,0.0,0.0
1995-02-07 00:00:00-05:00,11.392855962338034,11.470889933548511,11.334331211741333,11.45138168334961,920298,0.0,0.0
1995-02-08 00:00:00-05:00,11.45138329030359,11.587941060858826,11.45138329030359,11.568432807922363,755668,0.0,0.0
1995-02-09 00:00:00-05:00,11.548924446105957,11.587940951611046,11.50990794060087,11.548924446105957,373270,0.0,0.0
1995-02-10 00:00:00-05:00,11.607451931221506,11.880568504333496,11.607451931221506,11.880568504333496,1934810,0.0,0.0
1995-02-13 00:00:00-05:00,11.891576155398052,11.950542449951172,11.852265292362638,11.950542449951172,394786,0.174847,0.0
1995-02-14 00:00:00-05:00,11.950545936712397,12.127444871984824,11.950545936712397,12.068479537963867,1338882,0.0,0.0
1995-02-15 00:00:00-05:00,12.088130316049888,12.166753018851896,12.0095085909841,12.14709758758545,444338,0.0,0.0
1995-02-16 00:00:00-05:00,12.127442510211058,12.147098921372057,11.891577309115014,11.930888175964355,394786,0.0,0.0
1995-02-17 00:00:00-05:00,11.911229608132254,11.911229608132254,11.7146743478722,11.773640632629395,452488,0.0,0.0
1995-02-21 00:00:00-05:00,11.773644548425036,11.871922700109423,11.773644548425036,11.852267265319824,514428,0.0,0.0
1995-02-22 00:00:00-05:00,11.852267265319824,11.871922700109423,11.793300960951031,11.852267265319824,756972,0.0,0.0
1995-02-23 00:00:00-05:00,11.852266106438895,11.930887837909877,11.83261067357115,11.87192153930664,1382240,0.0,0.0
1995-02-24 00:00:00-05:00,11.8915774384525,12.009510040283203,11.8915774384525,12.009510040283203,928774,0.0,0.0
1995-02-27 00:00:00-05:00,12.009508994889424,12.147097996118184,12.009508994889424,12.107787132263184,637656,0.0,0.0
1995-02-28 00:00:00-05:00,12.10778044317977,12.265023811728858,12.10778044317977,12.20605754852295,608316,0.0,0.0
1995-03-01 00:00:00-05:00,12.20606191601358,12.245372772216797,12.186406487911972,12.245372772216797,515406,0.0,0.0
1995-03-02 00:00:00-05:00,12.147105394427006,12.304348945617676,12.147105394427006,12.304348945617676,632766,0.0,0.0
1995-03-03 00:00:00-05:00,12.284683628420014,12.284683628420014,12.166751059810363,12.245372772216797,199838,0.0,0.0
1995-03-06 00:00:00-05:00,12.186412161478819,12.186412161478819,12.048823122974856,12.068479537963867,245804,0.0,0.0
1995-03-07 00:00:00-05:00,12.048820776512377,12.127442510211058,11.911232742539685,11.930888175964355,414346,0.0,0.0
1995-03-08 00:00:00-05:00,11.93088360582728,11.97019445761856,11.852261902244722,11.91122817993164,805546,0.0,0.0
1995-03-09 00:00:00-05:00,11.930890499459904,12.127444871984824,11.930890499459904,12.068479537963867,1011578,0.0,0.0
1995-03-10 00:00:00-05:00,12.088122532602153,12.304333115052984,12.088122532602153,12.265022277832031,1758444,0.0,0.0
1995-03-13 00:00:00-05:00,12.245375200782483,12.559863090515137,12.245375200782483,12.559863090515137,1275964,0.0,0.0
1995-03-14 00:00:00-05:00,12.579514760454554,12.972624260622021,12.579514760454554,12.835036277770996,1800824,0.0,0.0
1995-03-15 00:00:00-05:00,12.854700512358978,12.894011391539244,12.756423314408313,12.815389633178711,2236686,0.0,0.0
1995-03-16 00:00:00-05:00,12.87946279862891,13.328001304053798,12.87946279862891,13.23188591003418,1376800,0.0,1.63
1995-03-17 00:00:00-05:00,13.263916554852067,13.712454795837402,13.199839663282734,13.712454795837402,2364200,0.0,0.0
1995-03-20 00:00:00-05:00,13.744501620880056,13.744501620880056,13.488193898346161,13.680424690246582,1464000,0.0,0.0
1995-03-21 00:00:00-05:00,13.712458113920853,13.936727288681242,13.680419660383656,13.904688835144043,1744600,0.0,0.0
1995-03-22 00:00:00-05:00,13.840617466639806,13.90469439935573,13.712463601207956,13.744502067565918,1471800,0.0,0.0
1995-03-23 00:00:00-05:00,13.680424690246582,13.712463155563318,13.488193898346161,13.680424690246582,1153200,0.0,0.0
1995-03-24 00:00:00-05:00,13.616339458483402,13.84060857897607,13.616339458483402,13.712454795837402,835200,0.0,0.0
1995-03-27 00:00:00-05:00,13.64838842625888,13.680426896743056,13.552273014806351,13.584311485290527,534000,0.0,0.0
1995-03-28 00:00:00-05:00,13.552269987957574,13.58430845128608,13.39207767131505,13.424116134643555,1424800,0.0,0.0
1995-03-29 00:00:00-05:00,13.328000744658041,13.52023152462907,13.328000744658041,13.424116134643555,1143400,0.0,0.0
1995-03-30 00:00:00-05:00,13.456147894801864,13.456147894801864,13.263917210590408,13.295955657958984,1270800,0.0,0.0
1995-03-31 00:00:00-05:00,13.295957551780322,13.552265167236328,13.103726840188317,13.552265167236328,982600,0.0,0.0
1995-04-03 00:00:00-04:00,13.488195423986397,13.552272361867567,13.071695327758789,13.071695327758789,450400,0.0,0.0
1995-04-04 00:00:00-04:00,13.103729899112993,13.360037574401268,12.815383764413687,13.327999114990234,1558000,0.0,0.0
1995-04-05 00:00:00-04:00,13.263922196168165,13.327999114990234,13.231883736757132,13.327999114990234,1668400,0.0,0.0
1995-04-06 00:00:00-04:00,13.3279934464214,13.712454795837402,13.263916554852067,13.712454795837402,991200,0.0,0.0
1995-04-07 00:00:00-04:00,13.68041990638609,13.968765993405936,13.68041990638609,13.808573722839355,1338400,0.0,0.0
1995-04-10 00:00:00-04:00,13.808574378760152,14.22507430201742,13.808574378760152,14.16099739074707,621000,0.0,0.0
1995-04-11 00:00:00-04:00,14.096925805468077,14.41731048286508,13.904694999029877,13.968771934509277,1394600,0.0,0.0
1995-04-12 00:00:00-04:00,13.904696086096386,14.128965377807617,13.904696086096386,14.128965377807617,1322600,0.0,0.0
1995-04-13 00:00:00-04:00,14.128961335528981,14.257115179842168,14.096922874450684,14.096922874450684,1152000,0.0,0.0
1995-04-17 00:00:00-04:00,14.096926988125938,14.096926988125938,13.968773106415702,14.000811576843262,1285800,0.0,0.0
1995-04-18 00:00:00-04:00,14.064888437318695,14.16100384805208,14.032849967074233,14.128965377807617,1100200,0.0,0.0
1995-04-19 00:00:00-04:00,14.16099500656128,14.385264158248901,14.12895655632019,14.353225708007812,581800,0.0,0.0
1995-04-20 00:00:00-04:00,14.35322688694295,14.609534509924075,14.35322688694295,14.513419151306152,1759400,0.0,0.0
1995-04-21 00:00:00-04:00,14.545456409454346,14.545456409454346,14.321187257766724,14.353225708007812,1380000,0.0,0.0
1995-04-24 00:00:00-04:00,14.577497617673066,15.314382112632364,14.417305336160176,15.122151374816895,896200,0.0,0.0
1995-04-25 00:00:00-04:00,14.993999564129373,14.993999564129373,14.57749957623689,14.737691879272461,1946800,0.0,0.0
1995-04-26 00:00:00-04:00,14.609532614506637,15.026032447814941,14.54545571707459,15.026032447814941,1640000,0.0,0.0
1995-04-27 00:00:00-04:00,14.929926432412245,15.090118776107655,14.737695619977753,14.865849494934082,1953800,0.0,0.0
1995-04-28 00:00:00-04:00,14.83380485097051,14.89788176177384,14.705651029363855,14.801766395568848,1213800,0.0,0.0
1995-05-01 00:00:00-04:00,14.833806037902832,14.833806037902832,14.7056522060419,14.833806037902832,1175200,0.0,0.0
1995-05-02 00:00:00-04:00,14.833812802965085,14.865851275541683,14.673620440082093,14.705658912658691,1422600,0.0,0.0
1995-05-03 00:00:00-04:00,14.737692735134027,14.994000434875488,14.64157734773098,14.994000434875488,1988200,0.0,0.0
1995-05-04 00:00:00-04:00,15.058075151945415,15.250305898565996,14.897882863094932,15.218267440795898,932200,0.0,0.0
1995-05-05 00:00:00-04:00,15.218269672149267,15.250308134616951,14.994000434875488,14.994000434875488,779000,0.0,0.0
1995-05-08 00:00:00-04:00,14.961972100972623,15.18624149006643,14.929933616816365,15.090126037597656,690200,0.0,0.0
1995-05-09 00:00:00-04:00,15.026031735602844,15.122147077195187,14.993993288405397,15.058070182800293,690400,0.0,0.0
1995-05-10 00:00:00-04:00,15.090115134946762,15.090115134946762,14.865845907888104,14.897884368896484,799600,0.0,0.0
1995-05-11 00:00:00-04:00,14.865843306372176,14.929920217175503,14.769727940167183,14.801766395568848,636800,0.0,0.0
1995-05-12 00:00:00-04:00,14.73769847232746,15.346429496184465,14.705659997387619,15.15419864654541,1227800,0.0,0.0
1995-05-15 00:00:00-04:00,15.15419876026808,15.378468086529976,15.15419876026808,15.314391136169434,1002800,0.0,0.0
1995-05-16 00:00:00-04:00,15.314390424822198,15.666813635435261,15.314390424822198,15.634775161743164,1068000,0.0,0.0
1995-05-17 00:00:00-04:00,15.570695213649584,15.63477214868518,15.378464408542799,15.474579811096191,868200,0.0,0.0
1995-05-18 00:00:00-04:00,15.31438161954598,15.378458530088013,15.186227798461914,15.186227798461914,1290800,0.0,0.0
1995-05-19 00:00:00-04:00,14.993999751921622,15.058076673938382,14.801768985871346,14.897884368896484,962800,0.0,0.0
1995-05-22 00:00:00-04:00,14.89788176177384,14.89788176177384,14.769727940167183,14.801766395568848,613200,0.0,0.0
1995-05-23 00:00:00-04:00,14.8017675799376,14.897882953833298,14.737690664007134,14.833806037902832,799400,0.0,0.0
1995-05-24 00:00:00-04:00,14.83380479048073,15.41049698535903,14.83380479048073,15.186227798461914,1048600,0.0,0.0
1995-05-25 00:00:00-04:00,15.340929611174065,15.405387298615974,15.147556548848343,15.37315845489502,1095800,0.175,0.0
1995-05-26 00:00:00-04:00,15.276471923732158,15.37315845489502,15.244243080011204,15.37315845489502,643000,0.0,0.0
1995-05-30 00:00:00-04:00,15.276469230651855,15.308698068691205,15.147553878494456,15.276469230651855,352000,0.0,0.0
1995-05-31 00:00:00-04:00,15.179781987887472,15.340926170349121,15.083095478410481,15.340926170349121,864000,0.0,0.0
1995-06-01 00:00:00-04:00,15.34091869362179,15.502062797546387,15.24423223126703,15.502062797546387,1064800,0.0,0.0
1995-06-02 00:00:00-04:00,15.308697188821366,15.566527878317304,15.244239516447381,15.437612533569336,826200,0.0,0.0
1995-06-05 00:00:00-04:00,15.4376114413946,15.663213278742747,15.405382607487722,15.534297943115234,831400,0.0,0.0
1995-06-06 00:00:00-04:00,15.469848441279582,15.534306143118249,15.373161888521585,15.405390739440918,650600,0.0,0.0
1995-06-07 00:00:00-04:00,15.340926025008358,15.437612533569336,15.308697188821366,15.437612533569336,489600,0.0,0.0
1995-06-08 00:00:00-04:00,15.373161888521585,15.534306143118249,15.373161888521585,15.405390739440918,979800,0.0,0.0
1995-06-09 00:00:00-04:00,15.276466914585658,15.276466914585658,14.857492083594911,14.889720916748047,2219200,0.0,0.0
1995-06-12 00:00:00-04:00,14.986408314806349,15.24423899549119,14.986408314806349,15.147552490234375,1398000,0.0,0.0
1995-06-13 00:00:00-04:00,15.276468497364462,15.469841516318443,15.212010824379801,15.340926170349121,763800,0.0,0.0
1995-06-14 00:00:00-04:00,15.340933995317455,15.340933995317455,15.2120185835921,15.244247436523438,779400,0.0,0.0
1995-06-15 00:00:00-04:00,15.244240025972065,15.405384212293123,15.179782351443642,15.308697700500488,863400,0.0,0.0
1995-06-16 00:00:00-04:00,15.340937524175446,15.663226127624512,15.340937524175446,15.663226127624512,1208000,0.0,0.0
1995-06-19 00:00:00-04:00,15.856585648480584,16.501162300857843,15.856585648480584,16.436704635620117,1111000,0.0,0.0
1995-06-20 00:00:00-04:00,16.340019670251298,16.726765697949553,16.243333163326735,16.468935012817383,971200,0.0,0.0
1995-06-21 00:00:00-04:00,16.404477341534342,16.533392684100427,16.404477341534342,16.468935012817383,1072800,0.0,0.0
1995-06-22 00:00:00-04:00,16.43670691019894,16.501164584356584,16.372249236041295,16.404478073120117,750600,0.0,0.0
1995-06-23 00:00:00-04:00,16.307791561883654,16.43670691019894,16.275562724804832,16.404478073120117,612800,0.0,0.0
1995-06-26 00:00:00-04:00,16.372257255879184,16.372257255879184,15.888824462890625,15.888824462890625,1432600,0.0,0.0
1995-06-27 00:00:00-04:00,16.049965815465956,16.114423509503972,15.663219651237862,15.727677345275879,1679200,0.0,0.0
1995-06-28 00:00:00-04:00,15.695445327141023,15.92104721069336,15.630987646126071,15.92104721069336,819200,0.0,0.0
1995-06-29 00:00:00-04:00,15.888813126039315,16.082186105260888,15.872698711104183,16.049957275390625,880800,0.0,0.0
1995-06-30 00:00:00-04:00,16.082183615051875,16.340014214090782,16.082183615051875,16.275556564331055,1856200,0.0,0.0
1995-07-03 00:00:00-04:00,16.243334184347045,16.243334184347045,16.14664767134498,16.211105346679688,359800,0.0,0.0
1995-07-05 00:00:00-04:00,16.146648038430993,16.24333455363118,16.146648038430993,16.178876876831055,515800,0.0,0.0
1995-07-06 00:00:00-04:00,16.24333181744348,16.24333181744348,15.985501153674537,16.08218765258789,1078200,0.0,0.0
1995-07-07 00:00:00-04:00,16.082197185546633,16.372256854223824,16.049968333471387,16.24334144592285,1131000,0.0,0.0
1995-07-10 00:00:00-04:00,16.275560472525804,16.46893346823898,16.21110280728808,16.436704635620117,786800,0.0,0.0
1995-07-11 00:00:00-04:00,16.37224850589282,16.662308026666512,16.37224850589282,16.468935012817383,955000,0.0,0.0
1995-07-12 00:00:00-04:00,16.533387163369962,16.533387163369962,16.275556564331055,16.275556564331055,1261000,0.0,0.0
1995-07-13 00:00:00-04:00,16.307792230431303,16.307792230431303,15.985503846430683,16.178876876831055,970000,0.0,0.0
1995-07-14 00:00:00-04:00,16.04995991337684,16.08218874854426,15.921044572707146,15.985502243041992,370200,0.0,0.0
1995-07-17 00:00:00-04:00,16.178879531860353,16.211108375549315,16.049964157104494,16.114421844482422,1064800,0.0,0.0
1995-07-18 00:00:00-04:00,16.11441721618775,16.1788748850525,15.98550187845825,16.017730712890625,618400,0.0,0.0
1995-07-19 00:00:00-04:00,16.01773151382039,16.01773151382039,15.308697120854497,15.695443153381348,1614400,0.0,0.0
1995-07-20 00:00:00-04:00,15.727670041479247,16.049958362001362,15.695441209427035,15.953271865844727,1017800,0.0,0.0
1995-07-21 00:00:00-04:00,15.82436225128174,16.178879531860353,15.82436225128174,16.114421844482422,686600,0.0,0.0
1995-07-24 00:00:00-04:00,16.082190361630868,16.24333455363118,16.082190361630868,16.178876876831055,660600,0.0,0.0
1995-07-25 00:00:00-04:00,16.211108375549315,16.211108375549315,16.082193000793456,16.114421844482422,1084200,0.0,0.0
1995-07-26 00:00:00-04:00,16.114417583711685,16.17887525404653,15.921044572707146,15.985502243041992,753600,0.0,0.0
1995-07-27 00:00:00-04:00,16.11441867659317,16.855681935716458,16.11441867659317,16.72676658630371,1448000,0.0,0.0
1995-07-28 00:00:00-04:00,16.630077816889838,16.920137313696056,16.468933651997492,16.75899314880371,847000,0.0,0.0
1995-07-31 00:00:00-04:00,16.758995587024728,17.016826288363568,16.211105346679688,16.211105346679688,1091600,0.0,0.0
1995-08-01 00:00:00-04:00,16.243334252064624,16.436707278874916,16.243334252064624,16.372249603271484,460200,0.0,0.0
1995-08-02 00:00:00-04:00,16.372249535016465,16.533393723353242,16.11441883367762,16.211105346679688,675600,0.0,0.0
1995-08-03 00:00:00-04:00,16.211112593847606,16.24334144592285,16.049968333471387,16.24334144592285,651800,0.0,0.0
1995-08-04 00:00:00-04:00,16.2433302546122,16.275559084482463,15.9854996156501,16.049957275390625,343600,0.0,0.0
1995-08-07 00:00:00-04:00,16.049964157104494,16.114421844482422,15.953277626037599,16.114421844482422,769200,0.0,0.0
1995-08-08 00:00:00-04:00,16.049962572723263,16.049962572723263,15.598758805618594,15.92104721069336,2592200,0.0,0.0
1995-08-09 00:00:00-04:00,15.921048119511829,15.921048119511829,15.66321738073431,15.759903907775879,704000,0.0,0.0
1995-08-10 00:00:00-04:00,15.759899780463382,15.759899780463382,15.469840275301479,15.534297943115234,1089600,0.0,0.0
1995-08-11 00:00:00-04:00,15.59875561092899,15.63098444483587,15.340924939673966,15.534297943115234,1165000,0.0,0.0
1995-08-14 00:00:00-04:00,15.534297943115234,15.566526777022112,15.469840275301479,15.534297943115234,794600,0.0,0.0
1995-08-15 00:00:00-04:00,15.534297943115234,15.695442112649625,15.405382607487722,15.534297943115234,1273200,0.0,0.0
1995-08-16 00:00:00-04:00,15.502070211782689,15.888816246172278,15.502070211782689,15.856587409973145,711800,0.0,0.0
1995-08-17 00:00:00-04:00,15.888816246172278,16.04996042716794,15.856587409973145,15.856587409973145,365000,0.0,0.0
1995-08-18 00:00:00-04:00,15.953273407874569,16.04995991337684,15.888815737539723,15.985502243041992,426200,0.0,0.0
1995-08-21 00:00:00-04:00,16.017728445520362,16.11441493513115,15.9854996156501,16.049957275390625,412600,0.0,0.0
1995-08-22 00:00:00-04:00,16.017731078209415,16.04995991337684,15.888815737539723,15.985502243041992,329600,0.0,0.0
1995-08-23 00:00:00-04:00,16.049962572723263,16.082191413230742,15.888818370185883,15.92104721069336,544000,0.0,0.0
1995-08-24 00:00:00-04:00,15.921056005474021,15.953284863784697,15.792140572231316,15.824369430541992,836800,0.0,0.0
1995-08-25 00:00:00-04:00,15.792140572231316,15.824369430541992,15.695453997299289,15.824369430541992,475400,0.0,0.0
1995-08-28 00:00:00-04:00,15.953277891332453,15.953277891332453,15.502074072183657,15.598760604858398,560200,0.0,0.0
1995-08-29 00:00:00-04:00,15.759899780463382,15.759899780463382,15.469840275301479,15.534297943115234,554000,0.0,0.0
1995-08-30 00:00:00-04:00,15.592654770919959,15.787157741035383,15.592654770919959,15.722323417663574,1073000,0.175,0.0
1995-08-31 00:00:00-04:00,15.722318939114986,15.787153244018555,15.689901786663203,15.787153244018555,1093200,0.0,0.0
1995-09-01 00:00:00-04:00,15.819569946534678,16.14374146183252,15.787152795004893,16.111324310302734,904600,0.0,0.0
1995-09-05 00:00:00-04:00,16.078910040476966,16.403081613873677,15.949241411118281,16.338247299194336,1584200,0.0,0.0
1995-09-06 00:00:00-04:00,16.338247854878585,16.46791648864746,16.273413537994145,16.46791648864746,976800,0.0,0.0
1995-09-07 00:00:00-04:00,16.53275094472589,16.56516810344104,16.435499468580442,16.500333786010742,751800,0.0,0.0
1995-09-08 00:00:00-04:00,16.46791648864746,16.5327508055319,16.40308217176302,16.46791648864746,193200,0.0,0.0
1995-09-11 00:00:00-04:00,16.500333786010742,16.597585262156187,16.30583083371985,16.500333786010742,782000,0.0,0.0
1995-09-12 00:00:00-04:00,16.435493318459734,16.532744758213934,16.3058247321208,16.403076171875,583600,0.0,0.0
1995-09-13 00:00:00-04:00,16.46790947020054,16.629995193332434,16.43549232557416,16.597578048706055,422400,0.0,0.0
1995-09-14 00:00:00-04:00,16.62999312518394,16.759661687563543,16.53274170339924,16.56515884399414,625600,0.0,0.0
1995-09-15 00:00:00-04:00,16.921757831129916,16.921757831129916,16.597586225169575,16.72725486755371,917600,0.0,0.0
1995-09-18 00:00:00-04:00,16.69482740637374,16.759661687563543,16.56515884399414,16.56515884399414,697000,0.0,0.0
1995-09-19 00:00:00-04:00,16.662422313505004,16.792090969641233,16.662422313505004,16.694839477539062,646600,0.0,0.0
1995-09-20 00:00:00-04:00,16.856924192461538,17.05142716391302,16.824507030552958,16.889341354370117,993800,0.0,0.0
1995-09-21 00:00:00-04:00,16.921757831129916,17.01900931291802,16.66242054636164,16.72725486755371,1157800,0.0,0.0
1995-09-22 00:00:00-04:00,16.630003385765608,16.79208918874578,16.597586225169575,16.72725486755371,372600,0.0,0.0
1995-09-25 00:00:00-04:00,16.824506895358745,16.889341218654927,16.759672572062566,16.856924057006836,458600,0.0,0.0
1995-09-26 00:00:00-04:00,16.824501037597656,16.889335338320574,16.759666736874735,16.824501037597656,695600,0.0,0.0
1995-09-27 00:00:00-04:00,16.824508224343354,17.27834852326591,16.792091060134602,17.18109703063965,839400,0.0,0.0
1995-09-28 00:00:00-04:00,17.2135132304783,17.472850529619215,17.2135132304783,17.408016204833984,755200,0.0,0.0
1995-09-29 00:00:00-04:00,17.37559904244137,17.6673535039749,17.37559904244137,17.408016204833984,669000,0.0,0.0
1995-10-02 00:00:00-04:00,17.375597948388023,17.375597948388023,16.98659202417038,17.148677825927734,1122400,0.0,0.0
1995-10-03 00:00:00-04:00,17.11626574101339,17.21351725090551,16.921762721229143,16.986597061157227,754800,0.0,0.0
1995-10-04 00:00:00-04:00,16.565164420183965,16.727250177720013,16.3382443596335,16.532747268676758,3080000,0.0,0.0
1995-10-05 00:00:00-04:00,16.66242028727676,17.116260528564453,16.565168807000827,17.116260528564453,1111600,0.0,0.0
1995-10-06 00:00:00-04:00,17.116260528564453,17.116260528564453,16.986591888196543,17.116260528564453,474400,0.0,0.0
1995-10-09 00:00:00-04:00,17.019014611868524,17.18110046531489,16.856928758422157,17.08384895324707,1113200,0.0,0.0
1995-10-10 00:00:00-04:00,16.954175813901468,16.98659297606954,16.856924327397255,16.9217586517334,993200,0.0,0.0
1995-10-11 00:00:00-04:00,16.92175464415818,17.310760498046875,16.92175464415818,17.310760498046875,835600,0.0,0.0
1995-10-12 00:00:00-04:00,17.375606091353145,17.959115251137394,17.375606091353145,17.764612197875977,936200,0.0,0.0
1995-10-13 00:00:00-04:00,17.764612197875977,17.959115251137394,17.764612197875977,17.764612197875977,695400,0.0,0.0
1995-10-16 00:00:00-04:00,17.764607733345382,17.764607733345382,17.50527039417246,17.602521896362305,626400,0.0,0.0
1995-10-17 00:00:00-04:00,17.53769196907099,17.861863724506684,17.53769196907099,17.764612197875977,506200,0.0,0.0
1995-10-18 00:00:00-04:00,17.894267890500934,17.991519346427573,17.829433586549847,17.86185073852539,547000,0.0,0.0
1995-10-19 00:00:00-04:00,17.89426832508955,18.153605547192296,17.89426832508955,17.959102630615234,601000,0.0,0.0
1995-10-20 00:00:00-04:00,17.959097828183857,18.153600692749023,17.894263539995467,18.153600692749023,543200,0.0,0.0
1995-10-23 00:00:00-04:00,18.08877395797562,18.08877395797562,17.667350908775468,17.69976806640625,476600,0.0,0.0
1995-10-24 00:00:00-04:00,17.6349434957017,17.894280900050255,17.60252632015813,17.764612197875977,499800,0.0,0.0
1995-10-25 00:00:00-04:00,17.764612197875977,17.861863724506684,17.66736067124527,17.764612197875977,930800,0.0,0.0
1995-10-26 00:00:00-04:00,17.76459518460411,17.959098051588825,17.50525802862449,17.797012329101562,622200,0.0,0.0
1995-10-27 00:00:00-04:00,17.73218256127533,18.023936936140924,17.667348255749644,17.959102630615234,372000,0.0,0.0
1995-10-30 00:00:00-05:00,18.023939500161266,18.05635665753566,17.505264982171013,17.66735076904297,496400,0.0,0.0
1995-10-31 00:00:00-05:00,17.667354450506323,17.76460594289443,17.634937286376953,17.634937286376953,649800,0.0,0.0
1995-11-01 00:00:00-05:00,17.699773398552153,17.699773398552153,17.57010472896569,17.602521896362305,981200,0.0,0.0
1995-11-02 00:00:00-05:00,17.63493361166858,17.66735076904297,17.602516454294186,17.66735076904297,716400,0.0,0.0
1995-11-03 00:00:00-05:00,17.634937286376953,17.667354450506323,17.602520122247583,17.634937286376953,443400,0.0,0.0
1995-11-06 00:00:00-05:00,17.63493906375892,17.63493906375892,17.537687561569076,17.602521896362305,642600,0.0,0.0
1995-11-07 00:00:00-05:00,17.602516732224597,17.764602521655764,17.570099574338364,17.73218536376953,464800,0.0,0.0
1995-11-08 00:00:00-05:00,17.764594963618688,18.18601783684322,17.732177819524495,18.153600692749023,662800,0.0,0.0
1995-11-09 00:00:00-05:00,18.121190884634586,18.121190884634586,17.95910509854662,18.088773727416992,368000,0.0,0.0
1995-11-10 00:00:00-05:00,17.959103062080096,18.15360598333006,17.959103062080096,18.056354522705078,234000,0.0,0.0
1995-11-13 00:00:00-05:00,17.959100871043162,18.056352319803324,17.82943227269628,17.991518020629883,183400,0.0,0.0
1995-11-14 00:00:00-05:00,17.894270784111434,18.121190884634586,17.829436469676246,18.088773727416992,244200,0.0,0.0
1995-11-15 00:00:00-05:00,18.088769337487598,18.380523681640625,17.861849292035245,18.380523681640625,321800,0.0,0.0
1995-11-16 00:00:00-05:00,18.38052192540236,18.477773364161102,18.283270486643616,18.412939071655273,535800,0.0,0.0
1995-11-17 00:00:00-05:00,18.41295103593306,18.737122709100895,18.348116701299492,18.542619705200195,546600,0.0,0.0
1995-11-20 00:00:00-05:00,18.44535255432129,18.57502111357838,18.315683995064198,18.44535255432129,355400,0.0,0.0
1995-11-21 00:00:00-05:00,18.41294026374817,18.76952889561653,18.41294026374817,18.672277450561523,396200,0.0,0.0
1995-11-22 00:00:00-05:00,18.607451026414918,18.834371160883393,18.607451026414918,18.737119674682617,468600,0.0,0.0
1995-11-24 00:00:00-05:00,18.737119809745302,18.83437129664709,18.672285485144105,18.7695369720459,45800,0.0,0.0
1995-11-27 00:00:00-05:00,18.704708722039186,19.061297623152583,18.704708722039186,18.86679458618164,426800,0.0,0.0
1995-11-28 00:00:00-05:00,18.931616558081426,19.255788074486933,18.801947951519224,19.09370231628418,316000,0.0,0.0
1995-11-29 00:00:00-05:00,19.087188318473142,19.34776426821339,19.02204433103808,19.152332305908203,643000,0.175,0.0
1995-11-30 00:00:00-05:00,19.08718851924552,19.38033646578683,19.022044531125225,19.119760513305664,359200,0.0,0.0
1995-12-01 00:00:00-05:00,19.087185829020594,19.60833766052969,19.054613839551276,19.250045776367188,410400,0.0,0.0
1995-12-04 00:00:00-05:00,19.217478002473737,19.315193992316825,19.119762012630652,19.184906005859375,357200,0.0,0.0
1995-12-05 00:00:00-05:00,19.250045716068314,19.57576560974121,19.087185769231862,19.57576560974121,846200,0.0,0.0
1995-12-06 00:00:00-05:00,19.575770920584254,19.934062900827893,19.543198922380284,19.640914916992188,484800,0.0,0.0
1995-12-07 00:00:00-05:00,19.673485616048175,19.771201604207356,19.543197631835938,19.543197631835938,1042000,0.0,0.0
1995-12-08 00:00:00-05:00,19.510622819531864,19.510622819531864,19.054614940611252,19.380334854125977,413200,0.0,0.0
1995-12-11 00:00:00-05:00,19.315197621361683,19.41291362956419,19.152337607690843,19.21748161315918,439000,0.0,0.0
1995-12-12 00:00:00-05:00,19.282622880004475,19.347766876220703,19.119762889463896,19.347766876220703,531600,0.0,0.0
1995-12-13 00:00:00-05:00,19.282625463788175,20.1946415330214,19.250053461315563,20.129497528076172,1190800,0.0,0.0
1995-12-14 00:00:00-05:00,19.803773350869456,20.25978128986974,19.673485368297946,20.194637298583984,955800,0.0,0.0
1995-12-15 00:00:00-05:00,20.19463548503938,20.19463548503938,19.836343565143522,19.868915557861328,1218000,0.0,0.0
1995-12-18 00:00:00-05:00,19.901489337798086,20.422641268084124,19.7386293595837,20.194637298583984,866000,0.0,0.0
1995-12-19 00:00:00-05:00,19.868920654496012,20.064352660933675,19.47805664162068,19.966636657714844,1428000,0.0,0.0
1995-12-20 00:00:00-05:00,19.96662883261516,20.259776727384388,19.96662883261516,19.99920082092285,991200,0.0,0.0
1995-12-21 00:00:00-05:00,20.06435352313094,20.1946415330214,19.640917490986944,20.129497528076172,823600,0.0,0.0
1995-12-22 00:00:00-05:00,20.19464449867175,20.292360520439516,20.096928476903983,20.259788513183594,845400,0.0,0.0
1995-12-26 00:00:00-05:00,20.259788513183594,20.292360520439516,20.129500484159905,20.259788513183594,153800,0.0,0.0
1995-12-27 00:00:00-05:00,20.259789160264713,20.324933176857204,20.096929118783486,20.162073135375977,350400,0.0,0.0
1995-12-28 00:00:00-05:00,20.12949797332475,20.715794030800225,20.12949797332475,20.650650024414062,625000,0.0,0.0
1995-12-29 00:00:00-05:00,20.65064470677436,20.65064470677436,20.455212737940535,20.585500717163086,1805600,0.0,0.0
1996-01-02 00:00:00-05:00,20.422647048687114,20.813511107035193,20.259787024375413,20.78093910217285,1159200,0.0,0.0
1996-01-03 00:00:00-05:00,20.846083331259955,20.943799346875235,20.162071221952985,20.455219268798828,1244800,0.0,0.0
1996-01-04 00:00:00-05:00,20.650648288237743,20.650648288237743,20.09692428050897,20.324928283691406,750800,0.0,0.0
1996-01-05 00:00:00-05:00,20.259789160264713,20.259789160264713,20.06435711048724,20.162073135375977,715000,0.0,0.0
1996-01-08 00:00:00-05:00,20.78093825842361,21.074086290282253,20.48779022656497,20.911226272583008,2254000,0.0,0.0
1996-01-09 00:00:00-05:00,20.58549327820114,20.846069142482172,20.357489396955245,20.552921295166016,1856200,0.0,0.0
1996-01-10 00:00:00-05:00,20.390072284600674,20.487788285964573,20.19464028187287,20.324928283691406,1531000,0.0,0.0
1996-01-11 00:00:00-05:00,20.19463200318186,20.19463200318186,19.608336235347547,19.803768157958984,791200,0.0,0.0
1996-01-12 00:00:00-05:00,19.73862418375517,19.868912132162798,19.25004437722658,19.803768157958984,920800,0.0,0.0
1996-01-15 00:00:00-05:00,20.06435671039656,20.162072733336803,19.738636633929083,19.93406867980957,847600,0.0,0.0
1996-01-16 00:00:00-05:00,19.934067185517332,20.455219268798828,19.934067185517332,20.455219268798828,847600,0.0,0.0
1996-01-17 00:00:00-05:00,20.19464028187287,20.390072284600674,20.129496280963604,20.324928283691406,482400,0.0,0.0
1996-01-18 00:00:00-05:00,20.12949330729823,20.22720929422686,19.901489337798086,20.194637298583984,698000,0.0,0.0
1996-01-19 00:00:00-05:00,20.16208031020111,20.259796369862826,19.966648190877674,20.227224349975586,768400,0.0,0.0
1996-01-22 00:00:00-05:00,20.194640665225453,20.259784667371342,19.836348653423066,19.966636657714844,1536400,0.0,0.0
1996-01-23 00:00:00-05:00,19.80377854100916,19.966638561905615,19.640918520112702,19.673490524291992,403600,0.0,0.0
1996-01-24 00:00:00-05:00,19.738629608154298,19.901489588419597,19.184905675252278,19.543197631835938,536800,0.0,0.0
1996-01-25 00:00:00-05:00,19.575761405854763,19.608333388227233,19.28261356450253,19.315185546875,587400,0.0,0.0
1996-01-26 00:00:00-05:00,19.282618607624922,19.7711984709938,19.054614671386116,19.73862648010254,948400,0.0,0.0
1996-01-29 00:00:00-05:00,19.673490524291992,19.901494553547032,19.57577451175412,19.673490524291992,585800,0.0,0.0
1996-01-30 00:00:00-05:00,19.640924675520075,19.738640718681868,19.608352661132812,19.608352661132812,936800,0.0,0.0
1996-01-31 00:00:00-05:00,19.60834291878822,19.771202909808057,19.347766933156482,19.640914916992188,1106800,0.0,0.0
1996-02-01 00:00:00-05:00,19.575769627889,19.575769627889,19.282621663411458,19.543197631835938,975800,0.0,0.0
1996-02-02 00:00:00-05:00,19.478058499216242,19.771206536829865,19.478058499216242,19.673490524291992,676200,0.0,0.0
1996-02-05 00:00:00-05:00,19.673480937845934,19.99920082092285,19.64090894953824,19.99920082092285,328000,0.0,0.0
1996-02-06 00:00:00-05:00,19.99920008057042,20.064344054774235,19.73862418375517,19.803768157958984,674000,0.0,0.0
1996-02-07 00:00:00-05:00,19.868929818583528,20.29236602783203,19.868929818583528,20.29236602783203,702600,0.0,0.0
1996-02-08 00:00:00-05:00,20.25978598609708,20.650650024414062,20.194641979710912,20.650650024414062,700600,0.0,0.0
1996-02-09 00:00:00-05:00,20.585500717163086,20.65064470677436,20.4226407431349,20.585500717163086,967200,0.0,0.0
1996-02-12 00:00:00-05:00,20.650650452898,21.074086503194014,20.618078449029074,20.87865447998047,1470800,0.0,0.0
1996-02-13 00:00:00-05:00,20.78093127279028,20.9112192431526,20.61807130983738,20.81350326538086,1221800,0.0,0.0
1996-02-14 00:00:00-05:00,20.813511107035193,20.91122712162221,20.683223087585834,20.78093910217285,796000,0.0,0.0
1996-02-15 00:00:00-05:00,20.780945268067175,20.878661311647427,20.455225122799664,20.715801239013672,651800,0.0,0.0
1996-02-16 00:00:00-05:00,20.71579123832084,20.71579123832084,20.324927252692145,20.4877872467041,716600,0.0,0.0
1996-02-20 00:00:00-05:00,20.390069757732288,20.42264175415039,20.227209775641775,20.42264175415039,513600,0.0,0.0
1996-02-21 00:00:00-05:00,20.42264600206249,20.683222027607144,20.390073998869404,20.650650024414062,526000,0.0,0.0
1996-02-22 00:00:00-05:00,20.715787287609118,20.87864725056202,20.61807130983738,20.81350326538086,1239200,0.0,0.0
1996-02-23 00:00:00-05:00,20.84608311189753,20.943799126484553,20.487791058411794,20.78093910217285,385400,0.0,0.0
1996-02-26 00:00:00-05:00,20.5203701405043,20.552942156600338,20.162077963447878,20.29236602783203,522400,0.0,0.0
1996-02-27 00:00:00-05:00,20.292360520439516,20.390076542207282,20.19464449867175,20.259788513183594,657800,0.0,0.0
1996-02-28 00:00:00-05:00,20.422641268084124,20.715789228870022,20.031777320369596,20.194637298583984,853600,0.0,0.0
1996-02-29 00:00:00-05:00,20.037476348876954,20.2011812210083,19.906512451171874,19.971994400024414,966600,0.2,0.0
1996-03-01 00:00:00-05:00,19.972008588837415,20.135713577270508,19.775562602717702,20.135713577270508,808200,0.0,0.0
1996-03-04 00:00:00-05:00,20.135706719898042,20.757785464090016,20.135706719898042,20.626821517944336,597000,0.0,0.0
1996-03-05 00:00:00-05:00,20.49585265262871,20.59407558866367,20.266665801880464,20.56133460998535,1176400,0.0,0.0
1996-03-06 00:00:00-05:00,20.46311783253955,20.49585882107161,20.102966958686853,20.36489486694336,772600,0.0,0.0
1996-03-07 00:00:00-05:00,20.29940645547177,20.29940645547177,19.939255695777916,20.10296058654785,796400,0.0,0.0
1996-03-08 00:00:00-05:00,19.84104317446484,19.972007155814442,19.579115211765632,19.710079193115234,747000,0.0,0.0
1996-03-11 00:00:00-05:00,19.644592613573895,20.037484465845374,19.546369650506026,19.775556564331055,754400,0.0,0.0
1996-03-12 00:00:00-05:00,19.644593635266133,19.742816603442467,19.382665720129253,19.611852645874023,1299600,0.0,0.0
1996-03-13 00:00:00-05:00,19.546368992568663,19.644591952330313,19.382664059632578,19.513628005981445,595400,0.0,0.0
1996-03-14 00:00:00-05:00,19.644597202440433,19.87378416980224,19.48089222575343,19.710079193115234,1122000,0.0,0.0
1996-03-15 00:00:00-05:00,19.7755512061872,20.004738057914533,19.74281022736901,19.90651512145996,796000,0.0,0.0
1996-03-18 00:00:00-05:00,20.037488191024117,20.332157135009766,19.97200620347175,20.332157135009766,809400,0.0,0.0
1996-03-19 00:00:00-05:00,20.364898431396483,20.561344396972657,20.33215743713379,20.46312141418457,1251400,0.0,0.0
1996-03-20 00:00:00-05:00,20.43037559872582,20.725044477553595,20.36489362565298,20.626821517944336,1061400,0.0,0.0
1996-03-21 00:00:00-05:00,20.52859754469788,20.52859754469788,20.070223755821054,20.233928680419922,891400,0.0,0.0
1996-03-22 00:00:00-05:00,20.29940073306744,20.46310557768895,20.233918795218834,20.43036460876465,601000,0.0,0.0
1996-03-25 00:00:00-05:00,20.495856559778108,20.561338529617654,20.070223755821054,20.233928680419922,349400,0.0,0.0
1996-03-26 00:00:00-05:00,20.168445587158203,20.233927553350274,19.971999688581985,20.168445587158203,895000,0.0,0.0
1996-03-27 00:00:00-05:00,20.26666853644631,20.26666853644631,20.03748165477406,20.168445587158203,1319600,0.0,0.0
1996-03-28 00:00:00-05:00,20.070219608393867,20.13570156470184,19.90651471762393,20.10296058654785,438200,0.0,0.0
1996-03-29 00:00:00-05:00,20.135711060324454,20.135711060324454,19.80830112438422,19.873783111572266,617400,0.0,0.0
1996-04-01 00:00:00-05:00,19.841039050430346,20.36489486694336,19.644593119237967,20.36489486694336,738400,0.0,0.0
1996-04-02 00:00:00-05:00,20.364891485734418,20.364891485734418,20.03748165477406,20.168445587158203,854200,0.0,0.0
1996-04-03 00:00:00-05:00,20.135698712687045,20.757777209501768,20.070216765653917,20.594072341918945,620000,0.0,0.0
1996-04-04 00:00:00-05:00,20.594085391235353,20.594085391235353,20.39763942565918,20.46312141418457,905200,0.0,0.0
1996-04-08 00:00:00-04:00,19.972002131432728,20.233930028238404,19.84103818302989,20.201189041137695,798000,0.0,0.0
1996-04-09 00:00:00-04:00,20.233930028238404,20.233930028238404,20.004743118533437,20.201189041137695,752000,0.0,0.0
1996-04-10 00:00:00-04:00,20.16844200020406,20.201182977477117,19.611845386562063,19.742809295654297,930200,0.0,0.0
1996-04-11 00:00:00-04:00,19.742804325757525,19.808286263819742,19.18620785222871,19.677322387695312,808200,0.0,0.0
1996-04-12 00:00:00-04:00,19.64458465576172,20.2011812210083,19.57910270690918,19.971994400024414,518600,0.0,0.0
1996-04-15 00:00:00-04:00,20.03748277090128,20.299410650259468,20.00474178598151,20.233928680419922,668600,0.0,0.0
1996-04-16 00:00:00-04:00,20.201188029139495,20.201188029139495,19.67733226177121,19.80829620361328,1018600,0.0,0.0
1996-04-17 00:00:00-04:00,19.80829620361328,19.93926014545535,19.579109305389654,19.80829620361328,742600,0.0,0.0
1996-04-18 00:00:00-04:00,19.873780561010907,19.873780561010907,19.12073780499237,19.611852645874023,1466800,0.0,0.0
1996-04-19 00:00:00-04:00,19.742816603442467,19.775557592834577,19.251701762560813,19.611852645874023,1855200,0.0,0.0
1996-04-22 00:00:00-04:00,19.6445961564141,19.972006092354334,19.6445961564141,19.873783111572266,1706200,0.0,0.0
1996-04-23 00:00:00-04:00,19.90651604557504,20.070220947265625,19.742811143884456,20.070220947265625,1235600,0.0,0.0
1996-04-24 00:00:00-04:00,20.102970178576484,20.49586210389068,20.102970178576484,20.332157135009766,2178000,0.0,0.0
1996-04-25 00:00:00-04:00,20.36488760926853,20.561333470451185,20.36488760926853,20.495851516723633,1662000,0.0,0.0
1996-04-26 00:00:00-04:00,20.49585261090796,20.954226311471395,20.49585261090796,20.888744354248047,1041000,0.0,0.0
1996-04-29 00:00:00-04:00,20.790526450626434,20.823267437162855,20.43037559872582,20.626821517944336,693800,0.0,0.0
1996-04-30 00:00:00-04:00,20.56133286823598,21.216152386332666,20.56133286823598,21.117929458618164,1680400,0.0,0.0
1996-05-01 00:00:00-04:00,21.150682794811882,21.57631573031119,21.117941799773472,21.510833740234375,1782200,0.0,0.0
1996-05-02 00:00:00-04:00,21.347122192382812,21.510827117171026,21.281640222467527,21.347122192382812,818200,0.0,0.0
1996-05-03 00:00:00-04:00,21.3471141744543,21.478078065095126,21.052445420512445,21.216150283813477,1282600,0.0,0.0
1996-05-06 00:00:00-04:00,21.379862267967354,21.379862267967354,21.05245243231701,21.18341636657715,713000,0.0,0.0
1996-05-07 00:00:00-04:00,21.18341410030288,21.281637040489755,21.05245018005371,21.05245018005371,776200,0.0,0.0
1996-05-08 00:00:00-04:00,21.019710675961065,21.248897552490234,20.757782817070584,21.248897552490234,966600,0.0,0.0
1996-05-09 00:00:00-04:00,21.183415802639704,21.34712071610678,21.08519285455946,21.15067481994629,1223400,0.0,0.0
1996-05-10 00:00:00-04:00,21.347120499574164,21.412602464296786,21.117933623044994,21.248897552490234,983000,0.0,0.0
1996-05-13 00:00:00-04:00,21.347113085222674,21.80548667907715,21.24889017225386,21.80548667907715,630800,0.0,0.0
1996-05-14 00:00:00-04:00,21.772758800352637,22.00194573509319,21.740017809675415,21.903722763061523,676000,0.0,0.0
1996-05-15 00:00:00-04:00,21.93645902426846,22.23112787683326,21.674531155321972,21.740013122558594,1031000,0.0,0.0
1996-05-16 00:00:00-04:00,21.74000682802042,21.903711698713344,21.60904293146608,21.707265853881836,1044800,0.0,0.0
1996-05-17 00:00:00-04:00,21.805497108379882,21.969202041625977,21.740015135081443,21.969202041625977,717000,0.0,0.0
1996-05-20 00:00:00-04:00,21.969215138562618,22.00195614473037,21.805510107723848,21.8382511138916,710000,0.0,0.0
1996-05-21 00:00:00-04:00,21.805490892583673,21.93645480184844,21.576304051370332,21.609045028686523,586200,0.0,0.0
1996-05-22 00:00:00-04:00,21.609060031264576,21.93647003173828,21.576319031217206,21.93647003173828,558400,0.0,0.0
1996-05-23 00:00:00-04:00,21.969198719147712,22.68950031649682,21.936457737450027,22.329349517822266,591200,0.0,0.0
1996-05-24 00:00:00-04:00,22.263867767289042,22.558536605385513,22.198385803267602,22.23112678527832,617200,0.0,0.0
1996-05-28 00:00:00-04:00,22.198387588773457,22.29661054270608,21.87097774233137,22.001941680908203,759800,0.0,0.0
1996-05-29 00:00:00-04:00,21.96920853294995,22.067431521919918,21.609057573393393,21.67453956604004,676600,0.0,0.0
1996-05-30 00:00:00-04:00,21.648214428592333,22.043014691727755,21.088914055817153,22.010114669799805,885200,0.2,0.0
1996-05-31 00:00:00-04:00,22.010116241727964,22.075916290283203,21.68111599895176,22.075916290283203,566200,0.0,0.0
1996-06-03 00:00:00-04:00,22.010116409187887,22.10881648277169,21.87851631107615,22.04301643371582,407000,0.0,0.0
1996-06-04 00:00:00-04:00,22.24041333944045,22.33911339863915,22.14171328024175,22.30621337890625,471200,0.0,0.0
1996-06-05 00:00:00-04:00,22.30620369328315,22.33910369873047,22.240403682388507,22.33910369873047,676600,0.0,0.0
1996-06-06 00:00:00-04:00,22.404914932935228,22.43781495486318,22.010114669799805,22.010114669799805,321200,0.0,0.0
1996-06-07 00:00:00-04:00,21.549508914262233,21.977209091186523,21.549508914262233,21.977209091186523,493600,0.0,0.0
1996-06-10 00:00:00-04:00,21.977213449256364,22.63521385192871,21.944313429122747,22.63521385192871,800800,0.0,0.0
1996-06-11 00:00:00-04:00,22.635217161496023,22.83261731116023,22.503617061719883,22.733917236328125,881600,0.0,0.0
1996-06-12 00:00:00-04:00,22.66811486353273,22.73391490667796,22.437814712524414,22.437814712524414,701200,0.0,0.0
1996-06-13 00:00:00-04:00,22.404913438104952,22.53651351703655,22.24041333944045,22.30621337890625,436800,0.0,0.0
1996-06-14 00:00:00-04:00,22.372016678995163,22.372016678995163,21.977216384659954,22.04301643371582,718200,0.0,0.0
1996-06-17 00:00:00-04:00,22.010114669799805,22.14171475751161,21.977214647871854,22.010114669799805,966600,0.0,0.0
1996-06-18 00:00:00-04:00,21.977214979088824,22.07591504636018,21.87851491181747,21.94431495666504,913400,0.0,0.0
1996-06-19 00:00:00-04:00,21.97720712568702,21.97720712568702,21.54950698701347,21.582406997680664,1409600,0.0,0.0
1996-06-20 00:00:00-04:00,21.582411645163955,21.6482116806675,20.957311307880243,21.02311134338379,1105600,0.0,0.0
1996-06-21 00:00:00-04:00,21.08890638800058,21.681106567382812,21.08890638800058,21.681106567382812,1397000,0.0,0.0
1996-06-24 00:00:00-04:00,21.68111134597755,21.68111134597755,21.417911208241858,21.48371124267578,616800,0.0,0.0
1996-06-25 00:00:00-04:00,21.483707476737802,21.91140762558557,21.483707476737802,21.878507614135742,524000,0.0,0.0
1996-06-26 00:00:00-04:00,21.812712038879855,22.043012165987186,21.746912002563477,21.746912002563477,815800,0.0,0.0
1996-06-27 00:00:00-04:00,21.714008982310038,22.075909132015205,21.582408927871796,21.977209091186523,409400,0.0,0.0
1996-06-28 00:00:00-04:00,22.043006590434484,22.27330665928977,22.043006590434484,22.108806610107422,582400,0.0,0.0
1996-07-01 00:00:00-04:00,22.17461814154294,22.470718383789062,22.17461814154294,22.470718383789062,418000,0.0,0.0
1996-07-02 00:00:00-04:00,22.40491243066459,22.898412704467773,22.372012412411046,22.898412704467773,839800,0.0,0.0
1996-07-03 00:00:00-04:00,22.964202733510554,23.227402764840186,22.898402725678142,22.997102737426758,1298400,0.0,0.0
1996-07-05 00:00:00-04:00,22.701012140798777,22.701012140798777,22.536512052821973,22.602312088012695,495600,0.0,0.0
1996-07-08 00:00:00-04:00,22.536518437621535,22.89841873370013,22.437818356872828,22.470718383789062,641800,0.0,0.0
1996-07-09 00:00:00-04:00,22.53651536029318,22.569415382716965,21.845614889393683,21.94431495666504,743000,0.0,0.0
1996-07-10 00:00:00-04:00,21.9442979308578,21.9442979308578,21.81269794326645,21.91139793395996,726400,0.0,0.0
1996-07-11 00:00:00-04:00,21.911423444027626,21.911423444027626,21.417922916008987,21.779823303222656,1011800,0.0,0.0
1996-07-12 00:00:00-04:00,21.84562337362514,21.878523408826382,21.549523056813957,21.779823303222656,514400,0.0,0.0
1996-07-15 00:00:00-04:00,21.714006353307653,21.812706382186324,21.31920623779297,21.31920623779297,704400,0.0,0.0
1996-07-16 00:00:00-04:00,21.31921203319843,21.31921203319843,20.069011327547905,20.529611587524414,1635200,0.0,0.0
1996-07-17 00:00:00-04:00,20.66121533203125,20.858615478515627,20.36511511230469,20.562515258789062,1848800,0.0,0.0
1996-07-18 00:00:00-04:00,20.595401200313773,21.18760123482759,20.595401200313773,21.154701232910156,1467800,0.0,0.0
1996-07-19 00:00:00-04:00,21.08891817057355,21.319218369004147,20.79281791544849,21.187618255615234,842400,0.0,0.0
1996-07-22 00:00:00-04:00,21.121811396639114,21.15471141439089,20.957311307880243,21.02311134338379,843200,0.0,0.0
1996-07-23 00:00:00-04:00,21.05600357055664,21.385003626346588,20.891503542661667,21.05600357055664,1258200,0.0,0.0
1996-07-24 00:00:00-04:00,20.92440703204859,21.154707109445354,20.75990697676519,21.121807098388672,1672000,0.0,0.0
1996-07-25 00:00:00-04:00,21.319214363985285,21.648214585651726,21.187614275318708,21.22051429748535,503000,0.0,0.0
1996-07-26 00:00:00-04:00,21.319210997415244,21.648211167128444,21.253410963472607,21.516611099243164,844400,0.0,0.0
1996-07-29 00:00:00-04:00,21.516605225774168,21.71400527371705,21.417905201802725,21.54950523376465,353400,0.0,0.0
1996-07-30 00:00:00-04:00,21.582408591969035,21.71400864435909,21.516608565774007,21.648208618164062,778600,0.0,0.0
1996-07-31 00:00:00-04:00,21.648206666324977,22.174606828424068,21.615306656193788,21.862056732177734,859400,0.0,0.0
1996-08-01 00:00:00-04:00,21.812713623046875,22.07591378742753,21.681113540856547,21.812713623046875,1685200,0.0,0.0
1996-08-02 00:00:00-04:00,21.81269794326645,22.010097924653476,21.6810979556751,21.91139793395996,644600,0.0,0.0
1996-08-05 00:00:00-04:00,21.911406248188868,22.207506332623854,21.845606229425538,22.174606323242188,1082400,0.0,0.0
1996-08-06 00:00:00-04:00,22.17461092776664,22.7010111871795,22.043010862913427,22.404911041259766,900800,0.0,0.0
1996-08-07 00:00:00-04:00,22.372010391123975,22.602310498091427,22.306210360561845,22.536510467529297,1020600,0.0,0.0
1996-08-08 00:00:00-04:00,22.602310498091427,22.733910559215687,22.40491040640504,22.536510467529297,1093400,0.0,0.0
1996-08-09 00:00:00-04:00,22.602313831795094,22.701013892195945,22.470713751260625,22.63521385192871,361200,0.0,0.0
1996-08-12 00:00:00-04:00,22.668111170966196,22.668111170966196,22.37201102504646,22.404911041259766,445600,0.0,0.0
1996-08-13 00:00:00-04:00,22.37200675652041,22.569406816136766,22.27330672671223,22.50360679626465,434400,0.0,0.0
1996-08-14 00:00:00-04:00,22.437818356872828,22.602318491454007,22.339118276124122,22.470718383789062,512600,0.0,0.0
1996-08-15 00:00:00-04:00,22.470721482547443,23.293222268877877,22.470721482547443,22.964221954345703,728000,0.0,0.0
1996-08-16 00:00:00-04:00,23.0300106995417,23.12871074539688,22.766810577261225,22.931310653686523,569400,0.0,0.0
1996-08-19 00:00:00-04:00,23.095807508988813,23.095807508988813,22.799707412719727,22.799707412719727,370000,0.0,0.0
1996-08-20 00:00:00-04:00,22.832603306392972,22.997103330214248,22.766803296864463,22.865503311157227,1134400,0.0,0.0
1996-08-21 00:00:00-04:00,22.799706575821858,22.865506594799697,22.569406509399414,22.569406509399414,574800,0.0,0.0
1996-08-22 00:00:00-04:00,22.56940590125927,22.898405987283457,22.503605884054434,22.701005935668945,409800,0.0,0.0
1996-08-23 00:00:00-04:00,22.569393965777227,22.635193948184742,22.306194036147172,22.371994018554688,333600,0.0,0.0
1996-08-26 00:00:00-04:00,22.372010391123975,22.602310498091427,22.372010391123975,22.536510467529297,736000,0.0,0.0
1996-08-27 00:00:00-04:00,22.536517086663917,22.733917236328125,22.470717036775845,22.733917236328125,391800,0.0,0.0
1996-08-28 00:00:00-04:00,22.865507434112857,22.964207466202552,22.76680740202316,22.799707412719727,444600,0.0,0.0
1996-08-29 00:00:00-04:00,22.773275727016035,22.806328376837538,22.37664392915799,22.409696578979492,579200,0.2,0.0
1996-08-30 00:00:00-04:00,22.37663728733828,22.37663728733828,21.946952967197365,22.244426727294922,664800,0.0,0.0
1996-09-03 00:00:00-04:00,22.178305039686315,22.508831195270314,22.013041961894317,22.475778579711914,503200,0.0,0.0
1996-09-04 00:00:00-04:00,22.409689927349117,22.541900487392475,22.21137408728408,22.244426727294922,505400,0.0,0.0
1996-09-05 00:00:00-04:00,22.277483591912578,22.277483591912578,22.079167714239766,22.178325653076172,404600,0.0,0.0
1996-09-06 00:00:00-04:00,22.112220065086678,22.178325356761075,21.78169360671468,21.913904190063477,482400,0.0,0.0
1996-09-09 00:00:00-04:00,21.94695821126302,22.343589986165362,21.847800267537433,22.310537338256836,439400,0.0,0.0
1996-09-10 00:00:00-04:00,22.37663589698681,22.872425466343977,22.343583259029664,22.806320190429688,555600,0.0,0.0
1996-09-11 00:00:00-04:00,22.806322625925073,23.037691116333008,22.67411205997768,23.037691116333008,710000,0.0,0.0
1996-09-12 00:00:00-04:00,23.202962217659785,23.236014870391497,22.905488343074403,23.00464630126953,812000,0.0,0.0
1996-09-13 00:00:00-04:00,23.10378646850586,23.20294435034494,22.9054707048277,23.10378646850586,704800,0.0,0.0
1996-09-16 00:00:00-04:00,23.136859258920335,23.467385819762054,23.136859258920335,23.23601722717285,1394000,0.0,0.0
1996-09-17 00:00:00-04:00,23.302102232184023,23.533470623141877,23.070733841226165,23.10378646850586,590600,0.0,0.0
1996-09-18 00:00:00-04:00,23.070739364624025,23.26905517578125,22.93852882385254,23.136844635009766,751600,0.0,0.0
1996-09-19 00:00:00-04:00,23.136859258920335,23.43433316367788,23.103806602836162,23.23601722717285,1101600,0.0,0.0
1996-09-20 00:00:00-04:00,23.40126609802246,23.698739819607493,23.335160826559118,23.40126609802246,1109800,0.0,0.0
1996-09-23 00:00:00-04:00,23.335162535372845,23.500425726133276,23.26905725906867,23.4343204498291,905200,0.0,0.0
1996-09-24 00:00:00-04:00,23.500431156158445,23.79790496826172,23.40127321879069,23.79790496826172,889000,0.0,0.0
1996-09-25 00:00:00-04:00,24.06233045323515,24.26064636356401,23.96317249807072,24.029277801513672,2794000,0.0,0.0
1996-09-26 00:00:00-04:00,24.029258446441055,24.128416321735862,23.665679570360105,23.73178482055664,1214200,0.0,0.0
1996-09-27 00:00:00-04:00,23.764848709106445,23.86400663139757,23.69874342757903,23.764848709106445,845200,0.0,0.0
1996-09-30 00:00:00-04:00,23.73178807971547,23.897051227902903,23.73178807971547,23.83094596862793,962800,0.0,0.0
1996-10-01 00:00:00-04:00,23.86400203783977,23.89705467224121,23.76484413463545,23.89705467224121,602200,0.0,0.0
1996-10-02 00:00:00-04:00,23.96317249807072,24.029277801513672,23.897067194627763,24.029277801513672,750400,0.0,0.0
1996-10-03 00:00:00-04:00,24.062320129979,24.2275833176849,23.99621485489664,24.16147804260254,794000,0.0,0.0
1996-10-04 00:00:00-04:00,24.19452651833782,24.69031599617261,24.19452651833782,24.55810546875,1871800,0.0,0.0
1996-10-07 00:00:00-04:00,24.558117115915305,24.657275058509846,24.392853878257732,24.52506446838379,2597000,0.0,0.0
1996-10-08 00:00:00-04:00,24.45894683061674,24.7564205082864,24.359788938060184,24.69031524658203,2246400,0.0,0.0
1996-10-09 00:00:00-04:00,24.624222410978334,24.690327706041362,24.45895917332076,24.52506446838379,2354400,0.0,0.0
1996-10-10 00:00:00-04:00,24.458947573183043,24.55810546875,24.128421254626513,24.55810546875,1571800,0.0,0.0
1996-10-11 00:00:00-04:00,24.59116228410947,24.95474129637453,24.59116228410947,24.82253074645996,2391600,0.0,0.0
1996-10-14 00:00:00-04:00,24.855599712851824,24.98781034962231,24.8225470536592,24.954757690429688,2028600,0.0,0.0
1996-10-15 00:00:00-04:00,25.252232244544214,25.252232244544214,24.888652984478785,25.153074264526367,2053600,0.0,0.0
1996-10-16 00:00:00-04:00,25.086951846289097,25.086951846289097,24.78947810898132,24.82253074645996,3002200,0.0,0.0
1996-10-17 00:00:00-04:00,24.855588202182474,24.855588202182474,24.624219694981306,24.657272338867188,2426200,0.0,0.0
1996-10-18 00:00:00-04:00,24.723384676004777,25.12001651572678,24.723384676004777,25.053911209106445,11951600,0.0,0.0
1996-10-21 00:00:00-04:00,24.359801230726216,24.690327706041362,23.830958870221984,24.52506446838379,4260400,0.0,0.0
1996-10-22 00:00:00-04:00,24.591150143490825,24.624202764651432,24.06230820492113,24.260623931884766,1841600,0.0,0.0
1996-10-23 00:00:00-04:00,24.227585679798363,24.227585679798363,23.69874342757903,23.764848709106445,1103200,0.0,0.0
1996-10-24 00:00:00-04:00,23.76483744565491,23.863995320949716,23.698732195458373,23.73178482055664,732600,0.0,0.0
1996-10-25 00:00:00-04:00,23.533474156289834,23.66568468525775,23.401263627321914,23.50042152404785,895200,0.0,0.0
1996-10-28 00:00:00-05:00,23.50043378827258,23.50043378827258,23.269065241833893,23.368223190307617,866600,0.0,0.0
1996-10-29 00:00:00-05:00,23.30211498764124,23.665694086739187,23.20295705152362,23.533483505249023,1961400,0.0,0.0
1996-10-30 00:00:00-05:00,23.79789007075318,23.863995320949716,23.467363819770494,23.73178482055664,1158600,0.0,0.0
1996-10-31 00:00:00-05:00,23.665689274190694,23.86400510609732,23.665689274190694,23.698741912841797,716600,0.0,0.0
1996-11-01 00:00:00-05:00,23.797898299210555,23.897056208790598,23.40126666089038,23.63263511657715,829400,0.0,0.0
1996-11-04 00:00:00-05:00,23.467378510369194,23.83095761405097,23.467378510369194,23.79790496826172,637200,0.0,0.0
1996-11-05 00:00:00-05:00,23.897062905629475,23.930115551418726,23.698747030893962,23.79790496826172,543800,0.0,0.0
1996-11-06 00:00:00-05:00,23.797896769036893,23.89705467224121,23.73179150023401,23.89705467224121,875200,0.0,0.0
1996-11-07 00:00:00-05:00,23.897047946047984,23.897047946047984,23.698732195458373,23.73178482055664,786200,0.0,0.0
1996-11-08 00:00:00-05:00,23.731794193197878,23.764846831349963,23.36821517352493,23.4343204498291,1155400,0.0,0.0
1996-11-11 00:00:00-05:00,23.76484812263637,24.06232188216867,23.731795482688334,23.86400604248047,1328800,0.0,0.0
1996-11-12 00:00:00-05:00,23.8970569422731,24.2275833176849,23.86400430473192,24.16147804260254,1245600,0.0,0.0
1996-11-13 00:00:00-05:00,24.161468611394184,24.525047482427475,24.161468611394184,24.491994857788086,760200,0.0,0.0
1996-11-14 00:00:00-05:00,24.49200761702753,24.59116554260254,24.326744407735845,24.59116554260254,604800,0.0,0.0
1996-11-15 00:00:00-05:00,24.855585489908854,24.98779605102539,24.59116436767578,24.789480209350586,1221400,0.0,0.0
1996-11-18 00:00:00-05:00,25.450533898048153,25.549691822326263,25.153060125213823,25.28527069091797,2233200,0.0,0.0
1996-11-19 00:00:00-05:00,25.285275522031284,25.41748611299615,24.92169639687789,25.120012283325195,681200,0.0,0.0
1996-11-20 00:00:00-05:00,25.119998505774966,25.119998505774966,24.85557746887207,24.85557746887207,961800,0.0,0.0
1996-11-21 00:00:00-05:00,24.92169308789911,24.954745731251762,24.6572719410779,24.723377227783203,711400,0.0,0.0
1996-11-22 00:00:00-05:00,24.78948139375256,24.822534035610897,24.425902333310855,24.59116554260254,1064400,0.0,0.0
1996-11-25 00:00:00-05:00,24.52503536659599,24.62419319152832,24.392824933352887,24.62419319152832,943000,0.0,0.0
1996-11-26 00:00:00-05:00,24.624202764651432,24.72336062813325,24.227571310724162,24.260623931884766,759400,0.0,0.0
1996-11-27 00:00:00-05:00,24.23407912089452,24.3336712268708,23.902105434306925,24.001697540283203,1146000,0.2,0.0
1996-11-29 00:00:00-05:00,24.134485171087857,24.20087990333294,23.902103608230064,24.068090438842773,227200,0.0,0.0
1996-12-02 00:00:00-05:00,24.001687908304877,24.001687908304877,23.636516999603145,23.935293197631836,1264000,0.0,0.0
1996-12-03 00:00:00-05:00,23.968496243158974,24.134483059247334,23.769312063852944,23.902101516723633,1370600,0.0,0.0
1996-12-04 00:00:00-05:00,23.835706590772507,23.968496042531687,23.63652241313374,23.736114501953125,822800,0.0,0.0
1996-12-05 00:00:00-05:00,23.8689039537123,23.8689039537123,23.63652241313374,23.736114501953125,557600,0.0,0.0
1996-12-06 00:00:00-05:00,23.37094354895906,23.802509267902906,23.271351459972017,23.769311904907227,1278000,0.0,0.0
1996-12-09 00:00:00-05:00,23.96850188506697,24.034896627130866,23.769317658875277,23.802515029907227,702000,0.0,0.0
1996-12-10 00:00:00-05:00,23.769311904907227,23.902101356889947,23.702917178915865,23.769311904907227,678400,0.0,0.0
1996-12-11 00:00:00-05:00,23.636533688827303,23.73612582515663,23.50374417372153,23.570138931274414,759800,0.0,0.0
1996-12-12 00:00:00-05:00,23.5369299626553,23.636522049944393,23.370943150506815,23.43733787536621,968800,0.0,0.0
1996-12-13 00:00:00-05:00,23.370948327105978,23.536935176020084,22.839790410580843,22.906185150146484,1034200,0.0,0.0
1996-12-16 00:00:00-05:00,22.640609880028162,23.304557383841303,22.640609880028162,22.806596755981445,1838200,0.0,0.0
1996-12-17 00:00:00-05:00,22.77338655903551,23.171754837036133,22.706991846035407,23.171754837036133,663000,0.0,0.0
1996-12-18 00:00:00-05:00,23.238149550036237,23.30454426303634,23.038965411035925,23.171754837036133,1009800,0.0,0.0
1996-12-19 00:00:00-05:00,23.238155364990234,23.33774745941162,23.171760635375975,23.238155364990234,579000,0.0,0.0
1996-12-20 00:00:00-05:00,23.769311904907227,23.835706630898585,23.503733000941782,23.769311904907227,1267800,0.0,0.0
1996-12-23 00:00:00-05:00,23.935304221460374,23.935304221460374,23.470541032694154,23.503738403320312,495200,0.0,0.0
1996-12-24 00:00:00-05:00,23.63651852387031,23.669715881347656,23.570123808915618,23.669715881347656,184200,0.0,0.0
1996-12-26 00:00:00-05:00,23.63653390430774,24.068099832335832,23.63653390430774,23.868915557861328,769400,0.0,0.0
1996-12-27 00:00:00-05:00,24.001697540283203,24.10128964625948,23.935302802965683,24.001697540283203,569800,0.0,0.0
1996-12-30 00:00:00-05:00,24.068090621739216,24.400064285487346,23.96849852261478,24.23407745361328,372400,0.0,0.0
1996-12-31 00:00:00-05:00,24.333665806087637,24.632442057458427,24.267271083560797,24.30046844482422,507800,0.0,0.0
1997-01-02 00:00:00-05:00,24.267287851719374,24.300485235921453,23.40415586246533,23.636537551879883,541600,0.0,0.0
1997-01-03 00:00:00-05:00,23.702913284301758,23.86890007200695,23.536926496596564,23.702913284301758,582600,0.0,0.0
1997-01-06 00:00:00-05:00,23.968485099225006,24.200866533705025,23.935287751442146,24.101274490356445,951200,0.0,0.0
1997-01-07 00:00:00-05:00,24.03491040822622,24.566068649291992,23.868923457893167,24.566068649291992,632800,0.0,0.0
1997-01-08 00:00:00-05:00,24.566044533235996,24.566044533235996,23.570123808915618,23.669715881347656,1093200,0.0,0.0
1997-01-09 00:00:00-05:00,23.669725545779432,23.835712400939176,23.370949206491893,23.802515029907227,1330000,0.0,0.0
1997-01-10 00:00:00-05:00,23.370945497475628,24.001695446981362,23.370945497475628,23.835708618164062,1355200,0.0,0.0
1997-01-13 00:00:00-05:00,23.90209742954799,23.96849214463007,23.66971592676072,23.702913284301758,1183000,0.0,0.0
1997-01-14 00:00:00-05:00,23.570138931274414,24.00170485536817,23.53694155249797,23.570138931274414,657600,0.0,0.0
1997-01-15 00:00:00-05:00,23.370944862528976,23.470536957113616,23.038971213913506,23.271352767944336,1291400,0.0,0.0
1997-01-16 00:00:00-05:00,23.20496386264233,23.53693759458285,23.138569116254224,23.40414810180664,659800,0.0,0.0
1997-01-17 00:00:00-05:00,23.404144937820856,24.13448704935569,23.404144937820856,24.034894943237305,848200,0.0,0.0
1997-01-20 00:00:00-05:00,24.06808833281199,24.06808833281199,23.736114700635273,23.902101516723633,940400,0.0,0.0
1997-01-21 00:00:00-05:00,23.8689153402624,23.96850747659173,23.50374417372153,23.570138931274414,1131200,0.0,0.0
1997-01-22 00:00:00-05:00,23.63652457028545,24.16768242579748,23.63652457028545,23.96849822998047,2378400,0.0,0.0
1997-01-23 00:00:00-05:00,24.03488943050264,24.433257763604892,24.03488943050264,24.200876235961914,1485400,0.0,0.0
1997-01-24 00:00:00-05:00,24.300471738852497,24.300471738852497,23.669721789346763,23.835708618164062,1470400,0.0,0.0
1997-01-27 00:00:00-05:00,23.76930642094923,24.10127997431444,23.73610906561271,23.935293197631836,741600,0.0,0.0
1997-01-28 00:00:00-05:00,24.001691303172695,24.034888663204743,23.570125622756034,23.603322982788086,927800,0.0,0.0
1997-01-29 00:00:00-05:00,23.669719815920185,23.835706630898585,23.669719815920185,23.769311904907227,536200,0.0,0.0
1997-01-30 00:00:00-05:00,23.80250790285966,24.200876235961914,23.769310541767805,24.200876235961914,803400,0.0,0.0
1997-01-31 00:00:00-05:00,24.665664618429933,24.665664618429933,24.366888061813686,24.43328285217285,1029600,0.0,0.0
1997-02-03 00:00:00-05:00,24.466455124696747,24.4996524857886,24.16767887487006,24.200876235961914,724200,0.0,0.0
1997-02-04 00:00:00-05:00,24.234086727731253,24.267284106810337,23.63653390430774,23.868915557861328,1390200,0.0,0.0
1997-02-05 00:00:00-05:00,23.902101316652097,24.13448285723066,23.63652241313374,23.736114501953125,994800,0.0,0.0
1997-02-06 00:00:00-05:00,23.66971953463319,23.70291689723436,23.47053535902618,23.536930084228516,780600,0.0,0.0
1997-02-07 00:00:00-05:00,23.86890415350596,24.03489096959432,23.603325247764587,23.902101516723633,906200,0.0,0.0
1997-02-10 00:00:00-05:00,23.70292443037033,23.76931917667389,23.30455595254898,23.37095069885254,869800,0.0,0.0
1997-02-11 00:00:00-05:00,23.536932326292924,23.868905983927522,23.370945497475628,23.835708618164062,1071400,0.0,0.0
1997-02-12 00:00:00-05:00,23.90211326526262,24.36687657875384,23.835718506192446,24.33367919921875,631200,0.0,0.0
1997-02-13 00:00:00-05:00,24.36686691911253,24.400064285487346,24.167682720863656,24.23407745361328,501200,0.0,0.0
1997-02-14 00:00:00-05:00,24.267274635578026,24.267274635578026,24.034893072720234,24.068090438842773,764400,0.0,0.0
1997-02-18 00:00:00-05:00,24.001693445876988,24.134482897859712,23.736114541911544,23.769311904907227,967400,0.0,0.0
1997-02-19 00:00:00-05:00,23.802505356924875,23.96849214463007,23.570123854137602,23.702913284301758,1643600,0.0,0.0
1997-02-20 00:00:00-05:00,23.636537551879883,23.736129704486117,23.570142783475724,23.636537551879883,1307200,0.0,0.0
1997-02-21 00:00:00-05:00,23.603336310050857,23.669731067603745,23.437349416168644,23.570138931274414,701000,0.0,0.0
1997-02-24 00:00:00-05:00,23.70291713901333,23.736114501953125,23.53693032431436,23.736114501953125,463200,0.0,0.0
1997-02-25 00:00:00-05:00,23.80250531125704,23.80250531125704,23.570123808915618,23.669715881347656,681800,0.0,0.0
1997-02-26 00:00:00-05:00,23.66972110748291,23.736115837097167,23.171760635375975,23.238155364990234,743400,0.0,0.0
1997-02-27 00:00:00-05:00,23.304555742436193,23.47054260669856,23.105371505321354,23.138568878173828,724800,0.0,0.0
1997-02-28 00:00:00-05:00,23.138567326432568,23.57013314457263,23.138567326432568,23.503738403320312,946600,0.0,0.0
1997-03-03 00:00:00-05:00,23.503729093960928,23.669715881347656,23.437334379006234,23.669715881347656,533000,0.0,0.0
1997-03-04 00:00:00-05:00,23.636520342820134,23.769309782948337,23.470533542659883,23.603322982788086,472200,0.0,0.0
1997-03-05 00:00:00-05:00,23.570138931274414,23.83571796148596,23.304559901062873,23.570138931274414,950200,0.0,0.0
1997-03-06 00:00:00-05:00,23.47675452464631,23.576797512677473,23.17662556055282,23.276668548583984,1092200,0.2,0.0
1997-03-07 00:00:00-05:00,23.143281521047175,23.2099768568427,22.909847845762837,23.109933853149414,1591600,0.0,0.0
1997-03-10 00:00:00-05:00,23.076593114041735,23.37672221523592,22.97655008031034,23.209983825683594,1291800,0.0,0.0
1997-03-11 00:00:00-05:00,23.209982472796774,23.243330148763434,22.876505713130154,22.943201065063477,1152000,0.0,0.0
1997-03-12 00:00:00-05:00,22.94318791439659,23.009883228101227,22.776449630134984,22.809797286987305,953400,0.0,0.0
1997-03-13 00:00:00-05:00,22.776446000267477,22.87648895488066,22.64305539411657,22.676403045654297,683600,0.0,0.0
1997-03-14 00:00:00-05:00,22.676424331213596,22.876510428253717,22.543033599853516,22.543033599853516,585800,0.0,0.0
1997-03-17 00:00:00-05:00,22.476333601530207,22.943201065063477,22.3095952216969,22.943201065063477,1095200,0.0,0.0
1997-03-18 00:00:00-05:00,23.009892689813043,23.076588030942936,22.442982290208953,22.643068313598633,1029400,0.0,0.0
1997-03-19 00:00:00-05:00,22.576376514406302,22.576376514406302,22.00946602586139,22.309595108032227,2080600,0.0,0.0
1997-03-20 00:00:00-05:00,22.27624371846517,22.309591388702394,21.87607167561849,22.009462356567383,999800,0.0,0.0
1997-03-21 00:00:00-05:00,22.00947268851934,22.142863432086127,21.909429630844254,22.076168060302734,1711600,0.0,0.0
1997-03-24 00:00:00-05:00,22.142859135380498,22.543031288429543,22.142859135380498,22.50968360900879,1620400,0.0,0.0
1997-03-25 00:00:00-05:00,22.54302855245932,23.009896007687765,22.54302855245932,22.909852981567383,1463200,0.0,0.0
1997-03-26 00:00:00-05:00,22.97655175378649,22.97655175378649,22.743117991411303,22.876508712768555,1036800,0.0,0.0
1997-03-27 00:00:00-05:00,22.943194815875163,22.943194815875163,22.40963214573853,22.44297981262207,923400,0.0,0.0
1997-03-31 00:00:00-05:00,22.476327061653137,22.84315139055252,22.409631729125977,22.409631729125977,869200,0.0,0.0
1997-04-01 00:00:00-05:00,22.44298691299187,22.5096822678596,21.84272871918228,22.242900848388672,796000,0.0,0.0
1997-04-02 00:00:00-05:00,22.242904373473184,22.242904373473184,21.54260303637733,21.74268913269043,576200,0.0,0.0
1997-04-03 00:00:00-05:00,21.675984415722194,21.675984415722194,20.875640375757065,21.14242172241211,1754600,0.0,0.0
1997-04-04 00:00:00-05:00,21.409207861519715,22.442985811219266,21.409207861519715,22.309595108032227,3268200,0.0,0.0
1997-04-07 00:00:00-04:00,22.309594019336956,22.442984716014603,22.209550996828717,22.37628936767578,840400,0.0,0.0
1997-04-08 00:00:00-04:00,22.27624852582254,22.376291558124137,22.142857816087073,22.242900848388672,508600,0.0,0.0
1997-04-09 00:00:00-04:00,22.376290459625746,22.543028838609544,22.276247432235465,22.309595108032227,641200,0.0,0.0
1997-04-10 00:00:00-04:00,22.276241302490234,22.40963196897221,22.17619830262875,22.276241302490234,862400,0.0,0.0
1997-04-11 00:00:00-04:00,22.142863432086127,22.17621111797782,22.00947268851934,22.076168060302734,1022600,0.0,0.0
1997-04-14 00:00:00-04:00,22.00946535382952,22.00946535382952,21.742683955601283,21.94277000427246,706400,0.0,0.0
1997-04-15 00:00:00-04:00,22.042806393042543,22.309587710961363,21.87606806934328,22.176197052001953,1241000,0.0,0.0
1997-04-16 00:00:00-04:00,22.176198477553754,22.50967514638915,21.942764809368978,22.44297981262207,579400,0.0,0.0
1997-04-17 00:00:00-04:00,22.442984716014603,22.576375412692254,22.34294169350637,22.37628936767578,1124200,0.0,0.0
1997-04-18 00:00:00-04:00,22.376295185653415,22.643076648373576,22.276252137133355,22.543033599853516,786000,0.0,0.0
1997-04-21 00:00:00-04:00,22.943194090014828,23.109932419157374,22.676412763386747,22.843151092529297,747000,0.0,0.0
1997-04-22 00:00:00-04:00,22.97654739207467,23.810239242295086,22.943199718065856,23.610153198242188,1336600,0.0,0.0
1997-04-23 00:00:00-04:00,23.610157633689912,24.243763558887803,23.576809953416337,23.97698211669922,1829200,0.0,0.0
1997-04-24 00:00:00-04:00,23.876941991656015,23.94363736034779,23.3433790421218,23.74355125427246,1140400,0.0,0.0
1997-04-25 00:00:00-04:00,23.743544857444164,23.87693555889048,23.31002507774364,23.376720428466797,859200,0.0,0.0
1997-04-28 00:00:00-04:00,23.37671195863825,23.37671195863825,23.24332130552191,23.310016632080078,864400,0.0,0.0
1997-04-29 00:00:00-04:00,23.476760864257812,23.61015155098655,23.343370177529074,23.476760864257812,803000,0.0,0.0
1997-04-30 00:00:00-04:00,23.510104011556955,24.243752647378592,23.510104011556955,23.876928329467773,996600,0.0,0.0
1997-05-01 00:00:00-04:00,23.843580664203152,24.21040498211397,23.776885333673913,23.876928329467773,1337200,0.0,0.0
1997-05-02 00:00:00-04:00,23.87692637014779,24.510531958182437,23.87692637014779,24.477184295654297,491800,0.0,0.0
1997-05-05 00:00:00-04:00,24.477188448752127,25.04409880791941,24.31045010782057,24.810665130615234,1347200,0.0,0.0
1997-05-06 00:00:00-04:00,24.677266445647657,24.944047704519527,24.643918788288676,24.77730941772461,1824400,0.0,0.0
1997-05-07 00:00:00-04:00,24.777313258407553,24.87735624599197,24.477184295654297,24.477184295654297,1107600,0.0,0.0
1997-05-08 00:00:00-04:00,24.443858366945516,24.710639904374663,24.310467598230943,24.543901443481445,842000,0.0,0.0
1997-05-09 00:00:00-04:00,24.643935123532806,24.677282802996313,24.147888391513117,24.243762969970703,1212800,0.0,0.0
1997-05-12 00:00:00-04:00,24.177066355862912,24.610586166381836,24.177066355862912,24.610586166381836,896000,0.0,0.0
1997-05-13 00:00:00-04:00,24.610567893929748,24.64391554690255,24.277091364201702,24.377134323120117,813000,0.0,0.0
1997-05-14 00:00:00-04:00,24.643935533670277,24.677283213688774,24.2104156934298,24.277111053466797,968000,0.0,0.0
1997-05-15 00:00:00-04:00,24.310451346866333,24.37714668663826,23.976974648006713,24.143712997436523,1537800,0.0,0.0
1997-05-16 00:00:00-04:00,24.17705174788688,24.21039940547017,24.01031345997042,24.04366111755371,617000,0.0,0.0
1997-05-19 00:00:00-04:00,24.077021324293025,24.477193423865764,24.010325974364235,24.443845748901367,476400,0.0,0.0
1997-05-20 00:00:00-04:00,24.37713752941681,24.77730941772461,24.277094557339858,24.77730941772461,722600,0.0,0.0
1997-05-21 00:00:00-04:00,25.210837319632557,25.210837319632557,24.84401296709822,24.97740364074707,869200,0.0,0.0
1997-05-22 00:00:00-04:00,25.044108242627633,25.110803604125977,24.67728375438675,25.110803604125977,515000,0.0,0.0
1997-05-23 00:00:00-04:00,25.177472504993414,25.310863087801327,24.7439531108677,24.843996047973633,835200,0.0,0.0
1997-05-27 00:00:00-04:00,24.71063143513592,25.21084664637349,24.67728375438675,25.110803604125977,510000,0.0,0.0
1997-05-28 00:00:00-04:00,25.07744664598371,25.07744664598371,24.810665298686008,24.97740364074707,358200,0.0,0.0
1997-05-29 00:00:00-04:00,25.084579503664408,25.118070264016428,24.850144181200253,24.917125701904297,350800,0.2,0.0
1997-05-30 00:00:00-04:00,24.91713892856491,25.218555931733032,24.816666594175533,25.084592819213867,687000,0.0,0.0
1997-06-02 00:00:00-04:00,25.151574375473448,25.285537487992617,25.017611262954283,25.084592819213867,695600,0.0,0.0
1997-06-03 00:00:00-04:00,24.98410071709728,25.15155447525477,24.783156207308295,24.85013771057129,627200,0.0,0.0
1997-06-04 00:00:00-04:00,24.816656911276223,24.816656911276223,24.48174926065171,24.716184616088867,511200,0.0,0.0
1997-06-05 00:00:00-04:00,24.649193585237718,25.118064115391697,24.615702833083862,25.051082611083984,539000,0.0,0.0
1997-06-06 00:00:00-04:00,25.084579503664408,25.15156102436845,24.749671900144186,24.917125701904297,1082000,0.0,0.0
1997-06-09 00:00:00-04:00,24.883633844230484,25.017596879731055,24.582217014354207,24.649198532104492,930400,0.0,0.0
1997-06-10 00:00:00-04:00,24.883639486481613,25.11807485176475,24.816657953543572,24.984111785888672,905800,0.0,0.0
1997-06-11 00:00:00-04:00,25.051102041084075,25.218555931733032,24.91713892856491,25.084592819213867,623200,0.0,0.0
1997-06-12 00:00:00-04:00,25.185041109303135,25.48645782470703,25.11805961699116,25.48645782470703,636000,0.0,0.0
1997-06-13 00:00:00-04:00,25.58694758409005,25.955346044070406,25.519966045911804,25.687419891357422,715800,0.0,0.0
1997-06-16 00:00:00-04:00,25.720890539754492,26.15627019732846,25.720890539754492,26.08928871154785,1211200,0.0,0.0
1997-06-17 00:00:00-04:00,26.055800509358832,26.08929125551482,25.084568870835174,25.48645782470703,1309600,0.0,0.0
1997-06-18 00:00:00-04:00,25.553448427261845,25.955337524414062,25.185050088205646,25.955337524414062,960600,0.0,0.0
1997-06-19 00:00:00-04:00,26.089292863127472,26.12278361134715,25.653913136271687,25.78787612915039,629000,0.0,0.0
1997-06-20 00:00:00-04:00,25.787877334555997,26.390710830688477,25.787877334555997,26.390710830688477,1053200,0.0,0.0
1997-06-23 00:00:00-04:00,26.357224250764812,26.893076332101835,26.290242740597684,26.759113311767578,1734800,0.0,0.0
1997-06-24 00:00:00-04:00,27.227989569342984,27.56289719012211,26.826100424408033,27.2614803314209,1708200,0.0,0.0
1997-06-25 00:00:00-04:00,27.26147647505825,27.763837835163745,27.094022688356418,27.596384048461914,1351200,0.0,0.0
1997-06-26 00:00:00-04:00,27.596375255143307,27.596375255143307,27.060523308441496,27.49590301513672,1250400,0.0,0.0
1997-06-27 00:00:00-04:00,27.428932093887877,27.998275006703622,27.2279875364235,27.931293487548828,1028600,0.0,0.0
1997-06-30 00:00:00-04:00,28.06524575785405,28.19920874476505,27.730338290576555,27.74708366394043,861800,0.0,0.0
1997-07-01 00:00:00-04:00,27.74707583586375,27.99825636545817,27.328441619873047,27.328441619873047,756800,0.0,0.0
1997-07-02 00:00:00-04:00,27.32845159677359,27.93128508787889,27.32845159677359,27.864303588867188,554600,0.0,0.0
1997-07-03 00:00:00-04:00,27.32846361812096,27.32846361812096,26.39072221945995,26.558176040649414,4646600,0.0,0.0
1997-07-07 00:00:00-04:00,26.54143136721046,26.89308440109779,26.357232158983763,26.708885192871094,3402600,0.0,0.0
1997-07-08 00:00:00-04:00,26.775857162475585,27.12751007080078,26.6753849029541,27.12751007080078,1793000,0.0,0.0
1997-07-09 00:00:00-04:00,27.177740485558143,27.428921081542967,27.060522874098556,27.211231231689453,2316400,0.0,0.0
1997-07-10 00:00:00-04:00,27.278222968529327,27.830820487228817,27.22798683046574,27.696857452392578,3401000,0.0,0.0
1997-07-11 00:00:00-04:00,27.696847543848808,27.830810530759805,27.49590306348231,27.74708366394043,1968200,0.0,0.0
1997-07-14 00:00:00-04:00,27.747093590456167,27.79732972851976,27.629875934974457,27.696857452392578,1415600,0.0,0.0
1997-07-15 00:00:00-04:00,27.79732972851976,27.830820487228817,27.663366693683518,27.696857452392578,2347600,0.0,0.0
1997-07-16 00:00:00-04:00,27.696856310060365,27.780583203379773,27.629874795404838,27.680110931396484,1320600,0.0,0.0
1997-07-17 00:00:00-04:00,27.613112886746727,27.646603624025982,27.328441619873047,27.328441619873047,1834200,0.0,0.0
1997-07-18 00:00:00-04:00,27.345206883716994,27.3786976453627,27.04379002890566,27.144262313842773,1287600,0.0,0.0
1997-07-21 00:00:00-04:00,27.094023503445815,27.261477295185284,26.97680584922819,27.1610050201416,819600,0.0,0.0
1997-07-22 00:00:00-04:00,27.19449880726507,27.2614803314209,26.993554234797596,27.2614803314209,1282600,0.0,0.0
1997-07-23 00:00:00-04:00,27.328461356784985,27.797332017318062,27.311715976051662,27.730350494384766,1223400,0.0,0.0
1997-07-24 00:00:00-04:00,27.730342098356157,27.747087474019416,27.512652214733798,27.663360595703125,1328800,0.0,0.0
1997-07-25 00:00:00-04:00,27.730325013893086,27.83079720597241,27.16098259211026,27.278200149536133,1021200,0.0,0.0
1997-07-28 00:00:00-04:00,27.395434205026337,27.747087089076185,27.3451980787335,27.62986946105957,1866000,0.0,0.0
1997-07-29 00:00:00-04:00,27.663366639058648,28.132237260059643,27.596385121772794,28.03176498413086,1900000,0.0,0.0
1997-07-30 00:00:00-04:00,28.266191555818107,28.919261147451344,28.132228562662572,28.768552780151367,2862200,0.0,0.0
1997-07-31 00:00:00-04:00,28.91926381730865,28.91926381730865,28.500629425048828,28.500629425048828,1194400,0.0,0.0
1997-08-01 00:00:00-04:00,28.56761362565484,28.634595134741957,27.881053157511904,27.981525421142578,1427000,0.0,0.0
1997-08-04 00:00:00-04:00,27.914556218634196,27.981537757251196,27.579648525549203,27.713611602783203,1053800,0.0,0.0
1997-08-05 00:00:00-04:00,27.69684502524787,28.366659898893527,27.629863537883306,28.26618766784668,1438200,0.0,0.0
1997-08-06 00:00:00-04:00,28.28293800354004,28.366664877440396,28.16572038007954,28.28293800354004,566400,0.0,0.0
1997-08-07 00:00:00-04:00,28.467152149867218,28.467152149867218,28.06526294304556,28.165735244750977,574200,0.0,0.0
1997-08-08 00:00:00-04:00,28.23270147388438,28.24944684842405,27.780576361313276,28.081993103027344,805400,0.0,0.0
1997-08-11 00:00:00-04:00,28.34992104383529,28.500629425048828,28.11548578416979,28.500629425048828,662000,0.0,0.0
1997-08-12 00:00:00-04:00,28.9360099716677,28.9360099716677,28.634593201129498,28.651338577270508,921800,0.0,0.0
1997-08-13 00:00:00-04:00,28.802055448644303,28.902527735093063,28.400166302849264,28.467147827148438,850200,0.0,0.0
1997-08-14 00:00:00-04:00,28.534125868497927,28.802051932990864,28.534125868497927,28.751815795898438,1320800,0.0,0.0
1997-08-15 00:00:00-04:00,28.684826586455483,28.768553459153832,28.065247728487673,28.081993103027344,1304600,0.0,0.0
1997-08-18 00:00:00-04:00,28.015007042913243,28.09873390197754,27.68009960665606,28.09873390197754,769600,0.0,0.0
1997-08-19 00:00:00-04:00,28.11547418003194,28.634580612182617,28.098728811252883,28.634580612182617,557400,0.0,0.0
1997-08-20 00:00:00-04:00,28.634584454683797,28.735056680840582,28.48387611544862,28.718311309814453,434400,0.0,0.0
1997-08-21 00:00:00-04:00,28.668071349740725,28.835525037531266,28.500617661950184,28.634580612182617,522600,0.0,0.0
1997-08-22 00:00:00-04:00,28.132234912052333,28.668087005615234,28.132234912052333,28.668087005615234,705000,0.0,0.0
1997-08-25 00:00:00-04:00,28.668092400045957,28.85229159186868,28.26620325425092,28.467147827148438,506000,0.0,0.0
1997-08-26 00:00:00-04:00,28.46714627624047,28.617854697702917,28.383419375427998,28.58436393737793,668400,0.0,0.0
1997-08-27 00:00:00-04:00,28.450391373735794,28.601099744756173,28.249446879041955,28.333173751831055,1165000,0.0,0.0
1997-08-28 00:00:00-04:00,28.33990506915694,28.474376742082953,28.171815477999427,28.22224235534668,1144600,0.2,0.0
1997-08-29 00:00:00-04:00,28.155005962608666,28.205432838959606,27.835635745719372,27.886062622070312,1040600,0.0,0.0
1997-09-02 00:00:00-04:00,28.03734263650614,28.407139721639915,28.03734263650614,28.37352180480957,1142200,0.0,0.0
1997-09-03 00:00:00-04:00,28.440757533862786,28.911408367756497,28.423948575509442,28.877790451049805,841000,0.0,0.0
1997-09-04 00:00:00-04:00,28.995444340126536,28.995444340126536,28.709692135035436,28.776927947998047,739600,0.0,0.0
1997-09-05 00:00:00-04:00,28.827371941719488,28.827371941719488,28.272676155085815,28.390338897705078,697400,0.0,0.0
1997-09-08 00:00:00-04:00,28.457568655231416,28.77693888821984,28.457568655231416,28.760129928588867,539000,0.0,0.0
1997-09-09 00:00:00-04:00,28.69288318179478,28.860972714201313,28.558411555869558,28.776927947998047,586400,0.0,0.0
1997-09-10 00:00:00-04:00,28.642459622030806,28.642459622030806,28.205426787422358,28.2558536529541,446400,0.0,0.0
1997-09-11 00:00:00-04:00,28.205435890908,28.28948069392024,27.90287460006393,27.986919403076172,700200,0.0,0.0
1997-09-12 00:00:00-04:00,27.902876992607684,28.323101043701172,27.902876992607684,28.323101043701172,812000,0.0,0.0
1997-09-15 00:00:00-04:00,28.39033598636973,28.60885248596879,28.306291178831636,28.356718063354492,550000,0.0,0.0
1997-09-16 00:00:00-04:00,28.625653245108467,29.415674209594727,28.541608461652483,29.415674209594727,862600,0.0,0.0
1997-09-17 00:00:00-04:00,29.31481085488963,29.718225683167926,28.911396026611328,28.911396026611328,1574000,0.0,0.0
1997-09-18 00:00:00-04:00,28.978630787735685,29.53332615664246,28.978630787735685,29.314809799194336,1185000,0.0,0.0
1997-09-19 00:00:00-04:00,29.58376285917825,29.73504346470814,29.482909122158325,29.701425552368164,1463600,0.0,0.0
1997-09-22 00:00:00-04:00,29.852714122425425,29.9199499650435,29.31482738148082,29.583770751953125,497800,0.0,0.0
1997-09-23 00:00:00-04:00,29.58376120455438,30.155265682369635,29.482907473175217,30.088029861450195,1233600,0.0,0.0
1997-09-24 00:00:00-04:00,30.121662139892578,30.50826829458986,30.02080836040633,30.121662139892578,1028000,0.0,0.0
1997-09-25 00:00:00-04:00,30.18887856560551,30.239305422897726,29.466093611083775,29.735036849975586,1184600,0.0,0.0
1997-09-26 00:00:00-04:00,29.66781291602204,29.987183140047204,29.39886956947453,29.43248748779297,1729000,0.0,0.0
1997-09-29 00:00:00-04:00,28.440765787399048,28.709709199100224,28.339912008011108,28.390338897705078,2408200,0.0,0.0
1997-09-30 00:00:00-04:00,28.407137391156358,28.67608070373535,28.37351947708398,28.67608070373535,1898600,0.0,0.0
1997-10-01 00:00:00-04:00,28.776946661607273,28.776946661607273,28.323104628976786,28.50800323486328,1190600,0.0,0.0
1997-10-02 00:00:00-04:00,28.541604107127473,28.57522201538086,28.373514565860525,28.57522201538086,1162800,0.0,0.0
1997-10-03 00:00:00-04:00,28.64245632207282,28.827354807720006,28.373513070222373,28.776927947998047,1622200,0.0,0.0
1997-10-06 00:00:00-04:00,29.09630420755621,29.163540034725603,28.894596726048018,28.978641510009766,787600,0.0,0.0
1997-10-07 00:00:00-04:00,28.91140988231883,29.04588155619008,28.709702371511952,28.928218841552734,1284200,0.0,0.0
1997-10-08 00:00:00-04:00,28.995453159523233,28.995453159523233,28.64246503410295,28.877790451049805,608400,0.0,0.0
1997-10-09 00:00:00-04:00,28.776937092149918,29.04588042945973,28.575229589167556,28.827363967895508,1190200,0.0,0.0
1997-10-10 00:00:00-04:00,28.860988339778224,28.860988339778224,28.239056733155163,28.33991050720215,490600,0.0,0.0
1997-10-13 00:00:00-04:00,28.407134634661308,28.558415233307432,28.18861821439468,28.205427169799805,561400,0.0,0.0
1997-10-14 00:00:00-04:00,28.272669232693936,28.474376742082953,28.138197559767924,28.22224235534668,810400,0.0,0.0
1997-10-15 00:00:00-04:00,28.289467232567922,28.407129900796072,28.171804564339773,28.23904037475586,774000,0.0,0.0
1997-10-16 00:00:00-04:00,28.306289654522686,28.45757029994472,27.970110442473725,27.986919403076172,827400,0.0,0.0
1997-10-17 00:00:00-04:00,27.75158074923924,28.272658279963903,27.75158074923924,28.23904037475586,1119600,0.0,0.0
1997-10-20 00:00:00-04:00,28.23904776687257,28.272665680880753,28.0037223688153,28.104576110839844,947400,0.0,0.0
1997-10-21 00:00:00-04:00,28.087768715548226,28.323094126689863,27.835634346467902,27.902870178222656,1319600,0.0,0.0
1997-10-22 00:00:00-04:00,27.70115592870605,27.70115592870605,26.827090329013867,26.860708236694336,3664400,0.0,0.0
1997-10-23 00:00:00-04:00,26.72623978821497,26.810284567423192,26.490914406431944,26.524532318115234,1761000,0.0,0.0
1997-10-24 00:00:00-04:00,26.89432753730066,26.927945446722287,25.936217118784324,26.08749771118164,1644800,0.0,0.0
1997-10-27 00:00:00-05:00,25.818557210231138,26.05388260147022,24.60831234100155,24.725975036621094,1428600,0.0,0.0
1997-10-28 00:00:00-05:00,23.935947951394752,25.062147749669645,23.700622620411938,24.894058227539062,3149600,0.0,0.0
1997-10-29 00:00:00-05:00,25.1630138767845,25.78494541548926,25.14620491627897,25.431957244873047,3430000,0.0,0.0
1997-10-30 00:00:00-05:00,25.16300001953894,25.532796947013797,25.146191068290083,25.347898483276367,1481400,0.0,0.0
1997-10-31 00:00:00-05:00,25.48237102741791,25.717696353528627,25.448753123687805,25.566415786743164,1380400,0.0,0.0
1997-11-03 00:00:00-05:00,25.919421274153912,26.659015655517578,25.919421274153912,26.659015655517578,2395800,0.0,0.0
1997-11-04 00:00:00-05:00,26.59177499347263,26.776673555374146,26.390067471398247,26.62539291381836,1551000,0.0,0.0
1997-11-05 00:00:00-05:00,26.55815534355227,26.726244934334243,26.423683670926685,26.440492630004883,1412400,0.0,0.0
1997-11-06 00:00:00-05:00,26.390074836156174,26.40688380101997,26.02027760915271,26.10432243347168,829400,0.0,0.0
1997-11-07 00:00:00-05:00,25.83536582390728,25.83536582390728,25.51599565432092,25.600040435791016,1688800,0.0,0.0
1997-11-10 00:00:00-05:00,25.61685559852575,25.61685559852575,25.280676391196014,25.2974853515625,1220600,0.0,0.0
1997-11-11 00:00:00-05:00,25.331100404903452,25.41514519722231,24.793213734062768,25.011730194091797,862200,0.0,0.0
1997-11-12 00:00:00-05:00,24.877247596854595,24.994910254407284,24.74277598822295,24.77639389038086,1401800,0.0,0.0
1997-11-13 00:00:00-05:00,24.81001981920648,24.860446688757715,24.49064964538201,24.725975036621094,1296400,0.0,0.0
1997-11-14 00:00:00-05:00,24.793210718152334,24.94449132592411,24.692356979637815,24.910873413085938,910200,0.0,0.0
1997-11-17 00:00:00-05:00,25.078967652591974,25.21343932901338,25.045349733486624,25.12939453125,1243400,0.0,0.0
1997-11-18 00:00:00-05:00,25.12938984653406,25.16300775937223,24.86044654382868,24.910873413085938,1068800,0.0,0.0
1997-11-19 00:00:00-05:00,24.910873413085938,25.011727151600454,24.843637587409592,24.910873413085938,650200,0.0,0.0
1997-11-20 00:00:00-05:00,24.94449856433804,25.06216129341511,24.910880641744594,24.961307525634766,1626200,0.0,0.0
1997-11-21 00:00:00-05:00,24.961300282343196,25.011727151600454,24.826828630990505,24.910873413085938,2400800,0.0,0.0
1997-11-24 00:00:00-05:00,24.91088094182202,25.21344224880771,24.776409249828376,24.843645095825195,1425000,0.0,0.0
1997-11-25 00:00:00-05:00,24.877258749569165,25.21343792186064,24.742787080652572,25.146202087402344,2235000,0.0,0.0
1997-11-26 00:00:00-05:00,25.92948455313518,26.11517747636727,25.642504580867406,25.9126033782959,1974600,0.2,0.0
1997-11-28 00:00:00-05:00,26.334632502322616,26.53720659849433,26.199583104874808,26.36839485168457,561400,0.0,0.0
1997-12-01 00:00:00-05:00,26.43590347221614,26.520309294285795,26.250210663662898,26.351497650146484,718000,0.0,0.0
1997-12-02 00:00:00-05:00,26.419034028918013,26.537202232242247,26.013885903234925,26.064529418945312,950600,0.0,0.0
1997-12-03 00:00:00-05:00,25.828198224188927,25.946366451358422,25.659386471089654,25.76067352294922,1132200,0.0,0.0
1997-12-04 00:00:00-05:00,25.828198224188927,26.030772327908057,25.676267646399584,25.76067352294922,805200,0.0,0.0
1997-12-05 00:00:00-05:00,25.76066864847594,26.098292090788863,25.693143960013355,25.946361541748047,761000,0.0,0.0
1997-12-08 00:00:00-05:00,25.997004367093066,26.115172568761672,25.87883616542446,26.098291397094727,1048800,0.0,0.0
1997-12-09 00:00:00-05:00,26.148957481804562,26.165838668042007,25.946383246955204,26.047670364379883,1061000,0.0,0.0
1997-12-10 00:00:00-05:00,26.03077285208711,26.334634013784626,26.03077285208711,26.317752838134766,1248600,0.0,0.0
1997-12-11 00:00:00-05:00,26.26710854507074,26.402157946330743,26.165821494125737,26.300870895385742,768800,0.0,0.0
1997-12-12 00:00:00-05:00,26.4696630116271,26.65535580061173,26.33461371054737,26.621593475341797,873200,0.0,0.0
1997-12-15 00:00:00-05:00,26.621614830380395,26.73978306361607,26.45280306861514,26.587852478027344,851600,0.0,0.0
1997-12-16 00:00:00-05:00,26.469676455388967,26.469676455388967,25.456806182861328,25.456806182861328,2314000,0.0,0.0
1997-12-17 00:00:00-05:00,25.72690562042197,26.199578427096387,25.72690562042197,26.098291397094727,946800,0.0,0.0
1997-12-18 00:00:00-05:00,26.148947138058723,26.165828317618477,25.659392930825863,25.77756118774414,1123400,0.0,0.0
1997-12-19 00:00:00-05:00,25.389289871124813,25.473695755004883,24.747805153636286,25.473695755004883,1497000,0.0,0.0
1997-12-22 00:00:00-05:00,25.490583419799805,25.878850584472254,25.3724151522908,25.490583419799805,753800,0.0,0.0
1997-12-23 00:00:00-05:00,25.524335321390403,25.59186001800784,25.05166244506836,25.05166244506836,724200,0.0,0.0
1997-12-24 00:00:00-05:00,25.11918380217466,25.456807240375934,25.085421458354535,25.271114349365234,383800,0.0,0.0
1997-12-26 00:00:00-05:00,25.288010019687395,25.389297109218855,25.254247656510245,25.338653564453125,312800,0.0,0.0
1997-12-29 00:00:00-05:00,25.828197504099496,25.9970092524923,25.74379162990309,25.9126033782959,604200,0.0,0.0
1997-12-30 00:00:00-05:00,25.912597065880185,26.233339309692383,25.77754770006452,26.233339309692383,722000,0.0,0.0
1997-12-31 00:00:00-05:00,26.199589937471494,26.689144130890742,26.16582757930465,26.604738235473633,470200,0.0,0.0
1998-01-02 00:00:00-05:00,26.807296538839534,26.90858355346991,26.33462380389778,26.46967315673828,739200,0.0,0.0
1998-01-05 00:00:00-05:00,26.537217698873334,26.84107897023448,26.503455335388765,26.655385971069336,1152800,0.0,0.0
1998-01-06 00:00:00-05:00,26.706023791823725,26.8241920386902,26.60473672308103,26.73978614807129,1182400,0.0,0.0
1998-01-07 00:00:00-05:00,26.722913800453654,28.292863884750677,26.689151433049414,28.124052047729492,2294000,0.0,0.0
1998-01-08 00:00:00-05:00,27.989002736878717,27.989002736878717,27.33063656876155,27.44880485534668,2405800,0.0,0.0
1998-01-09 00:00:00-05:00,27.465668286787853,27.48254945967463,26.925470754410956,26.97611427307129,1561600,0.0,0.0
1998-01-12 00:00:00-05:00,26.90858586866464,27.212446938699753,26.857942356992123,27.144922256469727,1655200,0.0,0.0
1998-01-13 00:00:00-05:00,27.14492566830644,27.14492566830644,26.97611394151349,27.094282150268555,1818000,0.0,0.0
1998-01-14 00:00:00-05:00,27.077411649225652,27.128055187222955,26.857956317903998,26.993005752563477,669800,0.0,0.0
1998-01-15 00:00:00-05:00,26.976110776065656,27.043635458859313,26.7904178983831,26.857942581176758,921600,0.0,0.0
1998-01-16 00:00:00-05:00,26.993004603370977,27.009885781984718,26.857955174461054,26.925479888916016,873000,0.0,0.0
1998-01-20 00:00:00-05:00,27.077406303415287,27.077406303415287,26.80730748742112,27.043643951416016,1113800,0.0,0.0
1998-01-21 00:00:00-05:00,27.07739440712148,27.550067127445296,27.0267509013725,27.533185958862305,1330400,0.0,0.0
1998-01-22 00:00:00-05:00,27.516316737119965,28.29285082908777,27.381267329821217,28.09027671813965,2018600,0.0,0.0
1998-01-23 00:00:00-05:00,28.056513972916854,28.140919851295063,27.955226918863,28.03963279724121,1453400,0.0,0.0
1998-01-26 00:00:00-05:00,28.242196726799012,28.44477076189859,28.107147370065963,28.36036491394043,2060800,0.0,0.0
1998-01-27 00:00:00-05:00,28.22533415391308,28.69800721390684,28.22533415391308,28.478551864624023,1884600,0.0,0.0
1998-01-28 00:00:00-05:00,28.630484021436963,28.69800874790262,28.411028660423593,28.51231575012207,1501600,0.0,0.0
1998-01-29 00:00:00-05:00,28.529183541794005,28.748638799807804,28.42789649963379,28.42789649963379,1056000,0.0,0.0
1998-01-30 00:00:00-05:00,28.36038400461008,28.394146366520328,28.05652274741783,28.107166290283203,853800,0.0,0.0
1998-02-02 00:00:00-05:00,28.630470400367862,28.968093872070312,28.42789631734639,28.968093872070312,1311000,0.0,0.0
1998-02-03 00:00:00-05:00,28.90057679818578,29.103150934621663,28.765527373895196,29.052507400512695,1261200,0.0,0.0
1998-02-04 00:00:00-05:00,29.052514925929106,29.795286951926133,28.934346649065944,29.72776222229004,2284600,0.0,0.0
1998-02-05 00:00:00-05:00,29.79527735082008,29.79527735082008,29.339485572648893,29.47453498840332,1718000,0.0,0.0
1998-02-06 00:00:00-05:00,29.542049133006344,29.930316064468713,29.542049133006344,29.7446231842041,1505400,0.0,0.0
1998-02-09 00:00:00-05:00,29.710855066063868,29.812142071970904,29.59268689250566,29.66021156311035,1609400,0.0,0.0
1998-02-10 00:00:00-05:00,29.71087114843308,30.217306452099553,29.71087114843308,29.84592056274414,1572000,0.0,0.0
1998-02-11 00:00:00-05:00,30.065385870470504,30.116029417697575,29.609593945426877,29.72776222229004,2069800,0.0,0.0
1998-02-12 00:00:00-05:00,29.778400047405345,30.11602363070926,29.508301180762214,29.980974197387695,634600,0.0,0.0
1998-02-13 00:00:00-05:00,29.913449097540305,29.980973813336107,29.72775612910185,29.930330276489258,530600,0.0,0.0
1998-02-17 00:00:00-05:00,29.99784769315277,30.08225356735973,29.76151124537329,29.81215476989746,821400,0.0,0.0
1998-02-18 00:00:00-05:00,29.81214041809185,29.997833251953125,29.79525925137719,29.997833251953125,808000,0.0,0.0
1998-02-19 00:00:00-05:00,29.94721759360734,29.94721759360734,29.677118675062967,29.72776222229004,517600,0.0,0.0
1998-02-20 00:00:00-05:00,30.183535393021373,30.217297736861443,29.862793126540723,30.200416564941406,1288600,0.0,0.0
1998-02-23 00:00:00-05:00,30.200418104877823,30.419873351028414,30.065368722631302,30.234180450439453,766200,0.0,0.0
1998-02-24 00:00:00-05:00,30.267949205235567,30.267949205235567,29.609583327374896,29.829038619995117,761000,0.0,0.0
1998-02-25 00:00:00-05:00,30.09913612617241,30.89255138019939,30.06537377493722,30.723739624023438,1625400,0.0,0.0
1998-02-26 00:00:00-05:00,30.723742783837054,31.50027694210986,30.723742783837054,31.466514587402344,3299200,0.0,0.0
1998-02-27 00:00:00-05:00,31.398982664577197,31.550913225857407,31.112002715492352,31.51715087890625,1013800,0.0,0.0
1998-03-02 00:00:00-05:00,31.466511854361663,31.466511854361663,31.196413040161133,31.196413040161133,1716800,0.0,0.0
1998-03-03 00:00:00-05:00,30.926316058870476,30.943197235758507,30.72374193621412,30.85879135131836,903400,0.0,0.0
1998-03-04 00:00:00-05:00,30.841914747890673,30.841914747890673,30.386122904325788,30.791271209716797,936200,0.0,0.0
1998-03-05 00:00:00-05:00,30.713335773804914,31.03520746696669,30.442285926931845,30.882741928100586,549200,0.2,0.0
1998-03-06 00:00:00-05:00,30.86580654026307,31.272381379432286,30.696400357275895,31.221559524536133,657800,0.0,0.0
1998-03-09 00:00:00-05:00,30.967441012119426,31.4417781829834,30.086529123372046,31.4417781829834,5356600,0.0,0.0
1998-03-10 00:00:00-05:00,31.035207997566463,31.17073292332003,30.15429598016829,30.476167678833008,5167200,0.0,0.0
1998-03-11 00:00:00-05:00,30.239006515724668,31.577315487569063,30.086540936653787,31.475671768188477,2333800,0.0,0.0
1998-03-12 00:00:00-05:00,31.577301083598538,31.84835087830754,31.035201494180537,31.086023330688477,2303800,0.0,0.0
1998-03-13 00:00:00-05:00,31.03519058227539,31.628111799731528,30.831903307719003,31.03519058227539,1693800,0.0,0.0
1998-03-16 00:00:00-05:00,31.102959665113342,31.289306373346594,30.69638502896807,31.06907844543457,1390600,0.0,0.0
1998-03-17 00:00:00-05:00,31.10297238506641,31.848359522834887,30.66251634911231,31.543428421020508,2754200,0.0,0.0
1998-03-18 00:00:00-05:00,31.374022075844948,31.950003042680112,31.204615909128723,31.323200225830078,1940000,0.0,0.0
1998-03-19 00:00:00-05:00,31.18768122994348,31.71284044674318,30.950512551388776,31.475671768188477,2296400,0.0,0.0
1998-03-20 00:00:00-05:00,31.475664778652355,31.84835833362025,31.441783546382545,31.712833404541016,2153400,0.0,0.0
1998-03-23 00:00:00-05:00,31.8483671165867,31.8483671165867,31.526495321259496,31.61119842529297,1556200,0.0,0.0
1998-03-24 00:00:00-05:00,31.272378013346046,31.374021712197656,31.187674930969703,31.238496780395508,2243200,0.0,0.0
1998-03-25 00:00:00-05:00,30.967458705333513,31.44179614720952,30.967458705333513,31.255449295043945,2380200,0.0,0.0
1998-03-26 00:00:00-05:00,31.187667388501374,31.306251675149667,31.136845551366388,31.170726776123047,1409000,0.0,0.0
1998-03-27 00:00:00-05:00,31.13685382017763,31.13685382017763,30.493110378846428,30.69639778137207,1973200,0.0,0.0
1998-03-30 00:00:00-05:00,30.222063064575195,30.59475666738946,30.103478736407016,30.222063064575195,1231400,0.0,0.0
1998-03-31 00:00:00-05:00,30.255938233269585,30.69639422098796,30.222057003445098,30.493106842041016,2042000,0.0,0.0
1998-04-01 00:00:00-05:00,30.51003832073482,31.22154393398905,30.255929173144025,31.06907844543457,1238000,0.0,0.0
1998-04-02 00:00:00-05:00,31.001309369849327,31.238477856831782,30.848843913932036,31.03519058227539,1141800,0.0,0.0
1998-04-03 00:00:00-05:00,30.899691397093044,30.899691397093044,30.560878991423163,30.71334457397461,2414000,0.0,0.0
1998-04-06 00:00:00-04:00,30.35757999572406,30.391461223397858,29.696896056084974,29.713836669921875,1763600,0.0,0.0
1998-04-07 00:00:00-04:00,29.713843063658654,30.88274566992573,29.44279318394455,30.594755172729492,1922000,0.0,0.0
1998-04-08 00:00:00-04:00,30.526979444223805,30.526979444223805,29.307255515264806,29.544424057006836,1696800,0.0,0.0
1998-04-09 00:00:00-04:00,29.544424057006836,29.98487992024203,29.544424057006836,29.544424057006836,2366600,0.0,0.0
1998-04-13 00:00:00-04:00,29.984888040794516,30.052650499643768,29.612194517123623,29.629135131835938,1952600,0.0,0.0
1998-04-14 00:00:00-04:00,29.629132446195243,30.526984944564795,29.612191833018457,30.3067569732666,883800,0.0,0.0
1998-04-15 00:00:00-04:00,29.713847977248463,30.84886953624256,29.713847977248463,30.71334457397461,1209200,0.0,0.0
1998-04-16 00:00:00-04:00,30.645577025175886,30.88274566992573,30.391467762943915,30.594755172729492,968800,0.0,0.0
1998-04-17 00:00:00-04:00,30.526976794471143,30.526976794471143,30.23898644735349,30.28980827331543,720400,0.0,0.0
1998-04-20 00:00:00-04:00,30.39146026204879,30.696391301467337,29.984885542824053,30.52698516845703,707200,0.0,0.0
1998-04-21 00:00:00-04:00,30.154301689584873,30.814985827727465,30.103479832804677,30.764163970947266,806200,0.0,0.0
1998-04-22 00:00:00-04:00,30.83191452855649,31.272370450393012,30.798033303799834,31.170726776123047,792800,0.0,0.0
1998-04-23 00:00:00-04:00,31.204607778182552,31.712826145905396,31.187667165925127,31.374013900756836,2299200,0.0,0.0
1998-04-24 00:00:00-04:00,31.204618325275657,31.28932141519226,30.47617175199289,30.628637313842773,1454000,0.0,0.0
1998-04-27 00:00:00-04:00,30.62864198770609,30.64558260827451,30.018779647242916,30.0865421295166,1282000,0.0,0.0
1998-04-28 00:00:00-04:00,30.018779647242916,30.171245232358707,29.798551579853434,30.0865421295166,1246600,0.0,0.0
1998-04-29 00:00:00-04:00,30.18818572374886,30.272888826228513,29.713848349862793,29.866313934326172,868200,0.0,0.0
1998-04-30 00:00:00-04:00,29.866297863147878,30.34063498179118,29.815476029007524,30.188169479370117,816800,0.0,0.0
1998-05-01 00:00:00-04:00,29.951013565063477,30.001835420660303,29.69690428707934,29.951013565063477,1342400,0.0,0.0
1998-05-04 00:00:00-04:00,29.917108459052304,30.967425970072263,29.815464828953598,30.7471981048584,845400,0.0,0.0
1998-05-05 00:00:00-04:00,30.679445203714913,30.679445203714913,30.13734567499107,30.255929946899414,653200,0.0,0.0
1998-05-06 00:00:00-04:00,30.188185345186294,30.831928915959068,29.713847977248463,30.71334457397461,1312000,0.0,0.0
1998-05-07 00:00:00-04:00,30.628640469637784,30.628640469637784,29.64608452536843,29.81549072265625,974000,0.0,0.0
1998-05-08 00:00:00-04:00,29.815483665784377,30.713336298901748,29.815483665784377,30.476167678833008,891200,0.0,0.0
1998-05-11 00:00:00-04:00,30.391463152567546,30.730275450812446,30.289819463094076,30.493106842041016,912200,0.0,0.0
1998-05-12 00:00:00-04:00,30.62864147255714,30.79804767539208,30.323710307454245,30.71334457397461,866600,0.0,0.0
1998-05-13 00:00:00-04:00,30.645577931826093,30.747221639726014,30.44229051602625,30.628637313842773,562200,0.0,0.0
1998-05-14 00:00:00-04:00,30.69639222003404,30.831917130497764,30.391461171490654,30.560867309570312,681000,0.0,0.0
1998-05-15 00:00:00-04:00,30.560879097385524,30.74722592115007,30.493116616016597,30.64558219909668,819800,0.0,0.0
1998-05-18 00:00:00-04:00,30.59475607787613,30.747221639726014,30.374528044092973,30.628637313842773,643800,0.0,0.0
1998-05-19 00:00:00-04:00,30.662522713124126,30.79804767539208,30.645582092840634,30.71334457397461,824600,0.0,0.0
1998-05-20 00:00:00-04:00,30.764157338336915,30.78109795361133,30.52698872449511,30.730276107788086,486800,0.0,0.0
1998-05-21 00:00:00-04:00,30.865798358113697,30.865798358113697,30.510045468146412,30.560867309570312,800600,0.0,0.0
1998-05-22 00:00:00-04:00,30.51005723635883,30.64558219909668,30.30676979225205,30.64558219909668,837000,0.0,0.0
1998-05-26 00:00:00-04:00,30.713340403759375,30.865805965609255,30.56087484190949,30.628637313842773,896200,0.0,0.0
1998-05-27 00:00:00-04:00,30.628631265681022,30.628631265681022,29.84936299232852,30.120412826538086,738200,0.0,0.0
1998-05-28 00:00:00-04:00,30.11020734872711,30.807281601295045,30.059201915612384,30.26322364807129,1035200,0.2,0.0
1998-05-29 00:00:00-04:00,30.33123368091201,30.67126993294017,30.093208304492297,30.535255432128906,676400,0.0,0.0
1998-06-01 00:00:00-04:00,30.467246421089385,30.484248232708296,30.127210188711157,30.433242797851562,517400,0.0,0.0
1998-06-02 00:00:00-04:00,30.365232271084295,30.39923589064878,29.719163499359098,30.025196075439453,1013400,0.0,0.0
1998-06-03 00:00:00-04:00,30.076221094559294,30.331248407401798,29.855197423429125,29.94020652770996,1106800,0.0,0.0
1998-06-04 00:00:00-04:00,29.379140148424124,29.855191030458773,29.379140148424124,29.78718376159668,715400,0.0,0.0
1998-06-05 00:00:00-04:00,29.77018136170495,30.314239501953125,29.753179544822192,30.314239501953125,559800,0.0,0.0
1998-06-08 00:00:00-04:00,30.31422132554006,30.46723758573628,30.110199645278435,30.36522674560547,429600,0.0,0.0
1998-06-09 00:00:00-04:00,30.297225926271462,30.314227736555566,30.008195151441715,30.076202392578125,426200,0.0,0.0
1998-06-10 00:00:00-04:00,30.0932116021245,30.16121885998241,29.39613720908094,29.61716079711914,632200,0.0,0.0
1998-06-11 00:00:00-04:00,29.5151529650781,29.75317839221583,29.124111191923266,29.685171127319336,756600,0.0,0.0
1998-06-12 00:00:00-04:00,29.651164557062742,29.957197218775544,29.35363280261974,29.736173629760742,936000,0.0,0.0
1998-06-15 00:00:00-04:00,29.583150113269404,29.787171838188502,29.39613019876023,29.430133819580078,772400,0.0,0.0
1998-06-16 00:00:00-04:00,29.277122805411356,29.311126432363054,28.920084722418533,29.073101043701172,1056600,0.0,0.0
1998-06-17 00:00:00-04:00,29.175102969578333,29.515139134724937,28.512032447542463,28.563037872314453,1340800,0.0,0.0
1998-06-18 00:00:00-04:00,28.563047589342826,28.63105484550793,28.240013122558594,28.240013122558594,1280000,0.0,0.0
1998-06-19 00:00:00-04:00,28.18901310426643,28.325027642767115,27.984991296515407,28.2230167388916,1292600,0.0,0.0
1998-06-22 00:00:00-04:00,28.15500471744631,28.172006531889213,27.49193395417312,27.610946655273438,605400,0.0,0.0
1998-06-23 00:00:00-04:00,27.72995935637375,27.848972057474068,27.185901294200878,27.610946655273438,940800,0.0,0.0
1998-06-24 00:00:00-04:00,27.61094499551333,28.444033853136574,27.55993955525068,28.291017532348633,902000,0.0,0.0
1998-06-25 00:00:00-04:00,28.35901825378641,28.393021872795746,27.797958540132363,27.91697120666504,923000,0.0,0.0
1998-06-26 00:00:00-04:00,27.882965263917942,28.22300142567304,27.780954415391413,28.001977920532227,786200,0.0,0.0
1998-06-29 00:00:00-04:00,28.086991083274768,28.42702729493669,27.967978409193094,28.018983840942383,945400,0.0,0.0
1998-06-30 00:00:00-04:00,28.12100051060196,28.80107307434082,27.865973299199887,28.80107307434082,1374200,0.0,0.0
1998-07-01 00:00:00-04:00,28.59705017392452,28.631053800766285,28.291017532348633,28.291017532348633,1268800,0.0,0.0
1998-07-02 00:00:00-04:00,28.291007166125297,28.80106138186073,28.291007166125297,28.46102523803711,1019000,0.0,0.0
1998-07-06 00:00:00-04:00,28.461044699343432,28.68206834396199,28.291026511175314,28.59705924987793,700000,0.0,0.0
1998-07-07 00:00:00-04:00,28.665074310212766,29.107121719504303,28.37604331182984,28.835092544555664,982600,0.0,0.0
1998-07-08 00:00:00-04:00,28.90308522234418,29.328130593261008,28.83507796299749,29.209117889404297,608000,0.0,0.0
1998-07-09 00:00:00-04:00,29.20912013663217,29.515152827237163,28.716067468435238,29.005098342895508,718400,0.0,0.0
1998-07-10 00:00:00-04:00,28.76708021758218,28.937098422177822,28.63106565390567,28.648067474365234,875800,0.0,0.0
1998-07-13 00:00:00-04:00,28.614049761250875,28.73306244593819,28.189004458796166,28.27401351928711,517000,0.0,0.0
1998-07-14 00:00:00-04:00,28.03600684314404,28.886098014858536,28.03600684314404,28.835092544555664,900400,0.0,0.0
1998-07-15 00:00:00-04:00,28.71606522998171,29.03909971155048,28.359027118774122,28.427034378051758,515000,0.0,0.0
1998-07-16 00:00:00-04:00,28.427029828170802,28.46103345236718,27.8489682168324,28.27401351928711,2030800,0.0,0.0
1998-07-17 00:00:00-04:00,29.107115270120545,29.498157122464455,28.682069778442383,28.682069778442383,2272200,0.0,0.0
1998-07-20 00:00:00-04:00,28.733064056073548,29.07310031709217,28.733064056073548,28.92008399963379,510400,0.0,0.0
1998-07-21 00:00:00-04:00,29.073107054469045,29.294130675350974,28.988097969514456,29.09010887145996,576600,0.0,0.0
1998-07-22 00:00:00-04:00,29.090102763130115,29.19211364365541,28.27401571892775,28.291017532348633,1322400,0.0,0.0
1998-07-23 00:00:00-04:00,28.29102563196956,28.410038359988665,27.882981993046922,28.206016540527344,1060200,0.0,0.0
1998-07-24 00:00:00-04:00,28.274023311271574,28.393036037175904,27.95098876953125,27.95098876953125,924200,0.0,0.0
1998-07-27 00:00:00-04:00,27.882976732012818,27.967985807415296,27.491934985161418,27.5599422454834,656200,0.0,0.0
1998-07-28 00:00:00-04:00,27.406930090812256,27.440933726160658,26.38682103036019,26.794864654541016,1337800,0.0,0.0
1998-07-29 00:00:00-04:00,26.998875210657143,27.321909611792208,26.471819082489404,26.590831756591797,697000,0.0,0.0
1998-07-30 00:00:00-04:00,26.760857096102214,27.525938779281756,26.760857096102214,27.457931518554688,1321400,0.0,0.0
1998-07-31 00:00:00-04:00,27.389928021326334,27.440933473880012,26.93087894834321,27.11789894104004,841200,0.0,0.0
1998-08-03 00:00:00-04:00,27.04987907409668,27.236898979700115,26.947868216494808,27.04987907409668,801400,0.0,0.0
1998-08-04 00:00:00-04:00,27.04988974102811,27.04988974102811,25.910768048602666,25.995777130126953,1063200,0.0,0.0
1998-08-05 00:00:00-04:00,25.995766776124224,26.62483372884927,25.961763157058005,26.386808395385742,1225000,0.0,0.0
1998-08-06 00:00:00-04:00,26.318816173689168,26.48883436602566,25.774757958212387,25.808761596679688,1200800,0.0,0.0
1998-08-07 00:00:00-04:00,25.87676297085179,26.233801093314263,25.689743001942873,25.9107666015625,1627000,0.0,0.0
1998-08-10 00:00:00-04:00,25.77475346665438,26.607842463927508,25.587733487674697,26.216800689697266,880600,0.0,0.0
1998-08-11 00:00:00-04:00,26.046794891357422,26.114802188723893,25.5282392489381,26.046794891357422,1196200,0.0,0.0
1998-08-12 00:00:00-04:00,26.25079354708312,26.573827923634013,25.774742886902857,25.927759170532227,1346600,0.0,0.0
1998-08-13 00:00:00-04:00,26.012774559434213,26.08078181318437,25.723743730996055,25.740745544433594,1079600,0.0,0.0
1998-08-14 00:00:00-04:00,25.910762509245757,25.927764321915866,25.145680939090862,25.230690002441406,844200,0.0,0.0
1998-08-17 00:00:00-04:00,25.468711064759955,25.468711064759955,24.873647722125376,25.09467124938965,887200,0.0,0.0
1998-08-18 00:00:00-04:00,25.162685814724174,25.604732997955814,25.128682185244816,25.2987003326416,1702800,0.0,0.0
1998-08-19 00:00:00-04:00,25.33271084386836,25.791759966542482,25.315709024510056,25.706750869750977,964600,0.0,0.0
1998-08-20 00:00:00-04:00,25.910767828771313,26.862869533765533,25.672742402522758,26.318811416625977,1503600,0.0,0.0
1998-08-21 00:00:00-04:00,26.250796707309025,26.964872783544113,25.94476410320827,26.65884017944336,1274200,0.0,0.0
1998-08-24 00:00:00-04:00,26.386825870083428,26.607849540386958,25.740756679965404,26.063791275024414,1657000,0.0,0.0
1998-08-25 00:00:00-04:00,26.114791165865384,26.760860218145908,26.114791165865384,26.52283477783203,2334400,0.0,0.0
1998-08-26 00:00:00-04:00,26.55684407800922,26.62485136117954,25.89377306709862,26.063791275024414,1301800,0.0,0.0
1998-08-27 00:00:00-04:00,25.7917631314351,25.910775881547195,24.482622880202072,24.75465202331543,1381800,0.0,0.0
1998-08-28 00:00:00-04:00,24.983473329802894,25.137165236821506,24.471166973074194,24.539474487304688,2011600,0.2,0.0
1998-08-31 00:00:00-04:00,24.607774723605715,24.966389067252987,23.839315415790132,23.924699783325195,1356000,0.0,0.0
1998-09-01 00:00:00-04:00,23.87347657510094,24.86393554602788,23.87347657510094,24.6077823638916,1566000,0.0,0.0
1998-09-02 00:00:00-04:00,25.342074931516485,25.87145789841474,25.068845013117386,25.188383102416992,2907800,0.0,0.0
1998-09-03 00:00:00-04:00,25.188393362106815,25.47870026865313,24.727317687003843,25.41039276123047,1425000,0.0,0.0
1998-09-04 00:00:00-04:00,25.751927938927434,25.88854294125596,24.9663916755384,25.854389190673828,1141400,0.0,0.0
1998-09-08 00:00:00-04:00,26.366698113185,26.366698113185,25.93977618777721,26.161775588989258,1494200,0.0,0.0
1998-09-09 00:00:00-04:00,26.12764312618514,27.101025909317528,25.95687421686367,26.96441078186035,1226800,0.0,0.0
1998-09-10 00:00:00-04:00,26.84484675918909,26.87900050824658,25.956849283694286,26.076387405395508,1213800,0.0,0.0
1998-09-11 00:00:00-04:00,26.059324264526367,26.742399605667295,25.47871022455658,26.059324264526367,1065600,0.0,0.0
1998-09-14 00:00:00-04:00,26.639924235000073,26.91315422715392,26.605770485980845,26.759462356567383,1194800,0.0,0.0
1998-09-15 00:00:00-04:00,26.759466869221875,27.066850662231445,26.400852444044045,27.066850662231445,1923400,0.0,0.0
1998-09-16 00:00:00-04:00,27.06684975647459,28.142692996006385,26.827773481023076,27.869462966918945,1936200,0.0,0.0
1998-09-17 00:00:00-04:00,27.45963303939156,28.96239902662194,27.323017949643344,28.27932357788086,2257000,0.0,0.0
1998-09-18 00:00:00-04:00,28.689145946502688,28.689145946502688,27.220534904003145,27.322996139526367,1949800,0.0,0.0
1998-09-21 00:00:00-04:00,25.717776818595016,26.02516060527145,25.51285429414406,25.99100685119629,2702400,0.0,0.0
1998-09-22 00:00:00-04:00,25.991014785816436,26.503321253342385,25.615323376297408,26.14470672607422,2315600,0.0,0.0
1998-09-23 00:00:00-04:00,26.639948823398218,27.681639129954174,26.315487908241444,27.254716873168945,3451800,0.0,0.0
1998-09-24 00:00:00-04:00,27.732848520811437,28.074386064171186,26.657005259228235,26.913158416748047,2426400,0.0,0.0
1998-09-25 00:00:00-04:00,26.913151971708395,28.05730246796757,26.844844479394414,27.886533737182617,1422800,0.0,0.0
1998-09-28 00:00:00-04:00,28.176854054133095,28.347622866582388,27.049779891967773,27.049779891967773,1384800,0.0,0.0
1998-09-29 00:00:00-04:00,27.11807408762094,28.125609585838596,27.11807408762094,28.074378967285156,1022200,0.0,0.0
1998-09-30 00:00:00-04:00,28.07439487880605,28.07439487880605,27.391319577618553,27.545011520385742,1189000,0.0,0.0
1998-10-01 00:00:00-04:00,27.35715802632144,28.142694399112195,26.759467307893694,26.793621063232422,2194800,0.0,0.0
1998-10-02 00:00:00-04:00,26.810700719363613,28.7745418548584,26.810700719363613,28.7745418548584,2160600,0.0,0.0
1998-10-05 00:00:00-04:00,28.62084958757673,29.884538650512695,28.245158244541713,29.884538650512695,2579200,0.0,0.0
1998-10-06 00:00:00-04:00,30.123611348129835,30.68714829511866,29.37222875214474,30.63591766357422,2577200,0.0,0.0
1998-10-07 00:00:00-04:00,30.055306951087857,30.87499714066298,28.859925424624137,28.979463577270508,2779400,0.0,0.0
1998-10-08 00:00:00-04:00,28.689168847125508,29.782089565111242,27.85240142241768,28.27932357788086,2550600,0.0,0.0
1998-10-09 00:00:00-04:00,28.825765871363874,30.089454659563476,28.245152103812707,30.004070281982422,1649800,0.0,0.0
1998-10-12 00:00:00-04:00,30.26023461785115,30.294388381528183,28.996545361800933,29.09900665283203,826800,0.0,0.0
1998-10-13 00:00:00-04:00,29.201452288134345,29.867450322776005,29.06483730666939,29.71375846862793,934800,0.0,0.0
1998-10-14 00:00:00-04:00,30.123609603171104,30.533454631785677,29.201458288788317,29.696687698364258,1774600,0.0,0.0
1998-10-15 00:00:00-04:00,29.696692286103225,30.226075529846298,29.11607840586889,29.662538528442383,1028000,0.0,0.0
1998-10-16 00:00:00-04:00,29.952840841248367,29.952840841248367,29.235612041172864,29.696687698364258,1548600,0.0,0.0
1998-10-19 00:00:00-04:00,29.713767640601656,29.850382664236605,29.457614471286124,29.64546012878418,1058000,0.0,0.0
1998-10-20 00:00:00-04:00,29.782069793877575,30.670067287731722,29.44053229624136,29.542993545532227,1904400,0.0,0.0
1998-10-21 00:00:00-04:00,29.54298970286797,29.747912174795378,28.84283792378266,29.11606788635254,1069200,0.0,0.0
1998-10-22 00:00:00-04:00,29.18438584728328,30.02115290785489,29.0990014533474,29.918691635131836,1179600,0.0,0.0
1998-10-23 00:00:00-04:00,29.782091931278476,29.884553256730122,29.59424616795046,29.74793815612793,838200,0.0,0.0
1998-10-26 00:00:00-05:00,29.74791898496646,30.43099404776707,29.525919589556263,30.345609664916992,1303200,0.0,0.0
1998-10-27 00:00:00-05:00,30.46513662142743,31.011596471139132,29.679600587466854,29.986984252929688,1263200,0.0,0.0
1998-10-28 00:00:00-05:00,30.038224790313027,30.46514668898149,29.952840410579334,30.055301666259766,1204400,0.0,0.0
1998-10-29 00:00:00-05:00,30.123606107893032,30.448066717898683,29.713761126833262,30.191913604736328,826600,0.0,0.0
1998-10-30 00:00:00-05:00,30.157754557702678,30.840829406121767,30.157754557702678,30.430984497070312,674400,0.0,0.0
1998-11-02 00:00:00-05:00,30.43100046765205,30.909153112486088,30.39684670730676,30.567615509033203,700200,0.0,0.0
1998-11-03 00:00:00-05:00,30.0553074702834,30.123614987261316,29.747923643882775,29.79915428161621,1298400,0.0,0.0
1998-11-04 00:00:00-05:00,29.952840817049616,29.952840817049616,28.757459484556186,29.867456436157227,2369800,0.0,0.0
1998-11-05 00:00:00-05:00,29.782073804500246,30.772532681026057,29.66253566422989,30.63591766357422,1513400,0.0,0.0
1998-11-06 00:00:00-05:00,30.05530968384691,30.396847293890627,29.679618312798826,30.038232803344727,1555200,0.0,0.0
1998-11-09 00:00:00-05:00,29.901604068142245,29.952834686191604,29.594220359846094,29.71375846862793,1057600,0.0,0.0
1998-11-10 00:00:00-05:00,29.71376541618989,29.73084229286586,29.098997855854925,29.235612869262695,1144800,0.0,0.0
1998-11-11 00:00:00-05:00,27.869455717590817,28.484223123125908,27.5449951424473,27.852378845214844,4516800,0.0,0.0
1998-11-12 00:00:00-05:00,28.381769035464135,29.423458512698378,28.14269276200054,29.235612869262695,2898200,0.0,0.0
1998-11-13 00:00:00-05:00,29.406373218704545,29.628372551946796,29.098989526522963,29.440526962280273,2603800,0.0,0.0
1998-11-16 00:00:00-05:00,29.372222512378837,29.389299385932546,28.791608811552745,28.87699317932129,2271200,0.0,0.0
1998-11-17 00:00:00-05:00,28.945319562990463,29.508856758022137,28.552551214938084,28.637935638427734,2085600,0.0,0.0
1998-11-18 00:00:00-05:00,28.313460932389134,28.586690953449587,27.937769653431015,28.245153427124023,2156200,0.0,0.0
1998-11-19 00:00:00-05:00,28.484231078203987,29.030691146850586,28.433000446768368,29.030691146850586,1745800,0.0,0.0
1998-11-20 00:00:00-05:00,28.962381713153327,29.49176486946686,28.77453607704207,29.201457977294922,1322000,0.0,0.0
1998-11-23 00:00:00-05:00,29.32100965462479,29.850393055494543,29.32100965462479,29.611316680908203,1280200,0.0,0.0
1998-11-24 00:00:00-05:00,29.679611259344988,29.833303147339294,29.16730496603063,29.33807373046875,1147400,0.0,0.0
1998-11-25 00:00:00-05:00,29.235610953027173,29.59422533971734,29.16730345080047,29.320995330810547,635200,0.0,0.0
1998-11-27 00:00:00-05:00,29.25308689164582,29.25308689164582,29.03017356832144,29.133056640625,244400,0.22,0.0
1998-11-30 00:00:00-05:00,29.493150044636558,29.493150044636558,28.44717204886747,28.464319229125977,1616200,0.0,0.0
1998-12-01 00:00:00-05:00,28.275708459659132,29.75036639024172,28.069942236787142,29.18450927734375,1608000,0.0,0.0
1998-12-02 00:00:00-05:00,28.6700808847218,28.73866959497233,27.847016361715433,28.27569580078125,1596200,0.0,0.0
1998-12-03 00:00:00-05:00,28.327152605846578,28.327152605846578,27.126849529327657,27.74414825439453,2650600,0.0,0.0
1998-12-04 00:00:00-05:00,27.744139691064653,29.15020857528425,27.60696223894567,28.99588394165039,1775000,0.0,0.0
1998-12-07 00:00:00-05:00,28.995890517943735,29.33883422602113,27.589821314826416,27.79558753967285,1684800,0.0,0.0
1998-12-08 00:00:00-05:00,27.795592554231035,27.898475685215235,27.178293768325844,27.366912841796875,2059000,0.0,0.0
1998-12-09 00:00:00-05:00,27.847020638955605,28.43002476563325,27.812726278562803,27.91560935974121,1379600,0.0,0.0
1998-12-10 00:00:00-05:00,27.50407703502758,27.949903720134014,27.332605233063568,27.91560935974121,1930000,0.0,0.0
1998-12-11 00:00:00-05:00,27.847015192723756,27.984192607466237,26.33806363055646,26.423799514770508,1879200,0.0,0.0
1998-12-14 00:00:00-05:00,26.423812141245847,26.783903027012336,26.23519310584435,26.526695251464844,1634000,0.0,0.0
1998-12-15 00:00:00-05:00,26.578138985525623,26.612433358410172,25.497866239662326,25.686485290527344,2220400,0.0,0.0
1998-12-16 00:00:00-05:00,25.583597660064697,26.749606132507324,24.691944122314453,26.063718795776367,3524400,0.0,0.0
1998-12-17 00:00:00-05:00,26.440968434279938,26.475262816166165,25.65219765089675,25.806522369384766,2291400,0.0,0.0
1998-12-18 00:00:00-05:00,25.515000927669618,26.26947676155232,25.515000927669618,25.85794448852539,1137000,0.0,0.0
1998-12-21 00:00:00-05:00,25.789377745554503,26.303793525053596,25.27496196605541,25.463581085205078,993800,0.0,0.0
1998-12-22 00:00:00-05:00,25.394978642463684,26.269484996795654,25.343537092208862,26.063718795776367,1665800,0.0,0.0
1998-12-23 00:00:00-05:00,26.063724156667494,26.063724156667494,22.49710927207089,23.18299674987793,7114400,0.0,0.0
1998-12-24 00:00:00-05:00,23.251582396508677,23.285876765825062,22.78860841073749,23.080110549926758,2134600,0.0,0.0
1998-12-28 00:00:00-05:00,23.217290561115625,23.3887624264119,22.874346830523077,22.99437713623047,2683800,0.0,0.0
1998-12-29 00:00:00-05:00,22.994371769139587,23.21728514199478,22.651428118593135,22.942930221557617,1930000,0.0,0.0
1998-12-30 00:00:00-05:00,23.04582160554787,23.182999115104703,22.78861377512881,22.857202529907227,2202600,0.0,0.0
1998-12-31 00:00:00-05:00,22.80576189710679,23.457355094166985,22.720025950125184,23.251588821411133,1692400,0.0,0.0
1999-01-04 00:00:00-05:00,22.634272398772065,23.18298203268169,22.15415146910114,22.222740173339844,1754300,0.0,2.0
1999-01-05 00:00:00-05:00,22.49710393277575,23.080108150545854,22.462809567024568,22.599987030029297,2522900,0.0,0.0
1999-01-06 00:00:00-05:00,22.634278743638905,23.594520872156917,22.359923849776614,22.428512573242188,2718500,0.0,0.0
1999-01-07 00:00:00-05:00,22.085566948200096,22.222744382660967,21.674034644817485,21.87980079650879,1799300,0.0,0.0
1999-01-08 00:00:00-05:00,22.016981832298317,22.42851420299548,21.60544946160115,21.914098739624023,1902600,0.0,0.0
1999-01-11 00:00:00-05:00,22.15417034726433,22.599997304717018,21.91410967786673,21.982698440551758,2093300,0.0,0.0
1999-01-12 00:00:00-05:00,21.948395494014914,22.016984229933712,21.708334918299126,21.84551239013672,1669400,0.0,0.0
1999-01-13 00:00:00-05:00,21.399688625335692,21.94839859008789,21.02245052456856,21.94839859008789,1534000,0.0,0.0
1999-01-14 00:00:00-05:00,21.53686140737226,21.571155772670622,21.091034658493534,21.26250648498535,2328500,0.0,0.0
1999-01-15 00:00:00-05:00,21.536873101445373,22.051288860237857,21.331106797928378,22.01699447631836,2069600,0.0,0.0
1999-01-19 00:00:00-05:00,22.394221046862132,22.394221046862132,21.433978796766972,21.468273162841797,1304400,0.0,0.0
1999-01-20 00:00:00-05:00,21.53685714479477,21.948389446924605,21.26250227670821,21.605445861816406,950900,0.0,0.0
1999-01-21 00:00:00-05:00,21.19392064370607,21.36539249357424,20.679505094101554,20.850976943969727,1711000,0.0,0.0
1999-01-22 00:00:00-05:00,20.850976238598673,21.159625557920034,20.439443812836856,20.67950439453125,1515600,0.0,0.0
1999-01-25 00:00:00-05:00,20.85097150104802,21.331092555348466,20.679499695940716,21.091032028198242,1688500,0.0,0.0
1999-01-26 00:00:00-05:00,21.125329502093525,21.91409992181455,20.98815203779422,21.468273162841797,1597700,0.0,0.0
1999-01-27 00:00:00-05:00,21.536869670964087,21.811224698619682,20.23368328960002,20.405155181884766,1997000,0.0,0.0
1999-01-28 00:00:00-05:00,20.37084626570992,21.468265593155568,19.479193062160324,19.719253540039062,3566900,0.0,0.0
1999-01-29 00:00:00-05:00,20.13079631074946,20.165090682658743,18.9990820377431,19.342025756835938,4323800,0.0,0.0
1999-02-01 00:00:00-05:00,20.02791775883855,21.02245477083567,19.75356272104624,20.30227279663086,2511800,0.0,0.0
1999-02-02 00:00:00-05:00,20.576613020188738,21.262500120861695,20.439435600054146,20.782379150390625,2408500,0.0,0.0
1999-02-03 00:00:00-05:00,20.748092164706126,21.674040079494663,20.610914695848567,21.639745712280273,2762400,0.0,0.0
1999-02-04 00:00:00-05:00,21.708347580100916,21.94840829583663,21.50258125232745,21.674053192138672,2502900,0.0,0.0
1999-02-05 00:00:00-05:00,21.708326736299117,21.708326736299117,20.645201730256034,20.782379150390625,1610000,0.0,0.0
1999-02-08 00:00:00-05:00,20.645207395521695,20.88526794663241,20.370852479966587,20.50802993774414,1637600,0.0,0.0
1999-02-09 00:00:00-05:00,20.64520109757133,20.64520109757133,19.719253540039062,19.719253540039062,1723800,0.0,0.0
1999-02-10 00:00:00-05:00,19.75356272104624,20.370861556078935,19.75356272104624,20.30227279663086,1079200,0.0,0.0
1999-02-11 00:00:00-05:00,20.645214224024436,20.679508599811854,19.822149205126454,20.09650421142578,1007100,0.0,0.0
1999-02-12 00:00:00-05:00,19.959321018733778,20.233675946826338,19.20484496647924,19.8221435546875,1286500,0.0,0.0
1999-02-16 00:00:00-05:00,20.165097425431767,20.405158109067862,19.890742358419093,20.267980575561523,1071400,0.0,0.0
1999-02-17 00:00:00-05:00,20.26797667145729,20.26797667145729,19.61638351281484,19.75356101989746,971700,0.0,0.0
1999-02-18 00:00:00-05:00,19.719265658279944,20.130798158974482,19.547793782990553,19.890737533569336,1249000,0.0,0.0
1999-02-19 00:00:00-05:00,19.547787465116787,20.096497288699013,19.30772691729956,19.993614196777344,1157300,0.0,0.0
1999-02-22 00:00:00-05:00,19.99362390691584,20.816689042020435,19.856446384398406,20.74810028076172,1293000,0.0,0.0
1999-02-23 00:00:00-05:00,20.61091565690428,20.81668186978519,20.09650012470201,20.67950439453125,1453400,0.0,0.0
1999-02-24 00:00:00-05:00,20.5766320034108,21.12534219016842,20.233688136687288,21.022459030151367,1764600,0.0,0.0
1999-02-25 00:00:00-05:00,21.02244400510601,21.365387626722747,20.713794745650947,20.988149642944336,1698000,0.0,0.0
1999-02-26 00:00:00-05:00,20.98815371385261,21.193919926733518,20.576621288090795,20.67950439453125,1485600,0.0,0.0
1999-03-01 00:00:00-05:00,20.09648917434562,20.302255275106837,19.753545673076925,20.06219482421875,2156600,0.0,0.0
1999-03-02 00:00:00-05:00,20.165094780199457,20.40515543234469,20.027917264687897,20.370861053466797,1259900,0.0,0.0
1999-03-03 00:00:00-05:00,20.096503228656317,20.26797509920799,20.027914480435648,20.233680725097656,1188400,0.0,0.0
1999-03-04 00:00:00-05:00,20.286117475992146,20.424118275148555,20.217117076413942,20.32061767578125,2268700,0.22,0.0
1999-03-05 00:00:00-05:00,20.493125381469724,20.76912707010905,20.217123692830402,20.70012664794922,1836000,0.0,0.0
1999-03-08 00:00:00-05:00,20.562125803629556,20.734626859029134,20.38962474822998,20.70012664794922,1009100,0.0,0.0
1999-03-09 00:00:00-05:00,20.493123921626754,20.59662454749356,20.389623295759954,20.527624130249023,1030300,0.0,0.0
1999-03-10 00:00:00-05:00,20.562114297353546,20.872616023320294,20.49311391380538,20.769115447998047,3806500,0.0,0.0
1999-03-11 00:00:00-05:00,21.25211784941922,21.459118997303175,20.734614979709338,20.907115936279297,1918000,0.0,0.0
1999-03-12 00:00:00-05:00,20.941622029444215,22.08012866366441,20.941622029444215,21.666126251220703,2311000,0.0,0.0
1999-03-15 00:00:00-05:00,21.873128170173608,22.183629989624023,21.666126957206664,22.183629989624023,2275200,0.0,0.0
1999-03-16 00:00:00-05:00,22.563141090529307,23.322145836693903,22.04563785450799,23.184144973754883,2070500,0.0,0.0
1999-03-17 00:00:00-05:00,23.322139519016915,23.322139519016915,22.04563188262102,22.63213539123535,1016300,0.0,0.0
1999-03-18 00:00:00-05:00,22.63213539123535,22.839136629569822,22.42513415290088,22.63213539123535,765200,0.0,0.0
1999-03-19 00:00:00-05:00,22.735628273207666,22.908129246449,22.42512652137327,22.666627883911133,1278900,0.0,0.0
1999-03-22 00:00:00-05:00,22.632129107149417,22.735629697578453,21.700623793288084,22.011125564575195,1091900,0.0,0.0
1999-03-23 00:00:00-05:00,22.252624373282156,22.321624758935744,21.148618202824746,21.390119552612305,1286800,0.0,0.0
1999-03-24 00:00:00-05:00,21.66612449621621,22.0801268751248,21.562623901489065,21.597124099731445,1303200,0.0,0.0
1999-03-25 00:00:00-05:00,21.45912941949571,21.907632124404785,21.390129003355852,21.42462921142578,877400,0.0,0.0
1999-03-26 00:00:00-05:00,21.32113039685216,21.700632717831727,21.32113039685216,21.459131240844727,1330800,0.0,0.0
1999-03-29 00:00:00-05:00,21.52812246758509,21.666123252633714,21.14862030870138,21.28662109375,1004700,0.0,0.0
1999-03-30 00:00:00-05:00,20.838121652206446,20.838121652206446,20.493119638097067,20.734621047973633,1269500,0.0,0.0
1999-03-31 00:00:00-05:00,20.76911530905212,20.976116458311775,20.66561473442229,20.838115692138672,1268700,0.0,0.0
1999-04-01 00:00:00-05:00,20.700121407557013,20.73462160990294,20.217118574714018,20.493120193481445,1449000,0.0,0.0
1999-04-05 00:00:00-04:00,20.424114227294922,20.665615577955503,20.01011191187678,20.424114227294922,874700,0.0,0.0
1999-04-06 00:00:00-04:00,20.217117545126232,20.355118347482044,20.04461654218147,20.113616943359375,1348500,0.0,0.0
1999-04-07 00:00:00-04:00,20.113615187022855,20.389616767633804,19.941114199141012,20.044614791870117,847700,0.0,0.0
1999-04-08 00:00:00-04:00,20.320613648440386,20.424114227294922,20.113612490731317,20.424114227294922,723000,0.0,0.0
1999-04-09 00:00:00-04:00,20.424120437569993,20.734622268546563,20.182619013477105,20.217119216918945,1063700,0.0,0.0
1999-04-12 00:00:00-04:00,20.32061970487554,21.183124785727642,20.28611950164146,21.07962417602539,911800,0.0,0.0
1999-04-13 00:00:00-04:00,21.11412239074707,21.45912439059588,20.872620990852905,21.11412239074707,878500,0.0,0.0
1999-04-14 00:00:00-04:00,21.390121096656436,22.9081296906127,21.01061894816737,22.459627151489258,1785000,0.0,0.0
1999-04-15 00:00:00-04:00,23.04612901349359,23.805133262440982,22.770127468421812,23.149629592895508,2349500,0.0,0.0
1999-04-16 00:00:00-04:00,23.460137283303176,24.28814212859623,23.460137283303176,23.908639907836914,2310800,0.0,0.0
1999-04-19 00:00:00-04:00,23.977630693207747,24.805635206354488,21.735118470101987,21.942119598388672,3383900,0.0,0.0
1999-04-20 00:00:00-04:00,22.080132900140224,22.149133315453163,20.941626047476745,21.52812957763672,2324200,0.0,0.0
1999-04-21 00:00:00-04:00,21.87313085067563,22.873636835958898,21.735130025119314,22.63213539123535,1992700,0.0,0.0
1999-04-22 00:00:00-04:00,23.046138126671224,23.149638747000587,22.459634611471508,22.528635025024414,1241200,0.0,0.0
1999-04-23 00:00:00-04:00,22.52863035719079,23.391135347894878,22.494130157562623,22.908132553100586,1133100,0.0,0.0
1999-04-26 00:00:00-04:00,22.97713310840987,23.322135107034644,22.83913230895996,22.83913230895996,1605900,0.0,0.0
1999-04-27 00:00:00-04:00,22.9771400181281,23.11514085907782,22.18363518266722,22.390636444091797,1785900,0.0,0.0
1999-04-28 00:00:00-04:00,22.39062146546225,23.56362782883007,22.080119781041358,23.25312614440918,2164400,0.0,0.0
1999-04-29 00:00:00-04:00,23.59812894026669,24.77113534957819,23.529128563248367,23.7706298828125,2249500,0.0,0.0
1999-04-30 00:00:00-04:00,24.288132710449926,24.4951338415049,23.736129694303337,23.7706298828125,1652900,0.0,0.0
1999-05-03 00:00:00-04:00,23.73613919850653,25.047146886796135,23.598138389212888,24.598644256591797,2230700,0.0,0.0
1999-05-04 00:00:00-04:00,25.392154109665594,25.392154109665594,23.667143640258963,24.115646362304688,1919100,0.0,0.0
1999-05-05 00:00:00-04:00,24.115649534014736,24.564152315047913,23.18414375802275,24.35715103149414,1202000,0.0,0.0
1999-05-06 00:00:00-04:00,24.012139183366802,24.736643382864937,24.012139183366802,24.495141983032227,1188900,0.0,0.0
1999-05-07 00:00:00-04:00,24.35714430774716,24.426144716550976,23.874141446120447,23.977642059326172,1341000,0.0,0.0
1999-05-10 00:00:00-04:00,24.288139332025498,24.288139332025498,23.21863319666642,23.425634384155273,676700,0.0,0.0
1999-05-11 00:00:00-04:00,24.08114211686695,24.08114211686695,22.321631732969795,22.597633361816406,1647500,0.0,0.0
1999-05-12 00:00:00-04:00,22.908130756644315,24.150137845859973,22.70112957510837,23.736135482788086,3407500,0.0,0.0
1999-05-13 00:00:00-04:00,23.391133862063516,23.391133862063516,22.494128728710045,22.701129913330078,4657700,0.0,0.0
1999-05-14 00:00:00-04:00,22.080134859328147,23.184141602294556,22.080134859328147,23.011640548706055,1476600,0.0,0.0
1999-05-17 00:00:00-04:00,22.942640215784937,23.011640637486547,22.287136209619653,22.977140426635742,1463400,0.0,0.0
1999-05-18 00:00:00-04:00,22.839136629569822,22.942637248737057,22.356133740122726,22.63213539123535,1654100,0.0,0.0
1999-05-19 00:00:00-04:00,22.77014621196349,22.873646876563324,22.218142667431042,22.494144439697266,1030300,0.0,0.0
1999-05-20 00:00:00-04:00,22.563129425048828,22.73563041453697,22.459628831355943,22.563129425048828,1191600,0.0,0.0
1999-05-21 00:00:00-04:00,22.701139270898068,23.011641175819168,22.56313842426647,22.770139694213867,1123700,0.0,0.0
1999-05-24 00:00:00-04:00,22.804639905871767,23.322143080740265,22.66663905924017,22.770139694213867,1051200,0.0,0.0
1999-05-25 00:00:00-04:00,22.908135194268848,23.218637026721286,22.494132750998926,22.597633361816406,1186000,0.0,0.0
1999-05-26 00:00:00-04:00,22.908132168209605,23.184133760597675,22.56313017772452,23.08063316345215,2030200,0.0,0.0
1999-05-27 00:00:00-04:00,23.02930751283086,23.02930751283086,21.91946136763419,21.988826751708984,2048000,0.22,0.0
1999-05-28 00:00:00-04:00,22.474395233107128,22.959953154810062,22.16225085486953,22.439712524414062,2896800,0.0,0.0
1999-06-01 00:00:00-04:00,22.82120567197077,23.341445922851562,22.543744204834347,23.341445922851562,1970900,0.0,0.0
1999-06-02 00:00:00-04:00,23.029300689697266,23.27207946202841,22.61310850855816,23.029300689697266,3327200,0.0,0.0
1999-06-03 00:00:00-04:00,23.306760999891495,23.37612636001022,22.474376678466797,22.474376678466797,2445400,0.0,0.0
1999-06-04 00:00:00-04:00,22.578436427321172,22.71716721950133,22.300974842960848,22.61311912536621,1861900,0.0,0.0
1999-06-07 00:00:00-04:00,23.168031416743634,23.23739678026682,22.890569962650897,23.029300689697266,1448200,0.0,0.0
1999-06-08 00:00:00-04:00,23.029318572196193,23.06400128088926,22.37034710702793,22.439712524414062,1964400,0.0,0.0
1999-06-09 00:00:00-04:00,18.867374543220766,19.66507604045253,18.728643848050027,19.35293197631836,10648900,0.0,0.0
1999-06-10 00:00:00-04:00,19.2835651222719,19.2835651222719,18.763325056023554,18.902055740356445,6689900,0.0,0.0
1999-06-11 00:00:00-04:00,19.07546909577256,19.144834437939007,18.763325056023554,18.902055740356445,2794000,0.0,0.0
1999-06-14 00:00:00-04:00,19.21421241760254,19.387625887075487,18.902068172551235,19.21421241760254,1650700,0.0,0.0
1999-06-15 00:00:00-04:00,19.561032700024064,19.561032700024064,19.14484051491717,19.283571243286133,1592600,0.0,0.0
1999-06-16 00:00:00-04:00,19.561049643684836,19.561049643684836,18.867395401000977,18.867395401000977,1804800,0.0,0.0
1999-06-17 00:00:00-04:00,18.902061476050633,19.52634974498442,18.8673787944432,19.387619018554688,1633900,0.0,0.0
1999-06-18 00:00:00-04:00,19.422308198103668,19.630404357369066,19.144846652416472,19.561038970947266,2584300,0.0,0.0
1999-06-21 00:00:00-04:00,19.561038970947266,19.561038970947266,19.24889473204917,19.561038970947266,1650600,0.0,0.0
1999-06-22 00:00:00-04:00,19.491667063376987,19.52634974498442,19.28357097373239,19.387619018554688,1215500,0.0,0.0
1999-06-23 00:00:00-04:00,19.422308198103668,19.561038970947266,19.214212038838273,19.561038970947266,989100,0.0,0.0
1999-06-24 00:00:00-04:00,19.69976728042955,19.803815347051536,19.21420963619361,19.52635383605957,930600,0.0,0.0
1999-06-25 00:00:00-04:00,20.462786644593347,20.532152023049598,19.838498238487112,19.90786361694336,2185100,0.0,0.0
1999-06-28 00:00:00-04:00,19.76913748921214,20.220012554755577,19.76913748921214,19.838502883911133,1952700,0.0,0.0
1999-06-29 00:00:00-04:00,19.907857432509914,20.948337786125414,19.873174754056066,20.601511001586914,2086600,0.0,0.0
1999-06-30 00:00:00-04:00,20.566831313523668,20.878975464993676,20.358735212543667,20.670879364013672,1972700,0.0,0.0
1999-07-01 00:00:00-04:00,20.670883724534075,22.16223942949207,20.601518342908122,21.815412521362305,2283600,0.0,0.0
1999-07-02 00:00:00-04:00,21.676683896466304,21.676683896466304,20.844299234841998,21.087078094482422,1303900,0.0,0.0
1999-07-06 00:00:00-04:00,21.71136210659976,21.71136210659976,21.052391052246094,21.052391052246094,886500,0.0,0.0
1999-07-07 00:00:00-04:00,20.913664397814415,21.503270193441026,20.878981703954025,20.948347091674805,1531500,0.0,0.0
1999-07-08 00:00:00-04:00,20.844299234841998,21.156443482951115,20.566837680967232,21.087078094482422,1824800,0.0,0.0
1999-07-09 00:00:00-04:00,20.91366462331069,21.225808871419808,20.601520375201577,21.087078094482422,1262000,0.0,0.0
1999-07-12 00:00:00-04:00,20.983024616305247,21.017707301621453,20.60151507782697,20.740245819091797,1806000,0.0,0.0
1999-07-13 00:00:00-04:00,20.740244731007007,20.740244731007007,20.428100579537002,20.670879364013672,1365900,0.0,0.0
1999-07-14 00:00:00-04:00,20.84429439381011,21.01770782470703,20.601515590554417,21.01770782470703,2029000,0.0,0.0
1999-07-15 00:00:00-04:00,21.01772151164201,21.43391401682304,21.01772151164201,21.295183181762695,1475800,0.0,0.0
1999-07-16 00:00:00-04:00,21.433901084580988,21.5726318359375,21.29517033322448,21.5726318359375,787300,0.0,0.0
1999-07-19 00:00:00-04:00,21.607309605998378,21.6419922859438,21.39921352632584,21.50326156616211,1141500,0.0,0.0
1999-07-20 00:00:00-04:00,21.399222342591536,21.572635813763267,20.91366462331069,21.087078094482422,1526200,0.0,0.0
1999-07-21 00:00:00-04:00,21.225800365627254,21.29516572629924,20.774925521259355,21.035045623779297,924500,0.0,0.0
1999-07-22 00:00:00-04:00,21.017715134644156,21.295176720580052,20.74025354870826,21.121763229370117,881400,0.0,0.0
1999-07-23 00:00:00-04:00,21.12176056097675,21.225808642557915,20.705568234652084,20.948347091674805,520200,0.0,0.0
1999-07-26 00:00:00-04:00,20.60151456437021,20.705562617725615,20.150639666496787,20.22000503540039,493500,0.0,0.0
1999-07-27 00:00:00-04:00,20.254689666959973,20.393420418103535,19.97722816467285,19.97722816467285,690300,0.0,0.0
1999-07-28 00:00:00-04:00,19.977225167410715,20.115955897739955,19.5957156590053,19.665081024169922,1310600,0.0,0.0
1999-07-29 00:00:00-04:00,19.561032700024064,19.630398064208546,18.93674442236372,19.283571243286133,1422300,0.0,0.0
1999-07-30 00:00:00-04:00,19.352942886215565,19.630404432971343,19.24889480618215,19.318260192871094,875400,0.0,0.0
1999-08-02 00:00:00-04:00,19.387625504892767,19.630404357369066,19.31826011847097,19.561038970947266,856900,0.0,0.0
1999-08-03 00:00:00-04:00,19.630399439258507,19.838495546388458,19.42230333212856,19.491668701171875,952900,0.0,0.0
1999-08-04 00:00:00-04:00,19.387625887075487,19.665087438232202,19.075481642024183,19.21421241760254,940500,0.0,0.0
1999-08-05 00:00:00-04:00,19.387625887075487,19.387625887075487,19.14484702981336,19.21421241760254,870000,0.0,0.0
1999-08-06 00:00:00-04:00,19.075478428471698,19.2835745567823,19.006113052368164,19.006113052368164,700400,0.0,0.0
1999-08-09 00:00:00-04:00,19.006113502949635,19.803815347051536,18.936748125201646,19.52635383605957,896100,0.0,0.0
1999-08-10 00:00:00-04:00,19.422308198103668,19.699769743790863,19.28357742526007,19.561038970947266,792800,0.0,0.0
1999-08-11 00:00:00-04:00,19.699765848865972,20.046592712402344,19.699765848865972,20.046592712402344,1165700,0.0,0.0
1999-08-12 00:00:00-04:00,20.254695252105073,20.254695252105073,19.803820186561637,19.838502883911133,814100,0.0,0.0
1999-08-13 00:00:00-04:00,20.011904356214735,20.289365768432617,19.803808297051322,20.289365768432617,645600,0.0,0.0
1999-08-16 00:00:00-04:00,20.42810831364897,20.462791010276558,20.04659865074551,20.18532943725586,761000,0.0,0.0
1999-08-17 00:00:00-04:00,20.670889225617227,20.774937325746173,20.324062225187408,20.56684112548828,807700,0.0,0.0
1999-08-18 00:00:00-04:00,20.56683211556687,20.983024333757093,20.56683211556687,20.84429359436035,1011000,0.0,0.0
1999-08-19 00:00:00-04:00,20.878974090269462,20.94833945269561,20.67087800299103,20.7055606842041,2119900,0.0,0.0
1999-08-20 00:00:00-04:00,21.05239517325597,21.05239517325597,20.84429901009364,20.948347091674805,1050600,0.0,0.0
1999-08-23 00:00:00-04:00,20.948348403736283,21.884781196618533,20.913665707703608,21.780733108520508,1159900,0.0,0.0
1999-08-24 00:00:00-04:00,21.780727962972268,21.780727962972268,21.468583772420118,21.5726318359375,1719700,0.0,0.0
1999-08-25 00:00:00-04:00,21.71136866555653,21.780734060654154,21.156445504775533,21.468589782714844,1232000,0.0,0.0
1999-08-26 00:00:00-04:00,21.57263216629527,21.64199754303577,21.156439905852274,21.225805282592773,773900,0.0,0.0
1999-08-27 00:00:00-04:00,21.121742115464322,21.36452076046966,20.878963470458984,20.878963470458984,316100,0.0,0.0
1999-08-30 00:00:00-04:00,20.932013841224634,21.036673910430757,20.827353772018512,20.897127151489258,708200,0.22,0.0
1999-08-31 00:00:00-04:00,20.827343595994485,21.10643697751535,20.513363541783512,20.652910232543945,1024700,0.0,0.0
1999-09-01 00:00:00-04:00,20.51336226382498,20.792455627958653,20.373815581758144,20.5831356048584,1186300,0.0,0.0
1999-09-02 00:00:00-04:00,20.304043489724954,20.79245690700356,20.164496799073923,20.548250198364258,1056000,0.0,0.0
1999-09-03 00:00:00-04:00,20.304047262302436,20.652914053750933,20.304047262302436,20.443593978881836,1114100,0.0,0.0
1999-09-07 00:00:00-04:00,20.094727870396206,20.234274591718403,19.536540985107422,19.536540985107422,1844100,0.0,0.0
1999-09-08 00:00:00-04:00,19.25744261417089,20.02494938502553,19.25744261417089,19.990062713623047,1436500,0.0,0.0
1999-09-09 00:00:00-04:00,19.850519816080727,19.990066528320312,19.571426391601562,19.67608642578125,1168100,0.0,0.0
1999-09-10 00:00:00-04:00,19.85051666485723,20.094723372509254,19.641196629726927,20.02495002746582,1463500,0.0,0.0
1999-09-13 00:00:00-04:00,20.059831060212233,20.583131000913422,20.02494439749882,20.234264373779297,1478700,0.0,0.0
1999-09-14 00:00:00-04:00,20.09472405420591,20.8273442020155,19.955177359385033,20.373817443847656,1340800,0.0,0.0
1999-09-15 00:00:00-04:00,20.373821313040597,20.478481354032244,19.466767624446323,19.536540985107422,2341700,0.0,0.0
1999-09-16 00:00:00-04:00,19.25744563794534,19.292332314825675,18.594598777218962,18.803918838500977,4636400,0.0,0.0
1999-09-17 00:00:00-04:00,19.32721708820433,19.396990435093155,18.69925696620491,19.222557067871094,3153800,0.0,0.0
1999-09-20 00:00:00-04:00,19.292328426318853,19.292328426318853,18.69925503889133,18.9085750579834,1907300,0.0,0.0
1999-09-21 00:00:00-04:00,18.94346292347899,18.978349595529593,18.35038949861869,18.455049514770508,2138500,0.0,0.0
1999-09-22 00:00:00-04:00,18.350386926560176,18.52482026236398,18.245726925077893,18.315500259399414,770000,0.0,0.0
1999-09-23 00:00:00-04:00,18.21085122565389,18.350397978340894,17.30379733318837,17.548004150390625,1938400,0.0,0.0
1999-09-24 00:00:00-04:00,17.548001674729953,17.65266172447983,16.850268009730748,17.09447479248047,1810200,0.0,0.0
1999-09-27 00:00:00-04:00,17.722431827285916,18.14107194919031,17.61777179680982,17.966638565063477,2220100,0.0,0.0
1999-09-28 00:00:00-04:00,17.861983041914684,17.89686972754342,17.024702586824933,17.582889556884766,1337700,0.0,0.0
1999-09-29 00:00:00-04:00,17.722433079142174,18.071299872038672,17.617773041273225,18.036413192749023,1132500,0.0,0.0
1999-09-30 00:00:00-04:00,18.14107511968959,18.48994194891439,18.07130175384463,18.24573516845703,1411600,0.0,0.0
1999-10-01 00:00:00-04:00,18.1410763912274,18.315509818066126,18.036416335124166,18.21084976196289,952100,0.0,0.0
1999-10-04 00:00:00-04:00,18.42017114071446,18.629491267313483,18.21085101411543,18.280624389648438,721200,0.0,0.0
1999-10-05 00:00:00-04:00,18.175958626015674,18.175958626015674,17.722431827285916,17.966638565063477,832200,0.0,0.0
1999-10-06 00:00:00-04:00,17.966640542765134,17.966640542765134,16.920040122798234,17.024700164794922,1636200,0.0,0.0
1999-10-07 00:00:00-04:00,17.1642425083878,17.757315928393073,17.1642425083878,17.617769241333008,982700,0.0,0.0
1999-10-08 00:00:00-04:00,17.582888342062308,17.617775025280686,17.199134826660156,17.199134826660156,874200,0.0,0.0
1999-10-11 00:00:00-04:00,17.1293666352951,17.30380010408629,16.88515977898743,16.954933166503906,729100,0.0,0.0
1999-10-12 00:00:00-04:00,16.95492149801815,16.95492149801815,15.629228047555827,16.012981414794922,2778900,0.0,0.0
1999-10-13 00:00:00-04:00,15.908322899589711,15.978096245640543,15.280362785132223,15.419909477233887,2099500,0.0,0.0
1999-10-14 00:00:00-04:00,15.280363316719349,15.315249990958433,14.373309786503132,14.512856483459473,4507300,0.0,0.0
1999-10-15 00:00:00-04:00,13.954673529906595,13.954673529906595,13.047619750462665,13.466259956359863,4289200,0.0,0.0
1999-10-18 00:00:00-04:00,13.570916175842285,13.815122893659499,13.396482805972848,13.570916175842285,2167200,0.0,0.0
1999-10-19 00:00:00-04:00,13.815129280090332,14.129109491001476,13.570922449381666,13.815129280090332,3033100,0.0,0.0
1999-10-20 00:00:00-04:00,13.954681158065796,14.05934126675129,13.187173694372177,13.396493911743164,2675100,0.0,0.0
1999-10-21 00:00:00-04:00,13.396478913959704,13.396478913959704,13.012725611736899,13.256932258605957,2033400,0.0,0.0
1999-10-22 00:00:00-04:00,13.361592250121268,13.361592250121268,13.11738560325221,13.256932258605957,2279700,0.0,0.0
1999-10-25 00:00:00-04:00,13.222048365551492,13.222048365551492,12.698748298313307,12.838294982910156,1577000,0.0,0.0
1999-10-26 00:00:00-04:00,12.873181633100119,13.047614988562179,12.59408826436082,12.733634948730469,3314200,0.0,0.0
1999-10-27 00:00:00-04:00,12.803408248178807,12.803408248178807,12.454541538419166,12.524314880371094,2678200,0.0,0.0
1999-10-28 00:00:00-04:00,12.768514342139138,12.977834249387321,12.524307783682925,12.803400993347168,2974500,0.0,0.0
1999-10-29 00:00:00-04:00,10.047360134124755,11.30328015089035,9.140306788682938,11.16373348236084,14771100,0.0,0.0
1999-11-01 00:00:00-05:00,11.721922501273777,11.896355871828446,11.163735715498834,11.233509063720703,5100600,0.0,0.0
1999-11-02 00:00:00-05:00,11.233508439711583,11.407941800576669,11.163735095365547,11.303281784057617,3589200,0.0,0.0
1999-11-03 00:00:00-05:00,11.163736979166666,11.198623657226562,10.361343383789062,10.361343383789062,3939700,0.0,0.0
1999-11-04 00:00:00-05:00,10.396231048636965,10.57066445549329,10.012477553553051,10.047364234924316,4553600,0.0,0.0
1999-11-05 00:00:00-05:00,10.082251281189404,10.291571376992644,9.593837724315177,9.698497772216797,4492000,0.0,0.0
1999-11-08 00:00:00-05:00,9.907816249995687,10.047362957742106,9.803156219185873,9.872929573059082,5743600,0.0,0.0
1999-11-09 00:00:00-05:00,9.872930197992423,10.396230385165165,9.872930197992423,10.221796989440918,4790500,0.0,0.0
1999-11-10 00:00:00-05:00,10.326457318731551,10.814870840563449,10.18691059820815,10.710210800170898,3467300,0.0,0.0
1999-11-11 00:00:00-05:00,11.163735374667292,11.338168739896467,10.640435278979762,11.059075355529785,3212800,0.0,0.0
1999-11-12 00:00:00-05:00,11.233508988430625,11.338169010061968,10.570662184765464,10.605548858642578,3122100,0.0,0.0
1999-11-15 00:00:00-05:00,10.745099111898057,10.779985797326297,10.466005628472132,10.535778999328613,2638300,0.0,0.0
1999-11-16 00:00:00-05:00,10.605548858642578,10.71020888027392,10.466002163134123,10.605548858642578,3185200,0.0,0.0
1999-11-17 00:00:00-05:00,10.605547620104504,10.884640978528306,10.500887610695578,10.745094299316406,5691900,0.0,0.0
1999-11-18 00:00:00-05:00,10.84975597786181,11.582376156431256,10.779982627521862,11.512602806091309,6500300,0.0,0.0
1999-11-19 00:00:00-05:00,11.582375874238856,12.070789314718807,11.547489199918859,11.861469268798828,3821900,0.0,0.0
1999-11-22 00:00:00-05:00,11.861466825008392,11.861466825008392,11.16373348236084,11.16373348236084,1983800,0.0,0.0
1999-11-23 00:00:00-05:00,11.687035177960809,11.687035177960809,11.198621767538565,11.303281784057617,2822700,0.0,0.0
1999-11-24 00:00:00-05:00,11.477714491333385,11.51260116151981,11.163734459655572,11.268394470214844,1797200,0.0,0.0
1999-11-26 00:00:00-05:00,11.233514161867516,11.442834301529643,11.198627471923828,11.198627471923828,720700,0.0,0.0
1999-11-29 00:00:00-05:00,11.181694636315655,11.49915599822998,11.181694636315655,11.49915599822998,2513200,0.22,0.0
1999-11-30 00:00:00-05:00,11.49915349108618,11.710794352885312,11.216965675354004,11.216965675354004,2979400,0.0,0.0
1999-12-01 00:00:00-05:00,11.35805615404442,11.534423485628961,11.287509221410604,11.393329620361328,1314000,0.0,0.0
1999-12-02 00:00:00-05:00,11.287513804212908,11.35806076548924,11.146419881660247,11.322787284851074,1937800,0.0,0.0
1999-12-03 00:00:00-05:00,11.322784343361855,11.358057814836503,11.181690457463265,11.287510871887207,3029800,0.0,0.0
1999-12-06 00:00:00-05:00,11.181693750448503,11.287514196036343,10.97005285927282,11.040599822998047,2131700,0.0,0.0
1999-12-07 00:00:00-05:00,10.723137630778513,11.18169285841049,10.723137630778513,11.075872421264648,3542700,0.0,0.0
1999-12-08 00:00:00-05:00,11.040596571564675,11.358057814836503,11.040596571564675,11.287510871887207,2503100,0.0,0.0
1999-12-09 00:00:00-05:00,11.14641872142096,11.32278610625357,11.111145244454438,11.216965675354004,2212200,0.0,0.0
1999-12-10 00:00:00-05:00,11.252233318725972,11.322780236084755,11.146412942687796,11.181686401367188,2171000,0.0,0.0
1999-12-13 00:00:00-05:00,11.040598290521393,11.358059583220092,11.040598290521393,11.216965675354004,3278900,0.0,0.0
1999-12-14 00:00:00-05:00,11.287509221410604,11.604970418262777,11.252235755093695,11.393329620361328,4435300,0.0,0.0
1999-12-15 00:00:00-05:00,11.287510871887207,11.358057814836503,11.216963928937913,11.287510871887207,4028000,0.0,0.0
1999-12-16 00:00:00-05:00,11.14641366811899,11.534421738844651,11.14641366811899,11.463874816894531,2255600,0.0,0.0
1999-12-17 00:00:00-05:00,11.710789043719952,11.710789043719952,11.28750751201923,11.463874816894531,2696300,0.0,0.0
1999-12-20 00:00:00-05:00,11.463880090504231,11.463880090504231,11.146418795690268,11.252239227294922,2248400,0.0,0.0
1999-12-21 00:00:00-05:00,11.040592566649622,11.252233318725972,11.040592566649622,11.181686401367188,1917300,0.0,0.0
1999-12-22 00:00:00-05:00,11.04059238131084,11.216959671747116,11.04059238131084,11.111139297485352,2381000,0.0,0.0
1999-12-23 00:00:00-05:00,11.181691091271896,11.252238038219984,11.040597197375721,11.146417617797852,2162500,0.0,0.0
1999-12-27 00:00:00-05:00,11.04059238131084,11.287506587921627,11.005318923223586,11.111139297485352,1346800,0.0,0.0
1999-12-28 00:00:00-05:00,11.07587330486066,11.181693750448503,11.005326341135433,11.040599822998047,1096800,0.0,0.0
1999-12-29 00:00:00-05:00,11.14641872142096,11.393333060186613,11.040598290521393,11.216965675354004,1228800,0.0,0.0
1999-12-30 00:00:00-05:00,11.28750751201923,11.640242121769832,11.252234051044171,11.463874816894531,1541700,0.0,0.0
1999-12-31 00:00:00-05:00,11.922441215515137,12.416270141601563,11.851894226074219,12.345723152160645,2689600,0.0,0.0
2000-01-03 00:00:00-05:00,12.41626438093774,12.592631772712425,11.428606986999512,11.428606986999512,3011300,0.0,0.0
2000-01-04 00:00:00-05:00,11.287510202891792,12.028253059956565,11.287510202891792,11.816612243652344,3593500,0.0,0.0
2000-01-05 00:00:00-05:00,11.992986492304137,12.204627430403622,11.569704616105167,11.887166023254395,1721200,0.0,0.0
2000-01-06 00:00:00-05:00,11.851885343852796,12.27516696327611,11.851885343852796,12.063526153564453,1750700,0.0,0.0
2000-01-07 00:00:00-05:00,12.275168015727496,12.451535372275305,11.95770677394144,12.098800659179688,2203200,0.0,0.0
2000-01-10 00:00:00-05:00,12.063526101545854,12.134073037812204,11.604971015814579,11.640244483947754,1361000,0.0,0.0
2000-01-11 00:00:00-05:00,11.569700522108885,11.71079443091509,11.146418795690268,11.252239227294922,2236100,0.0,0.0
2000-01-12 00:00:00-05:00,11.2875087141639,11.992978008799145,11.2875087141639,11.957704544067383,3562400,0.0,0.0
2000-01-13 00:00:00-05:00,12.09879875757608,12.09879875757608,11.604970236858689,11.710790634155273,2871700,0.0,0.0
2000-01-14 00:00:00-05:00,11.710800903599436,11.816621393692202,11.569706916809082,11.569706916809082,1609300,0.0,0.0
2000-01-18 00:00:00-05:00,11.851886415481568,11.992980301380157,11.146416985988617,11.287510871887207,3763800,0.0,0.0
2000-01-19 00:00:00-05:00,11.322785201749774,11.710793417386059,11.28751172760102,11.675519943237305,2270500,0.0,0.0
2000-01-20 00:00:00-05:00,11.569697464128396,11.675517867763716,11.499150528371516,11.604970932006836,2321600,0.0,0.0
2000-01-21 00:00:00-05:00,11.710792859395344,11.957707166671753,11.640245914459229,11.851886749267578,2340600,0.0,0.0
2000-01-24 00:00:00-05:00,11.816616423975546,11.887163387700774,11.040599822998047,11.040599822998047,1917000,0.0,0.0
2000-01-25 00:00:00-05:00,11.040598497762309,11.25223936353411,10.793684154361873,10.86423110961914,2022500,0.0,0.0
2000-01-26 00:00:00-05:00,10.97005247846942,11.322787284851074,10.864232036554924,11.322787284851074,2020300,0.0,0.0
2000-01-27 00:00:00-05:00,11.25223763579341,11.287511108005928,10.723135552605632,10.970049858093262,2236300,0.0,0.0
2000-01-28 00:00:00-05:00,10.723137710268134,11.252239899919521,10.335129437857116,10.65259075164795,2213200,0.0,0.0
2000-01-31 00:00:00-05:00,10.335129006488902,10.652590307029518,10.26458205081321,10.440949440002441,1528600,0.0,0.0
2000-02-01 00:00:00-05:00,10.582040703814963,10.652587641840396,10.370399889738664,10.546767234802246,737300,0.0,0.0
2000-02-02 00:00:00-05:00,10.40567335875138,10.61731417282768,10.264579482700514,10.546767234802246,1633700,0.0,0.0
2000-02-03 00:00:00-05:00,10.511494636535645,10.687861996209062,10.440947692666278,10.511494636535645,1830200,0.0,0.0
2000-02-04 00:00:00-05:00,10.58204501282935,10.89950636321423,10.370404112572764,10.793685913085938,2012900,0.0,0.0
2000-02-07 00:00:00-05:00,10.86422658284505,11.005320434570312,10.29985117594401,10.582038879394531,1633700,0.0,0.0
2000-02-08 00:00:00-05:00,10.335133610939492,10.370407104492188,10.08821915607063,10.370407104492188,2110300,0.0,0.0
2000-02-09 00:00:00-05:00,10.08821915607063,10.440954091597575,10.08821915607063,10.370407104492188,1863800,0.0,0.0
2000-02-10 00:00:00-05:00,10.194035816518113,10.440950178855923,10.194035816518113,10.335129737854004,1814500,0.0,0.0
2000-02-11 00:00:00-05:00,10.229308332715716,10.335128763743809,9.806026608603341,9.87657356262207,1821000,0.0,0.0
2000-02-14 00:00:00-05:00,10.017666259026445,10.22930709548475,9.87657236805424,10.1940336227417,1839400,0.0,0.0
2000-02-15 00:00:00-05:00,10.158758334455818,10.264578733773067,10.052937935138571,10.229305267333984,1273200,0.0,0.0
2000-02-16 00:00:00-05:00,9.876577619095924,10.194039042566864,9.876577619095924,10.017671585083008,1630600,0.0,0.0
2000-02-17 00:00:00-05:00,10.123491350147459,10.299858795271978,10.05294437209765,10.158764839172363,4412100,0.0,0.0
2000-02-18 00:00:00-05:00,10.017667394385116,10.088214347866701,9.594385673495603,9.841300010681152,1651200,0.0,0.0
2000-02-22 00:00:00-05:00,9.629662503798803,10.158764839172363,9.629662503798803,10.158764839172363,1411100,0.0,0.0
2000-02-23 00:00:00-05:00,10.123488278974566,10.123488278974566,9.876573930706895,10.05294132232666,1358100,0.0,0.0
2000-02-24 00:00:00-05:00,9.947118677702662,9.98239214819097,9.700204384284511,9.911845207214355,1248100,0.0,0.0
2000-02-25 00:00:00-05:00,9.947124602089465,10.123492059573321,9.911851110592695,10.017671585083008,1691300,0.0,0.0
2000-02-28 00:00:00-05:00,9.911847039631436,9.9471205166408,9.664932700565883,9.87657356262207,1022400,0.0,0.0
2000-02-29 00:00:00-05:00,9.841300010681152,10.088214347866701,9.664932626977189,9.841300010681152,1285400,0.0,0.0
2000-03-01 00:00:00-05:00,9.841300307230057,9.982394218444824,9.806026829426365,9.982394218444824,1331700,0.0,0.0
2000-03-02 00:00:00-05:00,9.93838150135792,9.973875721005628,9.654427744176266,9.72541618347168,1398200,0.11,0.0
2000-03-03 00:00:00-05:00,9.689924618777107,9.760913077522726,9.583441930658678,9.654430389404297,1733200,0.0,0.0
2000-03-06 00:00:00-05:00,10.080362690819635,10.364316569434273,10.080362690819635,10.222339630126953,3775600,0.0,0.0
2000-03-07 00:00:00-05:00,10.222337082404952,10.222337082404952,9.831900596618652,9.831900596618652,1289900,0.0,0.0
2000-03-08 00:00:00-05:00,9.796402667431122,10.009367942810059,9.796402667431122,10.009367942810059,2051400,0.0,0.0
2000-03-09 00:00:00-05:00,9.93838150135792,9.93838150135792,9.654427744176266,9.72541618347168,1706700,0.0,0.0
2000-03-10 00:00:00-05:00,9.725412234054621,9.725412234054621,9.47695279741819,9.547941207885742,2631700,0.0,0.0
2000-03-13 00:00:00-05:00,9.547942397339318,9.654425026305926,9.441459768372708,9.61893081665039,1434800,0.0,0.0
2000-03-14 00:00:00-05:00,9.654425886340608,9.654425886340608,9.370472183801178,9.441460609436035,1853600,0.0,0.0
2000-03-15 00:00:00-05:00,9.441462426290025,9.760910403119386,9.370473986994611,9.72541618347168,4062700,0.0,0.0
2000-03-16 00:00:00-05:00,9.760907859538253,10.364309436309709,9.65442522834329,10.257826805114746,3771400,0.0,0.0
2000-03-17 00:00:00-05:00,10.257833864953783,10.64827044804891,10.009374221165976,10.222339630126953,6524300,0.0,0.0
2000-03-20 00:00:00-05:00,10.222333842657488,10.222333842657488,10.00936855426879,10.08923053741455,1103600,0.0,0.0
2000-03-21 00:00:00-05:00,9.79640637063808,10.009371726521517,9.689923692696361,9.831900596618652,1439200,0.0,0.0
2000-03-22 00:00:00-05:00,9.796404622767094,9.8318988424148,9.61893352452856,9.72541618347168,1424500,0.0,0.0
2000-03-23 00:00:00-05:00,9.689918518066406,9.867389553195828,9.618930104014638,9.689918518066406,918700,0.0,0.0
2000-03-24 00:00:00-05:00,9.689918875694275,10.080355167388916,9.689918875694275,9.93837833404541,2166100,0.0,0.0
2000-03-27 00:00:00-05:00,9.93838313587925,10.151348488790948,9.796406233938116,10.115854263305664,1698000,0.0,0.0
2000-03-28 00:00:00-05:00,10.364312082926432,10.896725374857585,10.257829424540201,10.648265838623047,3675900,0.0,0.0
2000-03-29 00:00:00-05:00,10.54178125517709,10.932217597961426,10.399804403255512,10.932217597961426,3296200,0.0,0.0
2000-03-30 00:00:00-05:00,11.216169608567288,12.06803059149645,11.074192778079095,11.85506534576416,4674400,0.0,0.0
2000-03-31 00:00:00-05:00,11.961548577754868,11.961548577754868,11.180675970304996,11.606606483459473,2365800,0.0,0.0
2000-04-03 00:00:00-04:00,11.393641226882234,11.85506594946625,11.393641226882234,11.606606483459473,1050100,0.0,0.0
2000-04-04 00:00:00-04:00,11.926056096003606,12.316492456289438,11.429137092003456,11.535619735717773,2551700,0.0,0.0
2000-04-05 00:00:00-04:00,11.535619906525113,12.28099842356212,11.535619906525113,11.890562057495117,1390500,0.0,0.0
2000-04-06 00:00:00-04:00,12.351980462538458,12.52945144619562,11.713084921372676,12.032532691955566,2202200,0.0,0.0
2000-04-07 00:00:00-04:00,12.103532400612307,12.210015090353764,11.748590101474116,11.961555480957031,1330000,0.0,0.0
2000-04-10 00:00:00-04:00,11.642103341909555,12.032539734473596,11.53562068939209,11.997045516967773,1263400,0.0,0.0
2000-04-11 00:00:00-04:00,11.890559553386208,12.032536383874401,11.85506534576416,11.85506534576416,1365200,0.0,0.0
2000-04-12 00:00:00-04:00,11.890557643036667,12.600441681426917,11.890557643036667,12.52945327758789,2865000,0.0,0.0
2000-04-13 00:00:00-04:00,12.139025142427124,12.49396739805365,11.961554014613863,12.281002044677734,3730500,0.0,0.0
2000-04-14 00:00:00-04:00,12.03253650377164,12.068030711747367,11.571111800087182,11.74858283996582,2415400,0.0,0.0
2000-04-17 00:00:00-04:00,11.713094403666835,12.103530883789062,11.251669472613292,12.103530883789062,2157200,0.0,0.0
2000-04-18 00:00:00-04:00,11.99704817363194,11.99704817363194,11.71309437070574,11.92605972290039,1432900,0.0,0.0
2000-04-19 00:00:00-04:00,11.890559553386208,12.06803059149645,11.819571138142111,11.85506534576416,1112900,0.0,0.0
2000-04-20 00:00:00-04:00,12.351984386601723,12.990880130736295,12.245501762579295,12.884397506713867,2877000,0.0,0.0
2000-04-24 00:00:00-04:00,12.706927202749943,14.730097176372142,12.671432992686396,14.694602966308594,5205300,0.0,0.0
2000-04-25 00:00:00-04:00,14.694608646383497,15.01405666043531,13.913735723145725,14.51713752746582,5013300,0.0,0.0
2000-04-26 00:00:00-04:00,14.055711637506832,14.126700080120502,13.5232983179043,13.700769424438477,3442200,0.0,0.0
2000-04-27 00:00:00-04:00,13.629776719977095,13.87823619143501,13.274834617894358,13.558788299560547,1761100,0.0,0.0
2000-04-28 00:00:00-04:00,13.629777611200534,14.80108662466308,13.629777611200534,14.126696586608887,3415700,0.0,0.0
2000-05-01 00:00:00-04:00,13.771751121238426,15.510967113353587,13.70076271339699,15.33349609375,2702000,0.0,0.0
2000-05-02 00:00:00-04:00,14.907572904079082,15.1560324524804,14.765596019278329,14.801090240478516,2304900,0.0,0.0
2000-05-03 00:00:00-04:00,14.659114422599961,14.94306821286824,14.410654856115215,14.51713752746582,1438500,0.0,0.0
2000-05-04 00:00:00-04:00,14.517131325184875,15.404486540660724,14.48163711656584,14.943061828613281,1659000,0.0,0.0
2000-05-05 00:00:00-04:00,14.623615592646997,14.872075080871582,14.552627167439972,14.872075080871582,1751900,0.0,0.0
2000-05-08 00:00:00-04:00,14.765596019278329,14.907572904079082,14.623619134477575,14.801090240478516,1038600,0.0,0.0
2000-05-09 00:00:00-04:00,14.659112776701267,14.907572315289425,14.62361855690296,14.765595436096191,765900,0.0,0.0
2000-05-10 00:00:00-04:00,14.659113355677762,14.907572904079082,14.623619134477575,14.801090240478516,1188300,0.0,0.0
2000-05-11 00:00:00-04:00,14.765592443061045,15.01405193128563,14.730098230457534,14.872075080871582,846200,0.0,0.0
2000-05-12 00:00:00-04:00,14.552635003521715,14.836588857248968,14.517140771805808,14.659117698669434,814300,0.0,0.0
2000-05-15 00:00:00-04:00,14.588118909044963,14.730095735410366,14.410647876088213,14.552624702453613,682000,0.0,0.0
2000-05-16 00:00:00-04:00,14.055710132305439,14.410652307363657,14.020215914799618,14.304169654846191,1051600,0.0,0.0
2000-05-17 00:00:00-04:00,14.162192635863791,14.410652155791226,13.913733115936356,13.949227333068848,2000700,0.0,0.0
2000-05-18 00:00:00-04:00,13.87823709890471,14.304167649254726,13.87823709890471,14.126696586608887,2073900,0.0,0.0
2000-05-19 00:00:00-04:00,13.700769267535762,13.949228813838223,13.416815500332946,13.807251930236816,1286300,0.0,0.0
2000-05-22 00:00:00-04:00,13.842744827270508,14.020215914799618,13.203848912165716,13.381319999694824,1283800,0.0,0.0
2000-05-23 00:00:00-04:00,13.771754905359067,14.375156537810367,13.416812768623009,14.26867389678955,1109300,0.0,0.0
2000-05-24 00:00:00-04:00,14.197688685391014,14.375159793958403,13.913734911683195,14.233182907104492,2029800,0.0,0.0
2000-05-25 00:00:00-04:00,14.09120569743963,14.233182581041037,13.66527504663541,13.807251930236816,822600,0.0,0.0
2000-05-26 00:00:00-04:00,13.949222537449428,14.055705152239117,13.558786283220563,13.665268898010254,501000,0.0,0.0
2000-05-30 00:00:00-04:00,13.870660615689827,14.26289009325432,13.799346165223556,14.120261192321777,1195400,0.11,0.0
2000-05-31 00:00:00-04:00,14.191574980337409,14.227232203906096,13.58540217966973,14.084603309631348,947700,0.0,0.0
2000-06-01 00:00:00-04:00,13.90631640046612,14.298545837402344,13.79934473584715,14.298545837402344,876900,0.0,0.0
2000-06-02 00:00:00-04:00,14.441171657608216,14.869058225241051,14.441171657608216,14.797743797302246,1608900,0.0,0.0
2000-06-05 00:00:00-04:00,14.797748862833217,14.797748862833217,14.548148279604705,14.762091636657715,1070800,0.0,0.0
2000-06-06 00:00:00-04:00,14.833401011271649,14.976029867149261,14.655114941424634,14.797743797302246,937000,0.0,0.0
2000-06-07 00:00:00-04:00,14.797748368361901,14.797748368361901,14.191575543633823,14.47683334350586,514400,0.0,0.0
2000-06-08 00:00:00-04:00,14.191575642788049,14.548147895119408,13.835003390456691,14.120261192321777,1071100,0.0,0.0
2000-06-09 00:00:00-04:00,14.191573960104106,14.512488949151686,14.15591673909882,14.441174507141113,891100,0.0,0.0
2000-06-12 00:00:00-04:00,14.512495378993252,14.797753273420637,14.441180905386405,14.583809852600098,744500,0.0,0.0
2000-06-13 00:00:00-04:00,14.441176711922825,14.476833938372017,14.155918900329288,14.405519485473633,479200,0.0,0.0
2000-06-14 00:00:00-04:00,14.476832768886904,14.548147216024278,14.04894608606266,14.084603309631348,668000,0.0,0.0
2000-06-15 00:00:00-04:00,14.33419472694397,14.44116632938385,14.191565923690796,14.262880325317383,1635700,0.0,0.0
2000-06-16 00:00:00-04:00,14.262894186691637,14.262894186691637,13.870664596557617,13.870664596557617,878600,0.0,0.0
2000-06-19 00:00:00-04:00,13.9419744153566,14.084603309631348,13.656716626807105,14.084603309631348,731600,0.0,0.0
2000-06-20 00:00:00-04:00,14.0846051610246,14.0846051610246,13.549746737188222,13.977633476257324,812000,0.0,0.0
2000-06-21 00:00:00-04:00,13.941974801321825,14.191575373212498,13.692374229431152,13.692374229431152,475900,0.0,0.0
2000-06-22 00:00:00-04:00,13.799346438183948,13.799346438183948,13.014887467537832,13.51408863067627,318500,0.0,0.0
2000-06-23 00:00:00-04:00,13.621054198390755,13.941969087881636,13.514082568560461,13.79934024810791,1210100,0.0,0.0
2000-06-26 00:00:00-04:00,13.656713298345993,14.369857595909753,13.585398868589618,14.155914306640625,1024200,0.0,0.0
2000-06-27 00:00:00-04:00,14.227236951224908,14.298551422158367,13.835007361090888,13.870664596557617,1267100,0.0,0.0
2000-06-28 00:00:00-04:00,13.407116952860891,13.51408863067627,12.800944111907073,13.51408863067627,2307000,0.0,0.0
2000-06-29 00:00:00-04:00,13.157507100105285,14.262880325317383,12.979221096038819,14.262880325317383,2140000,0.0,0.0
2000-06-30 00:00:00-04:00,13.977628232249685,14.334200381031565,13.763684942980557,14.155914306640625,1432400,0.0,0.0
2000-07-03 00:00:00-04:00,14.048950773891264,14.048950773891264,13.7280356546907,13.870664596557617,691800,0.0,0.0
2000-07-05 00:00:00-04:00,13.799336714744568,14.476823530197143,13.799336714744568,14.262880325317383,1005500,0.0,0.0
2000-07-06 00:00:00-04:00,13.977632768083327,14.5481483912704,13.977632768083327,14.405519485473633,982000,0.0,0.0
2000-07-07 00:00:00-04:00,14.334202844125253,14.4768317281464,14.15591673909882,14.441174507141113,744700,0.0,0.0
2000-07-10 00:00:00-04:00,14.441176052424808,14.512490502066411,14.262889928320797,14.369861602783203,612000,0.0,0.0
2000-07-11 00:00:00-04:00,14.227232868021185,14.298547318487456,14.01328951662237,14.120261192321777,620000,0.0,0.0
2000-07-12 00:00:00-04:00,13.79934473584715,14.369860280481657,13.79934473584715,14.298545837402344,521500,0.0,0.0
2000-07-13 00:00:00-04:00,14.298537526130676,14.869052739143372,14.262880325317383,14.262880325317383,836100,0.0,0.0
2000-07-14 00:00:00-04:00,14.762089304449432,15.154318730413065,14.726432083907286,15.047347068786621,1902000,0.0,0.0
2000-07-17 00:00:00-04:00,15.118663393217942,15.118663393217942,14.40551889353785,14.47683334350586,1216800,0.0,0.0
2000-07-18 00:00:00-04:00,14.548146170156974,14.548146170156974,14.227231181109394,14.441174507141113,1261200,0.0,0.0
2000-07-19 00:00:00-04:00,14.40551889353785,14.512490568489865,14.191575543633823,14.47683334350586,900000,0.0,0.0
2000-07-20 00:00:00-04:00,14.655120542116254,15.439579549236832,14.548148859327084,15.261293411254883,1874000,0.0,0.0
2000-07-21 00:00:00-04:00,15.11865892206405,15.225630565380541,14.940372849869899,15.011687278747559,1237100,0.0,0.0
2000-07-24 00:00:00-04:00,15.047343359554516,15.368258265327004,15.047343359554516,15.154314994812012,1501800,0.0,0.0
2000-07-25 00:00:00-04:00,15.261290416498294,15.867463166686312,15.189975975299705,15.51089096069336,1639700,0.0,0.0
2000-07-26 00:00:00-04:00,15.582208689776335,15.831809286637741,15.225636408545755,15.689180374145508,1401900,0.0,0.0
2000-07-27 00:00:00-04:00,15.475233740094065,15.689177063689836,15.261290416498294,15.51089096069336,773200,0.0,0.0
2000-07-28 00:00:00-04:00,15.510887280106544,15.974431037902832,15.439572855830193,15.974431037902832,1397300,0.0,0.0
2000-07-31 00:00:00-04:00,15.831804453531902,16.081404974195692,15.831804453531902,16.045747756958008,1235900,0.0,0.0
2000-08-01 00:00:00-04:00,16.152724196470857,16.68758261357254,16.152724196470857,16.616268157958984,2133400,0.0,0.0
2000-08-02 00:00:00-04:00,16.83021532141644,17.436388330874237,16.29535678365956,16.402328491210938,4871600,0.0,0.0
2000-08-03 00:00:00-04:00,16.22403651082043,16.758894857330993,16.117064841518317,16.188379287719727,3564500,0.0,0.0
2000-08-04 00:00:00-04:00,16.50929127029121,17.044149518788764,16.437976837158203,16.437976837158203,1693900,0.0,0.0
2000-08-07 00:00:00-04:00,16.758896530054177,17.151126023310766,16.58061039675573,16.794553756713867,2267400,0.0,0.0
2000-08-08 00:00:00-04:00,16.830204475615215,16.937176114231413,16.473632346894554,16.651918411254883,2136500,0.0,0.0
2000-08-09 00:00:00-04:00,16.830202102661133,17.00848814188424,16.72323047912727,16.830202102661133,2286100,0.0,0.0
2000-08-10 00:00:00-04:00,16.90152359008789,17.044152481143485,16.794551921796195,16.90152359008789,750600,0.0,0.0
2000-08-11 00:00:00-04:00,16.6875802535045,17.044152481143485,16.6875802535045,16.90152359008789,685100,0.0,0.0
2000-08-14 00:00:00-04:00,16.901521511566944,17.115464821839943,16.473634891020946,16.687578201293945,1772500,0.0,0.0
2000-08-15 00:00:00-04:00,16.544948486857713,16.72323456969023,16.437976837158203,16.437976837158203,924700,0.0,0.0
2000-08-16 00:00:00-04:00,16.25968873500824,16.25968873500824,15.831802189350128,15.974431037902832,1765300,0.0,0.0
2000-08-17 00:00:00-04:00,15.831808387291352,16.134894809120127,15.653522256803836,15.796151161193848,979900,0.0,0.0
2000-08-18 00:00:00-04:00,15.724839300117237,15.974439923928623,15.689182068144182,15.938782691955566,522200,0.0,0.0
2000-08-21 00:00:00-04:00,15.938775626381675,16.473633868877705,15.796146761716068,16.22403335571289,390000,0.0,0.0
2000-08-22 00:00:00-04:00,16.010088579557692,16.723232836999017,16.010088579557692,16.651918411254883,876900,0.0,0.0
2000-08-23 00:00:00-04:00,16.259693733921136,16.47363707252536,16.045750395316908,16.188379287719727,716000,0.0,0.0
2000-08-24 00:00:00-04:00,16.081404491047284,16.366662220378497,15.903118410215273,16.22403335571289,596300,0.0,0.0
2000-08-25 00:00:00-04:00,16.259693220549938,16.61626544029884,16.259693220549938,16.36666488647461,634900,0.0,0.0
2000-08-28 00:00:00-04:00,16.616263324324922,16.616263324324922,16.152719497680664,16.152719497680664,333800,0.0,0.0
2000-08-29 00:00:00-04:00,16.152718154751526,16.152718154751526,15.617859937706772,15.724831581115723,769400,0.0,0.0
2000-08-30 00:00:00-04:00,15.78784134254027,16.038441998771066,15.608840873803985,15.931041717529297,861700,0.11,0.0
2000-08-31 00:00:00-04:00,15.859439601982217,16.57544138988209,15.859439601982217,16.25324058532715,1275400,0.0,0.0
2000-09-01 00:00:00-04:00,16.50384862598173,16.50384862598173,16.03844725475014,16.074247360229492,546400,0.0,0.0
2000-09-05 00:00:00-04:00,16.14584434137935,16.181644439697266,15.608842866610637,16.181644439697266,633300,0.0,0.0
2000-09-06 00:00:00-04:00,15.465643152014003,16.75444674801517,15.465643152014003,16.53964614868164,1843000,0.0,0.0
2000-09-07 00:00:00-04:00,16.611243016971564,17.363044963860364,16.575442924262575,17.291444778442383,1783700,0.0,0.0
2000-09-08 00:00:00-04:00,17.25565089661791,17.434651424591127,16.8260496294822,17.148250579833984,1819900,0.0,0.0
2000-09-11 00:00:00-04:00,17.184050937868516,17.685252423556346,17.005050407265717,17.076650619506836,1067800,0.0,0.0
2000-09-12 00:00:00-04:00,17.291443117594316,17.291443117594316,16.897642135620117,16.897642135620117,792400,0.0,0.0
2000-09-13 00:00:00-04:00,16.933446647242498,17.040846943102387,16.71864605552272,17.005046844482422,1361100,0.0,0.0
2000-09-14 00:00:00-04:00,16.79024018226786,17.07664086767968,16.611239753885474,16.826040267944336,838600,0.0,0.0
2000-09-15 00:00:00-04:00,16.897650591666807,17.07665112759548,16.611249734180927,16.93345069885254,2622100,0.0,0.0
2000-09-18 00:00:00-04:00,16.897641505259696,17.363042648413035,16.64704088971559,16.790241241455078,748400,0.0,0.0
2000-09-19 00:00:00-04:00,16.611251531862745,16.682851753982845,16.07424986596201,16.4322509765625,1214500,0.0,0.0
2000-09-20 00:00:00-04:00,16.468040466308594,16.79024125804072,15.608838355022927,16.468040466308594,3323100,0.0,0.0
2000-09-21 00:00:00-04:00,16.468041391083688,17.756844630385892,16.253240851199987,17.721044540405273,4960000,0.0,0.0
2000-09-22 00:00:00-04:00,17.32725118315269,17.54205181765458,17.040850337150165,17.39885139465332,3025300,0.0,0.0
2000-09-25 00:00:00-04:00,17.585001441549682,17.607912926859232,16.95491975382538,17.184040069580078,1191900,0.0,0.0
2000-09-26 00:00:00-04:00,16.81172163581425,18.616045862436295,16.81172163581425,18.32964515686035,2966700,0.0,0.0
2000-09-27 00:00:00-04:00,19.045656025178396,19.246135740891106,18.75925518269451,18.822263717651367,3100200,0.0,0.0
2000-09-28 00:00:00-04:00,18.810805879697693,18.89672699942534,18.21509165175025,18.36402130126953,1869000,0.0,0.0
2000-09-29 00:00:00-04:00,18.32965239570632,19.057110737368692,18.157812341509537,18.86235809326172,1554300,0.0,0.0
2000-10-02 00:00:00-04:00,18.38692855834961,18.610322994384024,18.10052888090715,18.38692855834961,991900,0.0,0.0
2000-10-03 00:00:00-04:00,18.329648011831402,19.12011469415964,18.312463573508733,18.70769691467285,1428500,0.0,0.0
2000-10-04 00:00:00-04:00,18.707696415649302,19.475250493072984,18.707696415649302,18.94254493713379,1578100,0.0,0.0
2000-10-05 00:00:00-04:00,18.616053746686823,19.04565498699498,18.41557404190231,18.701974868774414,991900,0.0,0.0
2000-10-06 00:00:00-04:00,18.701970148428444,18.79934535615647,17.72820714582646,18.203632354736328,1754200,0.0,0.0
2000-10-09 00:00:00-04:00,18.301012680588705,19.303415542130413,18.266643795855366,18.95400619506836,1309700,0.0,0.0
2000-10-10 00:00:00-04:00,18.902442175517336,19.017002868139226,18.386920151250568,18.747785568237305,1097800,0.0,0.0
2000-10-11 00:00:00-04:00,18.616041536494347,19.19456986589286,18.616041536494347,18.747785568237305,940800,0.0,0.0
2000-10-12 00:00:00-04:00,18.673325306172377,18.959726014457623,18.38692459788713,18.902446746826172,2455900,0.0,0.0
2000-10-13 00:00:00-04:00,19.04565147190927,19.44661299254131,18.959730365679366,19.257587432861328,2032000,0.0,0.0
2000-10-16 00:00:00-04:00,19.257587082730094,19.349235241345593,19.085747058459095,19.217491149902344,691200,0.0,0.0
2000-10-17 00:00:00-04:00,19.33204780925404,19.33204780925404,18.535854189831298,18.902446746826172,1567200,0.0,0.0
2000-10-18 00:00:00-04:00,18.759256674802874,18.759256674802874,18.094806754792618,18.46712875366211,1465600,0.0,0.0
2000-10-19 00:00:00-04:00,18.272366522588506,18.845169080358684,18.134894302035214,18.621774673461914,678500,0.0,0.0
2000-10-20 00:00:00-04:00,18.386932637513507,19.5898174493074,18.197909223628653,19.48098373413086,1771600,0.0,0.0
2000-10-23 00:00:00-04:00,19.417977787680247,21.52588814072284,19.228952184822326,19.56117820739746,2811400,0.0,0.0
2000-10-24 00:00:00-04:00,19.962137634553663,20.036602464624814,19.21749588903715,19.56117820739746,579800,0.0,0.0
2000-10-25 00:00:00-04:00,19.64709298793738,20.597943486115483,19.400788143373365,19.962133407592773,1094100,0.0,0.0
2000-10-26 00:00:00-04:00,20.059513804982487,20.49484209234061,19.761656688341727,20.06524085998535,2164500,0.0,0.0
2000-10-27 00:00:00-04:00,19.675728202414625,19.87048077558108,19.29767934686375,19.7902889251709,1284100,0.0,0.0
2000-10-30 00:00:00-05:00,20.048057556152344,20.214170557461745,19.87621749982687,20.048057556152344,891700,0.0,0.0
2000-10-31 00:00:00-05:00,20.04805640900026,20.552122439101822,19.962135293221504,20.534936904907227,990300,0.0,0.0
2000-11-01 00:00:00-05:00,20.391734027469,20.540663652071082,19.790292845196234,20.271446228027344,1129900,0.0,0.0
2000-11-02 00:00:00-05:00,20.162618322057615,20.47193173448239,19.761656733921594,20.048057556152344,847600,0.0,0.0
2000-11-03 00:00:00-05:00,19.84756845528656,19.87620808693362,18.037515110856045,18.501483917236328,3259300,0.0,0.0
2000-11-06 00:00:00-05:00,18.616051440927684,19.90485500222268,18.415571760974316,19.194580078125,2627100,0.0,0.0
2000-11-07 00:00:00-05:00,19.33777784213764,19.360690426746878,18.954001882722395,19.1143856048584,951700,0.0,0.0
2000-11-08 00:00:00-05:00,19.022735362077658,19.257583865866366,18.61604686272279,18.78215980529785,970800,0.0,0.0
2000-11-09 00:00:00-05:00,18.84517238707826,19.25758802857167,18.18644971244422,18.415571212768555,1721300,0.0,0.0
2000-11-10 00:00:00-05:00,18.558779390952253,18.673338004115458,17.985976492341546,18.26664924621582,1302700,0.0,0.0
2000-11-13 00:00:00-05:00,18.266642452577845,18.35829062006237,17.985969803089933,18.19217872619629,1055500,0.0,0.0
2000-11-14 00:00:00-05:00,18.04897730630294,18.73633852352997,17.900048769437348,18.616050720214844,1522300,0.0,0.0
2000-11-15 00:00:00-05:00,18.5358594169122,19.07429211370253,18.39265902238731,18.879539489746094,902100,0.0,0.0
2000-11-16 00:00:00-05:00,18.73633976024607,19.09147832451956,18.616051948991196,19.034196853637695,947600,0.0,0.0
2000-11-17 00:00:00-05:00,19.01701753001385,19.30914544561622,18.908183804835097,19.24040985107422,1338400,0.0,0.0
2000-11-20 00:00:00-05:00,19.469524091957304,19.469524091957304,19.04565001736067,19.263315200805664,768700,0.0,0.0
2000-11-21 00:00:00-05:00,19.246132803799632,19.84757622928343,18.936821601769456,19.68146324157715,1155200,0.0,0.0
2000-11-22 00:00:00-05:00,19.681456875229134,20.03086608632446,19.303408030533078,19.41796875,992600,0.0,0.0
2000-11-24 00:00:00-05:00,19.56116930863147,19.876209651678206,19.56116930863147,19.67572784423828,208000,0.0,0.0
2000-11-27 00:00:00-05:00,19.675728613004683,20.019410788445413,18.736334599915384,18.873807907104492,1172800,0.0,0.0
2000-11-28 00:00:00-05:00,19.01701103024685,19.417972533984543,18.8165291858458,19.36069107055664,745300,0.0,0.0
2000-11-29 00:00:00-05:00,19.217017604206884,20.113506093568727,19.182538711053322,20.056039810180664,893000,0.11,0.0
2000-11-30 00:00:00-05:00,19.395175386587702,19.642284463185348,18.82624927734682,19.596309661865234,853600,0.0,0.0
2000-12-01 00:00:00-05:00,19.423904993999006,19.53883978411,17.81482450904147,18.044692993164062,1585800,0.0,0.0
2000-12-04 00:00:00-05:00,18.33202452016674,19.53883514542769,18.28605083425676,19.36643409729004,1454600,0.0,0.0
2000-12-05 00:00:00-05:00,19.51010775111915,19.774456248962913,19.19403870437561,19.377933502197266,746500,0.0,0.0
2000-12-06 00:00:00-05:00,19.25150188513275,19.538837734164584,17.6424215689942,18.0331974029541,1801100,0.0,0.0
2000-12-07 00:00:00-05:00,17.98722434607805,18.613616606773164,17.98722434607805,18.42972183227539,1023900,0.0,0.0
2000-12-08 00:00:00-05:00,18.38949621989023,18.820500037543905,18.30329567557937,18.538909912109375,1051100,0.0,0.0
2000-12-11 00:00:00-05:00,18.475696086436535,18.877964523865547,17.99871752177275,18.171119689941406,1068300,0.0,0.0
2000-12-12 00:00:00-05:00,17.929757428465965,18.504429126864245,17.458525715055984,17.52748680114746,1295900,0.0,0.0
2000-12-13 00:00:00-05:00,17.958498100040813,18.332034641301714,17.274638185483333,17.355093002319336,1439300,0.0,0.0
2000-12-14 00:00:00-05:00,17.355096237020003,18.102169458783802,17.28038825718366,17.69415283203125,1377500,0.0,0.0
2000-12-15 00:00:00-05:00,17.58495586634255,18.015959681223006,17.389567382575457,17.95274543762207,1919700,0.0,0.0
2000-12-18 00:00:00-05:00,17.95848936612901,18.7055620853203,17.95848936612901,18.4067325592041,877400,0.0,0.0
2000-12-19 00:00:00-05:00,18.263065862633272,18.682574817871366,17.5274857386767,18.021703720092773,1139000,0.0,0.0
2000-12-20 00:00:00-05:00,18.044699041158623,18.561903577809392,17.93551106356687,18.360769271850586,861100,0.0,0.0
2000-12-21 00:00:00-05:00,18.36076290911352,18.619365635872622,18.280308118511034,18.446962356567383,1048900,0.0,0.0
2000-12-22 00:00:00-05:00,18.734298498214386,19.02163437820049,18.389496319110577,18.67683219909668,1067800,0.0,0.0
2000-12-26 00:00:00-05:00,18.475702204144145,18.935439279290957,18.475702204144145,18.918197631835938,419700,0.0,0.0
2000-12-27 00:00:00-05:00,18.24583282151471,19.194042333213314,18.24583282151471,19.11358642578125,1302500,0.0,0.0
2000-12-28 00:00:00-05:00,18.96417241897026,19.768713943927505,18.96417241897026,19.682512283325195,1258300,0.0,0.0
2000-12-29 00:00:00-05:00,19.768709775483757,20.2284467532906,19.458386493389575,19.510107040405273,1787700,0.0,0.0
2001-01-02 00:00:00-05:00,19.5101101976888,19.969847249894006,19.372187985927646,19.596309661865234,1625000,0.0,0.0
2001-01-03 00:00:00-05:00,19.251505870098963,19.826177687116843,19.05037161102231,19.33770751953125,2071200,0.0,0.0
2001-01-04 00:00:00-05:00,19.19403648376465,19.42390385834827,18.67683105460385,19.19403648376465,2207400,0.0,0.0
2001-01-05 00:00:00-05:00,18.964167565665633,19.03312756117968,18.619365395896658,18.877965927124023,669000,0.0,0.0
2001-01-08 00:00:00-05:00,18.734299835556577,19.33770698036046,18.61936722911674,18.91244888305664,729700,0.0,0.0
2001-01-09 00:00:00-05:00,18.533169272949266,19.82618108268991,18.533169272949266,19.676767349243164,1046700,0.0,0.0
2001-01-10 00:00:00-05:00,19.308964768592467,19.648021098269332,18.964162687516882,19.406660079956055,1042000,0.0,0.0
2001-01-11 00:00:00-05:00,19.107845517140188,19.682517562768464,18.96417750573312,19.303234100341797,1361500,0.0,0.0
2001-01-12 00:00:00-05:00,19.44689445900253,19.538841862431894,18.682579886834223,19.28023910522461,1153200,0.0,0.0
2001-01-16 00:00:00-05:00,19.280235927159012,19.48137234614317,18.688324752162828,19.19403648376465,858300,0.0,0.0
2001-01-17 00:00:00-05:00,18.906705201271425,19.53884337475135,18.389499646824802,18.40099334716797,909200,0.0,0.0
2001-01-18 00:00:00-05:00,18.67683840644279,18.849239553293128,18.17112757187531,18.360769271850586,1684200,0.0,0.0
2001-01-19 00:00:00-05:00,17.81482854480418,18.360767277359002,17.81482854480418,18.234338760375977,1513900,0.0,0.0
2001-01-22 00:00:00-05:00,18.15963225575111,19.165306984459345,17.872296305805996,19.11358642578125,1009600,0.0,0.0
2001-01-23 00:00:00-05:00,18.820498712135084,19.176794562488134,18.791765564754755,18.96416664123535,764700,0.0,0.0
2001-01-24 00:00:00-05:00,18.82049770653248,18.96416562795639,17.929757032143925,18.389493942260742,1392000,0.0,0.0
2001-01-25 00:00:00-05:00,19.25151054170804,20.113518476411386,18.99290772285713,19.831928253173828,4272100,0.0,0.0
2001-01-26 00:00:00-05:00,20.084776786508087,20.257177861785692,19.596304515656502,20.0445499420166,4126500,0.0,0.0
2001-01-29 00:00:00-05:00,19.88364537954179,20.188222954511883,19.682511106428752,20.142248153686523,1589700,0.0,0.0
2001-01-30 00:00:00-05:00,20.027311942446175,20.084780439456615,19.711242881585285,19.964099884033203,1254900,0.0,0.0
2001-01-31 00:00:00-05:00,20.08478625606,20.08478625606,19.854916585845437,19.929624557495117,1515500,0.0,0.0
2001-02-01 00:00:00-05:00,19.929619299809644,20.97552185818428,19.87789874726589,20.808866500854492,2446500,0.0,0.0
2001-02-02 00:00:00-05:00,20.831860531005837,21.550200549316383,20.688192527343727,20.918062210083008,2566800,0.0,0.0
2001-02-05 00:00:00-05:00,20.487048933764108,21.20538862720326,20.343380995076277,20.860584259033203,2046900,0.0,0.0
2001-02-06 00:00:00-05:00,20.866337687791823,20.94104345715872,20.630722294113063,20.65370750427246,1055600,0.0,0.0
2001-02-07 00:00:00-05:00,20.7743892847404,21.004256720821804,20.176730004970118,20.762895584106445,1871500,0.0,0.0
2001-02-08 00:00:00-05:00,20.573253212885575,21.170912504303306,20.561759512027624,21.05023193359375,1301100,0.0,0.0
2001-02-09 00:00:00-05:00,21.23412634910245,21.3145800613409,20.544519656459755,20.762895584106445,948300,0.0,0.0
2001-02-12 00:00:00-05:00,20.8605787386045,21.004246639272846,19.964092441440847,20.056039810180664,2067000,0.0,0.0
2001-02-13 00:00:00-05:00,20.056042913995974,21.262852589493203,19.82617336047339,21.211132049560547,1776600,0.0,0.0
2001-02-14 00:00:00-05:00,21.176654746476263,21.636393935749233,20.400848700926243,20.58474349975586,2160100,0.0,0.0
2001-02-15 00:00:00-05:00,20.3376259043495,21.027232206200274,20.170970627897614,20.510026931762695,1795300,0.0,0.0
2001-02-16 00:00:00-05:00,20.51003497425298,21.37779058694462,20.176726482848732,20.831851959228516,4712800,0.0,0.0
2001-02-20 00:00:00-05:00,21.228378666729427,21.751329994983205,20.803122698979813,21.5387020111084,1796600,0.0,0.0
2001-02-21 00:00:00-05:00,21.63638816017916,21.981190267894245,21.06171651918846,21.17664909362793,1928000,0.0,0.0
2001-02-22 00:00:00-05:00,21.320327200221794,21.95246762294875,21.320327200221794,21.693864822387695,2036600,0.0,0.0
2001-02-23 00:00:00-05:00,21.26285638124507,21.584673375125796,20.860585686943892,21.23412322998047,1547800,0.0,0.0
2001-02-26 00:00:00-05:00,21.205391999361865,21.843275907127484,21.03298869176125,21.82603645324707,1776400,0.0,0.0
2001-02-27 00:00:00-05:00,21.636395866997574,21.8375301361084,21.504219413354324,21.8375301361084,2501900,0.0,0.0
2001-02-28 00:00:00-05:00,21.808800449315754,21.92373527516474,21.205395353857895,21.527210235595703,1790100,0.0,0.0
2001-03-01 00:00:00-05:00,21.383115018893882,21.469570544845336,20.57620630418687,21.16986083984375,1868900,0.11,0.0
2001-03-02 00:00:00-05:00,20.95083833403307,22.074748992919922,20.88167524386226,22.074748992919922,1910800,0.0,0.0
2001-03-05 00:00:00-05:00,21.844204375308642,22.270712658228785,21.734693768586062,22.155439376831055,1879900,0.0,0.0
2001-03-06 00:00:00-05:00,22.478204026699615,22.478204026699615,21.267840073954698,21.54449462890625,1742000,0.0,0.0
2001-03-07 00:00:00-05:00,21.757747950686955,22.62229422687319,21.596366682701753,22.507020950317383,3779400,0.0,0.0
2001-03-08 00:00:00-05:00,22.449390419212744,22.766390351464082,21.988299408787583,22.247661590576172,2303000,0.0,0.0
2001-03-09 00:00:00-05:00,22.305303858030214,22.420577183644056,21.907610994595238,22.224613189697266,1443400,0.0,0.0
2001-03-12 00:00:00-05:00,22.080516642956976,22.714516479667804,21.95947847161868,22.472444534301758,2569100,0.0,0.0
2001-03-13 00:00:00-05:00,22.24765491744021,22.420565918308814,21.671290777624098,22.097801208496094,1605700,0.0,0.0
2001-03-14 00:00:00-05:00,21.75775161901673,22.132389281322826,20.8355696484013,21.694351196289062,2859600,0.0,0.0
2001-03-15 00:00:00-05:00,21.469564056396482,21.61365509033203,20.835564386541954,21.61365509033203,1865300,0.0,0.0
2001-03-16 00:00:00-05:00,21.037287944072002,21.67128752319872,20.933542238592445,21.325469970703125,2283900,0.0,0.0
2001-03-19 00:00:00-05:00,21.094931906521897,21.175624753120122,19.988313537037918,20.86438751220703,2206400,0.0,0.0
2001-03-20 00:00:00-05:00,20.74911292201655,20.74911292201655,19.999839839563645,20.155458450317383,1586800,0.0,0.0
2001-03-21 00:00:00-05:00,20.247680304363723,20.247680304363723,19.654023526630592,19.861515045166016,1605800,0.0,0.0
2001-03-22 00:00:00-05:00,19.4523024559021,19.625211371334444,18.2131189637621,19.596393585205078,2246600,0.0,0.0
2001-03-23 00:00:00-05:00,19.48110294992812,20.397521806796114,19.262084012172682,20.11510467529297,2158900,0.0,0.0
2001-03-26 00:00:00-05:00,20.316834160502513,20.86438048541008,20.311071487013905,20.81250762939453,1238700,0.0,0.0
2001-03-27 00:00:00-05:00,20.576202176764546,21.32547518964263,20.535856859054913,20.98542022705078,2182500,0.0,0.0
2001-03-28 00:00:00-05:00,20.985424898919348,20.985424898919348,19.596386969333402,20.213096618652344,1903300,0.0,0.0
2001-03-29 00:00:00-05:00,20.2303849370299,20.92202249869229,20.1439316159816,20.743350982666016,1091200,0.0,0.0
2001-03-30 00:00:00-05:00,20.887439222282143,20.893201896776546,20.403293214520986,20.54738426208496,1162300,0.0,0.0
2001-04-02 00:00:00-04:00,20.54739179371309,20.97966509485441,20.288027373297155,20.720300674438477,2270200,0.0,0.0
2001-04-03 00:00:00-04:00,20.66265304197238,20.8931995718826,20.259199912611475,20.69147300720215,1088000,0.0,0.0
2001-04-04 00:00:00-04:00,20.316846390845072,20.57621082705511,20.086299736734848,20.4609375,2414000,0.0,0.0
2001-04-05 00:00:00-04:00,20.316845153642102,21.008482875199356,20.086298513571116,20.720300674438477,1850000,0.0,0.0
2001-04-06 00:00:00-04:00,20.66266706258466,20.893213748931885,20.432122574893583,20.749122619628906,812200,0.0,0.0
2001-04-09 00:00:00-04:00,20.74911960940909,21.123757370707974,20.541628061530066,20.633846282958984,752800,0.0,0.0
2001-04-10 00:00:00-04:00,20.605019946749298,20.98542022705078,20.322600524126948,20.98542022705078,2838900,0.0,0.0
2001-04-11 00:00:00-04:00,21.296665747324646,21.308193299557164,20.766409337907646,20.979665756225586,1442500,0.0,0.0
2001-04-12 00:00:00-04:00,21.0084754997305,21.239019860208316,20.841329354292004,21.123748779296875,849700,0.0,0.0
2001-04-16 00:00:00-04:00,20.89320182800293,21.008475105405648,20.622309955904772,20.89320182800293,727900,0.0,0.0
2001-04-17 00:00:00-04:00,20.749110780913252,20.97965733571869,20.460928686733904,20.89320182800293,634800,0.0,0.0
2001-04-18 00:00:00-04:00,20.97389365619662,21.29665841156155,20.605020906439567,20.835567474365234,1647900,0.0,0.0
2001-04-19 00:00:00-04:00,20.691478428722892,20.818277074607735,19.711658717856935,20.288022994995117,1876700,0.0,0.0
2001-04-20 00:00:00-04:00,19.82693100494453,20.437875700509075,19.798111033628743,20.155458450317383,1717400,0.0,0.0
2001-04-23 00:00:00-04:00,19.884563446044922,20.230381061296836,19.6251991352786,19.884563446044922,1054000,0.0,0.0
2001-04-24 00:00:00-04:00,19.88457051652426,20.835572594602862,19.88457051652426,20.68571662902832,1496800,0.0,0.0
2001-04-25 00:00:00-04:00,20.518570436139623,20.835572594602862,20.115117141105607,20.68571662902832,1194100,0.0,0.0
2001-04-26 00:00:00-04:00,20.541617844897825,20.89320032631155,20.460927216112,20.576200485229492,825300,0.0,0.0
2001-04-27 00:00:00-04:00,20.57621370419656,20.82981330025359,20.57621370419656,20.749122619628906,958200,0.0,0.0
2001-04-30 00:00:00-04:00,20.893209985306473,20.950845547182947,20.178517145297114,20.264972686767578,1534800,0.0,0.0
2001-05-01 00:00:00-04:00,20.806749192737716,21.515679177105696,20.766403869875173,21.400405883789062,3556100,0.0,0.0
2001-05-02 00:00:00-04:00,21.84420354869425,21.84420354869425,21.037292808099703,21.2390193939209,3195300,0.0,0.0
2001-05-03 00:00:00-04:00,21.239023293823106,21.239023293823106,20.4148221798629,20.737586975097656,1131400,0.0,0.0
2001-05-04 00:00:00-04:00,20.59350393614295,20.86439596280252,20.59350393614295,20.749122619628906,797200,0.0,0.0
2001-05-07 00:00:00-04:00,20.605031490325928,20.749122619628906,20.605031490325928,20.749122619628906,777200,0.0,0.0
2001-05-08 00:00:00-04:00,20.651131099486708,20.893203017019143,20.518565393803687,20.835567474365234,1243800,0.0,0.0
2001-05-09 00:00:00-04:00,20.841325522534127,20.95083390872843,20.610779005788242,20.922016143798828,864300,0.0,0.0
2001-05-10 00:00:00-04:00,20.92203153506125,20.97966930597613,20.691487047370174,20.749122619628906,1166200,0.0,0.0
2001-05-11 00:00:00-04:00,21.03729937030409,21.244790893960477,20.633843874156188,21.106462478637695,693800,0.0,0.0
2001-05-14 00:00:00-04:00,21.29666231495608,21.648244906088372,21.152571233256317,21.602134704589844,1951600,0.0,0.0
2001-05-15 00:00:00-04:00,21.584844282971144,21.67129761201518,21.037297737737312,21.509916305541992,1137400,0.0,0.0
2001-05-16 00:00:00-04:00,21.383102922792517,21.896068715322517,21.325467403865336,21.786558151245117,1434400,0.0,0.0
2001-05-17 00:00:00-04:00,21.786566885444064,22.24189514293312,21.682821150860352,22.074748992919922,1450200,0.0,0.0
2001-05-18 00:00:00-04:00,22.362937253279142,22.42057500982562,21.901846194185307,22.103572845458984,1171800,0.0,0.0
2001-05-21 00:00:00-04:00,22.109335116011877,22.564663445142216,21.95947916529932,22.530080795288086,1047100,0.0,0.0
2001-05-22 00:00:00-04:00,22.535843668271234,22.93353644978243,22.334117038994076,22.622299194335938,1131400,0.0,0.0
2001-05-23 00:00:00-04:00,22.766396498068787,22.79521428175287,22.362940930523717,22.478214263916016,3027000,0.0,0.0
2001-05-24 00:00:00-04:00,22.47820202362579,22.564657526255488,21.861492554254593,22.391746520996094,2234300,0.0,0.0
2001-05-25 00:00:00-04:00,22.305297543412102,22.305297543412102,21.815386597910745,21.90184211730957,1354000,0.0,0.0
2001-05-29 00:00:00-04:00,22.045931329369648,22.16120461265291,21.91336782312315,22.057458877563477,722500,0.0,0.0
2001-05-30 00:00:00-04:00,22.225091763497556,23.005425687361676,22.19619091539025,22.74531364440918,2437700,0.11,0.0
2001-05-31 00:00:00-04:00,22.427400601532444,22.48520450453503,21.964980402478943,22.13260841369629,2271700,0.0,0.0
2001-06-01 00:00:00-04:00,22.225088314565138,22.36959473767025,21.964976311977328,22.288671493530273,903000,0.0,0.0
2001-06-04 00:00:00-04:00,22.294452285706726,22.39271780665003,22.109484228041516,22.167285919189453,1028000,0.0,0.0
2001-06-05 00:00:00-04:00,22.02277971584167,22.53144298221872,21.936077178216177,22.369596481323242,1093200,0.0,0.0
2001-06-06 00:00:00-04:00,22.39849063337291,22.57189786179406,22.1036985655562,22.190401077270508,837800,0.0,0.0
2001-06-07 00:00:00-04:00,22.167287673067314,22.340697170217652,21.675966644456963,21.94763946533203,977800,0.0,0.0
2001-06-08 00:00:00-04:00,21.953412706453985,21.953412706453985,21.404287928370113,21.60081672668457,648700,0.0,0.0
2001-06-11 00:00:00-04:00,21.606592450934755,21.901384467231086,21.502547691067306,21.82624053955078,808800,0.0,0.0
2001-06-12 00:00:00-04:00,21.733766408120832,22.05168232130591,21.56035913137916,21.808910369873047,810000,0.0,0.0
2001-06-13 00:00:00-04:00,21.820472683318787,22.0227808195774,21.675966241707407,21.681745529174805,832800,0.0,0.0
2001-06-14 00:00:00-04:00,21.664404849310184,21.675965628911463,20.780026157248436,20.907190322875977,1534300,0.0,0.0
2001-06-15 00:00:00-04:00,20.519906906808902,21.61815632748017,20.519906906808902,21.48520851135254,1488400,0.0,0.0
2001-06-18 00:00:00-04:00,21.537234497905388,21.635500003856937,21.161519152778,21.271343231201172,835300,0.0,0.0
2001-06-19 00:00:00-04:00,21.415854188206534,21.444755035506397,20.993895643647303,21.242446899414062,608400,0.0,0.0
2001-06-20 00:00:00-04:00,21.38695058587249,21.675963431627522,21.2655657198537,21.496774673461914,1323300,0.0,0.0
2001-06-21 00:00:00-04:00,21.38694409515633,21.44474576476792,21.034348177545517,21.22509765625,1160500,0.0,0.0
2001-06-22 00:00:00-04:00,21.30024565444673,21.33492798941617,20.46211017345216,20.629735946655273,1243200,0.0,0.0
2001-06-25 00:00:00-04:00,20.629732619551405,20.953427745415873,20.49100771203281,20.895626068115234,951700,0.0,0.0
2001-06-26 00:00:00-04:00,20.866723492562112,20.866723492562112,20.51990901099311,20.808921813964844,1430700,0.0,0.0
2001-06-27 00:00:00-04:00,20.924538738462115,20.924538738462115,20.583503357568894,20.60084342956543,959300,0.0,0.0
2001-06-28 00:00:00-04:00,20.808927078187658,21.32915113713965,20.791587011220344,21.18464469909668,1504100,0.0,0.0
2001-06-29 00:00:00-04:00,21.24244054142962,21.502552499261984,21.097934143188603,21.415847778320312,1192200,0.0,0.0
2001-07-02 00:00:00-04:00,21.5025452071285,21.67595238521181,20.83781511865191,20.953420639038086,1709400,0.0,0.0
2001-07-03 00:00:00-04:00,20.95343484831211,20.993896477136968,20.583498696202923,20.849390029907227,666200,0.0,0.0
2001-07-05 00:00:00-04:00,20.722216681602006,21.155735877493203,20.57771028297161,21.040132522583008,1006700,0.0,0.0
2001-07-06 00:00:00-04:00,20.982332953927266,21.277127302536417,20.982332953927266,21.097938537597656,812800,0.0,0.0
2001-07-09 00:00:00-04:00,20.953427460279997,20.953427460279997,20.6123922768647,20.693315505981445,737700,0.0,0.0
2001-07-10 00:00:00-04:00,20.92452750062396,21.1557364213811,20.808921937749034,21.09215545654297,1527600,0.0,0.0
2001-07-11 00:00:00-04:00,20.66441494892738,21.097934143660122,20.43898532046518,20.895626068115234,1135500,0.0,0.0
2001-07-12 00:00:00-04:00,21.38695667186389,21.53146313586297,20.80893081586757,21.32915496826172,1302300,0.0,0.0
2001-07-13 00:00:00-04:00,21.213552109064246,21.358058591816736,21.02280249343387,21.230892181396484,1370600,0.0,0.0
2001-07-16 00:00:00-04:00,21.34648940742412,21.502556611973915,21.063255842501956,21.115278244018555,1335200,0.0,0.0
2001-07-17 00:00:00-04:00,21.259783128905834,21.386949480060682,21.09793664924905,21.24822235107422,1623200,0.0,0.0
2001-07-18 00:00:00-04:00,21.10371837881204,21.485215271448958,20.92453181416015,21.444753646850586,1554000,0.0,0.0
2001-07-19 00:00:00-04:00,21.589257596316145,22.300231101055967,21.589257596316145,21.901391983032227,1974800,0.0,0.0
2001-07-20 00:00:00-04:00,21.93607252808964,21.964973367838247,21.664399783468703,21.670181274414062,764800,0.0,0.0
2001-07-23 00:00:00-04:00,21.675964135477013,21.84937140756221,21.242444852767473,21.46787452697754,575300,0.0,0.0
2001-07-24 00:00:00-04:00,21.45631776353128,21.785792303649306,21.300250527950084,21.52568244934082,1154400,0.0,0.0
2001-07-25 00:00:00-04:00,21.4158490395183,21.722204121225776,21.242441792415505,21.589256286621094,1485500,0.0,0.0
2001-07-26 00:00:00-04:00,22.080581549517266,22.947620074720877,21.84937039413244,22.456296920776367,2877400,0.0,0.0
2001-07-27 00:00:00-04:00,22.600809298378387,22.918725272071626,22.311796380470767,22.658613204956055,2908400,0.0,0.0
2001-07-30 00:00:00-04:00,22.543005010764606,22.61814897819862,22.126825751121856,22.5372257232666,1276300,0.0,0.0
2001-07-31 00:00:00-04:00,22.392717580642923,23.08056740033095,22.392717580642923,22.901378631591797,1352200,0.0,0.0
2001-08-01 00:00:00-04:00,23.045880413231785,23.12680364569225,22.75108832284114,22.9996395111084,1384100,0.0,0.0
2001-08-02 00:00:00-04:00,23.06321735550293,23.09211818828081,22.398487176650608,22.542993545532227,899800,0.0,0.0
2001-08-03 00:00:00-04:00,22.658608124913897,22.7164098135389,22.271329755148535,22.340694427490234,916900,0.0,0.0
2001-08-06 00:00:00-04:00,22.27710856232143,22.54299982594196,22.08057975769043,22.08057975769043,1016600,0.0,0.0
2001-08-07 00:00:00-04:00,22.282887874065683,22.30023014257758,22.034336673659055,22.230865478515625,1075900,0.0,0.0
2001-08-08 00:00:00-04:00,22.225088760295403,22.230868047138582,21.907175064086914,21.907175064086914,767300,0.0,0.0
2001-08-09 00:00:00-04:00,21.907172999047777,22.22508666528873,21.72220496759876,21.988096237182617,1042200,0.0,0.0
2001-08-10 00:00:00-04:00,21.98810080123649,22.543005010764606,21.964979241257822,22.5372257232666,965400,0.0,0.0
2001-08-13 00:00:00-04:00,22.5430016888085,22.83201453097271,22.5430016888085,22.60080337524414,1632700,0.0,0.0
2001-08-14 00:00:00-04:00,22.687509730511177,22.976522593320237,22.6586088852289,22.901378631591797,1507600,0.0,0.0
2001-08-15 00:00:00-04:00,22.947626122863674,22.976526973655723,22.543007596794293,22.658613204956055,1098100,0.0,0.0
2001-08-16 00:00:00-04:00,22.716405606125704,22.953396013583017,22.681725481371206,22.8666934967041,1011700,0.0,0.0
2001-08-17 00:00:00-04:00,22.658612000378668,22.999647313579278,22.54300639836273,22.629711151123047,642500,0.0,0.0
2001-08-20 00:00:00-04:00,22.543006022173024,22.87826204192526,22.398499573312943,22.79733657836914,989300,0.0,0.0
2001-08-21 00:00:00-04:00,22.826236220114943,22.959181868594552,22.77421381810178,22.918720245361328,1680200,0.0,0.0
2001-08-22 00:00:00-04:00,22.860907116073342,22.91871098662131,22.48519187997646,22.542993545532227,849900,0.0,0.0
2001-08-23 00:00:00-04:00,22.427393267025632,22.803110796193227,22.225085185161674,22.77998924255371,1660600,0.0,0.0
2001-08-24 00:00:00-04:00,22.63548957807841,23.028547286987305,22.46786157178039,23.028547286987305,1340600,0.0,0.0
2001-08-27 00:00:00-04:00,23.08635283852808,23.265541655010377,22.53144852328409,22.739538192749023,1753000,0.0,0.0
2001-08-28 00:00:00-04:00,22.60080434139585,23.092127517074164,22.456297914136304,22.918720245361328,2126500,0.0,0.0
2001-08-29 00:00:00-04:00,23.005421240389445,23.17882850050685,22.739529961209904,23.051664352416992,1154300,0.0,0.0
2001-08-30 00:00:00-04:00,23.05745291655383,23.155990192919955,22.686493734897898,22.819807052612305,1729400,0.11,0.0
2001-08-31 00:00:00-04:00,22.895167077229914,23.15020105374267,22.68650190958678,23.103832244873047,2483900,0.0,0.0
2001-09-04 00:00:00-04:00,23.01109810094558,23.6312962740541,22.982117311855855,23.24294662475586,2040700,0.0,0.0
2001-09-05 00:00:00-04:00,23.24293776033884,23.387843861615494,22.976311064651785,23.011089324951172,1776600,0.0,0.0
2001-09-06 00:00:00-04:00,22.982108627803356,23.15599550772904,22.454650505743526,22.63433265686035,1314000,0.0,0.0
2001-09-07 00:00:00-04:00,22.286560280187388,22.73866663827172,22.141654169407353,22.30974578857422,1683400,0.0,0.0
2001-09-10 00:00:00-04:00,21.996744142144156,22.51840472141642,21.98515139001481,22.211204528808594,1889800,0.0,0.0
2001-09-17 00:00:00-04:00,26.662716625110047,26.662716625110047,24.34421952727439,25.4744873046875,12630900,0.0,0.0
2001-09-18 00:00:00-04:00,25.474489488733795,26.204815164286142,25.387544955674347,25.85124397277832,6298700,0.0,0.0
2001-09-19 00:00:00-04:00,25.793273373909674,25.93817940410018,24.57606360474566,24.877466201782227,5654500,0.0,0.0
2001-09-20 00:00:00-04:00,25.50347338705055,25.764304807090976,24.344224596730072,24.610851287841797,4896700,0.0,0.0
2001-09-21 00:00:00-04:00,23.76460190606498,24.865889220294935,23.76460190606498,24.46015167236328,6860600,0.0,0.0
2001-09-24 00:00:00-04:00,24.344228744506836,24.94124126569174,23.967471939024108,24.344228744506836,3664400,0.0,0.0
2001-09-25 00:00:00-04:00,24.228304070759307,24.616653642146666,24.228304070759307,24.552894592285156,4345200,0.0,0.0
2001-09-26 00:00:00-04:00,24.31524796202939,24.47754211277667,24.216710648295702,24.344228744506836,2689300,0.0,0.0
2001-09-27 00:00:00-04:00,24.286259824858085,25.416525476839983,24.286259824858085,25.097732543945312,6769900,0.0,0.0
2001-09-28 00:00:00-04:00,25.90920793123194,26.083094787597656,25.300602828406262,25.358564376831055,5209200,0.0,0.0
2001-10-01 00:00:00-04:00,25.50347320264868,25.78749012710393,24.63403661619475,25.277420043945312,2025300,0.0,0.0
2001-10-02 00:00:00-04:00,25.793283377753365,26.228001636928983,25.73532182763318,26.08309555053711,3599400,0.0,0.0
2001-10-03 00:00:00-04:00,26.083096497217372,26.517814772170997,25.793284313914956,26.3149471282959,2838400,0.0,0.0
2001-10-04 00:00:00-04:00,26.459856862042432,26.633743753740433,26.030933798835033,26.43087387084961,3253000,0.0,0.0
2001-10-05 00:00:00-04:00,26.604756872084664,27.73502251445159,26.575773887538816,27.665468215942383,3150900,0.0,0.0
2001-10-08 00:00:00-04:00,27.821982660721407,28.824733020453802,27.821982660721407,28.46536636352539,5549600,0.0,0.0
2001-10-09 00:00:00-04:00,28.465347049993973,28.546494090588595,27.561132431030273,27.561132431030273,5129400,0.0,0.0
2001-10-10 00:00:00-04:00,27.561139496598322,27.816175645095033,27.166994731732125,27.451011657714844,3299800,0.0,0.0
2001-10-11 00:00:00-04:00,27.474204534507674,27.804590350880645,26.749673847533234,26.888782501220703,2917400,0.0,0.0
2001-10-12 00:00:00-04:00,26.546802711432466,26.80763418900335,25.96717818842699,26.343935012817383,2210600,0.0,0.0
2001-10-15 00:00:00-04:00,26.34391600199751,27.532144974466934,26.32652577531421,27.41621971130371,2908800,0.0,0.0
2001-10-16 00:00:00-04:00,27.300310880377015,27.735029220581055,27.155404766975668,27.735029220581055,2616100,0.0,0.0
2001-10-17 00:00:00-04:00,27.80459681572164,27.850965640701276,26.93515978919969,26.946752548217773,2411500,0.0,0.0
2001-10-18 00:00:00-04:00,26.836599862462734,27.18437570710446,26.575768531754147,26.807619094848633,1432400,0.0,0.0
2001-10-19 00:00:00-04:00,27.242352536457535,27.764015490741425,27.184390968689137,27.62490463256836,2912700,0.0,0.0
2001-10-22 00:00:00-04:00,27.821963127117762,28.129163262430577,27.253931645270026,28.030628204345703,2411900,0.0,0.0
2001-10-23 00:00:00-04:00,28.05382632819476,28.19293496821677,27.300312718889668,27.50897789001465,2168200,0.0,0.0
2001-10-24 00:00:00-04:00,27.503181740423543,28.807336807250977,27.242350284839677,28.807336807250977,3112500,0.0,0.0
2001-10-25 00:00:00-04:00,28.80733660019583,28.836317381476423,28.129174820552123,28.343637466430664,4343400,0.0,0.0
2001-10-26 00:00:00-04:00,28.981227440023208,29.131928849830768,28.691415165622974,28.934856414794922,10732000,0.0,0.0
2001-10-29 00:00:00-05:00,30.708492705038374,30.708492705038374,28.320441398173283,28.401588439941406,15982300,0.0,0.0
2001-10-30 00:00:00-05:00,28.488544760448956,28.679819693673682,27.76401414305292,27.821975708007812,3904300,0.0,0.0
2001-10-31 00:00:00-05:00,28.11177929148941,28.830514415327244,27.9668732126673,28.268278121948242,2377300,0.0,0.0
2001-11-01 00:00:00-05:00,28.372632734346706,28.401613530424452,27.961099681200835,28.111801147460938,1735300,0.0,0.0
2001-11-02 00:00:00-05:00,28.082794588842127,28.111775358333553,27.82196324123733,28.042221069335938,1853400,0.0,0.0
2001-11-05 00:00:00-05:00,28.314650365501567,28.546501004287737,28.169744269033103,28.39579963684082,1695000,0.0,0.0
2001-11-06 00:00:00-05:00,28.285672893724538,28.31465367418644,27.317701117527612,27.735029220581055,3582900,0.0,0.0
2001-11-07 00:00:00-05:00,27.44522307897087,27.821979941786147,27.416242292083304,27.55535316467285,2003600,0.0,0.0
2001-11-08 00:00:00-05:00,27.555348101111328,27.821974829229386,27.387256472522676,27.67706871032715,1740200,0.0,0.0
2001-11-09 00:00:00-05:00,27.735027466794953,27.879933571033362,27.445215258318132,27.53215980529785,1202200,0.0,0.0
2001-11-12 00:00:00-05:00,27.358281562219993,27.677074650001536,26.778656962219962,27.474206924438477,1392700,0.0,0.0
2001-11-13 00:00:00-05:00,27.46841186892766,27.53217093433989,26.32075532478523,26.355533599853516,2413400,0.0,0.0
2001-11-14 00:00:00-05:00,26.349723825630587,26.349723825630587,25.06875447447543,25.532453536987305,5478000,0.0,0.0
2001-11-15 00:00:00-05:00,25.18469097565234,25.520872116088867,24.57608554767279,25.520872116088867,3350100,0.0,0.0
2001-11-16 00:00:00-05:00,25.90923254664268,26.285987391527456,25.387569270841063,25.938213348388672,2868900,0.0,0.0
2001-11-19 00:00:00-05:00,26.314948920615606,26.778648003263868,26.2569851533523,26.604761123657227,2563200,0.0,0.0
2001-11-20 00:00:00-05:00,26.256988768033644,26.767058934711613,25.909214960943903,26.36711883544922,1358000,0.0,0.0
2001-11-21 00:00:00-05:00,26.43087387084961,26.65692926225798,26.228006199050576,26.43087387084961,874600,0.0,0.0
2001-11-23 00:00:00-05:00,26.08309861912361,26.372910826002762,25.88023095874487,26.08889389038086,600400,0.0,0.0
2001-11-26 00:00:00-05:00,26.372911263000162,26.587371680538663,26.15845084546166,26.436670303344727,1373800,0.0,0.0
2001-11-27 00:00:00-05:00,26.372909705750665,26.95253409488804,26.199022831227765,26.825016021728516,1511400,0.0,0.0
2001-11-28 00:00:00-05:00,26.720685032581066,26.952535686362804,26.285966715059086,26.436670303344727,1285100,0.0,0.0
2001-11-29 00:00:00-05:00,26.581914262513855,27.133888881744003,26.349503196595,26.872426986694336,1658100,0.11,0.0
2001-11-30 00:00:00-05:00,26.959598521019288,27.075801910086664,26.738808092203648,26.988649368286133,1385200,0.0,0.0
2001-12-03 00:00:00-05:00,26.90148389116654,27.42440779936127,26.78527833196363,27.302392959594727,1194100,0.0,0.0
2001-12-04 00:00:00-05:00,27.418610067729876,27.418610067729876,26.78529177937845,27.24430274963379,1483500,0.0,0.0
2001-12-05 00:00:00-05:00,27.33725451799624,27.41859774879844,26.233307188422856,26.72136878967285,1851900,0.0,0.0
2001-12-06 00:00:00-05:00,27.017694869306574,27.046745710824855,26.669080338212957,26.843387603759766,2508500,0.0,0.0
2001-12-07 00:00:00-05:00,26.843385926104705,27.05836479962881,26.151963972421555,26.576114654541016,1024700,0.0,0.0
2001-12-10 00:00:00-05:00,26.576117195016707,26.98864492096524,26.50639251334077,26.703941345214844,1667200,0.0,0.0
2001-12-11 00:00:00-05:00,26.87243080191327,26.87243080191327,26.262354437805786,26.483144760131836,1565100,0.0,0.0
2001-12-12 00:00:00-05:00,26.43667629466628,27.006081364271182,26.407625445322328,26.9596004486084,1883800,0.0,0.0
2001-12-13 00:00:00-05:00,26.814344808052294,27.00608219275464,26.66908834043866,26.698139190673828,976200,0.0,0.0
2001-12-14 00:00:00-05:00,26.55287510558731,26.90148964127459,26.55287510558731,26.75623321533203,1266100,0.0,0.0
2001-12-17 00:00:00-05:00,26.843384804274784,27.25010319242561,26.78528091086072,27.04093360900879,2406700,0.0,0.0
2001-12-18 00:00:00-05:00,27.099038514557524,27.13390085475945,26.52963358988239,26.66908073425293,2686800,0.0,0.0
2001-12-19 00:00:00-05:00,26.448283615448574,26.72717561678173,26.43666283833845,26.558677673339844,2198100,0.0,0.0
2001-12-20 00:00:00-05:00,26.55868443183208,26.785284102051683,26.535442871697462,26.66908073425293,2161200,0.0,0.0
2001-12-21 00:00:00-05:00,26.69814488331663,26.924744666480006,26.674903311597753,26.727195739746094,1742600,0.0,0.0
2001-12-24 00:00:00-05:00,26.72717992942273,27.006071975757315,26.72717992942273,26.837574005126953,448300,0.0,0.0
2001-12-26 00:00:00-05:00,26.901484065661702,27.01768962561837,26.372750873473734,26.820140838623047,1463000,0.0,0.0
2001-12-27 00:00:00-05:00,26.843394834794847,27.06999456269052,26.727189220981295,26.9596004486084,1383800,0.0,0.0
2001-12-28 00:00:00-05:00,27.046757706133388,27.337270683033722,26.959605142926158,27.18620491027832,1430300,0.0,0.0
2001-12-31 00:00:00-05:00,27.279168645941475,27.395374278590772,27.104861305186578,27.116479873657227,927300,0.0,0.0
2002-01-02 00:00:00-05:00,26.81433243927606,27.04674135039082,26.640022985394022,26.86662483215332,1530800,0.0,0.0
2002-01-03 00:00:00-05:00,26.849202845892833,27.081614062507594,26.73299723758545,27.058372497558594,835600,0.0,0.0
2002-01-04 00:00:00-05:00,27.058380503413897,27.598734857947722,27.058380503413897,27.459287643432617,3097300,0.0,0.0
2002-01-07 00:00:00-05:00,27.453468031204515,27.656826167082905,27.19200598761984,27.29659080505371,1989200,0.0,0.0
2002-01-08 00:00:00-05:00,27.250107549990204,27.895044246741353,27.238486769449114,27.685876846313477,2306600,0.0,0.0
2002-01-09 00:00:00-05:00,27.714914260075364,27.889221450855977,27.343058328693743,27.41278076171875,1804900,0.0,0.0
2002-01-10 00:00:00-05:00,27.831135471508563,28.005442760485796,27.749790001310917,27.871807098388672,1559700,0.0,0.0
2002-01-11 00:00:00-05:00,27.569672297311072,27.71492873489813,27.1339029845499,27.15714454650879,1860200,0.0,0.0
2002-01-14 00:00:00-05:00,27.017696689724215,27.743978858802823,27.017696689724215,27.656824111938477,1755800,0.0,0.0
2002-01-15 00:00:00-05:00,27.778854731901053,28.325018391166765,27.67426987129552,28.17976188659668,3083700,0.0,0.0
2002-01-16 00:00:00-05:00,28.034478628077494,28.412146066118325,27.74396589618032,28.115821838378906,2620200,0.0,0.0
2002-01-17 00:00:00-05:00,28.179748232350896,28.325004666538273,27.85437302185375,28.022871017456055,1570000,0.0,0.0
2002-01-18 00:00:00-05:00,28.017067847540197,28.470267311815128,27.94734314808423,28.27271842956543,1966600,0.0,0.0
2002-01-22 00:00:00-05:00,28.38891391475853,28.876975554593006,28.295949898429914,28.383102416992188,1937400,0.0,0.0
2002-01-23 00:00:00-05:00,28.2959568602123,28.447022592749818,27.45346900820732,27.889238357543945,1752400,0.0,0.0
2002-01-24 00:00:00-05:00,28.02287216749324,28.842118401273787,27.97639125919313,28.70848274230957,5849700,0.0,0.0
2002-01-25 00:00:00-05:00,28.964139557226737,29.57421851123945,28.760781383514406,29.051294326782227,4930400,0.0,0.0
2002-01-28 00:00:00-05:00,29.051279554180073,29.74851070676774,29.045470273501397,29.632305145263672,4455100,0.0,0.0
2002-01-29 00:00:00-05:00,29.77756034487587,29.829852734626776,28.96993516039593,29.283689498901367,2305800,0.0,0.0
2002-01-30 00:00:00-05:00,29.341795482630275,29.922821135751665,29.051282656069578,29.318553924560547,2367500,0.0,0.0
2002-01-31 00:00:00-05:00,29.20816737383431,30.77693748474121,29.20816737383431,30.77693748474121,4497700,0.0,0.0
2002-02-01 00:00:00-05:00,30.213322264429895,30.56193663475272,30.05063585380406,30.463163375854492,4949800,0.0,0.0
2002-02-04 00:00:00-05:00,30.56194580428272,31.433484208014395,30.503844130608652,30.968664169311523,4074800,0.0,0.0
2002-02-05 00:00:00-05:00,30.35859386212977,30.968670424684166,30.329543019424747,30.916378021240234,4566800,0.0,0.0
2002-02-06 00:00:00-05:00,30.79436788400587,31.387014475293206,30.79436788400587,31.142982482910156,4581400,0.0,0.0
2002-02-07 00:00:00-05:00,31.096503396611165,31.49741043053479,31.096503396611165,31.35796546936035,2205700,0.0,0.0
2002-02-08 00:00:00-05:00,31.212706835665106,31.7821118564364,31.090689732584618,31.59618377685547,1779500,0.0,0.0
2002-02-11 00:00:00-05:00,31.346338240345975,31.578747199989163,31.201081809405018,31.40443992614746,2089200,0.0,0.0
2002-02-12 00:00:00-05:00,31.113936358838746,31.23014198159272,30.67816693583978,30.79437255859375,1977100,0.0,0.0
2002-02-13 00:00:00-05:00,30.794361128271447,31.03258156909682,30.70720638944679,30.765310287475586,2226100,0.0,0.0
2002-02-14 00:00:00-05:00,30.79436417785061,31.084877047452977,30.713020928991916,31.026775360107422,2078800,0.0,0.0
2002-02-15 00:00:00-05:00,31.026777774612057,32.01451983497637,30.962864583695843,31.880884170532227,3949800,0.0,0.0
2002-02-19 00:00:00-05:00,31.37539138759048,31.607802580740184,31.230134945981263,31.259185791015625,2491700,0.0,0.0
2002-02-20 00:00:00-05:00,31.52064103897833,32.473522736033665,31.381193909840924,32.363128662109375,2884400,0.0,0.0
2002-02-21 00:00:00-05:00,32.246927665669986,33.11265696922396,32.0726203918457,32.0726203918457,4332800,0.0,0.0
2002-02-22 00:00:00-05:00,31.95640934557188,31.95640934557188,31.142972584746218,31.503210067749023,3697700,0.0,0.0
2002-02-25 00:00:00-05:00,31.956411040989696,33.1126530702505,31.491590960044515,32.82794952392578,3227200,0.0,0.0
2002-02-26 00:00:00-05:00,32.53744543821618,32.95578473168184,32.45029067993164,32.45029067993164,1866500,0.0,0.0
2002-02-27 00:00:00-05:00,32.53745149935165,33.59491849576554,32.485159077927314,33.066184997558594,2909200,0.0,0.0
2002-02-28 00:00:00-05:00,33.59010165298084,33.700709505679185,32.804196739400815,32.83912658691406,2262600,0.11,0.0
2002-03-01 00:00:00-05:00,33.269923661225754,33.53188978049213,33.037062421067446,33.223350524902344,2124100,0.0,0.0
2002-03-04 00:00:00-05:00,33.18259811401367,33.39217277320833,33.095274599106155,33.18259811401367,2459800,0.0,0.0
2002-03-05 00:00:00-05:00,32.920641765886835,33.15350307653099,31.52348056421206,31.872770309448242,3727400,0.0,0.0
2002-03-06 00:00:00-05:00,32.01830617239343,33.76475923634216,31.855304597058453,33.50861358642578,3464900,0.0,0.0
2002-03-07 00:00:00-05:00,33.29903856164082,33.50861328273205,32.56552703782153,32.8449592590332,2292300,0.0,0.0
2002-03-08 00:00:00-05:00,33.170957340152384,33.24081482492584,32.08815633288148,33.03124237060547,2255900,0.0,0.0
2002-03-11 00:00:00-05:00,32.62956357525951,33.99761977737812,32.54224225644121,33.61922073364258,3291200,0.0,0.0
2002-03-12 00:00:00-05:00,33.21170329790528,33.75892648109176,32.89152079624692,33.24081039428711,2372500,0.0,0.0
2002-03-13 00:00:00-05:00,33.13602199629865,33.462027239100166,32.990484298379435,33.17095184326172,1792800,0.0,0.0
2002-03-14 00:00:00-05:00,33.24081425478469,33.619213213882034,33.01377576761803,33.363067626953125,1337100,0.0,0.0
2002-03-15 00:00:00-05:00,33.473669120386,33.99760569925753,33.38052508644539,33.654136657714844,2671500,0.0,0.0
2002-03-18 00:00:00-05:00,33.44458084360631,34.17226971217594,33.2408266279687,33.6716194152832,1940100,0.0,0.0
2002-03-19 00:00:00-05:00,33.53187140052906,34.25955960124131,33.53187140052906,34.003414154052734,2267100,0.0,0.0
2002-03-20 00:00:00-05:00,33.91028366519578,34.160608683644384,33.64831536440897,33.78803253173828,1738900,0.0,0.0
2002-03-21 00:00:00-05:00,33.881183380082405,33.93939758274583,33.34560338851507,33.56100082397461,1652800,0.0,0.0
2002-03-22 00:00:00-05:00,32.920635593044835,33.32814169989692,32.30937754313151,32.74599075317383,3019400,0.0,0.0
2002-03-25 00:00:00-05:00,32.89153076623147,32.943924443891824,32.425810420767064,32.62956237792969,2029600,0.0,0.0
2002-03-26 00:00:00-05:00,32.71688679529502,33.537719620257995,32.582992331164014,33.31650161743164,2133500,0.0,0.0
2002-03-27 00:00:00-05:00,33.56100580088714,34.905773180107396,33.56100580088714,33.852081298828125,3900700,0.0,0.0
2002-03-28 00:00:00-05:00,33.99761969046909,34.05583390286581,33.462039609353894,33.52025604248047,2091200,0.0,0.0
2002-04-01 00:00:00-05:00,33.66578667053895,34.61469101205093,33.386352292119284,34.399295806884766,2062900,0.0,0.0
2002-04-02 00:00:00-05:00,34.346895917173086,34.83008212907645,34.13150075102205,34.29450225830078,2569100,0.0,0.0
2002-04-03 00:00:00-05:00,34.14899878025279,34.66711313672378,33.83463651203515,34.07331848144531,1626700,0.0,0.0
2002-04-04 00:00:00-05:00,34.07327986842626,34.59139363775281,33.997601876110906,34.40510559082031,1467700,0.0,0.0
2002-04-05 00:00:00-05:00,34.23047151763562,34.56812009613391,33.98596921243014,34.399295806884766,1032000,0.0,0.0
2002-04-08 00:00:00-04:00,34.34689772434578,34.99890600849531,34.288683531748696,34.98726272583008,1579900,0.0,0.0
2002-04-09 00:00:00-04:00,34.812620494881585,34.987265306282694,34.393473391664784,34.696189880371094,2284500,0.0,0.0
2002-04-10 00:00:00-04:00,34.929060255591594,36.15157647624537,34.89995314952457,35.5286750793457,3884500,0.0,0.0
2002-04-11 00:00:00-04:00,35.773176058021434,36.046785492408965,34.9057701717926,35.132808685302734,3451700,0.0,0.0
2002-04-12 00:00:00-04:00,35.13280811736897,36.06425094788555,34.96980656583864,35.82556915283203,1850500,0.0,0.0
2002-04-15 00:00:00-04:00,35.714967170507904,35.982758349820195,34.66709569116835,35.05131530761719,2071200,0.0,0.0
2002-04-16 00:00:00-04:00,35.19101492473661,36.00602468035261,35.132798514581125,35.80227279663086,2157900,0.0,0.0
2002-04-17 00:00:00-04:00,35.80227722435321,35.80227722435321,34.678725907784276,34.975624084472656,2184100,0.0,0.0
2002-04-18 00:00:00-04:00,34.97563600750791,35.33656903523356,34.742774700164254,34.89995574951172,2844400,0.0,0.0
2002-04-19 00:00:00-04:00,35.39477972411885,35.482103260852206,34.608876776437775,34.84173583984375,1791700,0.0,0.0
2002-04-22 00:00:00-04:00,34.696195493256084,34.85919926823198,33.840435112733516,34.41676330566406,3186200,0.0,0.0
2002-04-23 00:00:00-04:00,34.655448746866824,36.23890019703341,34.34690942369431,36.20979309082031,4235600,0.0,0.0
2002-04-24 00:00:00-04:00,35.947833421055144,36.209801882034824,35.365682272536034,35.581077575683594,3781200,0.0,0.0
2002-04-25 00:00:00-04:00,35.51120037186919,36.628928891394416,34.98726374038601,36.547428131103516,3034600,0.0,0.0
2002-04-26 00:00:00-04:00,36.500853331574575,36.7046052105972,35.452982400961645,35.81391525268555,2167300,0.0,0.0
2002-04-29 00:00:00-04:00,35.77318759988978,36.2563718859443,35.4238955873304,35.83140182495117,2195200,0.0,0.0
2002-04-30 00:00:00-04:00,35.33656550523145,36.95494454533626,35.220134863190644,36.6172981262207,3495700,0.0,0.0
2002-05-01 00:00:00-04:00,36.35532121049095,36.704610833965575,36.09335288252036,36.64639663696289,2970700,0.0,0.0
2002-05-02 00:00:00-04:00,36.58819566058861,36.63476881442949,35.94783034038795,36.26801300048828,2105700,0.0,0.0
2002-05-03 00:00:00-04:00,36.471771159751746,36.675523178004035,35.959477515778275,36.588199615478516,2191000,0.0,0.0
2002-05-06 00:00:00-04:00,36.58817883836184,36.79193296163991,35.58105816726604,35.75570297241211,1546600,0.0,0.0
2002-05-07 00:00:00-04:00,35.52866561931034,36.19813998424362,35.42387828878636,35.94781494140625,2299600,0.0,0.0
2002-05-08 00:00:00-04:00,35.7149480435932,36.84432193312142,35.69166370107373,36.384422302246094,1858400,0.0,0.0
2002-05-09 00:00:00-04:00,36.29710962100611,36.84433291683181,36.151571888410686,36.238895416259766,2692900,0.0,0.0
2002-05-10 00:00:00-04:00,36.442636922761736,36.44845967400749,35.65673427998426,35.81391525268555,1623100,0.0,0.0
2002-05-13 00:00:00-04:00,35.9478230211665,36.87344316835447,35.918715916307455,36.11082458496094,1055100,0.0,0.0
2002-05-14 00:00:00-04:00,36.145748860884936,36.41353773739845,35.51120430174588,36.03514099121094,1985300,0.0,0.0
2002-05-15 00:00:00-04:00,35.59854119379806,35.89543728218465,34.87085230774929,35.377323150634766,2703400,0.0,0.0
2002-05-16 00:00:00-04:00,35.13281668136276,35.83139841935445,35.01638824230592,35.65675354003906,1908300,0.0,0.0
2002-05-17 00:00:00-04:00,36.064242687311435,36.19231435386613,35.43551875416828,35.918704986572266,1844200,0.0,0.0
2002-05-20 00:00:00-04:00,35.80227702887643,36.12245955002948,35.24341274969338,35.4879150390625,1550400,0.0,0.0
2002-05-21 00:00:00-04:00,35.487925330008665,36.38443842579544,35.487925330008665,36.13411331176758,2172700,0.0,0.0
2002-05-22 00:00:00-04:00,36.209791989442785,36.69297615592691,36.01186056419236,36.6172981262207,2218500,0.0,0.0
2002-05-23 00:00:00-04:00,36.67550709226463,36.96658254537784,36.28546705104307,36.72208023071289,2202400,0.0,0.0
2002-05-24 00:00:00-04:00,36.35531412532673,36.66967605762652,35.959451444814896,36.3145637512207,1154000,0.0,0.0
2002-05-28 00:00:00-04:00,36.326204444487864,36.780281278307136,36.04677015519896,36.48338317871094,1136800,0.0,0.0
2002-05-29 00:00:00-04:00,36.09336770379716,36.67551879579389,36.08754716999847,36.442657470703125,1138900,0.0,0.0
2002-05-30 00:00:00-04:00,36.15690380461983,37.002509257881556,36.07525953906783,36.82172393798828,1553600,0.11,0.0
2002-05-31 00:00:00-04:00,36.69340876437913,36.84503567064031,36.051916475349785,36.1860466003418,2402900,0.0,0.0
2002-06-03 00:00:00-04:00,36.33182317226297,36.85084886799515,36.33182317226297,36.635074615478516,1999800,0.0,0.0
2002-06-04 00:00:00-04:00,36.489298188225725,36.681747209717585,36.12772992848038,36.1860466003418,2896600,0.0,0.0
2002-06-05 00:00:00-04:00,36.36101009641282,37.25910135877614,36.01110550765161,37.20661544799805,2434500,0.0,0.0
2002-06-06 00:00:00-04:00,37.264931771258205,37.527359082261135,36.90919420345908,37.0899772644043,2936900,0.0,0.0
2002-06-07 00:00:00-04:00,36.97334671020508,37.457383693345584,36.68175880941368,36.97334671020508,2111500,0.0,0.0
2002-06-10 00:00:00-04:00,36.9150163880952,37.78394904278451,36.7692224827515,37.264923095703125,1564700,0.0,0.0
2002-06-11 00:00:00-04:00,37.01999282836914,37.45154382123887,36.92668480621335,37.01999282836914,1529200,0.0,0.0
2002-06-12 00:00:00-04:00,37.23576834490028,38.39045821307289,37.04915229491333,38.20384216308594,3045300,0.0,0.0
2002-06-13 00:00:00-04:00,38.12802539392033,38.57707317133184,37.97056991371884,38.40211868286133,2241500,0.0,0.0
2002-06-14 00:00:00-04:00,38.27382071985676,38.46626977436824,37.743133130804715,38.06387710571289,2493000,0.0,0.0
2002-06-17 00:00:00-04:00,38.05804444101444,38.95613548244584,38.05804444101444,38.93280792236328,2089700,0.0,0.0
2002-06-18 00:00:00-04:00,38.93280452121674,39.97668938501312,38.781177618564705,39.801734924316406,4396900,0.0,0.0
2002-06-19 00:00:00-04:00,40.00585802674792,40.5773722546675,39.65595344502976,39.772586822509766,4166100,0.0,0.0
2002-06-20 00:00:00-04:00,40.05832996620531,40.89809973296859,39.959186741223256,40.822288513183594,3965400,0.0,0.0
2002-06-21 00:00:00-04:00,40.82228683183431,41.137202149878746,40.530699068749776,41.032230377197266,3459700,0.0,0.0
2002-06-24 00:00:00-04:00,40.880593580491556,41.143025173190075,40.28575664573674,40.53068923950195,4094800,0.0,0.0
2002-06-25 00:00:00-04:00,40.309113397391606,40.414085220663914,38.728707493715085,39.568477630615234,5869400,0.0,0.0
2002-06-26 00:00:00-04:00,39.13692631807015,40.005856970403286,38.641227802951704,39.947540283203125,3084200,0.0,0.0
2002-06-27 00:00:00-04:00,40.16913512954916,41.7087184113916,40.00584666772904,41.65623474121094,4159000,0.0,0.0
2002-06-28 00:00:00-04:00,41.405452316613506,41.697040008984025,40.53068923950195,40.53068923950195,3805100,0.0,0.0
2002-07-01 00:00:00-04:00,40.53069567943678,40.79895586512859,39.947520202034816,39.976680755615234,2880500,0.0,0.0
2002-07-02 00:00:00-04:00,39.86005926355668,40.116658002139,39.265221991443944,39.510154724121094,3548900,0.0,0.0
2002-07-03 00:00:00-04:00,39.393509794154596,40.472383661171605,39.1893947942442,40.39073944091797,2363000,0.0,0.0
2002-07-05 00:00:00-04:00,40.39074842564236,40.67650326009485,39.95336667015747,40.06416702270508,1222300,0.0,0.0
2002-07-08 00:00:00-04:00,39.947540283203125,40.647349428161164,39.76092421459578,39.947540283203125,1787000,0.0,0.0
2002-07-09 00:00:00-04:00,39.80175038708202,40.50155960318746,39.80175038708202,40.233299255371094,2595200,0.0,0.0
2002-07-10 00:00:00-04:00,40.53073300059804,40.53073300059804,37.90644093581112,38.7462158203125,3634200,0.0,0.0
2002-07-11 00:00:00-04:00,37.993898850980756,38.48959732055664,36.44848231113318,38.48959732055664,5109400,0.0,0.0
2002-07-12 00:00:00-04:00,37.90642091649039,37.90642091649039,34.99054238445267,36.267696380615234,6649700,0.0,0.0
2002-07-15 00:00:00-04:00,35.28213651195675,35.28796729121667,32.337099115803895,34.14494323730469,8285100,0.0,0.0
2002-07-16 00:00:00-04:00,33.54425661671748,34.79808266635719,33.538423615643765,33.824180603027344,5797200,0.0,0.0
2002-07-17 00:00:00-04:00,35.2821312268575,36.27353040047383,33.94082750944193,34.990543365478516,6737500,0.0,0.0
2002-07-18 00:00:00-04:00,34.932229033181954,36.08108377155187,34.58232224120331,35.340450286865234,5197000,0.0,0.0
2002-07-19 00:00:00-04:00,35.25297164539057,35.25880242357193,32.29627101300028,32.716156005859375,5817100,0.0,0.0
2002-07-22 00:00:00-04:00,32.71614836740301,33.124371708588775,30.50008166121512,31.462322235107422,5830700,0.0,0.0
2002-07-23 00:00:00-04:00,31.374848627734178,32.01634315917021,30.79750599654409,31.549800872802734,4204700,0.0,0.0
2002-07-24 00:00:00-04:00,31.08325517819923,34.24989847124681,30.517576429143883,33.824180603027344,5048200,0.0,0.0
2002-07-25 00:00:00-04:00,33.93498847945217,35.28212496063725,33.68422278523194,35.22380828857422,4975300,0.0,0.0
2002-07-26 00:00:00-04:00,35.22379937282134,35.22379937282134,33.859168680356674,35.060508728027344,3020400,0.0,0.0
2002-07-29 00:00:00-04:00,35.19465863413451,36.62343978881836,35.19465863413451,36.62343978881836,3142300,0.0,0.0
2002-07-30 00:00:00-04:00,36.59428534540252,37.11914451112858,36.04026783150042,36.83921813964844,2232100,0.0,0.0
2002-07-31 00:00:00-04:00,36.740072326326256,37.445714451378855,36.133569011152915,37.38739776611328,2302700,0.0,0.0
2002-08-01 00:00:00-04:00,37.23576127156167,37.58566574265934,36.885856800464,36.95583724975586,2144900,0.0,0.0
2002-08-02 00:00:00-04:00,36.85672125255211,37.294103224161574,35.54457533772372,36.02861022949219,2450400,0.0,0.0
2002-08-05 00:00:00-04:00,35.661193689013736,36.12773378765635,34.45402021049656,34.728111267089844,2988900,0.0,0.0
2002-08-06 00:00:00-04:00,35.51540710379105,37.32325119362669,35.46875197197223,36.62343978881836,3195200,0.0,0.0
2002-08-07 00:00:00-04:00,36.97334582939524,37.76063225292098,36.04026323430796,37.7373046875,2325300,0.0,0.0
2002-08-08 00:00:00-04:00,37.90642395034305,38.880326390163624,37.66731975592595,38.69371032714844,3353000,0.0,0.0
2002-08-09 00:00:00-04:00,38.12803680877294,38.93282235754276,37.98224284115856,38.2563362121582,2002500,0.0,0.0
2002-08-12 00:00:00-04:00,38.110521530117694,38.57123075128072,37.38738508959884,38.16300964355469,1452700,0.0,0.0
2002-08-13 00:00:00-04:00,38.08136945916604,38.11052557036521,36.734232986940285,36.845035552978516,2836900,0.0,0.0
2002-08-14 00:00:00-04:00,36.845038324943744,37.23576494876761,36.34350690210704,37.17744827270508,2810900,0.0,0.0
2002-08-15 00:00:00-04:00,37.294083849468734,37.719801813713275,36.68174985225778,37.3232421875,2864800,0.0,0.0
2002-08-16 00:00:00-04:00,37.3232323350123,38.501244897904684,36.973327921726764,38.15134048461914,2448900,0.0,0.0
2002-08-19 00:00:00-04:00,37.90642102176939,38.4312800488494,37.08997414067577,37.34657287597656,2590800,0.0,0.0
2002-08-20 00:00:00-04:00,37.346576745307864,37.346576745307864,36.88586735432077,37.054988861083984,1518400,0.0,0.0
2002-08-21 00:00:00-04:00,37.200766948368894,37.8947472408189,36.85669330264205,37.00248718261719,1610600,0.0,0.0
2002-08-22 00:00:00-04:00,37.089982209734345,37.294095086732625,35.98194945820939,36.25020980834961,2650600,0.0,0.0
2002-08-23 00:00:00-04:00,35.719525481296486,36.00528266398828,34.6989676104023,34.821434020996094,3473500,0.0,0.0
2002-08-26 00:00:00-04:00,35.01969669878098,35.806985146703255,34.6989505420594,35.5445556640625,2334100,0.0,0.0
2002-08-27 00:00:00-04:00,36.50681108517882,36.6526050627149,36.15690642894805,36.28520584106445,2140500,0.0,0.0
2002-08-28 00:00:00-04:00,36.279374463740375,36.50681272295773,35.696198527433445,36.15107727050781,2590300,0.0,0.0
2002-08-29 00:00:00-04:00,35.432457181109584,36.81119557032292,35.35066563257878,36.513248443603516,1850900,0.11,0.0
2002-08-30 00:00:00-04:00,36.419793253268836,37.52979523680343,36.19195082296516,36.9923210144043,2075800,0.0,0.0
2002-09-03 00:00:00-04:00,36.74696318959497,37.31364773820877,36.22117110470219,36.443172454833984,2840300,0.0,0.0
2002-09-04 00:00:00-04:00,36.659327852928335,37.44801369617548,36.4548544057438,37.401275634765625,2464300,0.0,0.0
2002-09-05 00:00:00-04:00,36.7761739416197,38.09064971724812,36.68854118323412,37.301963806152344,2168600,0.0,0.0
2002-09-06 00:00:00-04:00,37.886183371245735,38.260079050570724,37.67586649447692,37.78102493286133,1513300,0.0,0.0
2002-09-09 00:00:00-04:00,37.74012939321155,39.136397014659906,37.506443484531545,38.86181640625,3198000,0.0,0.0
2002-09-10 00:00:00-04:00,39.14222601248738,39.20064635390457,38.2074871782533,38.41196060180664,2587200,0.0,0.0
2002-09-11 00:00:00-04:00,38.2366946548004,38.52880081551602,38.11985397338867,38.11985397338867,1370500,0.0,0.0
2002-09-12 00:00:00-04:00,38.14907628232463,38.98450029727695,38.14323290958022,38.54634094238281,2434500,0.0,0.0
2002-09-13 00:00:00-04:00,38.371075221788274,38.90854962465801,38.15491500322249,38.40028762817383,1535700,0.0,0.0
2002-09-16 00:00:00-04:00,38.32432786108769,39.270753437917,38.32432786108769,38.41196060180664,2032800,0.0,0.0
2002-09-17 00:00:00-04:00,37.38959334800659,38.08480752562088,36.8871703308178,37.401275634765625,3990100,0.0,0.0
2002-09-18 00:00:00-04:00,37.40128768266299,38.616450927632755,37.10918361913104,38.08481979370117,2737200,0.0,0.0
2002-09-19 00:00:00-04:00,37.745962698769446,38.29512376911291,37.535645882773515,37.640804290771484,1765600,0.0,0.0
2002-09-20 00:00:00-04:00,38.03221529843432,38.674847860282284,37.740109183304746,38.1081657409668,3426500,0.0,0.0
2002-09-23 00:00:00-04:00,37.962114750791365,38.73327475844285,37.95627138015858,38.38274383544922,2157800,0.0,0.0
2002-09-24 00:00:00-04:00,38.47037656619763,38.84427205735072,38.207482831138236,38.38274383544922,3119400,0.0,0.0
2002-09-25 00:00:00-04:00,38.58723442722659,38.78586452243345,37.06828070740099,37.3311767578125,4036300,0.0,0.0
2002-09-26 00:00:00-04:00,37.623270870899546,38.26590347290039,37.23769086398045,38.26590347290039,2808000,0.0,0.0
2002-09-27 00:00:00-04:00,38.32432436401076,38.58137919141387,37.862796131712415,38.29511642456055,2289600,0.0,0.0
2002-09-30 00:00:00-04:00,37.956290482564704,38.32434278831609,37.38960359000362,37.78102493286133,2521000,0.0,0.0
2002-10-01 00:00:00-04:00,37.91538445805197,38.295123397537076,37.401274709633945,37.856964111328125,2295300,0.0,0.0
2002-10-02 00:00:00-04:00,37.79854941692531,37.97381496115969,36.91638946533203,36.91638946533203,2600100,0.0,0.0
2002-10-03 00:00:00-04:00,37.050748528454434,37.43633084347645,35.54932287155867,36.11016845703125,3821200,0.0,0.0
2002-10-04 00:00:00-04:00,36.11017195775425,36.36138348690483,35.3448528539939,35.636959075927734,2589400,0.0,0.0
2002-10-07 00:00:00-04:00,35.69538012722705,36.79370016719218,35.69538012722705,35.894012451171875,2358000,0.0,0.0
2002-10-08 00:00:00-04:00,35.90569148603821,36.040060062811484,33.08978805969272,33.9427375793457,5232900,0.0,0.0
2002-10-09 00:00:00-04:00,33.79668571410866,34.86579545260012,33.15405297951144,33.890159606933594,3976400,0.0,0.0
2002-10-10 00:00:00-04:00,34.46269515433933,35.876488285334695,33.88432381891793,35.566856384277344,2265600,0.0,0.0
2002-10-11 00:00:00-04:00,36.83459642080527,36.928070328467925,35.94659318371317,36.48406982421875,2723500,0.0,0.0
2002-10-14 00:00:00-04:00,36.48405663246586,36.65347872528104,34.661314977806526,35.11115646362305,2907500,0.0,0.0
2002-10-15 00:00:00-04:00,35.25721959638033,36.19780197425417,33.88432126418277,34.42763900756836,4946300,0.0,0.0
2002-10-16 00:00:00-04:00,34.427630731332634,35.14037044456242,34.29326217087986,34.7606315612793,2395600,0.0,0.0
2002-10-17 00:00:00-04:00,35.72458839866353,35.75379857232933,32.27773441985684,34.0595817565918,5898800,0.0,0.0
2002-10-18 00:00:00-04:00,33.27089272574928,35.01184520624595,33.27089272574928,34.690528869628906,3105500,0.0,0.0
2002-10-21 00:00:00-04:00,34.29327155208668,34.78985124736835,34.0887958556932,34.55616760253906,2799200,0.0,0.0
2002-10-22 00:00:00-04:00,33.92521441962648,34.49774231313818,33.82589937980002,34.17642593383789,1839500,0.0,0.0
2002-10-23 00:00:00-04:00,34.234832703865415,35.22215270996094,34.11214868147485,35.22215270996094,2261200,0.0,0.0
2002-10-24 00:00:00-04:00,35.198784299196205,35.40325767339763,34.32830715918304,34.526939392089844,3172900,0.0,0.0
2002-10-25 00:00:00-04:00,34.03037354123871,34.08879389193218,32.07326282129157,33.08395004272461,7503400,0.0,0.0
2002-10-28 00:00:00-05:00,33.241685425953136,33.25336771243051,31.98562791326431,32.39457702636719,4068400,0.0,0.0
2002-10-29 00:00:00-05:00,32.07325797686903,33.767472405610235,32.055730091433624,33.55715560913086,3808800,0.0,0.0
2002-10-30 00:00:00-05:00,34.03037304168052,34.474373494776245,33.53379338229511,34.322479248046875,2779800,0.0,0.0
2002-10-31 00:00:00-05:00,34.322480712060994,34.497743997637905,33.714899242040346,33.82590103149414,2389000,0.0,0.0
2002-11-01 00:00:00-05:00,33.82004866478749,33.8258920356224,32.803520541627165,32.937889099121094,2600700,0.0,0.0
2002-11-04 00:00:00-05:00,33.00800408627519,33.0605832969723,29.14635935783686,29.34499168395996,11956900,0.0,0.0
2002-11-05 00:00:00-05:00,28.41607216206255,31.407237066334403,28.34012397581537,31.342975616455078,8693100,0.0,0.0
2002-11-06 00:00:00-05:00,31.985631278240128,32.5756848655315,31.109312613082864,32.102474212646484,6180000,0.0,0.0
2002-11-07 00:00:00-05:00,32.13167778719215,32.36536360799081,31.86878179594195,32.07325744628906,3314600,0.0,0.0
2002-11-08 00:00:00-05:00,32.51141714527884,33.183259989469164,32.219310979476134,32.96710205078125,4514000,0.0,0.0
2002-11-11 00:00:00-05:00,32.96710866073521,33.300109578230014,31.629261618256123,31.897998809814453,2533200,0.0,0.0
2002-11-12 00:00:00-05:00,31.897996130118567,32.42378818125192,31.588364271447507,31.857101440429688,2125300,0.0,0.0
2002-11-13 00:00:00-05:00,33.88432745625335,33.88432745625335,30.460841601512026,31.097633361816406,4050000,0.0,0.0
2002-11-14 00:00:00-05:00,31.109310688792565,31.453996098244055,29.461831878490464,29.520252227783203,4763400,0.0,0.0
2002-11-15 00:00:00-05:00,29.56112256156529,30.086914186355735,29.286544471811734,29.415069580078125,5100600,0.0,0.0
2002-11-18 00:00:00-05:00,29.415090683737894,29.420934055200984,28.42193147996307,28.801668167114258,6733300,0.0,0.0
2002-11-19 00:00:00-05:00,28.918500946789255,30.361505646576607,28.918500946789255,29.940872192382812,4879000,0.0,0.0
2002-11-20 00:00:00-05:00,29.824039313849877,30.478356506312277,29.584512345179245,30.40241050720215,3533600,0.0,0.0
2002-11-21 00:00:00-05:00,30.408253587426877,30.86978189724,30.174569975240747,30.437463760375977,5209900,0.0,0.0
2002-11-22 00:00:00-05:00,30.61273373863728,30.957419178541485,30.273889442741023,30.285573959350586,2189300,0.0,0.0
2002-11-25 00:00:00-05:00,30.29141991353277,30.33231461386334,29.549471934053038,29.929208755493164,2657500,0.0,0.0
2002-11-26 00:00:00-05:00,29.561146994430068,30.092780197304894,29.531936819708182,30.063570022583008,2899900,0.0,0.0
2002-11-27 00:00:00-05:00,30.473389290607322,31.480387706497524,30.26847786103296,31.140817642211914,3809100,0.11,0.0
2002-11-29 00:00:00-05:00,31.14082242737681,31.14082242737681,30.38557573277343,30.561214447021484,1191100,0.0,0.0
2002-12-02 00:00:00-05:00,30.649039213953394,30.91249845811093,29.917209220942397,30.690021514892578,2522100,0.0,0.0
2002-12-03 00:00:00-05:00,30.29776063864608,30.73685861891631,29.753278964441567,29.81768035888672,1980600,0.0,0.0
2002-12-04 00:00:00-05:00,29.917198126569442,30.444116419484267,29.82352401153648,30.29189682006836,3203700,0.0,0.0
2002-12-05 00:00:00-05:00,30.315318947977516,30.520232645702304,29.589344988510874,29.858657836914062,1766700,0.0,0.0
2002-12-06 00:00:00-05:00,29.800098206825652,30.742692729122066,29.536639139502753,30.584619522094727,2630600,0.0,0.0
2002-12-09 00:00:00-05:00,30.414851194606033,30.736855905032854,30.07528104782921,30.151391983032227,1958800,0.0,0.0
2002-12-10 00:00:00-05:00,30.180669110340983,30.608057567392514,29.800118845860112,30.209941864013672,2117500,0.0,0.0
2002-12-11 00:00:00-05:00,30.20993396928324,30.73685233116443,29.946477021710006,30.449974060058594,1671900,0.0,0.0
2002-12-12 00:00:00-05:00,30.449978034625445,30.449978034625445,29.68887537184888,30.06357192993164,1610100,0.0,0.0
2002-12-13 00:00:00-05:00,29.788396856790346,29.96988919378272,28.9453276095643,29.097549438476562,2433200,0.0,0.0
2002-12-16 00:00:00-05:00,28.992170702207744,29.519086837768555,28.804822445114915,29.519086837768555,2632200,0.0,0.0
2002-12-17 00:00:00-05:00,29.946480515701055,30.397285770459003,29.40199888935248,29.624473571777344,2458600,0.0,0.0
2002-12-18 00:00:00-05:00,29.82351124906659,30.836362882354877,29.571761753891145,30.754398345947266,2848600,0.0,0.0
2002-12-19 00:00:00-05:00,31.02959242663856,31.99560893326788,31.02373876923996,31.790695190429688,4248600,0.0,0.0
2002-12-20 00:00:00-05:00,32.21806545481689,32.49323409789078,31.814096321395656,31.978025436401367,2845100,0.0,0.0
2002-12-23 00:00:00-05:00,32.903066065806605,33.49438352218777,32.50495050242174,33.465110778808594,3801100,0.0,0.0
2002-12-24 00:00:00-05:00,33.078716955705154,33.66418097262029,33.078716955705154,33.277774810791016,1160300,0.0,0.0
2002-12-26 00:00:00-05:00,33.60562867785806,33.66417417437953,33.15482120786661,33.312896728515625,1251700,0.0,0.0
2002-12-27 00:00:00-05:00,33.89837378945425,34.13255809983809,33.51782121419895,33.781280517578125,2102700,0.0,0.0
2002-12-30 00:00:00-05:00,33.98616973982114,34.0212983683154,33.04942864697685,33.37143325805664,2832100,0.0,0.0
2002-12-31 00:00:00-05:00,33.400714080803425,33.86323108441384,32.93234342104429,33.81053924560547,1706500,0.0,0.0
2003-01-02 00:00:00-05:00,33.99790559850007,34.513114715042,33.699319841964844,34.454566955566406,2066400,0.0,0.0
2003-01-03 00:00:00-05:00,34.10326486695602,34.472107670259,34.10326486695602,34.37257766723633,1404100,0.0,0.0
2003-01-06 00:00:00-05:00,34.114977377212135,34.36087111188656,34.01544736553397,34.2496337890625,2046200,0.0,0.0
2003-01-07 00:00:00-05:00,33.92764323487946,33.98618874841434,32.59863953065048,32.785987854003906,3172300,0.0,0.0
2003-01-08 00:00:00-05:00,32.72743320311007,33.21922297294926,32.288335274088205,32.46397399902344,2449700,0.0,0.0
2003-01-09 00:00:00-05:00,32.744994998369805,32.744994998369805,31.439410813523338,32.30004119873047,3670000,0.0,0.0
2003-01-10 00:00:00-05:00,32.405422750559694,33.62904226926683,32.31760451430934,33.36558532714844,3022500,0.0,0.0
2003-01-13 00:00:00-05:00,33.371437490695335,33.371437490695335,32.19465620396818,32.358585357666016,2098300,0.0,0.0
2003-01-14 00:00:00-05:00,32.364425760154106,32.78010659638967,31.907764885642315,32.200496673583984,1861800,0.0,0.0
2003-01-15 00:00:00-05:00,32.20051630297404,32.20051630297404,31.26377490387095,31.49795913696289,2522900,0.0,0.0
2003-01-16 00:00:00-05:00,31.702861999687034,32.042429803094834,31.36329196291234,31.46867561340332,2823700,0.0,0.0
2003-01-17 00:00:00-05:00,31.509658896386448,31.509658896386448,30.736846923828125,30.736846923828125,2360700,0.0,0.0
2003-01-21 00:00:00-05:00,30.824669347020578,31.017871235806666,29.91719868847135,30.04014778137207,2848900,0.0,0.0
2003-01-22 00:00:00-05:00,30.040152443464454,30.85394687815136,29.361014432979147,29.858657836914062,5146500,0.0,0.0
2003-01-23 00:00:00-05:00,29.975755199284446,30.883223890629388,29.88793471193555,30.608055114746094,3246600,0.0,0.0
2003-01-24 00:00:00-05:00,30.432407690998065,31.23449246203528,29.800107955932614,29.800107955932617,4508200,0.0,0.0
2003-01-27 00:00:00-05:00,29.946480087271606,30.239212044201466,29.595200398935223,29.706439971923828,2566700,0.0,0.0
2003-01-28 00:00:00-05:00,29.917211532592773,29.969903385495687,29.33760338402878,29.917211532592773,2063300,0.0,0.0
2003-01-29 00:00:00-05:00,29.72401645229173,30.209950556509465,29.560087197861925,29.565940856933594,2887200,0.0,0.0
2003-01-30 00:00:00-05:00,29.846950853163417,29.846950853163417,29.009737255442033,29.06828498840332,2855100,0.0,0.0
2003-01-31 00:00:00-05:00,28.992174616335383,30.444124921511015,28.992174616335383,29.8879337310791,3364600,0.0,0.0
2003-02-03 00:00:00-05:00,29.214643045097862,29.560066759072487,28.916055271418468,29.009729385375977,3991100,0.0,0.0
2003-02-04 00:00:00-05:00,29.361012388554222,30.25677134661182,28.980460000254464,30.01673126220703,2667700,0.0,0.0
2003-02-05 00:00:00-05:00,30.432410834914894,30.43826672413523,29.565924599796237,29.60690689086914,2251900,0.0,0.0
2003-02-06 00:00:00-05:00,29.65959899778508,29.887929545380697,29.173665156327008,29.361013412475586,1516800,0.0,0.0
2003-02-07 00:00:00-05:00,29.50737845717001,29.56592394787829,29.191227447263753,29.331737518310547,1319400,0.0,0.0
2003-02-10 00:00:00-05:00,29.419549677036496,29.554206054320424,29.033143740762327,29.355148315429688,1411700,0.0,0.0
2003-02-11 00:00:00-05:00,29.530805035945157,29.536660926964327,28.43598791900588,28.57064437866211,2706900,0.0,0.0
2003-02-12 00:00:00-05:00,28.5999115164104,28.676022451134468,27.38214772766339,27.955902099609375,3845900,0.0,0.0
2003-02-13 00:00:00-05:00,28.032007294353985,28.09640866952045,27.42897806327749,27.961750030517578,2545600,0.0,0.0
2003-02-14 00:00:00-05:00,28.04957359411594,28.30132323393924,27.399708348682182,27.750988006591797,2798400,0.0,0.0
2003-02-18 00:00:00-05:00,27.75099130859399,27.92663004176379,26.685447129547168,27.39971160888672,5418600,0.0,0.0
2003-02-19 00:00:00-05:00,27.452392504313096,27.926618904783613,27.177223850949947,27.91490936279297,2165400,0.0,0.0
2003-02-20 00:00:00-05:00,27.669022889869797,27.780262460058385,26.75570063659319,26.849374771118164,3720500,0.0,0.0
2003-02-21 00:00:00-05:00,26.521516597414042,26.78497582267124,26.25805737215684,26.67959213256836,5238100,0.0,0.0
2003-02-24 00:00:00-05:00,26.345868032022906,26.492233965534144,25.959462056887915,26.082408905029297,3543100,0.0,0.0
2003-02-25 00:00:00-05:00,26.111688066603232,26.77326287411526,26.111688066603232,26.585914611816406,5547600,0.0,0.0
2003-02-26 00:00:00-05:00,26.814237856376476,26.966459673847783,26.38684960994324,26.872785568237305,5106700,0.0,0.0
2003-02-27 00:00:00-05:00,26.990165946336997,27.14275123852749,26.467849501427853,26.88452911376953,2429100,0.11,0.0
2003-02-28 00:00:00-05:00,26.73193980009537,27.0781933418121,26.585222235617643,26.831708908081055,2651300,0.0,0.0
2003-03-03 00:00:00-05:00,27.224917495403012,27.359897418743166,26.819977725382554,26.866926193237305,2123500,0.0,0.0
2003-03-04 00:00:00-05:00,26.87279487826555,27.26012923433843,26.356348323924117,27.042987823486328,2535100,0.0,0.0
2003-03-05 00:00:00-05:00,25.945533179278677,26.937345333194056,24.977198611358887,26.456111907958984,4945000,0.0,0.0
2003-03-06 00:00:00-05:00,26.461977815808254,26.526533897001375,25.87510760675394,26.15680503845215,5266300,0.0,0.0
2003-03-07 00:00:00-05:00,26.156801880417554,26.156801880417554,25.235415942544144,25.564064025878906,5048900,0.0,0.0
2003-03-10 00:00:00-05:00,25.569943211136067,25.587548606784384,24.7659313880244,24.836355209350586,4096200,0.0,0.0
2003-03-11 00:00:00-05:00,24.94199524799844,25.04763211285333,24.096902567892567,24.137983322143555,4050600,0.0,0.0
2003-03-12 00:00:00-05:00,24.243622738283992,24.707248762011154,23.85041831355999,24.355127334594727,5141100,0.0,0.0
2003-03-13 00:00:00-05:00,24.853949165784297,25.388000895733537,24.57225177139994,25.358657836914062,3707200,0.0,0.0
2003-03-14 00:00:00-05:00,26.010091496039774,26.990166060394614,25.916192337664388,26.520668029785156,4111600,0.0,0.0
2003-03-17 00:00:00-05:00,26.878675281134612,27.72377044863147,26.708482255598845,27.553577423095703,4840100,0.0,0.0
2003-03-18 00:00:00-05:00,27.641595875363937,28.16978014864421,27.58290972888079,27.770708084106445,3544900,0.0,0.0
2003-03-19 00:00:00-05:00,28.169772196227083,28.739037059086858,27.9643685027892,28.34583282470703,3375300,0.0,0.0
2003-03-20 00:00:00-05:00,28.539509657377973,28.604065762919664,27.371636515832044,27.4948787689209,3690500,0.0,0.0
2003-03-21 00:00:00-05:00,27.494878604259778,27.623990814569936,25.56407660123182,26.6497859954834,8377900,0.0,0.0
2003-03-24 00:00:00-05:00,26.64976710459664,27.471386015323834,26.64976710459664,27.236637115478516,3100300,0.0,0.0
2003-03-25 00:00:00-05:00,27.12514459173843,27.254254528781082,26.42089982009725,26.972557067871094,2809500,0.0,0.0
2003-03-26 00:00:00-05:00,27.172083304860045,27.6122358494487,26.849305219908018,27.14274024963379,2480400,0.0,0.0
2003-03-27 00:00:00-05:00,27.084057995980537,27.858726405671668,26.94320817661309,27.7296142578125,2968700,0.0,0.0
2003-03-28 00:00:00-05:00,27.758955445667798,28.316482491696256,27.600500249087176,28.25192642211914,3308700,0.0,0.0
2003-03-31 00:00:00-05:00,28.02305228413727,28.163902118356237,27.582899630459718,27.905677795410156,2786200,0.0,0.0
2003-04-01 00:00:00-05:00,27.84700381700883,28.27541898481104,27.817660741710924,27.964378356933594,2806700,0.0,0.0
2003-04-02 00:00:00-05:00,27.97024917602539,28.13457220688964,27.289479455501986,27.97024917602539,2942300,0.0,0.0
2003-04-03 00:00:00-05:00,28.052403086345706,28.240201424630126,27.846999353451114,28.099353790283203,2334700,0.0,0.0
2003-04-04 00:00:00-05:00,28.09933778797322,28.12868084185717,27.02536455371491,27.348142623901367,2849600,0.0,0.0
2003-04-07 00:00:00-04:00,27.265995042177625,27.265995042177625,26.591095504737176,26.731943130493164,3782200,0.0,0.0
2003-04-08 00:00:00-04:00,26.479586211577995,26.690859869017924,26.397424731180788,26.46198081970215,2423300,0.0,0.0
2003-04-09 00:00:00-04:00,26.46198530517855,27.119279498504238,26.274186964228356,26.61457061767578,2037300,0.0,0.0
2003-04-10 00:00:00-04:00,26.620446351290468,26.620446351290468,25.99836281270365,26.262454986572266,2576900,0.0,0.0
2003-04-11 00:00:00-04:00,26.192023194268675,26.250709331191988,25.646233613697873,25.886850357055664,2279700,0.0,0.0
2003-04-14 00:00:00-04:00,25.704924352140377,26.20376556021818,25.42322681476218,26.115734100341797,2917700,0.0,0.0
2003-04-15 00:00:00-04:00,26.19202477338922,26.19202477338922,25.616892089681937,26.10986328125,2111400,0.0,0.0
2003-04-16 00:00:00-04:00,26.256579828515576,26.385689780150635,25.88098093278517,26.027698516845703,2825100,0.0,0.0
2003-04-17 00:00:00-04:00,26.027708544502982,26.73195366706357,26.027708544502982,26.62044906616211,2073400,0.0,0.0
2003-04-21 00:00:00-04:00,26.643914855818217,26.966693101423626,26.40916581970552,26.555883407592773,2150700,0.0,0.0
2003-04-22 00:00:00-04:00,26.996027607565622,28.568839829887573,26.996027607565622,28.49254608154297,5867400,0.0,0.0
2003-04-23 00:00:00-04:00,28.492542015084094,28.79771472617622,28.193239258497957,28.53362274169922,3729900,0.0,0.0
2003-04-24 00:00:00-04:00,28.52777589497528,29.138121763648552,28.310634432772932,28.84468650817871,2303800,0.0,0.0
2003-04-25 00:00:00-04:00,29.16745780647981,29.290700046756054,28.93270876323029,28.997264862060547,2553800,0.0,0.0
2003-04-28 00:00:00-04:00,29.050082845733957,29.74845776880882,28.768385341332348,29.625215530395508,2676800,0.0,0.0
2003-04-29 00:00:00-04:00,29.754336096012914,30.317731263299457,29.079434096071704,29.490243911743164,2858400,0.0,0.0
2003-04-30 00:00:00-04:00,29.484355264252073,29.70149657775963,29.003119715189033,29.372848510742188,2505100,0.0,0.0
2003-05-01 00:00:00-04:00,29.05007540852754,29.314167450896953,28.527761279581465,28.697954177856445,2236000,0.0,0.0
2003-05-02 00:00:00-04:00,28.703830444085952,29.531317597481348,28.703830444085952,29.472631454467773,2273600,0.0,0.0
2003-05-05 00:00:00-04:00,29.39633097615892,29.45501710579397,28.697956183079498,29.050077438354492,2187900,0.0,0.0
2003-05-06 00:00:00-04:00,29.055954593532743,29.425683598776356,28.838813156874206,29.232017517089844,2152300,0.0,0.0
2003-05-07 00:00:00-04:00,28.99138808346422,29.343509299566175,28.727296052021703,28.85053825378418,2367100,0.0,0.0
2003-05-08 00:00:00-04:00,28.803588791533123,29.00899245392397,28.392779228019418,28.49254608154297,1633500,0.0,0.0
2003-05-09 00:00:00-04:00,28.46908193877457,28.662750244140625,28.339971973930094,28.662750244140625,1738800,0.0,0.0
2003-05-12 00:00:00-04:00,28.609936536207965,28.80947259339444,28.486694269963362,28.70970344543457,1640500,0.0,0.0
2003-05-13 00:00:00-04:00,28.756648268748112,29.343518641579706,28.609930675540216,29.073558807373047,1574900,0.0,0.0
2003-05-14 00:00:00-04:00,29.073560147000883,29.18506471703289,28.832943372602298,29.09116554260254,1018100,0.0,0.0
2003-05-15 00:00:00-04:00,29.044218192585365,29.20854119447959,28.81533684729027,28.99139976501465,1674900,0.0,0.0
2003-05-16 00:00:00-04:00,28.756637573242188,28.9855165753219,28.52775857116248,28.756637573242188,1774200,0.0,0.0
2003-05-19 00:00:00-04:00,28.668629426077395,28.668629426077395,27.935041137398507,27.97612190246582,1564300,0.0,0.0
2003-05-20 00:00:00-04:00,28.134553178466433,28.19324153460587,27.43617853089619,27.800037384033203,2063300,0.0,0.0
2003-05-21 00:00:00-04:00,27.75895665410153,27.800037384033203,27.40683547219241,27.800037384033203,1763900,0.0,0.0
2003-05-22 00:00:00-04:00,27.729620593129066,28.169773300956514,27.618116046423125,27.99958038330078,1489700,0.0,0.0
2003-05-23 00:00:00-04:00,28.023055797726972,28.269540240099698,27.653326895435438,28.128692626953125,1648200,0.0,0.0
2003-05-27 00:00:00-04:00,28.081744568456788,28.64514179017348,27.846997778246436,28.41039276123047,1605200,0.0,0.0
2003-05-28 00:00:00-04:00,28.287142933254206,28.31648599431019,27.459656074575978,27.641584396362305,2510400,0.0,0.0
2003-05-29 00:00:00-04:00,27.712187870738784,27.794561442437843,27.135586335547377,27.39447021484375,3288100,0.12,0.0
2003-05-30 00:00:00-04:00,27.370943462720714,28.065219501438364,27.023805443361887,27.312105178833008,3504100,0.0,0.0
2003-06-02 00:00:00-04:00,27.429774413800804,27.9416572886374,27.26503173837787,27.494495391845703,1869900,0.0,0.0
2003-06-03 00:00:00-04:00,27.418023314600322,27.553350301925093,27.023816747682005,27.06500244140625,2265100,0.0,0.0
2003-06-04 00:00:00-04:00,27.064995279520282,27.165017010825323,26.65313620681122,26.94732093811035,2878300,0.0,0.0
2003-06-05 00:00:00-04:00,26.59429977210675,27.54157495224504,26.47662543240579,26.741392135620117,3219800,0.0,0.0
2003-06-06 00:00:00-04:00,26.976731485218593,27.759263730916757,26.953198419020364,27.30621910095215,3619600,0.0,0.0
2003-06-09 00:00:00-04:00,27.312109815338577,27.800457554478797,27.153252033001657,27.359180450439453,1947100,0.0,0.0
2003-06-10 00:00:00-04:00,27.359180450439453,27.723968894665582,26.82376432064977,27.359180450439453,2515100,0.0,0.0
2003-06-11 00:00:00-04:00,27.47095061548934,28.329971149249317,27.39446425365956,28.294668197631836,2379300,0.0,0.0
2003-06-12 00:00:00-04:00,28.341747779830094,28.712421063040985,28.171122390562243,28.488840103149414,2444300,0.0,0.0
2003-06-13 00:00:00-04:00,28.71242483998749,28.824216456864157,28.006381146288817,28.182893753051758,1316900,0.0,0.0
2003-06-16 00:00:00-04:00,28.182892555758354,28.800679919830106,28.153472292913705,28.67123794555664,1195400,0.0,0.0
2003-06-17 00:00:00-04:00,28.80068649774858,28.977196892875806,28.535919782832014,28.87129020690918,2542000,0.0,0.0
2003-06-18 00:00:00-04:00,28.877169316621327,29.353747062605876,28.753610045022562,29.212539672851562,2677400,0.0,0.0
2003-06-19 00:00:00-04:00,29.347864870540203,29.383165596371526,28.83598190147568,28.924238204956055,1825700,0.0,0.0
2003-06-20 00:00:00-04:00,28.924244710392756,28.97719805550067,28.59475698033781,28.612409591674805,2950600,0.0,0.0
2003-06-23 00:00:00-04:00,28.741841898945864,28.824215493425744,27.912241203803042,28.365285873413086,1966700,0.0,0.0
2003-06-24 00:00:00-04:00,28.14170384613277,28.847745189241582,28.14170384613277,28.512374877929688,1742600,0.0,0.0
2003-06-25 00:00:00-04:00,28.88892216289786,28.97129572295064,28.212299038696596,28.312320709228516,1201000,0.0,0.0
2003-06-26 00:00:00-04:00,28.394700400162442,28.606513699589087,28.076982695473156,28.15346908569336,1570000,0.0,0.0
2003-06-27 00:00:00-04:00,28.15348468548138,28.200555331191573,27.806346528950435,27.95932388305664,1745200,0.0,0.0
2003-06-30 00:00:00-04:00,28.082874223356,28.37117624802792,27.98873519897461,27.98873519897461,1602200,0.0,0.0
2003-07-01 00:00:00-04:00,28.124049795829208,28.582979338601227,27.929889109789585,28.50649070739746,1466800,0.0,0.0
2003-07-02 00:00:00-04:00,28.459433007038097,28.71831703186035,28.182900859321048,28.71831703186035,1435000,0.0,0.0
2003-07-03 00:00:00-04:00,28.400577426706814,28.618273370629307,28.341739168585836,28.477066040039062,837500,0.0,0.0
2003-07-07 00:00:00-04:00,28.65359731236512,28.80068969872793,27.98873909755876,28.288808822631836,2124300,0.0,0.0
2003-07-08 00:00:00-04:00,28.182878720401828,28.353504041103466,27.56508941516027,28.25936508178711,3648400,0.0,0.0
2003-07-09 00:00:00-04:00,28.194654220273808,28.441770479729463,28.00637623423647,28.177003860473633,1966100,0.0,0.0
2003-07-10 00:00:00-04:00,28.124040007757124,28.624155044555664,27.953412445398218,28.624155044555664,2553900,0.0,0.0
2003-07-11 00:00:00-04:00,28.84186329852966,29.124280292639344,28.677120613078365,29.05367660522461,2404500,0.0,0.0
2003-07-14 00:00:00-04:00,29.40668471023132,29.41256965759531,28.541781492608408,28.624155044555664,1608100,0.0,0.0
2003-07-15 00:00:00-04:00,28.565330065229666,29.189002353045915,28.535912048090875,29.006607055664062,2230300,0.0,0.0
2003-07-16 00:00:00-04:00,28.994834685852357,29.62438957696113,28.994834685852357,29.47141456604004,2414100,0.0,0.0
2003-07-17 00:00:00-04:00,29.536137313722534,29.895042921590562,29.289021057300854,29.54790496826172,2482100,0.0,0.0
2003-07-18 00:00:00-04:00,29.859748264789097,30.64228067596154,29.771491953418096,30.6246280670166,2674000,0.0,0.0
2003-07-21 00:00:00-04:00,31.036479884838446,31.06001519498327,30.171576314847155,30.771713256835938,2620300,0.0,0.0
2003-07-22 00:00:00-04:00,30.771718565089145,31.536598321135315,30.242187462188458,31.418926239013672,3648600,0.0,0.0
2003-07-23 00:00:00-04:00,31.413038696440864,31.595433999802275,30.95999403540839,31.407155990600586,1609600,0.0,0.0
2003-07-24 00:00:00-04:00,32.34854153356958,32.36030918806295,30.330434799194336,30.330434799194336,4096100,0.0,0.0
2003-07-25 00:00:00-04:00,30.506947179223612,31.21299078515146,30.242182790895075,31.18357276916504,3049000,0.0,0.0
2003-07-28 00:00:00-04:00,31.51893888397216,31.88961212040826,31.24240463280312,31.4542179107666,3012500,0.0,0.0
2003-07-29 00:00:00-04:00,31.377733717795735,31.60719737011771,30.859968140472677,30.918804168701172,1649900,0.0,0.0
2003-07-30 00:00:00-04:00,31.00706624998062,31.24241265132587,30.777602554777317,30.859973907470703,1863500,0.0,0.0
2003-07-31 00:00:00-04:00,30.977643315391663,31.183571664452117,30.71287669199203,30.79524803161621,1571500,0.0,0.0
2003-08-01 00:00:00-04:00,31.154166128625008,31.154166128625008,30.31279754638672,30.31279754638672,1661700,0.0,0.0
2003-08-04 00:00:00-04:00,30.389285053616508,30.801141901019214,29.795030611875774,30.418703079223633,1562600,0.0,0.0
2003-08-05 00:00:00-04:00,30.0538984024402,30.177455389971662,29.43022627171668,29.51848030090332,2302200,0.0,0.0
2003-08-06 00:00:00-04:00,29.889167385043752,30.477536830593635,29.50672859210712,29.94800567626953,1955400,0.0,0.0
2003-08-07 00:00:00-04:00,29.418459388864015,29.677341023483898,29.130157499295002,29.2419490814209,6683800,0.0,0.0
2003-08-08 00:00:00-04:00,29.5361460211759,29.824445786801515,29.289029691902673,29.765609741210938,3978400,0.0,0.0
2003-08-11 00:00:00-04:00,29.8008978795386,29.995058528890073,29.453759996685815,29.75971221923828,1474400,0.0,0.0
2003-08-12 00:00:00-04:00,29.683249563439915,30.071573446220853,29.677364609992807,29.995084762573242,1836200,0.0,0.0
2003-08-13 00:00:00-04:00,29.995071998702134,30.183350028753175,29.589097917239172,29.647933959960938,1613100,0.0,0.0
2003-08-14 00:00:00-04:00,29.61262903420834,29.812672448884555,29.318444373400947,29.706768035888672,2552300,0.0,0.0
2003-08-15 00:00:00-04:00,29.706759154447195,29.81854848413,29.536131563523305,29.777362823486328,567300,0.0,0.0
2003-08-18 00:00:00-04:00,29.771499673359745,30.69523972891606,29.771499673359745,30.583450317382812,2176500,0.0,0.0
2003-08-19 00:00:00-04:00,30.877638721673566,31.112987477617565,30.0833405981537,30.56580352783203,2080100,0.0,0.0
2003-08-20 00:00:00-04:00,30.565780881077934,30.654034915828827,29.947993660020046,30.030364990234375,1539000,0.0,0.0
2003-08-21 00:00:00-04:00,30.095085612199597,30.459873889382816,29.465530744943727,29.747947692871094,2184800,0.0,0.0
2003-08-22 00:00:00-04:00,29.865627569075027,29.865627569075027,29.300793525111896,29.347864151000977,2272700,0.0,0.0
2003-08-25 00:00:00-04:00,29.21254027096015,29.606746673583984,29.06544792769137,29.606746673583984,1490600,0.0,0.0
2003-08-26 00:00:00-04:00,30.065669291522134,30.318668261320852,29.58909161146695,30.224529266357422,2168300,0.0,0.0
2003-08-27 00:00:00-04:00,30.148039910667325,30.301014920767365,29.647924725498946,30.271596908569336,1727700,0.0,0.0
2003-08-28 00:00:00-04:00,29.81161208191926,30.354178702391945,29.78212527910744,30.312896728515625,2397000,0.12,0.0
2003-08-29 00:00:00-04:00,30.31289094299818,30.31289094299818,29.953146168137824,30.21263313293457,1262000,0.0,0.0
2003-09-02 00:00:00-04:00,30.135971412247,30.336484820945774,29.959048345677218,30.312896728515625,1412400,0.0,0.0
2003-09-03 00:00:00-04:00,30.365968356659504,30.83186515572081,30.3482744784279,30.708019256591797,2553100,0.0,0.0
2003-09-04 00:00:00-04:00,30.796475318528426,30.796475318528426,30.230318579752232,30.430831909179688,1898800,0.0,0.0
2003-09-05 00:00:00-04:00,30.242113055188245,30.690320369408106,30.230317889056362,30.672626495361328,2115000,0.0,0.0
2003-09-08 00:00:00-04:00,30.52518245624616,30.932107709379693,30.52518245624616,30.80826187133789,1540300,0.0,0.0
2003-09-09 00:00:00-04:00,30.81417002163927,30.87314360983969,30.53109274882053,30.784683227539062,2110900,0.0,0.0
2003-09-10 00:00:00-04:00,30.63724815144499,30.78468437715002,30.02391291258448,30.22442626953125,2069500,0.0,0.0
2003-09-11 00:00:00-04:00,30.2716005792325,30.64903687775741,30.10057405343284,30.31877899169922,1818300,0.0,0.0
2003-09-12 00:00:00-04:00,30.419043698330235,30.419043698330235,29.94134950881564,30.141862869262695,1409600,0.0,0.0
2003-09-15 00:00:00-04:00,30.08879199288676,30.183151108615544,29.935457023765757,30.05930519104004,1879900,0.0,0.0
2003-09-16 00:00:00-04:00,29.487253189086914,29.581612309304035,29.221867460445356,29.487253189086914,8760400,0.0,0.0
2003-09-17 00:00:00-04:00,29.487244797242624,29.487244797242624,29.239553020800944,29.345705032348633,3740800,0.0,0.0
2003-09-18 00:00:00-04:00,29.33980026220951,29.693646199663647,29.22185086649226,29.269031524658203,2510800,0.0,0.0
2003-09-19 00:00:00-04:00,29.13340105699476,29.428273528220625,28.3962198789301,28.720579147338867,5422600,0.0,0.0
2003-09-22 00:00:00-04:00,28.60263354511737,28.60263354511737,28.024683693963382,28.20160675048828,3081000,0.0,0.0
2003-09-23 00:00:00-04:00,27.49389983362387,27.6885166825257,27.010309314755798,27.110567092895508,7642700,0.0,0.0
2003-09-24 00:00:00-04:00,27.110558255689714,27.423122153884723,26.567992088394085,26.59747886657715,5153700,0.0,0.0
2003-09-25 00:00:00-04:00,26.007738624517163,26.91004948474959,26.001842167779824,26.615177154541016,5440200,0.0,0.0
2003-09-26 00:00:00-04:00,26.833394315588905,27.06929318747343,26.408777246076106,26.792112350463867,3326100,0.0,0.0
2003-09-29 00:00:00-04:00,27.086984758993573,27.18724031703152,26.892367852639865,27.0751895904541,3281800,0.0,0.0
2003-09-30 00:00:00-04:00,27.210816153033385,27.364151012633545,26.632866700788004,27.21671485900879,3039200,0.0,0.0
2003-10-01 00:00:00-04:00,27.18723812035727,27.381855010986328,26.556211277520696,27.381855010986328,2194100,0.0,0.0
2003-10-02 00:00:00-04:00,27.334670502202478,27.334670502202478,26.744925703883563,27.134157180786133,1897600,0.0,0.0
2003-10-03 00:00:00-04:00,27.458518702365353,27.818261140677755,26.921851024265823,26.951337814331055,3041800,0.0,0.0
2003-10-06 00:00:00-04:00,26.951337872706645,26.951337872706645,26.697747428140225,26.80390167236328,2228500,0.0,0.0
2003-10-07 00:00:00-04:00,26.80390348518329,27.063390405446174,26.408773271696457,26.986722946166992,2928800,0.0,0.0
2003-10-08 00:00:00-04:00,26.986720308673174,27.181337167123367,26.739028579406906,27.057491302490234,2925500,0.0,0.0
2003-10-09 00:00:00-04:00,27.18722837150806,27.387741649180803,26.833382469590216,26.97492218017578,2267100,0.0,0.0
2003-10-10 00:00:00-04:00,26.974918589517216,27.287482502928857,26.974918589517216,27.246200561523438,2473500,0.0,0.0
2003-10-13 00:00:00-04:00,27.281595731130306,27.641340449054507,27.281595731130306,27.48210906982422,2116400,0.0,0.0
2003-10-14 00:00:00-04:00,27.482107616913208,27.576466697798395,27.016210920497677,27.26390266418457,2751100,0.0,0.0
2003-10-15 00:00:00-04:00,27.263907822122032,27.3110884963395,26.992625694466696,27.210830688476562,2462700,0.0,0.0
2003-10-16 00:00:00-04:00,27.16955331692033,27.328784744777863,26.833398830231786,26.969039916992188,2537200,0.0,0.0
2003-10-17 00:00:00-04:00,27.098778863823494,27.18723924984963,26.969034264680555,27.069292068481445,2261200,0.0,0.0
2003-10-20 00:00:00-04:00,27.128255724304655,27.163641215575264,26.880564034502736,27.140050888061523,2095500,0.0,0.0
2003-10-21 00:00:00-04:00,27.246211924231048,27.246211924231048,26.992621464299678,27.145954132080078,1741600,0.0,0.0
2003-10-22 00:00:00-04:00,27.086984496264634,27.086984496264634,26.68595776860585,26.715444564819336,2392400,0.0,0.0
2003-10-23 00:00:00-04:00,26.715436507904844,27.04569437511152,26.55620515673543,26.93364143371582,1938900,0.0,0.0
2003-10-24 00:00:00-04:00,26.933640709579276,27.434925079345703,26.656462216578944,27.434925079345703,3030300,0.0,0.0
2003-10-27 00:00:00-05:00,27.364158173193875,27.482105327199957,27.134155823607397,27.299285888671875,1770400,0.0,0.0
2003-10-28 00:00:00-05:00,27.69442908485639,27.776993038095984,26.697760685508566,26.839298248291016,4122300,0.0,0.0
2003-10-29 00:00:00-05:00,27.423118975892724,27.706196063099622,27.145938343760324,27.682605743408203,2881100,0.0,0.0
2003-10-30 00:00:00-05:00,27.68262875729808,28.278272451361527,27.61185998908708,27.670833587646484,3039000,0.0,0.0
2003-10-31 00:00:00-05:00,27.570566724863568,27.75928486257666,27.128258167780192,27.340566635131836,2858500,0.0,0.0
2003-11-03 00:00:00-05:00,27.340559244983492,27.57055927254625,27.039788247634455,27.169532775878906,2235700,0.0,0.0
2003-11-04 00:00:00-05:00,26.998516228495845,27.228516340581663,26.886465526368823,26.951337814331055,1835200,0.0,0.0
2003-11-05 00:00:00-05:00,26.951348839699588,27.0928863897926,26.774425777233922,27.022117614746094,2213700,0.0,0.0
2003-11-06 00:00:00-05:00,26.98083553323825,27.381862339719113,26.833399273493775,27.305194854736328,2003200,0.0,0.0
2003-11-07 00:00:00-05:00,27.24620690592509,27.305180478894503,27.051590065670343,27.15184783935547,1973700,0.0,0.0
2003-11-10 00:00:00-05:00,27.140053444356617,27.234412513601715,26.78620524741425,26.93364143371582,1463100,0.0,0.0
2003-11-11 00:00:00-05:00,26.98082187127566,27.116462891593763,26.774412112030202,26.92184829711914,1330500,0.0,0.0
2003-11-12 00:00:00-05:00,26.892358719015807,27.21672011944038,26.874667097064503,27.15184783935547,1922200,0.0,0.0
2003-11-13 00:00:00-05:00,27.03980924608302,27.19314421666572,26.969040471036514,27.022117614746094,5199600,0.0,0.0
2003-11-14 00:00:00-05:00,27.069295089749552,27.081088009443985,26.473651408746942,26.65647315979004,5099700,0.0,0.0
2003-11-17 00:00:00-05:00,26.65647150782989,27.057498243543936,26.638777629987715,27.016216278076172,3474300,0.0,0.0
2003-11-18 00:00:00-05:00,26.774413797010062,26.96313194582459,26.7154379694444,26.83338737487793,2332600,0.0,0.0
2003-11-19 00:00:00-05:00,26.833399381489546,27.098785100037443,26.786218698326007,27.022117614746094,1786600,0.0,0.0
2003-11-20 00:00:00-05:00,26.92185151343311,27.393646912142884,26.91595280549416,27.18723487854004,2247300,0.0,0.0
2003-11-21 00:00:00-05:00,27.27570551960368,27.393654966384926,27.110577643929084,27.364168167114258,2073200,0.0,0.0
2003-11-24 00:00:00-05:00,27.423146395924178,27.51160905837126,27.175454540590685,27.393659591674805,2968200,0.0,0.0
2003-11-25 00:00:00-05:00,27.275689745433194,27.305176527650964,26.86876675155451,27.051586151123047,5023500,0.0,0.0
2003-11-26 00:00:00-05:00,27.253079864145754,27.29456077747226,27.140486876082182,27.2293758392334,1711200,0.22,0.0
2003-11-28 00:00:00-05:00,27.229369212692497,27.365663931959496,27.1404802711733,27.22344207763672,656600,0.0,0.0
2003-12-01 00:00:00-05:00,27.40714847053863,27.44862937927246,27.140483871149716,27.44862937927246,1942300,0.0,0.0
2003-12-02 00:00:00-05:00,27.270855561434434,27.45455835567114,27.13456081495177,27.336040496826172,2746300,0.0,0.0
2003-12-03 00:00:00-05:00,27.18196297248988,27.626403188406183,27.18196297248988,27.56121826171875,2723300,0.0,0.0
2003-12-04 00:00:00-05:00,27.496042183155122,28.39084770427593,27.448634130373435,28.29603385925293,3894400,0.0,0.0
2003-12-05 00:00:00-05:00,28.11826018465454,28.189370008350306,27.946409371894287,28.100481033325195,2255900,0.0,0.0
2003-12-08 00:00:00-05:00,27.97603111331367,28.69898796081543,27.89306929682133,28.69898796081543,2428800,0.0,0.0
2003-12-09 00:00:00-05:00,28.693063735961914,28.74047178478993,28.438253385401985,28.693063735961914,1671400,0.0,0.0
2003-12-10 00:00:00-05:00,28.740455887835292,28.835269672507625,28.491570550772522,28.681198120117188,1844100,0.0,0.0
2003-12-11 00:00:00-05:00,28.586402703584582,28.995286988860798,28.450105681285454,28.924177169799805,2043400,0.0,0.0
2003-12-12 00:00:00-05:00,28.924154676131863,29.244149743323536,28.604157348401557,28.977487564086914,1710100,0.0,0.0
2003-12-15 00:00:00-05:00,28.98342926483646,29.143428021603597,28.645654865174706,28.799726486206055,2697400,0.0,0.0
2003-12-16 00:00:00-05:00,28.752309424296016,29.119712576894944,28.627866749139145,29.03675079345703,1710500,0.0,0.0
2003-12-17 00:00:00-05:00,29.06638720781312,29.570087432861328,29.060462333406747,29.570087432861328,1901800,0.0,0.0
2003-12-18 00:00:00-05:00,29.56416293652453,29.67675590515137,29.273796593364438,29.676755905151367,3040900,0.0,0.0
2003-12-19 00:00:00-05:00,29.765651953147735,29.854540928908094,29.641209195515682,29.777503967285156,2583200,0.0,0.0
2003-12-22 00:00:00-05:00,29.73008951495407,29.919719439817456,29.516760087995397,29.599721908569336,1595800,0.0,0.0
2003-12-23 00:00:00-05:00,29.59970919853173,29.718227002977585,29.433783368091895,29.664894104003906,1265900,0.0,0.0
2003-12-24 00:00:00-05:00,29.913784775136993,30.109339526307533,29.759713184353128,30.020450592041016,926200,0.0,0.0
2003-12-26 00:00:00-05:00,30.026383602249563,30.127124572418452,29.925644892620788,30.04416275024414,380400,0.0,0.0
2003-12-29 00:00:00-05:00,29.836760820135247,30.221943355351012,29.795279902255455,30.079721450805664,1207300,0.0,0.0
2003-12-30 00:00:00-05:00,30.07379164951495,30.340456264032465,29.990829827340637,30.04416275024414,1198400,0.0,0.0
2003-12-31 00:00:00-05:00,30.008614937386483,30.500463390104617,29.925653092479987,30.458982467651367,1282700,0.0,0.0
2004-01-02 00:00:00-05:00,30.458974121655817,30.458974121655817,29.872311969717284,30.04416275024414,1687800,0.0,0.0
2004-01-05 00:00:00-05:00,29.57008942438374,29.87230777133512,29.54638540408251,29.682680130004883,3821100,0.0,0.0
2004-01-06 00:00:00-05:00,29.599721908569336,29.658979705967848,29.498980940343788,29.599721908569336,2310100,0.0,0.0
2004-01-07 00:00:00-05:00,29.493048053433178,29.9078593041651,29.4811960450649,29.688600540161133,2512200,0.0,0.0
2004-01-08 00:00:00-05:00,29.688608785636053,30.399713661453102,29.510833131816813,30.370084762573242,3041200,0.0,0.0
2004-01-09 00:00:00-05:00,30.37007216770934,30.814512248212402,30.221925474208316,30.547847747802734,2762000,0.0,0.0
2004-01-12 00:00:00-05:00,30.488611462982657,30.488611462982657,30.127132914383925,30.150836944580078,1965700,0.0,0.0
2004-01-13 00:00:00-05:00,30.121187334087335,30.21007399541785,29.700448999181816,30.162668228149414,1597500,0.0,0.0
2004-01-14 00:00:00-05:00,30.210084676886662,30.512305309669344,30.133047734730688,30.506378173828125,2391000,0.0,0.0
2004-01-15 00:00:00-05:00,30.636745668257873,30.725632354147187,30.138972541442353,30.340452194213867,1649000,0.0,0.0
2004-01-16 00:00:00-05:00,30.506383495587013,30.524160385131836,30.127128115028228,30.524160385131836,1507700,0.0,0.0
2004-01-20 00:00:00-05:00,30.583403788387958,30.583403788387958,30.014521027494883,30.067853927612305,1731900,0.0,0.0
2004-01-21 00:00:00-05:00,30.07379399179996,30.447124481201172,29.94935124884632,30.447124481201172,1591800,0.0,0.0
2004-01-22 00:00:00-05:00,30.518238791660803,30.618977523971836,30.026390362968712,30.20416831970215,1192400,0.0,0.0
2004-01-23 00:00:00-05:00,30.03231209928592,30.435271477140603,29.901942223938754,30.091569900512695,1517100,0.0,0.0
2004-01-26 00:00:00-05:00,30.121197950058086,30.927114361973704,30.121197950058086,30.57748794555664,3235200,0.0,0.0
2004-01-27 00:00:00-05:00,29.629349733187766,29.747867584228516,29.327131360546847,29.747867584228516,7539500,0.0,0.0
2004-01-28 00:00:00-05:00,29.747875378191168,29.777504283579148,29.386396855052272,29.481210708618164,4432900,0.0,0.0
2004-01-29 00:00:00-05:00,29.50488254241533,29.605621162920016,29.07821953665876,29.19673728942871,3422700,0.0,0.0
2004-01-30 00:00:00-05:00,29.184907254288024,29.244165045004664,28.56269140960406,28.81157684326172,4570400,0.0,0.0
2004-02-02 00:00:00-05:00,28.823423641916097,29.167125095439022,28.811571633807784,28.835275650024414,3624500,0.0,0.0
2004-02-03 00:00:00-05:00,28.651582970032187,28.69306388269874,28.355289444962402,28.663434982299805,4183900,0.0,0.0
2004-02-04 00:00:00-05:00,28.663428942147096,29.007130443860223,28.53306135575567,28.918241500854492,3217900,0.0,0.0
2004-02-05 00:00:00-05:00,28.918245121826242,29.451574325561523,28.912320246469186,29.451574325561523,4326600,0.0,0.0
2004-02-06 00:00:00-05:00,29.43972454946022,29.45157656161418,29.096022978615952,29.267873764038086,1872800,0.0,0.0
2004-02-09 00:00:00-05:00,29.303403040867853,29.48117853975372,29.11377554065118,29.19673728942871,1385000,0.0,0.0
2004-02-10 00:00:00-05:00,29.184921171973034,29.202698065557495,28.947885374989383,29.14344024658203,1638000,0.0,0.0
2004-02-11 00:00:00-05:00,29.45157043218872,29.45157043218872,29.030834260717096,29.214534759521484,2289300,0.0,0.0
2004-02-12 00:00:00-05:00,29.273798883973363,29.451574532957,29.149353895198793,29.226390838623047,1027800,0.0,0.0
2004-02-13 00:00:00-05:00,29.036760398563263,29.33305387201799,28.97750260808824,29.27379608154297,2021500,0.0,0.0
2004-02-17 00:00:00-05:00,29.344903229208043,29.362680112635417,28.930091951765707,29.042682647705078,2126900,0.0,0.0
2004-02-18 00:00:00-05:00,29.030844188278888,29.244173653983175,28.770104407072843,28.888622283935547,1631600,0.0,0.0
2004-02-19 00:00:00-05:00,28.995290682719197,29.024919589390823,28.693069957262836,28.716773986816406,1678700,0.0,0.0
2004-02-20 00:00:00-05:00,28.8293541049907,28.870835007889646,28.491579746790876,28.74046516418457,1588000,0.0,0.0
2004-02-23 00:00:00-05:00,28.734541959544856,28.853057540120677,27.981956268081433,28.278249740600586,3605200,0.0,0.0
2004-02-24 00:00:00-05:00,28.207148757875483,28.213075895556017,27.27678706961193,27.63826560974121,6245900,0.0,0.0
2004-02-25 00:00:00-05:00,27.733083395649096,28.023452148522207,27.59678859672205,27.84567642211914,5533800,0.0,0.0
2004-02-26 00:00:00-05:00,27.839713463959608,27.839713463959608,27.51821292721653,27.70873260498047,2827900,0.22,0.0
2004-02-27 00:00:00-05:00,27.750406872639648,27.92306602934291,27.309828726426765,27.553932189941406,5569400,0.0,0.0
2004-03-01 00:00:00-05:00,27.446757267199484,27.64918464177151,27.44080452287661,27.52415657043457,3035100,0.0,0.0
2004-03-02 00:00:00-05:00,27.68490821657718,27.803983544861573,27.08358110194183,27.17288589477539,5729900,0.0,0.0
2004-03-03 00:00:00-05:00,26.976414092161928,27.089534407229166,26.785894471431302,26.952598571777344,7180300,0.0,0.0
2004-03-04 00:00:00-05:00,27.000235043272067,27.095494880810534,26.57156690993579,26.791854858398438,6264300,0.0,0.0
2004-03-05 00:00:00-05:00,26.654913015890738,26.99427625308698,26.595374211276294,26.821617126464844,5347500,0.0,0.0
2004-03-08 00:00:00-05:00,27.149071489778084,27.26814682295238,26.70254069375428,26.9168758392334,6009900,0.0,0.0
2004-03-09 00:00:00-05:00,27.04786628556408,27.262201489308318,26.196480488009865,26.77994728088379,5858100,0.0,0.0
2004-03-10 00:00:00-05:00,26.869239840981702,26.869239840981702,26.351262621682654,26.529876708984375,4392300,0.0,0.0
2004-03-11 00:00:00-05:00,26.46438853381445,26.779936191340123,26.315544956314003,26.571556091308594,5086000,0.0,0.0
2004-03-12 00:00:00-05:00,26.506067641227226,26.637050731459713,26.267916981017798,26.48225212097168,4962400,0.0,0.0
2004-03-15 00:00:00-05:00,26.38105001078489,26.851394230587506,26.279835145214815,26.398910522460938,2855600,0.0,0.0
2004-03-16 00:00:00-05:00,26.19647728113588,26.345320902051423,25.66063933737055,26.089309692382812,6540200,0.0,0.0
2004-03-17 00:00:00-05:00,26.345316196104427,26.684679409479052,26.244103642124248,26.476299285888672,3417300,0.0,0.0
2004-03-18 00:00:00-05:00,26.476295473300144,26.5715552691059,26.327451900405357,26.50010871887207,1986700,0.0,0.0
2004-03-19 00:00:00-05:00,26.77994210736328,26.785897123635575,26.2321987113212,26.256011962890625,4005500,0.0,0.0
2004-03-22 00:00:00-05:00,26.345312402377473,26.50010871887207,25.994041479498865,26.50010871887207,4323000,0.0,0.0
2004-03-23 00:00:00-05:00,26.702544522534495,26.988326271599234,26.50607212512256,26.732315063476562,4429700,0.0,0.0
2004-03-24 00:00:00-05:00,26.613240771135665,27.309827850340938,26.613240771135665,27.149076461791992,4286100,0.0,0.0
2004-03-25 00:00:00-05:00,27.125261639107745,27.440809381063332,27.09549109870386,27.262197494506836,3516400,0.0,0.0
2004-03-26 00:00:00-05:00,27.26814433471508,27.38126691293603,27.17883954636329,27.274099349975586,2257200,0.0,0.0
2004-03-29 00:00:00-05:00,27.327683133136215,27.44675618427926,27.05976422571863,27.11334800720215,2108300,0.0,0.0
2004-03-30 00:00:00-05:00,27.113351176665812,27.2919630454324,26.94664479746695,27.19074821472168,2365200,0.0,0.0
2004-03-31 00:00:00-05:00,27.125257126165423,27.226469678944717,26.80970716553584,27.17288589477539,2070500,0.0,0.0
2004-04-01 00:00:00-05:00,27.38722801208496,27.607515949297046,27.321736451276987,27.38722801208496,2876700,0.0,0.0
2004-04-02 00:00:00-05:00,27.47653227783948,27.934968614080514,27.440808992564595,27.798032760620117,2956000,0.0,0.0
2004-04-05 00:00:00-04:00,27.68491062399732,27.798030946559052,27.393176157890615,27.780170440673828,2460800,0.0,0.0
2004-04-06 00:00:00-04:00,27.446753608021282,28.173110961914062,27.440800864492022,28.173110961914062,3093100,0.0,0.0
2004-04-07 00:00:00-04:00,28.63750311409577,28.67322638995816,28.2921871987836,28.435075759887695,7075400,0.0,0.0
2004-04-08 00:00:00-04:00,28.43508661113451,28.56606973477562,28.21479867051649,28.304105758666992,2358800,0.0,0.0
2004-04-12 00:00:00-04:00,28.071912735779456,28.47081261962022,27.83376199208355,27.92902183532715,2721900,0.0,0.0
2004-04-13 00:00:00-04:00,28.23265930594596,28.274337612796565,27.61347151681323,27.655147552490234,2684500,0.0,0.0
2004-04-14 00:00:00-04:00,27.80399465919013,27.91116227036781,27.607519948306425,27.845670700073242,1901200,0.0,0.0
2004-04-15 00:00:00-04:00,27.970681671888343,28.220740035032147,27.649179035491667,27.851606369018555,1243000,0.0,0.0
2004-04-16 00:00:00-04:00,28.161216898449755,28.244568975429306,27.952836706000873,27.98260498046875,1509700,0.0,0.0
2004-04-19 00:00:00-04:00,27.74444524024725,28.101671231475308,27.74444524024725,27.940919876098633,968800,0.0,0.0
2004-04-20 00:00:00-04:00,27.899254425314716,28.214802239999194,27.22648048400879,27.22648048400879,1748600,0.0,0.0
2004-04-21 00:00:00-04:00,27.280054626686677,27.565834064054737,27.2562391057794,27.381269454956055,1470900,0.0,0.0
2004-04-22 00:00:00-04:00,27.23838989040943,27.875440576097763,27.23838989040943,27.565845489501953,1537600,0.0,0.0
2004-04-23 00:00:00-04:00,27.452708658162607,27.559876211208824,27.3276806033329,27.512245178222656,1872400,0.0,0.0
2004-04-26 00:00:00-04:00,27.547970184177583,27.744442529660923,27.405079347411952,27.684906005859375,2099800,0.0,0.0
2004-04-27 00:00:00-04:00,28.13144361795385,28.613697754741178,27.863524653071998,27.911155700683594,4646200,0.0,0.0
2004-04-28 00:00:00-04:00,27.97069298808528,28.34577954896476,27.8337571292948,28.190980911254883,3017000,0.0,0.0
2004-04-29 00:00:00-04:00,28.38744936099853,28.45889364750125,28.08380716880937,28.208837509155273,2266300,0.0,0.0
2004-04-30 00:00:00-04:00,28.238603599054724,28.48270697439204,27.97663972125969,28.399354934692383,2303800,0.0,0.0
2004-05-03 00:00:00-04:00,28.310062595818412,28.39341467884504,28.089774623366043,28.298154830932617,2355500,0.0,0.0
2004-05-04 00:00:00-04:00,28.429133619436964,28.73277362841196,28.13144635640621,28.500577926635742,2538200,0.0,0.0
2004-05-05 00:00:00-04:00,28.458900731283194,28.816126795060732,28.327919885287567,28.756587982177734,2509300,0.0,0.0
2004-05-06 00:00:00-04:00,28.905419783280337,29.191199154694463,28.816115007247983,29.10189437866211,3414900,0.0,0.0
2004-05-07 00:00:00-04:00,28.88160651231541,29.244785201452277,28.839930492693743,28.917329788208008,2325400,0.0,0.0
2004-05-10 00:00:00-04:00,28.756578429131004,28.780393946372595,28.357678735611618,28.435075759887695,2047500,0.0,0.0
2004-05-11 00:00:00-04:00,28.441045738388215,28.51249005652905,28.19694223616426,28.298154830932617,2122000,0.0,0.0
2004-05-12 00:00:00-04:00,28.095718944332877,28.625604102555787,28.04809017024747,28.524389266967773,2722200,0.0,0.0
2004-05-13 00:00:00-04:00,28.48866427950153,28.53034030602415,28.167163827923204,28.351728439331055,2321300,0.0,0.0
2004-05-14 00:00:00-04:00,28.232652390878865,28.30409895268873,27.970688477761847,28.23860740661621,2318400,0.0,0.0
2004-05-17 00:00:00-04:00,28.2386155300006,28.2386155300006,27.83376064797256,27.89329719543457,1720700,0.0,0.0
2004-05-18 00:00:00-04:00,28.036184310913086,28.214796200403608,27.83970964265213,28.036184310913086,1813800,0.0,0.0
2004-05-19 00:00:00-04:00,28.16121027537812,28.363637673795207,28.14334976913266,28.232654571533203,1803600,0.0,0.0
2004-05-20 00:00:00-04:00,28.173123558539384,28.185031322094694,27.684916608640055,27.750408172607422,1702600,0.0,0.0
2004-05-21 00:00:00-04:00,27.911146344336974,27.970682862720345,27.613459210074936,27.89923858642578,1412700,0.0,0.0
2004-05-24 00:00:00-04:00,27.982604668159446,28.42913559371518,27.982604668159446,28.316015243530273,2168800,0.0,0.0
2004-05-25 00:00:00-04:00,28.321955921604353,28.774441671882517,28.161204584361275,28.714902877807617,1867400,0.0,0.0
2004-05-26 00:00:00-04:00,28.72086728855357,29.054275559753204,28.58988416991171,28.893524169921875,2318900,0.0,0.0
2004-05-27 00:00:00-04:00,29.246399476726435,29.844485336933385,29.222475494754196,29.832523345947266,3266500,0.22,0.0
2004-05-28 00:00:00-04:00,29.784668842406997,29.84447878420557,29.461702001242685,29.629167556762695,2007900,0.0,0.0
2004-06-01 00:00:00-04:00,29.56935922610527,29.56935922610527,28.941369632857043,29.371992111206055,2660500,0.0,0.0
2004-06-02 00:00:00-04:00,29.54543501920746,29.892323545001943,29.395913591542474,29.880361557006836,1475900,0.0,0.0
2004-06-03 00:00:00-04:00,29.88036032851139,29.88036032851139,29.52150982947551,29.611221313476562,1499200,0.0,0.0
2004-06-04 00:00:00-04:00,29.647103889230966,29.754759482946792,29.38992689107822,29.485620498657227,1356100,0.0,0.0
2004-06-07 00:00:00-04:00,29.60525029508369,29.88635138150613,29.527498493867938,29.78467559814453,1353300,0.0,0.0
2004-06-08 00:00:00-04:00,29.868397990685345,30.16146097728949,29.68299289034826,30.137537002563477,2320700,0.0,0.0
2004-06-09 00:00:00-04:00,30.203318462768465,30.29303220249167,29.93417952511403,29.952123641967773,1951400,0.0,0.0
2004-06-10 00:00:00-04:00,30.083710797847218,30.53825721571789,29.976055187378687,30.47246742248535,2241100,0.0,0.0
2004-06-14 00:00:00-04:00,30.532272341427547,30.62198610260699,30.161459872816238,30.17342185974121,2305400,0.0,0.0
2004-06-15 00:00:00-04:00,30.083712646316965,30.442565463766805,29.766727930191596,29.80859375,2843700,0.0,0.0
2004-06-16 00:00:00-04:00,29.754756693822294,30.203320865085946,29.7487768420722,30.185379028320312,1399000,0.0,0.0
2004-06-17 00:00:00-04:00,30.197350415608337,30.197350415608337,29.54543685913086,29.54543685913086,2324400,0.0,0.0
2004-06-18 00:00:00-04:00,29.784680719159294,30.316976865083692,29.784680719159294,30.310997009277344,2237400,0.0,0.0
2004-06-21 00:00:00-04:00,30.25118850161135,30.334920169722224,30.13157085508859,30.203340530395508,1355400,0.0,0.0
2004-06-22 00:00:00-04:00,30.143510097197638,30.520302319314144,30.095662162094836,30.466474533081055,1877200,0.0,0.0
2004-06-23 00:00:00-04:00,30.412646868254065,31.106425959408362,30.358819081806097,30.9868106842041,2082700,0.0,0.0
2004-06-24 00:00:00-04:00,30.777484143136153,31.27389628166197,30.675810687206084,31.166240692138672,1766300,0.0,0.0
2004-06-25 00:00:00-04:00,31.279898174193136,31.39951583367245,30.986837304061766,31.082530975341797,2391600,0.0,0.0
2004-06-28 00:00:00-04:00,31.040653237093238,31.178212694229057,30.364815659411857,30.37677764892578,1829800,0.0,0.0
2004-06-29 00:00:00-04:00,30.322956201546592,31.094487575764717,30.233242402119668,31.010753631591797,1848500,0.0,0.0
2004-06-30 00:00:00-04:00,30.741605531847124,31.15428383865854,30.741605531847124,31.148303985595703,1865600,0.0,0.0
2004-07-01 00:00:00-04:00,30.861219748974786,31.076530955842294,30.63394883640644,30.759546279907227,1673700,0.0,0.0
2004-07-02 00:00:00-04:00,30.76553281389866,30.980844067523844,30.532279716310132,30.843284606933594,964900,0.0,0.0
2004-07-06 00:00:00-04:00,30.68179025909184,31.022698862297215,30.59805864167515,30.980833053588867,1554900,0.0,0.0
2004-07-07 00:00:00-04:00,30.986818527797798,31.770309273677782,30.962894554095097,31.722463607788086,4446900,0.0,0.0
2004-07-08 00:00:00-04:00,31.722472248128074,32.27271010406583,31.61481661865915,31.877973556518555,3498500,0.0,0.0
2004-07-09 00:00:00-04:00,31.87795750430716,32.39231141242885,31.85403353613518,32.2906379699707,2016500,0.0,0.0
2004-07-12 00:00:00-04:00,32.057392688825175,32.52988094058919,32.02748886005239,32.499977111816406,3065400,0.0,0.0
2004-07-13 00:00:00-04:00,32.296626854670876,32.62557352373936,32.20691308969047,32.60763168334961,1765300,0.0,0.0
2004-07-14 00:00:00-04:00,32.476053895047464,32.65547915339262,32.12916536644895,32.302608489990234,2052800,0.0,0.0
2004-07-15 00:00:00-04:00,32.27868979407911,32.44615307989015,32.05739641609607,32.09926223754883,1818900,0.0,0.0
2004-07-16 00:00:00-04:00,32.28466008252481,32.90666964769799,32.123176698402034,32.71528244018555,3886100,0.0,0.0
2004-07-19 00:00:00-04:00,32.71528667027381,32.91265375537757,32.583707092527455,32.68538284301758,1914800,0.0,0.0
2004-07-20 00:00:00-04:00,32.5358705466047,32.960510944631544,32.505964429448554,32.95452880859375,2401300,0.0,0.0
2004-07-21 00:00:00-04:00,32.9126613265818,33.181800396832,32.47605895996094,32.47605895996094,2308900,0.0,0.0
2004-07-22 00:00:00-04:00,32.26672151150049,32.452126604196266,31.590884083197448,31.88992691040039,3288400,0.0,0.0
2004-07-23 00:00:00-04:00,31.788256177132173,31.99758526156408,31.596868933789885,31.830121994018555,1385600,0.0,0.0
2004-07-26 00:00:00-04:00,31.680601893845466,31.848065168401707,31.016726367546084,31.220075607299805,2594400,0.0,0.0
2004-07-27 00:00:00-04:00,30.651882376506823,31.435375215671282,30.621978557320578,31.33968162536621,2773500,0.0,0.0
2004-07-28 00:00:00-04:00,31.345664832242456,31.82413283498922,31.285857187467386,31.752363204956055,1474400,0.0,0.0
2004-07-29 00:00:00-04:00,31.9676990219115,32.141144519597724,31.692579993419873,31.89592933654785,1482700,0.0,0.0
2004-07-30 00:00:00-04:00,31.83011962423896,31.949734931285498,31.453325018798303,31.69256019592285,862100,0.0,0.0
2004-08-02 00:00:00-04:00,31.710511411988275,32.2667314239802,31.531086116849423,32.14711380004883,1673300,0.0,0.0
2004-08-03 00:00:00-04:00,32.296627044677734,32.470072441185174,32.17700945117206,32.296627044677734,1984400,0.0,0.0
2004-08-04 00:00:00-04:00,32.147105422202614,32.45811025076675,32.00954598906159,32.34447479248047,1129300,0.0,0.0
2004-08-05 00:00:00-04:00,32.29662240766647,32.39829586456316,31.794230412286588,31.80619239807129,1191000,0.0,0.0
2004-08-06 00:00:00-04:00,31.698543792053584,32.08730043041159,31.4712705750974,31.555002212524414,1989800,0.0,0.0
2004-08-09 00:00:00-04:00,31.638746441104768,31.949749115313676,31.321759348461583,31.519128799438477,1968400,0.0,0.0
2004-08-10 00:00:00-04:00,31.537058994297976,31.83610184720979,31.40547940893169,31.830121994018555,2504700,0.0,0.0
2004-08-11 00:00:00-04:00,31.638724153324254,32.07532629855424,31.549010414893857,31.704511642456055,1497700,0.0,0.0
2004-08-12 00:00:00-04:00,31.63873554785378,31.704523060678614,31.130361316185027,31.273902893066406,1658000,0.0,0.0
2004-08-13 00:00:00-04:00,31.27389857418153,31.728442655421347,31.202126654894467,31.68657684326172,1178000,0.0,0.0
2004-08-16 00:00:00-04:00,31.686582291852375,32.41026549106877,31.64471647249381,32.35643768310547,1923800,0.0,0.0
2004-08-17 00:00:00-04:00,32.36241482412847,32.67341963531055,32.26672121157365,32.32054901123047,1522700,0.0,0.0
2004-08-18 00:00:00-04:00,32.14711046603523,32.464095197289566,32.12916862283704,32.1889762878418,2130800,0.0,0.0
2004-08-19 00:00:00-04:00,32.14710520935207,32.392320246199986,32.03346975181819,32.32653045654297,1296700,0.0,0.0
2004-08-20 00:00:00-04:00,32.3265433132715,32.48204692912788,32.20692567373199,32.45214080810547,982700,0.0,0.0
2004-08-23 00:00:00-04:00,32.40428257942833,32.51791803817515,32.19495350239056,32.224857330322266,1021900,0.0,0.0
2004-08-24 00:00:00-04:00,32.41625617015536,32.505967686062306,32.2308487201877,32.368408203125,1231200,0.0,0.0
2004-08-25 00:00:00-04:00,32.36241815747492,33.16983295397562,32.3026082175204,32.54184341430664,1619900,0.0,0.0
2004-08-26 00:00:00-04:00,32.266722948288354,32.29662677603708,31.65667527984798,31.84806251525879,3514200,0.0,0.0
2004-08-27 00:00:00-04:00,31.907876172707706,31.997589954345077,31.734433026533694,31.937782287597656,1181600,0.0,0.0
2004-08-30 00:00:00-04:00,31.829684777625594,32.44826093736821,31.829684777625594,32.262088775634766,1620500,0.22,0.0
2004-08-31 00:00:00-04:00,32.262082644261724,32.38819968939435,32.09993117582499,32.29811477661133,1481300,0.0,0.0
2004-09-01 00:00:00-04:00,32.40020157153128,32.6764585288782,32.31612356633472,32.59238052368164,1208500,0.0,0.0
2004-09-02 00:00:00-04:00,32.6224162347905,33.01878570935122,32.52032214315496,32.88065719604492,1721000,0.0,0.0
2004-09-03 00:00:00-04:00,32.8626314839305,33.0247828974181,32.82059248313227,32.856624603271484,1136800,0.0,0.0
2004-09-07 00:00:00-04:00,32.862646097569396,33.03680676791482,32.59839821395404,32.73052215576172,1626800,0.0,0.0
2004-09-08 00:00:00-04:00,32.67046706818809,32.83261626282784,32.61040968965972,32.73052215576172,1222100,0.0,0.0
2004-09-09 00:00:00-04:00,32.73051543132066,32.82060033512802,32.466269892948944,32.53232955932617,1180500,0.0,0.0
2004-09-10 00:00:00-04:00,32.53232496038022,32.568359375,32.31612534552339,32.568359375,945000,0.0,0.0
2004-09-13 00:00:00-04:00,32.61041180504239,32.65845771098174,32.37018914821029,32.382198333740234,1447800,0.0,0.0
2004-09-14 00:00:00-04:00,32.43022562813733,32.538326563507404,32.322124692767254,32.42422103881836,1043400,0.0,0.0
2004-09-15 00:00:00-04:00,32.406225364454485,32.4782942324321,32.20203482042828,32.376197814941406,1345400,0.0,0.0
2004-09-16 00:00:00-04:00,32.376191045806685,32.69448712781611,32.37018645354157,32.55035400390625,763400,0.0,0.0
2004-09-17 00:00:00-04:00,32.71249712704054,33.03079312771135,32.694478772940265,32.83260726928711,1333600,0.0,0.0
2004-09-20 00:00:00-04:00,32.7004916830863,32.80859266380033,32.388200215574045,32.58638381958008,1553700,0.0,0.0
2004-09-21 00:00:00-04:00,32.55034082077045,32.802574830933374,32.424223815689,32.46626281738281,1153200,0.0,0.0
2004-09-22 00:00:00-04:00,32.430247119510746,32.430247119510746,31.98583161392684,32.06991195678711,1651100,0.0,0.0
2004-09-23 00:00:00-04:00,32.12994979921551,32.12994979921551,31.781624010145602,31.93777084350586,1114900,0.0,0.0
2004-09-24 00:00:00-04:00,31.93778515224654,32.77256329466082,31.93778515224654,32.646446228027344,1516000,0.0,0.0
2004-09-27 00:00:00-04:00,32.7305162449974,32.97074113381948,32.5143143032484,32.81459426879883,1783800,0.0,0.0
2004-09-28 00:00:00-04:00,32.73050263550905,33.43916324282019,32.61039024104127,33.33106231689453,2209100,0.0,0.0
2004-09-29 00:00:00-04:00,33.21096736076268,33.21096736076268,32.79057490486349,33.0848503112793,1827500,0.0,0.0
2004-09-30 00:00:00-04:00,33.02479638759953,33.6313609975714,33.000773437057866,33.499237060546875,1601600,0.0,0.0
2004-10-01 00:00:00-04:00,33.6313607130883,33.9016131770094,33.535271202689096,33.82353973388672,2753500,0.0,0.0
2004-10-04 00:00:00-04:00,33.93162889599558,34.07576425684782,33.55327557834307,33.99168395996094,2224800,0.0,0.0
2004-10-05 00:00:00-04:00,33.93164163119748,34.14183672492036,33.84756359370832,33.94365310668945,1706800,0.0,0.0
2004-10-06 00:00:00-04:00,33.93163715137032,33.93163715137032,33.29504278007005,33.81753158569336,2167600,0.0,0.0
2004-10-07 00:00:00-04:00,33.91962621291746,34.00370424063345,33.73945868338969,33.78750228881836,1676500,0.0,0.0
2004-10-08 00:00:00-04:00,33.787498042779944,33.89559900510256,33.210961104362084,33.28302764892578,1603500,0.0,0.0
2004-10-11 00:00:00-04:00,33.421147185483704,33.57128710583008,33.28301644272607,33.33106231689453,922400,0.0,0.0
2004-10-12 00:00:00-04:00,33.210961104362084,33.28302764892578,33.0668280152347,33.28302764892578,1479300,0.0,0.0
2004-10-13 00:00:00-04:00,33.63135326630139,33.68540374711754,32.772552454974864,32.826602935791016,1102800,0.0,0.0
2004-10-14 00:00:00-04:00,32.64044137571663,32.79058140465912,32.40622329711914,32.40622329711914,1608300,0.0,0.0
2004-10-15 00:00:00-04:00,32.4302414756567,32.57437689023524,32.322140487461475,32.34015655517578,2180800,0.0,0.0
2004-10-18 00:00:00-04:00,32.316134308248124,32.41222381626355,31.58945496974222,31.661523818969727,2399600,0.0,0.0
2004-10-19 00:00:00-04:00,31.82967878417348,32.23805975185056,31.661522723702156,31.757612228393555,1859300,0.0,0.0
2004-10-20 00:00:00-04:00,31.75760804594997,31.9197594933155,31.343220250142206,31.73958969116211,1833500,0.0,0.0
2004-10-21 00:00:00-04:00,31.649518103698195,32.28010575798884,31.643511219692144,32.11795425415039,1513300,0.0,0.0
2004-10-22 00:00:00-04:00,32.11793313542074,32.364162525799,31.94377026904371,32.1479606628418,1223100,0.0,0.0
2004-10-25 00:00:00-04:00,31.9798191106208,32.39420467435282,31.82967911479629,32.12995910644531,1684700,0.0,0.0
2004-10-26 00:00:00-04:00,32.0398727671952,32.74252910769085,31.86571212091218,32.658451080322266,1692200,0.0,0.0
2004-10-27 00:00:00-04:00,32.55034484039083,32.976741790771484,32.49629436140215,32.976741790771484,1479400,0.0,0.0
2004-10-28 00:00:00-04:00,33.01878457754686,33.29504159469004,32.88666066023738,33.03079605102539,1858500,0.0,0.0
2004-10-29 00:00:00-04:00,33.030799819935766,33.289040801804354,32.928705720150525,33.0848503112793,1373800,0.0,0.0
2004-11-01 00:00:00-05:00,33.18094223704675,33.51124980112504,33.15091469321322,33.505245208740234,1333400,0.0,0.0
2004-11-02 00:00:00-05:00,33.48721443925512,33.62534521341638,32.34615215977756,32.49629211425781,2853100,0.0,0.0
2004-11-03 00:00:00-05:00,33.3310667883948,33.73944760979918,33.18092684790654,33.565284729003906,2776800,0.0,0.0
2004-11-04 00:00:00-05:00,33.56528776035741,33.63735429683323,33.37310880245263,33.601322174072266,1719800,0.0,0.0
2004-11-05 00:00:00-05:00,33.631362945405336,34.225918405496,33.62535835289948,34.14183807373047,1743700,0.0,0.0
2004-11-08 00:00:00-05:00,34.201891711043515,34.43610973937424,34.003705815714724,34.35203170776367,1985300,0.0,0.0
2004-11-09 00:00:00-05:00,34.41207410619538,34.496152106815806,34.17785616419455,34.237911224365234,906200,0.0,0.0
2004-11-10 00:00:00-05:00,34.243927297253016,34.61627381036052,34.11781026246804,34.53820037841797,1340300,0.0,0.0
2004-11-11 00:00:00-05:00,34.622277705764496,34.88652322598769,34.59224787925499,34.82046127319336,1479000,0.0,0.0
2004-11-12 00:00:00-05:00,34.82046306487502,35.16878890991211,34.658311615387504,35.16878890991211,1548800,0.0,0.0
2004-11-15 00:00:00-05:00,34.98261462710271,35.204821151507254,34.89853660656879,35.00663757324219,1189000,0.0,0.0
2004-11-16 00:00:00-05:00,35.04268213084243,35.102739517492964,34.71237452260716,34.80846405029297,1071900,0.0,0.0
2004-11-17 00:00:00-05:00,34.86851225018587,35.28289779959927,34.790438813587606,34.826473236083984,1758000,0.0,0.0
2004-11-18 00:00:00-05:00,34.97661899575622,35.28290361915342,34.82647898035557,35.204830169677734,1345500,0.0,0.0
2004-11-19 00:00:00-05:00,35.174795122089684,35.282896093396865,34.95258858816019,35.04267120361328,1284800,0.0,0.0
2004-11-22 00:00:00-05:00,34.9225676081256,35.529132246858055,34.83848727724304,35.34896469116211,1531300,0.0,0.0
2004-11-23 00:00:00-05:00,35.34894937870497,35.53512144619771,35.33693790806774,35.45705032348633,2818400,0.0,0.0
2004-11-24 00:00:00-05:00,35.46305004627402,35.69126337515329,35.46305004627402,35.55313491821289,1676700,0.0,0.0
2004-11-26 00:00:00-05:00,35.5831689523883,35.799370851816185,35.553141419901955,35.75733184814453,886500,0.0,0.0
2004-11-29 00:00:00-05:00,35.64276000076235,36.24585240213305,35.64276000076235,36.2156982421875,2478200,0.25,0.0
2004-11-30 00:00:00-05:00,36.18552595765423,36.71021543986835,36.18552595765423,36.69212341308594,2691500,0.0,0.0
2004-12-01 00:00:00-05:00,36.69214256320817,37.06605921575086,36.66198840262835,37.041934967041016,1924000,0.0,0.0
2004-12-02 00:00:00-05:00,37.04191956849179,37.13841652321681,36.8489302602698,37.07810592651367,2217100,0.0,0.0
2004-12-03 00:00:00-05:00,36.96954732242808,37.25300136136187,36.96351741336336,37.16253662109375,1579200,0.0,0.0
2004-12-06 00:00:00-05:00,37.120319229584645,37.240938112744644,37.0358867015568,37.1565055847168,2020600,0.0,0.0
2004-12-07 00:00:00-05:00,36.94543365604859,36.94543365604859,36.25187888446555,36.31218719482422,3322500,0.0,0.0
2004-12-08 00:00:00-05:00,36.16745324169866,36.18554527814093,34.707968385827165,35.654823303222656,5090800,0.0,0.0
2004-12-09 00:00:00-05:00,35.1783649404478,35.61258970831272,35.11805434726247,35.59449768066406,2245700,0.0,0.0
2004-12-10 00:00:00-05:00,35.44372558810083,35.99856925642932,35.43769337831546,35.85382843017578,1729600,0.0,0.0
2004-12-13 00:00:00-05:00,36.179501550306725,36.595634333875026,35.980480022982235,36.4267692565918,1794900,0.0,0.0
2004-12-14 00:00:00-05:00,36.39661402301812,36.42073826361177,35.6729052101223,36.01063537597656,2821400,0.0,0.0
2004-12-15 00:00:00-05:00,35.883993053884815,35.97445782216567,35.582446893768136,35.811622619628906,2096500,0.0,0.0
2004-12-16 00:00:00-05:00,35.81161145131384,35.82970347908193,35.54021953172299,35.73923873901367,2034700,0.0,0.0
2004-12-17 00:00:00-05:00,35.37136468778143,35.82368391754531,35.37136468778143,35.54022979736328,2292000,0.0,0.0
2004-12-20 00:00:00-05:00,35.54624526313502,35.78145309954645,35.54624526313502,35.630680084228516,1283700,0.0,0.0
2004-12-21 00:00:00-05:00,35.40151627250706,35.47388669984245,34.677805097309886,34.73811340332031,3926800,0.0,0.0
2004-12-22 00:00:00-05:00,34.97934542518856,35.5221292916871,34.92506703853871,35.46181869506836,2594000,0.0,0.0
2004-12-23 00:00:00-05:00,35.461832081911986,35.66688358659461,35.37739951538648,35.5462646484375,1034000,0.0,0.0
2004-12-27 00:00:00-05:00,35.47989909671184,35.47989909671184,34.54510477129448,34.60541534423828,3316500,0.0,0.0
2004-12-28 00:00:00-05:00,34.75620200064767,34.828572416041546,34.22548025299321,34.231510162353516,4496600,0.0,0.0
2004-12-29 00:00:00-05:00,33.61635122453974,33.77315414221578,32.965010718931076,33.32083511352539,6284300,0.0,0.0
2004-12-30 00:00:00-05:00,33.489712741609466,33.652547929244655,33.20022873046283,33.53192901611328,2457400,0.0,0.0
2004-12-31 00:00:00-05:00,33.501773834228516,33.84553623069746,33.369095104411215,33.501773834228516,1957500,0.0,0.0
2005-01-03 00:00:00-05:00,33.41132316147257,33.55606406334279,32.62730112398416,32.693641662597656,5258500,0.0,0.0
2005-01-04 00:00:00-05:00,32.554923001195675,32.554923001195675,31.686470892787295,32.138790130615234,9493800,0.0,0.0
2005-01-05 00:00:00-05:00,32.13879739609496,33.17008493933389,31.764878418517753,32.94694137573242,6969900,0.0,0.0
2005-01-06 00:00:00-05:00,32.94693022147122,33.429403560759646,32.72981664363783,32.87455749511719,3024800,0.0,0.0
2005-01-07 00:00:00-05:00,32.87455156664837,33.17609763690079,32.66950014685217,33.03135681152344,2158100,0.0,0.0
2005-01-10 00:00:00-05:00,32.98915103801489,33.47162444374778,32.778067341334165,33.17007827758789,3109700,0.0,0.0
2005-01-11 00:00:00-05:00,33.01929586086642,33.4655850728999,32.814244433815475,33.230377197265625,3680200,0.0,0.0
2005-01-12 00:00:00-05:00,33.13991845438508,33.7490405936017,33.13991845438508,33.65254592895508,3046700,0.0,0.0
2005-01-13 00:00:00-05:00,33.62238707014012,33.76713019715167,33.36908947363735,33.38114929199219,2770900,0.0,0.0
2005-01-14 00:00:00-05:00,33.47160540308271,33.923924395016265,33.47160540308271,33.77315139770508,2538600,0.0,0.0
2005-01-18 00:00:00-05:00,33.7792032700697,34.18327636192894,33.68874079322828,34.092811584472656,2056700,0.0,0.0
2005-01-19 00:00:00-05:00,34.104866046630015,34.11692816762213,33.62239271001721,33.706825256347656,1468600,0.0,0.0
2005-01-20 00:00:00-05:00,33.441470287254724,33.785232732627826,33.17007827758789,33.17007827758789,2390100,0.0,0.0
2005-01-21 00:00:00-05:00,33.176105348874934,33.39321893802419,32.89868345190175,33.01930236816406,2256100,0.0,0.0
2005-01-24 00:00:00-05:00,33.10977087306607,33.21229546807845,32.84440876717098,32.850440979003906,1715700,0.0,0.0
2005-01-25 00:00:00-05:00,32.93486523493924,33.12182234355187,32.71172176629796,32.72378158569336,1496900,0.0,0.0
2005-01-26 00:00:00-05:00,32.9288357255475,33.33290872686112,32.85646530016832,33.30878448486328,1846000,0.0,0.0
2005-01-27 00:00:00-05:00,33.773177836176615,34.551167663479035,33.622404720836535,34.0144157409668,3929400,0.0,0.0
2005-01-28 00:00:00-05:00,34.37626263736851,34.43054103882052,33.41131583446017,34.00234603881836,3091800,0.0,0.0
2005-01-31 00:00:00-05:00,34.88889092705141,34.96729357537476,34.460695918065305,34.864768981933594,3740500,0.0,0.0
2005-02-01 00:00:00-05:00,34.864767927705344,35.491982193482535,34.70796263580008,35.41358184814453,2934300,0.0,0.0
2005-02-02 00:00:00-05:00,35.34120721016449,35.72718820758618,35.31105305584165,35.510074615478516,1737700,0.0,0.0
2005-02-03 00:00:00-05:00,35.250746854180896,35.498014615390936,35.11203589551328,35.17234420776367,1674500,0.0,0.0
2005-02-04 00:00:00-05:00,34.97935378699181,35.14821889666338,34.768272399902344,34.768272399902344,2536500,0.0,0.0
2005-02-07 00:00:00-05:00,34.73812650035452,35.13013753906226,34.61750984285854,35.06379699707031,1827800,0.0,0.0
2005-02-08 00:00:00-05:00,35.14821601632891,35.44976214495387,35.130123984808016,35.40151596069336,1455900,0.0,0.0
2005-02-09 00:00:00-05:00,35.34121015116062,35.431674922271874,35.148220786696996,35.25074768066406,1196200,0.0,0.0
2005-02-10 00:00:00-05:00,35.25075403854224,36.08905217299306,35.166321463937855,36.00461959838867,2720300,0.0,0.0
2005-02-11 00:00:00-05:00,35.97444373892913,36.22171140140014,35.66686548767633,35.998565673828125,2194600,0.0,0.0
2005-02-14 00:00:00-05:00,35.91414838850606,36.1795104905115,35.80559158325195,35.80559158325195,1018500,0.0,0.0
2005-02-15 00:00:00-05:00,35.73320879474778,36.23980627728015,35.612589908313616,36.16140365600586,1735200,0.0,0.0
2005-02-16 00:00:00-05:00,35.97444544592596,36.330269884474426,35.97444544592596,36.155372619628906,1361200,0.0,0.0
2005-02-17 00:00:00-05:00,36.064916643545345,36.143319281421,35.763370513916016,35.763370513916016,1862000,0.0,0.0
2005-02-18 00:00:00-05:00,35.85383821709376,35.85383821709376,35.61260037333593,35.6970329284668,1070700,0.0,0.0
2005-02-22 00:00:00-05:00,35.58244440762893,35.92620682209415,35.365330819416265,35.3834228515625,1472500,0.0,0.0
2005-02-23 00:00:00-05:00,35.431669323924226,35.62465865789475,35.31105041503906,35.31105041503906,2265700,0.0,0.0
2005-02-24 00:00:00-05:00,35.371371122245286,35.79353397299625,35.371371122245286,35.727195739746094,2161200,0.0,0.0
2005-02-25 00:00:00-05:00,35.79985421975024,36.33888057867572,35.733232569031124,36.22380828857422,1771000,0.25,0.0
2005-02-28 00:00:00-05:00,36.217752631039836,36.36310917840845,35.842251490019834,35.866477966308594,1816300,0.0,0.0
2005-03-01 00:00:00-05:00,35.91493025661359,36.223812067559614,35.83619536024405,36.03606033325195,1407800,0.0,0.0
2005-03-02 00:00:00-05:00,35.6121011908925,36.411556349293235,35.59393249059003,36.17535400390625,1995500,0.0,0.0
2005-03-03 00:00:00-05:00,36.19958362844475,36.54480282641946,35.920986084529005,36.15113067626953,1261200,0.0,0.0
2005-03-04 00:00:00-05:00,36.308605229833574,36.36916911764412,36.060289593227594,36.302547454833984,1392600,0.0,0.0
2005-03-07 00:00:00-05:00,36.03605974188874,36.58114392263435,35.945211608309805,36.19352722167969,2331500,0.0,0.0
2005-03-08 00:00:00-05:00,36.072391152714616,36.653812604744246,36.02393820986374,36.59930419921875,2683400,0.0,0.0
2005-03-09 00:00:00-05:00,36.460022662174005,36.66594314575195,36.36917450663258,36.66594314575195,1947600,0.0,0.0
2005-03-10 00:00:00-05:00,36.5205941958634,36.85370031856427,36.47819899717593,36.65989303588867,2150200,0.0,0.0
2005-03-11 00:00:00-05:00,36.42973791844269,36.55086570271742,35.9997259669556,36.03001022338867,3969800,0.0,0.0
2005-03-14 00:00:00-05:00,36.09663320441085,36.3388934180101,35.975505407975845,36.26621627807617,2349100,0.0,0.0
2005-03-15 00:00:00-05:00,36.36917583988325,36.55086984726222,36.21776378200666,36.33889389038086,2800000,0.0,0.0
2005-03-16 00:00:00-05:00,36.33888713796726,36.51452564695485,36.18747510822573,36.3086051940918,2337000,0.0,0.0
2005-03-17 00:00:00-05:00,36.308603022486494,36.61748252812498,36.21775488592948,36.47818374633789,2244600,0.0,0.0
2005-03-18 00:00:00-05:00,36.4781860417712,36.781010102198024,36.41762215383153,36.671993255615234,5447000,0.0,0.0
2005-03-21 00:00:00-05:00,36.581147309699396,36.64171119745032,36.21170158747179,36.3086051940918,2184200,0.0,0.0
2005-03-22 00:00:00-05:00,36.2480627413026,36.678074943337094,36.2480627413026,36.27834701538086,2345000,0.0,0.0
2005-03-23 00:00:00-05:00,36.36918120113115,36.50242457102088,36.19960041062784,36.33284378051758,1867400,0.0,0.0
2005-03-24 00:00:00-05:00,36.44790349644278,36.69016366493284,36.23592758178711,36.23592758178711,1743700,0.0,0.0
2005-03-28 00:00:00-05:00,36.27831658831251,36.708326119327005,36.27225881443129,36.46001052856445,1695200,0.0,0.0
2005-03-29 00:00:00-05:00,36.520583888407785,36.64171398348392,36.35100314151984,36.57509231567383,2666000,0.0,0.0
2005-03-30 00:00:00-05:00,36.502412617401255,37.229190826416016,36.49635484237277,37.229190826416016,2959200,0.0,0.0
2005-03-31 00:00:00-05:00,37.065671117511734,37.07172658308456,36.369174748043115,36.98088073730469,2428600,0.0,0.0
2005-04-01 00:00:00-05:00,37.0353874058092,37.241307880950934,36.496358580905486,37.04144287109375,2404600,0.0,0.0
2005-04-04 00:00:00-04:00,37.34426589974424,37.55018636902119,36.91425625548968,37.307926177978516,3807600,0.0,0.0
2005-04-05 00:00:00-04:00,37.15651573845185,37.91357598015107,37.12623379085679,37.85301208496094,2590000,0.0,0.0
2005-04-06 00:00:00-04:00,37.85301230863396,38.14372316592052,37.592583399121395,37.61075210571289,2572600,0.0,0.0
2005-04-07 00:00:00-04:00,37.56836411511604,37.58653513555375,36.97482904563496,37.3503303527832,2471800,0.0,0.0
2005-04-08 00:00:00-04:00,37.21707871624542,37.39271723157435,36.944536590797824,37.138343811035156,1080800,0.0,0.0
2005-04-11 00:00:00-04:00,37.03537580685504,37.76215155233758,36.97480962115567,37.70158767700195,1692300,0.0,0.0
2005-04-12 00:00:00-04:00,37.58047012145847,37.93780264971968,37.16862916311115,37.6168098449707,1877900,0.0,0.0
2005-04-13 00:00:00-04:00,37.55017940160794,37.84089019069929,37.38665414955081,37.5198974609375,1548600,0.0,0.0
2005-04-14 00:00:00-04:00,37.489632437885575,37.659213230456444,36.823417890679266,36.95060348510742,2432400,0.0,0.0
2005-04-15 00:00:00-04:00,36.714395328183954,36.72045310433312,35.91493984347974,35.920997619628906,2515300,0.0,0.0
2005-04-18 00:00:00-04:00,35.6363446543558,36.0663543758536,35.581836217097994,35.878604888916016,2142400,0.0,0.0
2005-04-19 00:00:00-04:00,35.89070179818603,36.030002880367896,35.53942713672422,35.55154037475586,1985800,0.0,0.0
2005-04-20 00:00:00-04:00,35.5515556682365,35.75141840582518,35.36380386352539,35.36380386352539,1428400,0.0,0.0
2005-04-21 00:00:00-04:00,35.702969016646456,35.98762215672039,35.58183889026617,35.96339797973633,1726000,0.0,0.0
2005-04-22 00:00:00-04:00,35.8543626365722,35.981548164122806,35.297165266254986,35.61210250854492,1169400,0.0,0.0
2005-04-25 00:00:00-04:00,35.73325229788425,36.33890064191618,35.69691256551091,36.1874885559082,1773200,0.0,0.0
2005-04-26 00:00:00-04:00,36.30860698707937,36.59931782129526,35.53943356076546,36.24198532104492,2536600,0.0,0.0
2005-04-27 00:00:00-04:00,36.241983567023446,36.37522689264371,36.06634505786296,36.302547454833984,1903200,0.0,0.0
2005-04-28 00:00:00-04:00,36.30255149024411,36.78707188804488,36.21776111373833,36.6235466003418,2231100,0.0,0.0
2005-04-29 00:00:00-04:00,36.73255546571005,37.011153016566794,36.46606884283492,36.914249420166016,1817600,0.0,0.0
2005-05-02 00:00:00-04:00,36.944539075301606,37.471452346358774,36.914257128296384,37.465396881103516,1711200,0.0,0.0
2005-05-03 00:00:00-04:00,37.47146085830363,37.974150072165216,37.398783706909,37.79851150512695,2303800,0.0,0.0
2005-05-04 00:00:00-04:00,37.82272758360854,38.82204564895972,37.79244563805808,38.688804626464844,3437800,0.0,0.0
2005-05-05 00:00:00-04:00,38.47077288945123,38.7917679977231,38.01047897623155,38.385982513427734,2655400,0.0,0.0
2005-05-06 00:00:00-04:00,38.33752888501167,38.62823973077901,38.14372165450012,38.17400360107422,1389400,0.0,0.0
2005-05-09 00:00:00-04:00,38.12554360251069,38.5192134321984,37.88328346857681,38.428367614746094,2153600,0.0,0.0
2005-05-10 00:00:00-04:00,38.428378433132934,38.749371237152175,38.30724833206536,38.585845947265625,2439800,0.0,0.0
2005-05-11 00:00:00-04:00,38.51921192969193,39.336835806689194,38.33751799151074,39.040069580078125,3900000,0.0,0.0
2005-05-12 00:00:00-04:00,39.06430907967468,39.36713318106751,38.967403149279015,39.215721130371094,2861000,0.0,0.0
2005-05-13 00:00:00-04:00,39.21571524266589,39.336843016745696,38.61612259536835,38.773590087890625,2520500,0.0,0.0
2005-05-16 00:00:00-04:00,38.5797863102912,39.161210270473994,38.5797863102912,39.06430435180664,1760700,0.0,0.0
2005-05-17 00:00:00-04:00,38.67062240265657,39.2520439060194,38.65851147623806,39.24599075317383,1373700,0.0,0.0
2005-05-18 00:00:00-04:00,39.252060631866236,39.34896656741668,39.17332802477849,39.27022933959961,1694500,0.0,0.0
2005-05-19 00:00:00-04:00,39.30656542533755,39.30656542533755,38.979514873459614,39.22177505493164,1174300,0.0,0.0
2005-05-20 00:00:00-04:00,39.27628093883087,39.27628093883087,39.06430501406307,39.088531494140625,1480600,0.0,0.0
2005-05-23 00:00:00-04:00,39.15515269227813,39.23388528604489,38.985571954486005,39.20360565185547,1495900,0.0,0.0
2005-05-24 00:00:00-04:00,39.33079803221532,39.51248973107544,39.28234506422755,39.40953063964844,2772800,0.0,0.0
2005-05-25 00:00:00-04:00,39.33685097815489,39.54883155679003,39.136990572546175,39.27628707885742,2117300,0.0,0.0
2005-05-26 00:00:00-04:00,39.42770024886768,39.64573398906805,39.33079893140611,39.560943603515625,2643300,0.0,0.0
2005-05-27 00:00:00-04:00,39.62174887676061,39.79198121726706,39.60959141178875,39.7615852355957,1374100,0.25,0.0
2005-05-31 00:00:00-04:00,39.76157235253903,39.76157235253903,39.42718419311472,39.45150375366211,1887500,0.0,0.0
2005-06-01 00:00:00-04:00,39.34814192947707,39.53661269127051,39.21438669008261,39.433258056640625,1470300,0.0,0.0
2005-06-02 00:00:00-04:00,39.57309507827371,39.725088845767736,39.53053700891465,39.62781524658203,1565600,0.0,0.0
2005-06-03 00:00:00-04:00,39.62781020094344,39.73724588514443,39.37246181730149,39.55485153198242,1366600,0.0,0.0
2005-06-06 00:00:00-04:00,39.48798077524226,39.536619896337044,39.31167207861696,39.45150375366211,997200,0.0,0.0
2005-06-07 00:00:00-04:00,39.51836825644188,39.664280932768094,39.384613037109375,39.384613037109375,1964000,0.0,0.0
2005-06-08 00:00:00-04:00,39.427184304636256,39.609578690016676,39.28735262919558,39.323829650878906,2506700,0.0,0.0
2005-06-09 00:00:00-04:00,39.43935202980436,39.670380930889145,39.366393337549,39.63998031616211,1736100,0.0,0.0
2005-06-10 00:00:00-04:00,39.51837237791534,39.700766721205746,39.45757580964548,39.60956954956055,1573800,0.0,0.0
2005-06-13 00:00:00-04:00,39.52446431074362,39.75549318918337,39.244796308901144,39.26303482055664,1671500,0.0,0.0
2005-06-14 00:00:00-04:00,39.214383030408335,39.263022138100006,39.00767378043967,39.1900634765625,2377100,0.0,0.0
2005-06-15 00:00:00-04:00,39.20224098481412,39.32991521383852,38.83745449143426,39.05024719238281,2190000,0.0,0.0
2005-06-16 00:00:00-04:00,39.0928027406784,39.11711766403048,38.91040834616291,39.01984405517578,2786100,0.0,0.0
2005-06-17 00:00:00-04:00,39.15359358648704,39.481900665399024,39.05631535341025,39.311668395996094,2343200,0.0,0.0
2005-06-20 00:00:00-04:00,39.299493969982414,39.57308079734842,39.117099659418415,39.36029052734375,1499500,0.0,0.0
2005-06-21 00:00:00-04:00,39.366380436943395,39.49405462768873,39.25086370501527,39.433258056640625,1384600,0.0,0.0
2005-06-22 00:00:00-04:00,39.41502041035425,39.63996819199524,39.30558472468418,39.408939361572266,1573900,0.0,0.0
2005-06-23 00:00:00-04:00,39.39071135413417,39.51838558170332,39.068485260009766,39.068485260009766,1903700,0.0,0.0
2005-06-24 00:00:00-04:00,39.03199738298929,39.256949827269494,38.60641669216906,38.61249542236328,3226700,0.0,0.0
2005-06-27 00:00:00-04:00,38.545622027694066,38.74017387294342,38.223393649616554,38.60641860961914,1398000,0.0,0.0
2005-06-28 00:00:00-04:00,38.60642398709185,39.1657600402832,38.576025691895154,39.1657600402832,1470400,0.0,0.0
2005-06-29 00:00:00-04:00,39.09280318584508,39.177919333992996,38.66721780662331,39.00160598754883,1670600,0.0,0.0
2005-06-30 00:00:00-04:00,39.092796911658034,39.65213283499736,39.092796911658034,39.4393424987793,2688900,0.0,0.0
2005-07-01 00:00:00-04:00,39.43934477665146,39.43934477665146,39.12927618969303,39.24479293823242,1217800,0.0,0.0
2005-07-05 00:00:00-04:00,39.27520608581323,39.27520608581323,38.81314584729718,38.89826202392578,1817500,0.0,0.0
2005-07-06 00:00:00-04:00,38.898244486231036,39.025921012851455,38.24771135045024,38.30242919921875,1497200,0.0,0.0
2005-07-07 00:00:00-04:00,38.302426515326864,38.691530159642156,37.919401600786216,38.20515060424805,2206800,0.0,0.0
2005-07-08 00:00:00-04:00,38.1869167187158,38.247713300785044,37.90116768066026,37.998443603515625,2459800,0.0,0.0
2005-07-11 00:00:00-04:00,37.75525706459445,37.89509339438706,37.50598733809133,37.55462646484375,3269800,0.0,0.0
2005-07-12 00:00:00-04:00,37.78565931835666,37.80997656354704,37.47559066995583,37.62150573730469,1874500,0.0,0.0
2005-07-13 00:00:00-04:00,37.45125988001813,37.51205877287372,37.22023104488872,37.37830352783203,2087100,0.0,0.0
2005-07-14 00:00:00-04:00,37.78565412079903,37.864689215468495,37.32967278701259,37.481666564941406,1957100,0.0,0.0
2005-07-15 00:00:00-04:00,37.48164958054876,37.627562242466766,37.32965587149421,37.54244613647461,2245300,0.0,0.0
2005-07-18 00:00:00-04:00,37.475581359382815,37.475581359382815,37.04391963454979,37.37222671508789,1783200,0.0,0.0
2005-07-19 00:00:00-04:00,37.433028752141276,37.51814489968013,37.39654940923558,37.439109802246094,1864800,0.0,0.0
2005-07-20 00:00:00-04:00,37.39045242742005,37.682280070496006,37.171581115303105,37.54244613647461,1878000,0.0,0.0
2005-07-21 00:00:00-04:00,37.54854187906765,37.80997136264448,37.33575151766371,37.481666564941406,1741200,0.0,0.0
2005-07-22 00:00:00-04:00,37.57285871574089,37.76133182163316,37.48166384714075,37.694454193115234,1576600,0.0,0.0
2005-07-25 00:00:00-04:00,37.694465503290765,38.19908607407075,37.51207339212315,38.00453186035156,2005200,0.0,0.0
2005-07-26 00:00:00-04:00,39.487988352418164,39.66430172135735,38.56386806670127,38.904335021972656,3978200,0.0,0.0
2005-07-27 00:00:00-04:00,39.21439084772747,39.23871040642137,38.79488889684125,38.94688034057617,2309300,0.0,0.0
2005-07-28 00:00:00-04:00,39.03200340707576,39.06848507083486,38.25379594462297,38.36323165893555,3260500,0.0,0.0
2005-07-29 00:00:00-04:00,38.3024252181805,38.387541347586854,37.864682473530024,37.93764114379883,2128300,0.0,0.0
2005-08-01 00:00:00-04:00,38.51521272314133,38.51521272314133,37.518134161506715,37.96803665161133,1775900,0.0,0.0
2005-08-02 00:00:00-04:00,38.089639293554455,38.351068760774794,38.07139846426037,38.2841911315918,2468300,0.0,0.0
2005-08-03 00:00:00-04:00,38.30243580082736,38.3328340955512,38.05924480455419,38.272037506103516,1106100,0.0,0.0
2005-08-04 00:00:00-04:00,38.15044271620535,38.363233102463774,38.12004442091718,38.19300079345703,1819400,0.0,0.0
2005-08-05 00:00:00-04:00,38.12004019182745,38.38754840762335,38.1017993612852,38.19907760620117,1360900,0.0,0.0
2005-08-08 00:00:00-04:00,38.199080145734385,38.62466089932998,38.199080145734385,38.42403030395508,1644900,0.0,0.0
2005-08-09 00:00:00-04:00,38.472679750740866,38.636833375021496,38.04101780498918,38.156532287597656,1761200,0.0,0.0
2005-08-10 00:00:00-04:00,38.174742843487245,38.37537334563126,37.913313462481334,38.08354568481445,1923300,0.0,0.0
2005-08-11 00:00:00-04:00,38.05923987562531,38.3936280320057,37.98020478342715,38.36930847167969,1439100,0.0,0.0
2005-08-12 00:00:00-04:00,38.27202413109702,38.39361958673938,37.785644627767994,37.96803665161133,1463100,0.0,0.0
2005-08-15 00:00:00-04:00,37.90724993348882,38.21123751056328,37.876851639629606,38.07140350341797,1086300,0.0,0.0
2005-08-16 00:00:00-04:00,37.89508808760006,38.24771243020913,37.89508808760006,38.022762298583984,1484700,0.0,0.0
2005-08-17 00:00:00-04:00,38.05923048508376,38.30242138985837,37.99843391851028,38.247703552246094,668800,0.0,0.0
2005-08-18 00:00:00-04:00,38.24771024865825,38.29026831655882,38.05923714849803,38.089637756347656,1402800,0.0,0.0
2005-08-19 00:00:00-04:00,38.27201835505939,38.284178130712505,37.93763264193892,37.9741096496582,1137300,0.0,0.0
2005-08-22 00:00:00-04:00,38.00452520229565,38.33283233642578,37.99236774035701,38.33283233642578,1274700,0.0,0.0
2005-08-23 00:00:00-04:00,38.351073167815976,38.496985903490845,38.02276603368585,38.33283233642578,1378600,0.0,0.0
2005-08-24 00:00:00-04:00,38.33282955584077,38.338910605610096,37.682296384979296,37.87076950073242,1917100,0.0,0.0
2005-08-25 00:00:00-04:00,37.99843124031148,37.99843124031148,37.512051784283535,37.7248420715332,2476900,0.0,0.0
2005-08-26 00:00:00-04:00,37.63366048683326,37.670137509361474,37.36614995234098,37.54854202270508,1488400,0.0,0.0
2005-08-29 00:00:00-04:00,37.457343129094376,38.241631498694474,37.45126207983132,38.1017951965332,2001800,0.0,0.0
2005-08-30 00:00:00-04:00,38.1018006632534,38.15673767020885,37.7843894325441,38.00413513183594,2098400,0.25,0.0
2005-08-31 00:00:00-04:00,38.01635418792515,38.01635418792515,37.4425693223254,37.991939544677734,2218400,0.0,0.0
2005-09-01 00:00:00-04:00,38.21167289382853,38.223881375752185,37.698928295684105,37.73555374145508,1578200,0.0,0.0
2005-09-02 00:00:00-04:00,37.69893343228416,37.90036991867611,37.570747847414815,37.58906173706055,1286300,0.0,0.0
2005-09-06 00:00:00-04:00,37.69283143826052,38.08349361015701,37.668414470384434,37.93699645996094,1356500,0.0,0.0
2005-09-07 00:00:00-04:00,38.2116653073883,38.388684767341616,38.120105203933726,38.3764762878418,1586400,0.0,0.0
2005-09-08 00:00:00-04:00,38.419222660799164,38.419222660799164,38.23610004023705,38.303245544433594,1123500,0.0,0.0
2005-09-09 00:00:00-04:00,38.33376559310554,38.45584811632377,38.23610004023705,38.303245544433594,1104900,0.0,0.0
2005-09-12 00:00:00-04:00,38.48635428970983,38.57791673124559,38.132317661399455,38.29102325439453,1402200,0.0,0.0
2005-09-13 00:00:00-04:00,38.27271242207648,38.76104001960973,38.09569294030516,38.168941497802734,1568700,0.0,0.0
2005-09-14 00:00:00-04:00,38.27271334486395,38.345961904127606,37.77217725425782,37.961402893066406,1489800,0.0,0.0
2005-09-15 00:00:00-04:00,37.96749760529444,38.303222596610716,37.90645521599117,38.071266174316406,1041700,0.0,0.0
2005-09-16 00:00:00-04:00,38.08348421023073,38.40089772868383,37.85152772972083,38.0773811340332,4480500,0.0,0.0
2005-09-19 00:00:00-04:00,38.13842431318117,38.13842431318117,37.845427732738386,37.96751022338867,1793500,0.0,0.0
2005-09-20 00:00:00-04:00,37.955302056939075,37.955302056939075,37.54022298239605,37.60736846923828,1900800,0.0,0.0
2005-09-21 00:00:00-04:00,37.61347542215654,37.75386948705382,36.935919735695244,36.9664421081543,2526300,0.0,0.0
2005-09-22 00:00:00-04:00,36.96643700175342,36.990851636405985,36.514732496999244,36.880977630615234,2998300,0.0,0.0
2005-09-23 00:00:00-04:00,36.972533323489294,37.65008879256788,36.972533323489294,37.41202926635742,1658900,0.0,0.0
2005-09-26 00:00:00-04:00,37.54022753883447,37.83322415727493,37.30216793188473,37.48529052734375,1209200,0.0,0.0
2005-09-27 00:00:00-04:00,37.41813857505868,37.784386031303086,37.40593009366422,37.601261138916016,1732100,0.0,0.0
2005-09-28 00:00:00-04:00,37.79049416568666,37.79659724293587,37.296061081419225,37.49749755859375,1550100,0.0,0.0
2005-09-29 00:00:00-04:00,37.57073573706002,37.57073573706002,36.95422265008097,37.204490661621094,1738000,0.0,0.0
2005-09-30 00:00:00-04:00,37.17398431523101,37.41814701258786,37.003067865697936,37.25944137573242,2465300,0.0,0.0
2005-10-03 00:00:00-04:00,37.357104943375454,37.55853909982133,37.05800291891928,37.48529052734375,1525300,0.0,0.0
2005-10-04 00:00:00-04:00,37.49139973657818,37.66231620501958,36.911511810871836,36.94203186035156,2036400,0.0,0.0
2005-10-05 00:00:00-04:00,36.78940933392824,37.00915729666418,36.62459836187628,36.685638427734375,2377300,0.0,0.0
2005-10-06 00:00:00-04:00,36.77720469540797,37.10072126959083,36.63681066645069,36.917598724365234,1784300,0.0,0.0
2005-10-07 00:00:00-04:00,37.021380889411844,37.039692450939064,36.630716391432955,36.8260498046875,1412100,0.0,0.0
2005-10-10 00:00:00-04:00,36.728385520254484,37.09463308627368,36.6673454235165,36.9115104675293,1015500,0.0,0.0
2005-10-11 00:00:00-04:00,36.868770708507284,37.05799634789892,36.33160917234936,36.36212921142578,1614900,0.0,0.0
2005-10-12 00:00:00-04:00,36.37432970708599,36.691743166560705,35.99587618285928,36.313289642333984,1514500,0.0,0.0
2005-10-13 00:00:00-04:00,36.31939342132337,36.594078375089644,35.70898344785574,36.19120788574219,1296800,0.0,0.0
2005-10-14 00:00:00-04:00,36.38044492577157,37.16177152086986,36.22173930732363,37.06410598754883,1802700,0.0,0.0
2005-10-17 00:00:00-04:00,36.99084783560795,37.39982377703577,36.67343666097054,37.344886779785156,1491500,0.0,0.0
2005-10-18 00:00:00-04:00,37.20449501110854,37.350992126998975,36.89318456491444,37.167869567871094,1695400,0.0,0.0
2005-10-19 00:00:00-04:00,37.54021683126458,38.32154092424928,37.23501181637625,38.278812408447266,2367800,0.0,0.0
2005-10-20 00:00:00-04:00,38.12012364069773,38.370391770162534,37.40594237998612,37.62569046020508,1897700,0.0,0.0
2005-10-21 00:00:00-04:00,37.62569029877479,37.87595842716585,37.05800853682159,37.112945556640625,2831100,0.0,0.0
2005-10-24 00:00:00-04:00,37.11293535352522,38.107904515140994,37.07631223606798,38.0590705871582,2041000,0.0,0.0
2005-10-25 00:00:00-04:00,37.906468148513355,37.912573553791184,37.10072696304854,37.37541198730469,2892900,0.0,0.0
2005-10-26 00:00:00-04:00,37.44865192224475,37.46086040145756,36.55135082113164,36.667327880859375,2678600,0.0,0.0
2005-10-27 00:00:00-04:00,36.67344029240347,36.90539445618144,36.47810691620291,36.514732360839844,2186500,0.0,0.0
2005-10-28 00:00:00-04:00,36.86876750640215,37.442552108205874,36.75889351244597,37.43034362792969,1488100,0.0,0.0
2005-10-31 00:00:00-05:00,37.4303528300527,37.650100871989345,36.84435960390837,36.9664421081543,2158000,0.0,0.0
2005-11-01 00:00:00-05:00,36.92981078020071,37.18618190263346,36.53914869161954,36.594085693359375,2480800,0.0,0.0
2005-11-02 00:00:00-05:00,36.68564479768853,36.813832683895384,36.53304227801674,36.612396240234375,3093400,0.0,0.0
2005-11-03 00:00:00-05:00,36.60629653930664,36.82604456046078,36.52083949297556,36.60629653930664,2190200,0.0,0.0
2005-11-04 00:00:00-05:00,36.600197539749246,36.777217068719814,35.94095568943616,36.11186981201172,3212800,0.0,0.0
2005-11-07 00:00:00-05:00,36.16679140496552,36.46589332046243,36.16068832970323,36.42926788330078,2810600,0.0,0.0
2005-11-08 00:00:00-05:00,36.27667226682724,36.49031486945861,36.24004682272055,36.319400787353516,2363200,0.0,0.0
2005-11-09 00:00:00-05:00,36.3194073812587,36.55746698984834,36.081347772669055,36.160701751708984,2243800,0.0,0.0
2005-11-10 00:00:00-05:00,36.166807265267494,36.25836973406004,35.94705920298963,36.11797332763672,2784400,0.0,0.0
2005-11-11 00:00:00-05:00,36.04471117169657,36.31939614607021,36.04471117169657,36.25225067138672,1945200,0.0,0.0
2005-11-14 00:00:00-05:00,36.31940231944309,36.514733372525775,36.014197257935166,36.496421813964844,2059400,0.0,0.0
2005-11-15 00:00:00-05:00,36.34993342559028,36.95424065589323,36.34993342559028,36.62461853027344,2322000,0.0,0.0
2005-11-16 00:00:00-05:00,36.880977630615234,37.13124801043955,36.655126542503034,36.880977630615234,1500900,0.0,0.0
2005-11-17 00:00:00-05:00,36.862664431933894,37.21059799194336,36.862664431933894,37.21059799194336,1277400,0.0,0.0
2005-11-18 00:00:00-05:00,37.23502015567477,37.23502015567477,36.60019302368164,36.60019302368164,2288600,0.0,0.0
2005-11-21 00:00:00-05:00,36.68564281277776,37.82711127470395,36.67343666097054,37.344886779785156,2906700,0.0,0.0
2005-11-22 00:00:00-05:00,37.204501131893174,37.35099827188492,36.899296040291965,36.9908561706543,2447700,0.0,0.0
2005-11-23 00:00:00-05:00,36.99084296989424,37.051885363548585,36.618494846984255,36.679534912109375,3113300,0.0,0.0
2005-11-25 00:00:00-05:00,36.8626696160647,37.14345773406416,36.783315642358765,37.02137756347656,1471300,0.0,0.0
2005-11-28 00:00:00-05:00,37.20449905669442,37.22281061603948,36.77721148658003,36.850460052490234,2262700,0.0,0.0
2005-11-29 00:00:00-05:00,37.114246202685074,37.50685934180871,37.05290127725659,37.3596305847168,3651200,0.3,0.0
2005-11-30 00:00:00-05:00,37.43324434603755,37.56820598794555,37.08357312851125,37.17559051513672,2350200,0.0,0.0
2005-12-01 00:00:00-05:00,37.88107900342608,38.27369224134376,37.77065623774179,37.97309875488281,2924400,0.0,0.0
2005-12-02 00:00:00-05:00,37.88105224179226,38.01601382454065,37.62340086399024,37.807437896728516,1482000,0.0,0.0
2005-12-05 00:00:00-05:00,37.819725252259566,37.99762647538835,37.58047442223868,37.73997497558594,2546100,0.0,0.0
2005-12-06 00:00:00-05:00,37.75225208430543,38.402516862424456,37.74611618630841,38.071250915527344,1960800,0.0,0.0
2005-12-07 00:00:00-05:00,38.16938462502519,38.21846008300781,37.917866759948915,38.21846008300781,1867600,0.0,0.0
2005-12-08 00:00:00-05:00,38.23686752258772,38.347287894138695,37.91786883766729,38.267539978027344,1737200,0.0,0.0
2005-12-09 00:00:00-05:00,38.310495739068145,38.70924248431088,38.29822628442325,38.598819732666016,1664500,0.0,0.0
2005-12-12 00:00:00-05:00,38.61721735754374,38.68469817450839,38.034431249400214,38.11418151855469,1616000,0.0,0.0
2005-12-13 00:00:00-05:00,38.07736759981157,38.84419069847083,38.071234044691984,38.72763442993164,1846100,0.0,0.0
2005-12-14 00:00:00-05:00,38.727634002378295,39.16932251102209,38.727634002378295,38.75217056274414,1674000,0.0,0.0
2005-12-15 00:00:00-05:00,38.923948860338,39.18160035053328,38.893276398194594,39.10185241699219,1144400,0.0,0.0
2005-12-16 00:00:00-05:00,39.31655212179033,39.433110731833494,38.90553605944007,39.1447868347168,2284900,0.0,0.0
2005-12-19 00:00:00-05:00,38.64789272849765,38.739912456771926,38.304355061787135,38.42091369628906,2119700,0.0,0.0
2005-12-20 00:00:00-05:00,38.40250285720818,38.79511828025278,38.27367712816593,38.50065612792969,1572600,0.0,0.0
2005-12-21 00:00:00-05:00,38.50065814323072,38.83192632681537,38.494524587308945,38.672428131103516,1789500,0.0,0.0
2005-12-22 00:00:00-05:00,38.67243375938054,38.9668936298133,38.647894851804715,38.95462417602539,1411500,0.0,0.0
2005-12-23 00:00:00-05:00,38.954620017809525,39.10798466354893,38.77058291095399,38.99142837524414,879500,0.0,0.0
2005-12-27 00:00:00-05:00,39.03436312973651,39.26134210855727,38.966882323562096,38.997554779052734,1391700,0.0,0.0
2005-12-28 00:00:00-05:00,38.997555768404844,39.163189840446385,38.862594152632084,39.1447868347168,886000,0.0,0.0
2005-12-29 00:00:00-05:00,39.10797978871069,39.193863605193876,38.96688461303711,38.96688461303711,850800,0.0,0.0
2005-12-30 00:00:00-05:00,38.81351737108812,39.107977153542855,38.78897847084397,39.03436279296875,1048300,0.0,0.0
2006-01-03 00:00:00-05:00,38.83192588928169,39.12025215768914,38.35342896737884,38.98529052734375,2379500,0.0,0.0
2006-01-04 00:00:00-05:00,39.040501409690926,39.721440768722985,39.03436785391382,39.555809020996094,2552000,0.0,0.0
2006-01-05 00:00:00-05:00,39.41472479429191,39.61716730561693,39.20001516727393,39.58035659790039,1747900,0.0,0.0
2006-01-06 00:00:00-05:00,39.50672375283522,40.26741089409814,39.47604895926707,40.163124084472656,2449100,0.0,0.0
2006-01-09 00:00:00-05:00,40.15086646061857,40.42692565917969,40.12019633654603,40.42692565917969,2286400,0.0,0.0
2006-01-10 00:00:00-05:00,39.96682516483976,40.45145797729492,39.87480544697559,40.45145797729492,1607500,0.0,0.0
2006-01-11 00:00:00-05:00,40.45146715086196,40.7029827777242,40.24902466171442,40.64777374267578,1788200,0.0,0.0
2006-01-12 00:00:00-05:00,40.46373020751718,40.78886252882479,40.15086499932852,40.561885833740234,2019200,0.0,0.0
2006-01-13 00:00:00-05:00,40.0281754440652,40.4944053114506,39.88094668395535,40.35944366455078,2189200,0.0,0.0
2006-01-17 00:00:00-05:00,40.028167739758246,40.46372271980953,40.00362883774334,40.31649398803711,1655300,0.0,0.0
2006-01-18 00:00:00-05:00,40.322642568132956,40.322642568132956,39.97910251217205,40.09566116333008,1745800,0.0,0.0
2006-01-19 00:00:00-05:00,40.02817103637563,40.242880596292714,39.87480639638952,40.17539978027344,1532200,0.0,0.0
2006-01-20 00:00:00-05:00,40.175395665575685,40.261279480746445,39.72757358365917,39.801185607910156,1592900,0.0,0.0
2006-01-23 00:00:00-05:00,40.08951867923767,40.3839808673509,39.96682883104248,40.12019348144531,1875500,0.0,0.0
2006-01-24 00:00:00-05:00,40.27357867228204,40.57417222989214,40.18155889904464,40.30424880981445,1845100,0.0,0.0
2006-01-25 00:00:00-05:00,40.30423424313201,40.408525777945584,39.83800900645292,39.880950927734375,1671900,0.0,0.0
2006-01-26 00:00:00-05:00,41.09559631347656,41.666113082123665,40.8870226055265,41.09559631347656,3977200,0.0,0.0
2006-01-27 00:00:00-05:00,41.04651686696474,41.095589997557944,40.48826729856836,40.598690032958984,2491400,0.0,0.0
2006-01-30 00:00:00-05:00,40.69072306242,40.91156860340805,40.46374162298251,40.893165588378906,2806700,0.0,0.0
2006-01-31 00:00:00-05:00,40.6109515585688,41.71517875056346,40.6109515585688,41.50046920776367,3562200,0.0,0.0
2006-02-01 00:00:00-05:00,41.53729201469272,41.917638130228184,41.475947074849934,41.69679260253906,2997900,0.0,0.0
2006-02-02 00:00:00-05:00,41.635434644076526,41.86854721471671,41.51274012243634,41.78879928588867,2197900,0.0,0.0
2006-02-03 00:00:00-05:00,41.71517937380071,42.29183188049295,41.672237464599185,42.27956008911133,2493600,0.0,0.0
2006-02-06 00:00:00-05:00,42.00964274665631,43.06478750067736,41.960564940334244,42.95436477661133,4093600,0.0,0.0
2006-02-07 00:00:00-05:00,42.81941396447653,42.94210381754236,42.63537450455991,42.77033615112305,2543600,0.0,0.0
2006-02-08 00:00:00-05:00,42.75807049388802,42.97891600535462,42.6905896609222,42.905303955078125,1852700,0.0,0.0
2006-02-09 00:00:00-05:00,42.905304244316284,43.475821039397935,42.69672584638349,43.32245635986328,2097400,0.0,0.0
2006-02-10 00:00:00-05:00,43.16908832659034,43.8070859055277,43.138413520939054,43.78254699707031,2601600,0.0,0.0
2006-02-13 00:00:00-05:00,43.49421452735744,44.095401318501864,43.28563617510091,43.93590545654297,2034800,0.0,0.0
2006-02-14 00:00:00-05:00,43.899107999597774,44.782490124411524,43.85003485513399,44.580047607421875,4052800,0.0,0.0
2006-02-15 00:00:00-05:00,44.377607475778454,44.46349601392437,43.776420470991596,44.06474685668945,3085900,0.0,0.0
2006-02-16 00:00:00-05:00,43.81320483282862,44.15674477455107,43.81320483282862,44.11993408203125,1518300,0.0,0.0
2006-02-17 00:00:00-05:00,43.91136413918728,44.77020704538591,43.81320852461952,44.68431854248047,2627900,0.0,0.0
2006-02-21 00:00:00-05:00,44.47574808154398,44.941977923646355,43.9297703071063,44.77021026611328,2960200,0.0,0.0
2006-02-22 00:00:00-05:00,44.77021218634482,45.38980202326131,44.70886258003655,45.383670806884766,2552300,0.0,0.0
2006-02-23 00:00:00-05:00,45.089197113391656,45.27936773956994,44.84994868680715,45.08306121826172,2120200,0.0,0.0
2006-02-24 00:00:00-05:00,45.08305973489595,45.990980291271114,45.06465673042829,45.751731872558594,2386000,0.0,0.0
2006-02-27 00:00:00-05:00,45.61008547543889,45.985806999160616,45.61008547543889,45.616241455078125,2113400,0.3,0.0
2006-02-28 00:00:00-05:00,45.35137836801558,45.431453077373874,44.49522747024639,44.883270263671875,3020500,0.0,0.0
2006-03-01 00:00:00-05:00,44.766243614860116,45.36370248621919,44.735444924889315,45.166603088378906,1574400,0.0,0.0
2006-03-02 00:00:00-05:00,45.024946988573646,45.48073857931733,44.82784754128814,45.154293060302734,2214600,0.0,0.0
2006-03-03 00:00:00-05:00,45.141962865978115,45.80717506332617,44.95102415532491,45.27130889892578,2144700,0.0,0.0
2006-03-06 00:00:00-05:00,45.39449589331386,45.39449589331386,44.66769099201883,44.772403717041016,1642500,0.0,0.0
2006-03-07 00:00:00-05:00,44.581465737538785,45.228200703725065,44.50139571378711,45.037261962890625,2010500,0.0,0.0
2006-03-08 00:00:00-05:00,45.13579995528305,45.2713066590629,45.01261460596674,45.22203063964844,2004500,0.0,0.0
2006-03-09 00:00:00-05:00,45.228196728190106,45.683988214257276,45.049574660856386,45.326744079589844,2034400,0.0,0.0
2006-03-10 00:00:00-05:00,45.32057966027975,45.96730974995012,45.10500296372296,45.78253173828125,2170200,0.0,0.0
2006-03-13 00:00:00-05:00,45.782534208327256,46.16441160591093,45.271306086611276,45.28362274169922,2128400,0.0,0.0
2006-03-14 00:00:00-05:00,45.28361262350675,45.807161982548344,45.06803596348778,45.622379302978516,1917900,0.0,0.0
2006-03-15 00:00:00-05:00,45.70863729417229,45.97349012031625,45.468422486648876,45.71479797363281,1933100,0.0,0.0
2006-03-16 00:00:00-05:00,45.86877864103462,46.82963779939057,45.82566328647304,46.71876907348633,3812300,0.0,0.0
2006-03-17 00:00:00-05:00,46.78034210205078,46.98976280705085,46.58324274987266,46.78034210205078,2885300,0.0,0.0
2006-03-20 00:00:00-05:00,46.92819320657341,47.41478349938444,46.81732447277822,47.260799407958984,2158300,0.0,0.0
2006-03-21 00:00:00-05:00,47.328554150994684,47.90753591271329,46.909721879888465,46.99595260620117,2721200,0.0,0.0
2006-03-22 00:00:00-05:00,46.99594759948862,47.15608767459619,46.65718071133483,47.11913299560547,2835700,0.0,0.0
2006-03-23 00:00:00-05:00,47.119112777854774,47.119112777854774,46.56476933474197,46.792667388916016,1253400,0.0,0.0
2006-03-24 00:00:00-05:00,46.62637440579539,47.008256590209754,46.232175563467415,46.804996490478516,1987400,0.0,0.0
2006-03-27 00:00:00-05:00,46.503183134506536,46.83578924665977,46.373837096317,46.768035888671875,1625400,0.0,0.0
2006-03-28 00:00:00-05:00,46.768028784973836,46.93432946618054,46.47237738600467,46.552452087402344,1620200,0.0,0.0
2006-03-29 00:00:00-05:00,46.54631589319818,46.7988520854832,46.4046484464394,46.50320053100586,1477100,0.0,0.0
2006-03-30 00:00:00-05:00,46.37999889202428,46.68180632174118,46.19521614774515,46.336883544921875,1570400,0.0,0.0
2006-03-31 00:00:00-05:00,46.213691134918896,46.5278199045492,46.189053123651796,46.27528381347656,2164400,0.0,0.0
2006-04-03 00:00:00-04:00,46.42927057998191,46.42927057998191,45.73326434297982,45.794857025146484,1771700,0.0,0.0
2006-04-04 00:00:00-04:00,45.671660963851025,46.306074370097676,45.02492620452462,46.19520568847656,2129500,0.0,0.0
2006-04-05 00:00:00-04:00,46.176728805214836,46.25679880413124,45.87492144090908,46.12129211425781,2013000,0.0,0.0
2006-04-06 00:00:00-04:00,45.89956464872163,46.06587005824294,45.5915965413922,45.87493133544922,1329400,0.0,0.0
2006-04-07 00:00:00-04:00,46.041235155188566,46.25681190503427,45.17892345658504,45.46225357055664,1633000,0.0,0.0
2006-04-10 00:00:00-04:00,45.443775825120696,45.66551325131206,45.246676412864005,45.542327880859375,1215800,0.0,0.0
2006-04-11 00:00:00-04:00,45.48073213200086,45.536168840152655,44.71697246944226,45.037261962890625,1742300,0.0,0.0
2006-04-12 00:00:00-04:00,45.06805477735623,45.20972218406198,44.5999466056779,44.85247802734375,1744200,0.0,0.0
2006-04-13 00:00:00-04:00,44.93255574879436,45.02494714298098,44.655386265455995,44.858646392822266,1036100,0.0,0.0
2006-04-17 00:00:00-04:00,45.074211678063094,45.33906443423006,44.96334297317413,45.31442642211914,1040500,0.0,0.0
2006-04-18 00:00:00-04:00,45.57927773239171,46.47238332178429,45.57927773239171,46.28760528564453,2324200,0.0,0.0
2006-04-19 00:00:00-04:00,46.404632252913395,46.804991733115195,46.195216195121304,46.79883575439453,1259100,0.0,0.0
2006-04-20 00:00:00-04:00,46.7680354908051,47.43940368796605,46.66948344394464,47.30390167236328,1799900,0.0,0.0
2006-04-21 00:00:00-04:00,47.42093012890012,47.45172882080078,46.952821966710204,47.45172882080078,1312900,0.0,0.0
2006-04-24 00:00:00-04:00,47.427092867209005,48.012230444973255,47.27310879945832,47.79049301147461,2195500,0.0,0.0
2006-04-25 00:00:00-04:00,47.79049246156879,47.80897449683169,46.36152051725392,46.93434143066406,2309800,0.0,0.0
2006-04-26 00:00:00-04:00,46.78034537992391,46.9220127519875,45.93035524520102,46.54629135131836,2912400,0.0,0.0
2006-04-27 00:00:00-04:00,46.25681899494642,46.811162650387395,45.979649516836645,46.60790252685547,2329800,0.0,0.0
2006-04-28 00:00:00-04:00,46.515517714738685,46.99595208356656,46.195232834742185,46.749576568603516,2115200,0.0,0.0
2006-05-01 00:00:00-04:00,46.811144941343954,47.42092038203522,46.60788489470698,47.414764404296875,1980400,0.0,0.0
2006-05-02 00:00:00-04:00,47.248460648495715,47.482514689545624,47.125275300410465,47.37165069580078,1787000,0.0,0.0
2006-05-03 00:00:00-04:00,47.37165935524246,47.37165935524246,46.73724106889561,46.774200439453125,1497200,0.0,0.0
2006-05-04 00:00:00-04:00,46.872751624454786,47.04521303707355,46.61405950552663,46.62022018432617,1406400,0.0,0.0
2006-05-05 00:00:00-04:00,47.026742138120504,47.42710172892328,46.91587340065545,47.0513801574707,1569100,0.0,0.0
2006-05-08 00:00:00-04:00,47.05137152841089,47.45173104578911,46.9158647964471,47.03905487060547,1515300,0.0,0.0
2006-05-09 00:00:00-04:00,47.039035486799534,47.11910547759167,46.50933013425119,46.71258544921875,1354200,0.0,0.0
2006-05-10 00:00:00-04:00,46.811143731603714,47.43324051013413,46.811143731603714,47.22998046875,1261400,0.0,0.0
2006-05-11 00:00:00-04:00,47.05751638353721,47.32236907989326,46.84809567749744,46.95280838012695,1296100,0.0,0.0
2006-05-12 00:00:00-04:00,46.75572473789267,46.87274943428959,45.936528367010055,45.96116638183594,1642700,0.0,0.0
2006-05-15 00:00:00-04:00,46.115145038673084,46.552459177268815,46.01043231314543,46.46622848510742,1565200,0.0,0.0
2006-05-16 00:00:00-04:00,46.49086862788482,46.798836742353735,46.343040549500984,46.657169342041016,1407100,0.0,0.0
2006-05-17 00:00:00-04:00,46.14595493199362,46.25682367429732,45.160457611083984,45.160457611083984,1985500,0.0,0.0
2006-05-18 00:00:00-04:00,45.20971829927564,45.49304838912041,44.91406685379136,45.00029754638672,1641100,0.0,0.0
2006-05-19 00:00:00-04:00,45.1173196181464,45.95499309552668,45.000290254635765,45.78253173828125,1932200,0.0,0.0
2006-05-22 00:00:00-04:00,45.38834312253255,45.82565728992388,45.240515041190235,45.59159851074219,2269400,0.0,0.0
2006-05-23 00:00:00-04:00,45.591605149200475,45.67167987972548,44.80320739746094,44.80320739746094,1698000,0.0,0.0
2006-05-24 00:00:00-04:00,44.77855682190549,44.80935550950378,44.18725867393389,44.476749420166016,2745400,0.0,0.0
2006-05-25 00:00:00-04:00,44.65537427754053,44.901749696157225,44.55682223040576,44.76624298095703,1316100,0.0,0.0
2006-05-26 00:00:00-04:00,44.729277382356806,44.74775471187419,44.199572006502606,44.550655364990234,2217700,0.0,0.0
2006-05-30 00:00:00-04:00,44.420781433338206,45.30523884458487,44.37748651329644,44.915584564208984,1753500,0.3,0.0
2006-05-31 00:00:00-04:00,45.00836189269611,45.02073456791744,44.53211771012067,44.835182189941406,1703100,0.0,0.0
2006-06-01 00:00:00-04:00,44.624898051642155,45.40421150534968,44.624898051642155,45.29288101196289,1459400,0.0,0.0
2006-06-02 00:00:00-04:00,45.39801028955765,45.44749154124568,44.90939354642004,45.224830627441406,900600,0.0,0.0
2006-06-05 00:00:00-04:00,45.224828462277806,45.224828462277806,44.75476603132974,44.95268630981445,1487200,0.0,0.0
2006-06-06 00:00:00-04:00,45.1506167820019,45.17535741224716,43.75898818255663,43.882686614990234,2366200,0.0,0.0
2006-06-07 00:00:00-04:00,43.82083999120973,44.26616192438425,43.610551699873426,43.91361618041992,1589100,0.0,0.0
2006-06-08 00:00:00-04:00,44.14863923948004,45.00217440429252,43.65384082740164,44.915584564208984,2596100,0.0,0.0
2006-06-09 00:00:00-04:00,44.74857602747578,45.31759619162842,44.563028435925794,44.569210052490234,1631000,0.0,0.0
2006-06-12 00:00:00-04:00,44.53210153818501,44.64343198078212,43.78990173339844,43.78990173339844,1270800,0.0,0.0
2006-06-13 00:00:00-04:00,43.87030301551724,44.06203693305658,43.34457778695413,43.43116760253906,2154800,0.0,0.0
2006-06-14 00:00:00-04:00,43.251821496887715,43.49303676803538,43.21471290710906,43.29511642456055,2740200,0.0,0.0
2006-06-15 00:00:00-04:00,43.29510693093628,44.40841156810579,43.28892059439862,44.25996780395508,1632600,0.0,0.0
2006-06-16 00:00:00-04:00,44.037300802722164,44.33418357128418,43.864121153890785,44.11152267456055,1901500,0.0,0.0
2006-06-19 00:00:00-04:00,44.17956945914069,44.28471359858852,43.69713896633983,43.882686614990234,940200,0.0,0.0
2006-06-20 00:00:00-04:00,43.75899037913693,44.22905293980735,43.75899037913693,43.89506149291992,1357200,0.0,0.0
2006-06-21 00:00:00-04:00,43.839410788735755,44.37750911368876,43.78993422548536,44.198143005371094,1351800,0.0,0.0
2006-06-22 00:00:00-04:00,44.21667295549539,44.23522724634544,43.8455729821178,44.00019836425781,807900,0.0,0.0
2006-06-23 00:00:00-04:00,43.78992184253059,44.41460515622195,43.771362827915695,44.10535430908203,1235700,0.0,0.0
2006-06-26 00:00:00-04:00,44.2228756781134,44.2599842735635,43.88888416268077,44.09299087524414,860900,0.0,0.0
2006-06-27 00:00:00-04:00,44.14246527387695,44.334199278901444,43.53633156942231,43.55488586425781,1454700,0.0,0.0
2006-06-28 00:00:00-04:00,43.561059147376184,43.82082863480968,43.474469318231684,43.56724548339844,1338500,0.0,0.0
2006-06-29 00:00:00-04:00,43.758987692440634,44.22286388706014,43.60436229423413,44.1239013671875,1717800,0.0,0.0
2006-06-30 00:00:00-04:00,44.31564067925017,44.53211529595809,44.2661594186333,44.37130355834961,1660700,0.0,0.0
2006-07-03 00:00:00-04:00,44.59396043782491,44.87847058218743,44.53829756381134,44.84136199951172,885000,0.0,0.0
2006-07-05 00:00:00-04:00,45.06401523347914,45.26193550525331,44.79187309024284,45.10112380981445,2603100,0.0,0.0
2006-07-06 00:00:00-04:00,45.10114109476626,45.57739002795155,44.98981060430156,45.45987319946289,2176000,0.0,0.0
2006-07-07 00:00:00-04:00,45.36709327082225,45.676344083464244,45.10113738319841,45.28668975830078,1134200,0.0,0.0
2006-07-10 00:00:00-04:00,45.41038174029913,46.25773054524451,45.33616457584323,46.041255950927734,1692700,0.0,0.0
2006-07-11 00:00:00-04:00,45.985590390526305,46.69686813367185,45.84333767317267,46.57316970825195,1624200,0.0,0.0
2006-07-12 00:00:00-04:00,46.604091329946705,46.85149289625969,46.02270307572245,46.325767517089844,1875000,0.0,0.0
2006-07-13 00:00:00-04:00,46.32578244109452,46.52370281414713,45.985604587975686,46.220638275146484,2625100,0.0,0.0
2006-07-14 00:00:00-04:00,45.99177672743504,46.57316970825195,45.336166578883166,46.57316970825195,2507200,0.0,0.0
2006-07-17 00:00:00-04:00,46.573184521515074,46.99376590802405,46.38763210557519,46.64122009277344,2593200,0.0,0.0
2006-07-18 00:00:00-04:00,46.758713735620226,46.758713735620226,45.47222944791029,46.10310363769531,1796500,0.0,0.0
2006-07-19 00:00:00-04:00,46.325766229093446,46.97519001396765,46.28247131010183,46.61646270751953,1936500,0.0,0.0
2006-07-20 00:00:00-04:00,46.4185673014934,47.272098184623154,46.4185673014934,46.85151672363281,2039200,0.0,0.0
2006-07-21 00:00:00-04:00,47.06796775887619,47.50710330009641,46.703054103600174,46.77727127075195,2133300,0.0,0.0
2006-07-24 00:00:00-04:00,47.03705234645345,47.55659146717249,46.96283044972511,47.488555908203125,1535600,0.0,0.0
2006-07-25 00:00:00-04:00,48.24929956038536,48.61421315180794,47.49472703442971,48.533809661865234,3605000,0.0,0.0
2006-07-26 00:00:00-04:00,48.570934772222465,48.83070433780756,48.23694330841598,48.41630935668945,2914900,0.0,0.0
2006-07-27 00:00:00-04:00,48.422501609926016,49.23273737628458,48.3049847697511,49.090484619140625,3618700,0.0,0.0
2006-07-28 00:00:00-04:00,49.15850470541926,49.8450370767418,49.09665077609611,49.78318786621094,2987400,0.0,0.0
2006-07-31 00:00:00-04:00,49.541965523099535,49.65948230937631,48.86161486743784,49.282196044921875,2446700,0.0,0.0
2006-08-01 00:00:00-04:00,48.92347259840457,49.89451986175396,48.898731969675566,49.72134017944336,2022600,0.0,0.0
2006-08-02 00:00:00-04:00,50.09245569451536,50.66766251401996,49.89453532214785,50.438819885253906,2551300,0.0,0.0
2006-08-03 00:00:00-04:00,50.315088263379636,50.58104405580762,49.55433417910765,50.44497299194336,2289100,0.0,0.0
2006-08-04 00:00:00-04:00,50.488276550382906,51.66961669921875,50.488276550382906,51.66961669921875,4263100,0.0,0.0
2006-08-07 00:00:00-04:00,50.46972977055012,50.87175675553784,49.49249610705202,50.222328186035156,3243800,0.0,0.0
2006-08-08 00:00:00-04:00,50.5192032914518,51.36655205499042,50.333650951794816,51.35417938232422,3813200,0.0,0.0
2006-08-09 00:00:00-04:00,51.35417389239174,51.93556675695825,50.22850145849779,50.3212776184082,2981400,0.0,0.0
2006-08-10 00:00:00-04:00,50.40785594296028,51.08820642910718,50.23467633399093,50.964508056640625,2728900,0.0,0.0
2006-08-11 00:00:00-04:00,51.02638575102867,51.05731272081925,50.407884105561656,50.605804443359375,1372300,0.0,0.0
2006-08-14 00:00:00-04:00,51.16864915822111,51.61396643097508,50.85939829951234,51.36656951904297,1876500,0.0,0.0
2006-08-15 00:00:00-04:00,51.55211903776795,51.694376514106224,51.317090075550155,51.496456146240234,1843600,0.0,0.0
2006-08-16 00:00:00-04:00,51.75619005814953,51.87988843322748,51.58301044552418,51.87370681762695,2515600,0.0,0.0
2006-08-17 00:00:00-04:00,51.873743974665814,51.91703890883421,51.632528667328494,51.69437789916992,2286600,0.0,0.0
2006-08-18 00:00:00-04:00,51.5397368527588,51.917023187172695,51.5397368527588,51.67580795288086,1384300,0.0,0.0
2006-08-21 00:00:00-04:00,51.675794598187736,51.855155854222275,51.28613569057637,51.71908950805664,1023200,0.0,0.0
2006-08-22 00:00:00-04:00,51.861355394716504,51.91702298946012,51.31707571509351,51.36037063598633,1605700,0.0,0.0
2006-08-23 00:00:00-04:00,51.45313744497743,52.152042388916016,51.36036128316111,52.152042388916016,1760800,0.0,0.0
2006-08-24 00:00:00-04:00,52.13967887749976,52.213896038241536,51.60776720448768,51.613948822021484,2213600,0.0,0.0
2006-08-25 00:00:00-04:00,51.52118004122183,51.58302925130936,51.10059880631745,51.385108947753906,2068600,0.0,0.0
2006-08-28 00:00:00-04:00,51.33562000014182,51.91701286919287,51.33562000014182,51.904640197753906,1638900,0.0,0.0
2006-08-29 00:00:00-04:00,51.873725729392255,51.94794289398039,51.385108947753906,51.385108947753906,2042700,0.0,0.0
2006-08-30 00:00:00-04:00,50.96919308071479,51.07471822298655,50.53467500318881,51.06230545043945,3650600,0.3,0.0
2006-08-31 00:00:00-04:00,50.807822943947315,51.64582520083716,50.68988497267158,51.273380279541016,3710200,0.0,0.0
2006-09-01 00:00:00-04:00,51.87548925746509,52.32242494881774,51.42855356611244,51.94377136230469,3842200,0.0,0.0
2006-09-05 00:00:00-04:00,52.01828156882976,52.359687484106274,51.70170121373411,51.95620346069336,2040500,0.0,0.0
2006-09-06 00:00:00-04:00,51.95619713303887,51.99964896190559,51.52788760160814,51.67686462402344,1984500,0.0,0.0
2006-09-07 00:00:00-04:00,51.73894552434941,51.987243755135,51.54030788689992,51.83205795288086,1775000,0.0,0.0
2006-09-08 00:00:00-04:00,51.89410925522996,52.098955563695846,51.78237533569336,51.78237533569336,1525600,0.0,0.0
2006-09-11 00:00:00-04:00,51.58375394645165,51.9934466917603,51.24234806125543,51.372703552246094,2295900,0.0,0.0
2006-09-12 00:00:00-04:00,51.36650012345239,51.40374320020058,50.37952070246692,50.714717864990234,3758700,0.0,0.0
2006-09-13 00:00:00-04:00,50.696084331253225,51.11198104285071,50.143623389365544,51.04990768432617,2229800,0.0,0.0
2006-09-14 00:00:00-04:00,51.05612322504344,51.69548790099998,50.925767734052776,51.372703552246094,1494800,0.0,0.0
2006-09-15 00:00:00-04:00,51.55271415790145,51.83204664666969,51.39131963271185,51.52167510986328,2511300,0.0,0.0
2006-09-18 00:00:00-04:00,51.676852852326334,51.676852852326334,50.80160298123844,50.80781173706055,2450700,0.0,0.0
2006-09-19 00:00:00-04:00,50.64642127774525,51.14922634980483,50.547104856132904,51.043701171875,1679900,0.0,0.0
2006-09-20 00:00:00-04:00,51.304426861704876,51.707910892301165,51.285805323290326,51.42857360839844,1447800,0.0,0.0
2006-09-21 00:00:00-04:00,51.4285592583342,51.695478951552325,51.03749285306306,51.22371292114258,2045700,0.0,0.0
2006-09-22 00:00:00-04:00,51.35408745474023,51.683080595783494,51.21752319184043,51.42857360839844,1176200,0.0,0.0
2006-09-25 00:00:00-04:00,51.47820470672013,52.82521555373688,51.46579193352066,52.70106887817383,2509700,0.0,0.0
2006-09-26 00:00:00-04:00,52.85628836416114,53.477031610396985,52.8190405489783,53.03630447387695,2650700,0.0,0.0
2006-09-27 00:00:00-04:00,52.98043409364282,53.439782760916266,52.73834461116796,52.85007858276367,1876900,0.0,0.0
2006-09-28 00:00:00-04:00,53.011442917922416,53.216289205009005,52.663823684592714,53.135589599609375,1324500,0.0,0.0
2006-09-29 00:00:00-04:00,53.66322048015964,53.66322048015964,53.185250542802734,53.4211311340332,1655700,0.0,0.0
2006-10-02 00:00:00-04:00,53.632204065447134,54.246738400126986,53.582543481500856,53.973609924316406,1775000,0.0,0.0
2006-10-03 00:00:00-04:00,53.97982868795852,54.58815911433666,53.762569512785916,53.88051223754883,1722400,0.0,0.0
2006-10-04 00:00:00-04:00,53.880504354420744,54.5509033203125,53.79360069706637,54.5509033203125,1422400,0.0,0.0
2006-10-05 00:00:00-04:00,54.55092278450315,54.58817060515543,53.79982391457436,54.476436614990234,1915200,0.0,0.0
2006-10-06 00:00:00-04:00,54.1287713228878,54.33361758750288,53.58872810731037,54.24050521850586,1411400,0.0,0.0
2006-10-09 00:00:00-04:00,54.31500906345868,55.06610747762907,54.221896672171304,54.98541259765625,1831400,0.0,0.0
2006-10-10 00:00:00-04:00,54.842662086622774,55.208903046061664,54.668854744202235,55.05992126464844,2350000,0.0,0.0
2006-10-11 00:00:00-04:00,55.053704546267234,55.053704546267234,54.079138113103745,54.501243591308594,1891400,0.0,0.0
2006-10-12 00:00:00-04:00,54.91715021824086,55.04750571850708,54.65023045982108,54.97301483154297,2119100,0.0,0.0
2006-10-13 00:00:00-04:00,55.01645860168856,55.090949477735215,54.66884398525878,54.99783706665039,1372400,0.0,0.0
2006-10-16 00:00:00-04:00,54.898520634482146,55.215096201919,54.699883034251705,54.99783706665039,1432400,0.0,0.0
2006-10-17 00:00:00-04:00,54.997815974199334,54.997815974199334,54.17843559550614,54.346038818359375,1483700,0.0,0.0
2006-10-18 00:00:00-04:00,54.59435549736451,54.87369274283819,54.35226605949049,54.68125915527344,1310400,0.0,0.0
2006-10-19 00:00:00-04:00,54.68123477397932,55.08471856916187,54.29016848775798,54.58812713623047,1530900,0.0,0.0
2006-10-20 00:00:00-04:00,54.69366375104278,54.71228528249709,53.61357230365533,54.004638671875,2060900,0.0,0.0
2006-10-23 00:00:00-04:00,54.004634863537746,54.805393810855946,54.004634863537746,54.74332046508789,1941500,0.0,0.0
2006-10-24 00:00:00-04:00,55.33922618692087,55.798574571217785,54.631579714717574,55.314395904541016,2703300,0.0,0.0
2006-10-25 00:00:00-04:00,54.93575793507224,54.94196669139755,53.29699672130427,53.79979705810547,2929700,0.0,0.0
2006-10-26 00:00:00-04:00,53.63219966575278,53.69427302264649,51.33544757353697,52.76936721801758,5269800,0.0,0.0
2006-10-27 00:00:00-04:00,52.4527712213217,52.756933894070094,51.98100532570734,52.521053314208984,2310600,0.0,0.0
2006-10-30 00:00:00-05:00,53.29075876055368,54.21566403863377,53.241098208953055,54.02323532104492,2672200,0.0,0.0
2006-10-31 00:00:00-05:00,54.035687774992695,54.09155237975622,53.66323813299345,53.96119689941406,1774600,0.0,0.0
2006-11-01 00:00:00-05:00,54.0977584635001,54.588146047732685,53.942572698966764,54.19707489013672,3049400,0.0,0.0
2006-11-02 00:00:00-05:00,54.68747412101765,54.68747412101765,53.750150577566714,54.041900634765625,2002000,0.0,0.0
2006-11-03 00:00:00-05:00,54.004638671875,54.17223719085684,53.57012048496426,54.004638671875,1606200,0.0,0.0
2006-11-06 00:00:00-05:00,54.2094774333763,54.737107939905,54.04187420186369,54.432945251464844,2948000,0.0,0.0
2006-11-07 00:00:00-05:00,54.37709330597463,54.69367360541657,54.17224695128315,54.30881118774414,1736000,0.0,0.0
2006-11-08 00:00:00-05:00,53.89910477450727,54.010838681031764,52.87487808734812,53.6632194519043,4738600,0.0,0.0
2006-11-09 00:00:00-05:00,53.66325807244846,53.84948296264296,52.86870738129052,52.99285888671875,2872800,0.0,0.0
2006-11-10 00:00:00-05:00,52.83763244471706,53.557691679165075,52.694859507186855,53.22869873046875,2237200,0.0,0.0
2006-11-13 00:00:00-05:00,53.0797377263427,54.22811138260853,53.0797377263427,53.91773986816406,2726200,0.0,0.0
2006-11-14 00:00:00-05:00,54.004649389722104,54.65022277832031,53.85567237262836,54.65022277832031,2219200,0.0,0.0
2006-11-15 00:00:00-05:00,54.62538096348033,55.221293642047506,54.58813790103644,54.9605827331543,1805500,0.0,0.0
2006-11-16 00:00:00-05:00,54.91714223525862,55.69927985905585,54.87369040815288,55.54409408569336,1372000,0.0,0.0
2006-11-17 00:00:00-05:00,55.41994737606766,55.60617221442343,55.20268822191551,55.33925247192383,1066100,0.0,0.0
2006-11-20 00:00:00-05:00,55.848257447436914,55.848257447436914,55.12819317843092,55.413734436035156,1447000,0.0,0.0
2006-11-21 00:00:00-05:00,55.41994385649766,55.897918701171875,55.22751500873987,55.897918701171875,1880900,0.0,0.0
2006-11-22 00:00:00-05:00,55.89791228933738,56.15862322785776,55.30820356356771,55.55029296875,1188700,0.0,0.0
2006-11-24 00:00:00-05:00,55.46340154919514,55.668247932858556,55.339254808977984,55.45098876953125,321900,0.0,0.0
2006-11-27 00:00:00-05:00,55.21508299416831,55.30198662748793,54.40191125272351,54.51364517211914,1349600,0.0,0.0
2006-11-28 00:00:00-05:00,54.563319627365914,55.711693419189906,54.50124626432835,55.649620056152344,1743400,0.0,0.0
2006-11-29 00:00:00-05:00,55.836594160385886,56.578175460634014,55.6122503175286,56.47223663330078,1647000,0.35,0.0
2006-11-30 00:00:00-05:00,56.79625728214547,56.79625728214547,55.593527475019386,56.36626434326172,1588700,0.0,0.0
2006-12-01 00:00:00-05:00,56.42860078688614,56.66540600599783,56.085852011698684,56.30396270751953,1763300,0.0,0.0
2006-12-04 00:00:00-05:00,56.17932220719265,57.43190740671726,56.16685602361992,57.41944122314453,1391700,0.0,0.0
2006-12-05 00:00:00-05:00,57.5128980053375,57.75593619903656,57.014355438826755,57.58768081665039,2142500,0.0,0.0
2006-12-06 00:00:00-05:00,57.450584545079884,57.83695053872606,57.22000776330864,57.50666809082031,1310500,0.0,0.0
2006-12-07 00:00:00-05:00,57.693632237529165,57.74971579249022,56.91466227781244,57.107845306396484,1037900,0.0,0.0
2006-12-08 00:00:00-05:00,56.995691752152176,57.23249698437694,56.64048152658661,57.220035552978516,1088700,0.0,0.0
2006-12-11 00:00:00-05:00,56.98942802048082,57.12652746444007,56.746389825990995,56.914649963378906,937200,0.0,0.0
2006-12-12 00:00:00-05:00,56.833637653457686,56.933348075166485,56.46596617092931,56.659149169921875,1583200,0.0,0.0
2006-12-13 00:00:00-05:00,56.82119123923777,56.939596207684055,56.04845428466797,56.04845428466797,1753300,0.0,0.0
2006-12-14 00:00:00-05:00,56.53452401696717,56.62800136213114,56.054675863871296,56.24163055419922,1646100,0.0,0.0
2006-12-15 00:00:00-05:00,56.229164679914476,56.31017583694015,56.02974857808175,56.11075973510742,2301500,0.0,0.0
2006-12-18 00:00:00-05:00,56.09829905304949,56.416120130841705,55.99236027860387,56.1980094909668,1317100,0.0,0.0
2006-12-19 00:00:00-05:00,56.116998409288655,57.35088417638679,56.0858377087794,57.238712310791016,1288500,0.0,0.0
2006-12-20 00:00:00-05:00,57.082916259765625,57.39450423580633,56.976977488981035,57.082916259765625,1531000,0.0,0.0
2006-12-21 00:00:00-05:00,57.425681480584046,57.64379217576318,56.97699390509749,57.29481506347656,1372800,0.0,0.0
2006-12-22 00:00:00-05:00,57.55653156661,57.60638678406405,56.802489231824495,57.145233154296875,770800,0.0,0.0
2006-12-26 00:00:00-05:00,57.419426601297296,57.67493100045836,57.18884980847791,57.55029296875,849300,0.0,0.0
2006-12-27 00:00:00-05:00,57.79334700615164,57.924213409423835,57.61262537655021,57.92421340942383,756300,0.0,0.0
2006-12-28 00:00:00-05:00,57.83698254478406,58.104948505336985,57.45061633732902,57.525394439697266,741900,0.0,0.0
2006-12-29 00:00:00-05:00,57.38827014268399,57.75594642030683,57.301025891272836,57.37580871582031,911100,0.0,0.0
2007-01-03 00:00:00-05:00,57.08292878307418,57.65002130602004,57.026845217221286,57.288578033447266,1753900,0.0,0.0
2007-01-04 00:00:00-05:00,57.363343643896584,57.475515496362455,56.758862258633556,57.138999938964844,1942900,0.0,0.0
2007-01-05 00:00:00-05:00,57.13901721632317,57.68741046394577,56.93960105769166,57.344661712646484,1954600,0.0,0.0
2007-01-08 00:00:00-05:00,57.05174582587169,58.70315787592771,57.04551273668638,58.38534164428711,2002400,0.0,0.0
2007-01-09 00:00:00-05:00,58.59721227114123,58.99604435213119,58.11113596958806,58.329246520996094,1501600,0.0,0.0
2007-01-10 00:00:00-05:00,58.14233018999256,59.10825026172106,57.86813119325242,58.93999481201172,1305100,0.0,0.0
2007-01-11 00:00:00-05:00,58.921303611545305,59.6753461406278,58.65333769175099,59.61302947998047,1949700,0.0,0.0
2007-01-12 00:00:00-05:00,59.45720814881067,60.248639359970745,59.40111985186391,60.018062591552734,1760500,0.0,0.0
2007-01-16 00:00:00-05:00,59.85606657435095,60.74720859151278,59.843600389799676,60.448081970214844,1551800,0.0,0.0
2007-01-17 00:00:00-05:00,60.60387575811673,60.7098145541051,59.86852776953665,60.13649368286133,2229900,0.0,0.0
2007-01-18 00:00:00-05:00,59.89968445648368,60.684882867009726,59.89968445648368,60.32344436645508,1562600,0.0,0.0
2007-01-19 00:00:00-05:00,60.42938304327698,60.91545960730775,60.00562313409138,60.6163330078125,1578400,0.0,0.0
2007-01-22 00:00:00-05:00,60.62255816999557,60.62879126100158,59.575622340389,60.30473709106445,3031700,0.0,0.0
2007-01-23 00:00:00-05:00,60.261092434980846,61.53860460967193,60.13645918818573,61.532371520996094,3159400,0.0,0.0
2007-01-24 00:00:00-05:00,61.195896933419064,61.20213002625914,60.136499364531275,60.53533172607422,3100300,0.0,0.0
2007-01-25 00:00:00-05:00,61.38282829180491,61.538622272240964,60.72226333618164,60.72226333618164,2715700,0.0,0.0
2007-01-26 00:00:00-05:00,61.53861177493325,61.53861177493325,59.95574463317515,60.24240493774414,2306300,0.0,0.0
2007-01-29 00:00:00-05:00,60.03053432186751,60.2112558995902,59.79372444201138,59.862274169921875,3140600,0.0,0.0
2007-01-30 00:00:00-05:00,59.8248882682915,60.04923197965399,59.712716412610256,59.974449157714844,1851000,0.0,0.0
2007-01-31 00:00:00-05:00,59.94952727219283,60.63502465259055,59.92460441695601,60.56647491455078,1893500,0.0,0.0
2007-02-01 00:00:00-05:00,60.385764598197504,61.40153992214648,60.2735927108416,61.35791778564453,2281900,0.0,0.0
2007-02-02 00:00:00-05:00,60.977779987074854,61.694433447712264,60.80952453326913,61.35791778564453,2322000,0.0,0.0
2007-02-05 00:00:00-05:00,61.071231654378884,61.93121259260231,60.983987418086116,61.7442626953125,1763800,0.0,0.0
2007-02-06 00:00:00-05:00,61.93745526140718,63.14018499569046,61.81282197727157,63.121490478515625,3627000,0.0,0.0
2007-02-07 00:00:00-05:00,62.890904104808726,63.4642247317362,62.735110146114025,63.264808654785156,2205500,0.0,0.0
2007-02-08 00:00:00-05:00,63.26480656700994,63.42683360995265,62.72887974088402,62.86597442626953,1300000,0.0,0.0
2007-02-09 00:00:00-05:00,62.79121783499399,63.30845032420892,62.76629022337007,63.040489196777344,1075700,0.0,0.0
2007-02-12 00:00:00-05:00,63.040485302475105,63.52032872183991,63.021786029070476,63.3333740234375,1690800,0.0,0.0
2007-02-13 00:00:00-05:00,63.33960802116905,63.94408949960606,63.264825189846604,63.72597885131836,1632200,0.0,0.0
2007-02-14 00:00:00-05:00,63.8007595538882,64.0687254340856,63.56395437663812,63.763370513916016,1010100,0.0,0.0
2007-02-15 00:00:00-05:00,63.65120789902079,64.4738001792633,63.58889123851656,64.39901733398438,1233800,0.0,0.0
2007-02-16 00:00:00-05:00,63.97526564555359,64.34917038351915,63.302234264541575,63.532806396484375,1854700,0.0,0.0
2007-02-20 00:00:00-05:00,63.37700241748362,64.05626678466797,63.221208404899386,64.05626678466797,2235300,0.0,0.0
2007-02-21 00:00:00-05:00,64.03755505505386,64.44884866543218,63.73219544923979,63.90668869018555,1242900,0.0,0.0
2007-02-22 00:00:00-05:00,64.33666060026172,64.49868762021649,63.01553110441766,63.28349685668945,3377500,0.0,0.0
2007-02-23 00:00:00-05:00,63.30848347545196,63.76340430550831,63.02182292335193,63.632537841796875,1630900,0.0,0.0
2007-02-26 00:00:00-05:00,63.60755090541101,63.7758062720171,62.9407530190507,63.233646392822266,1383700,0.0,0.0
2007-02-27 00:00:00-05:00,63.25867662232855,63.371231960994464,60.238317657766885,61.013729095458984,2717300,0.35,0.0
2007-02-28 00:00:00-05:00,60.50098687541786,61.80793096852785,59.93193137549164,60.819908142089844,3070100,0.0,0.0
2007-03-01 00:00:00-05:00,60.18829057378241,61.338900799648975,57.95585235060948,61.17006301879883,2382400,0.0,0.0
2007-03-02 00:00:00-05:00,61.07000614870092,61.24509857684019,59.681766510009766,59.681766510009766,2296700,0.0,0.0
2007-03-05 00:00:00-05:00,59.38162160912104,60.99498190776894,59.28157080915018,60.344635009765625,2866100,0.0,0.0
2007-03-06 00:00:00-05:00,60.5884947868104,60.9824527344301,60.25081450131752,60.594749450683594,1898900,0.0,0.0
2007-03-07 00:00:00-05:00,60.56974669284806,60.71982525699987,60.22581168030064,60.3696403503418,1256100,0.0,0.0
2007-03-08 00:00:00-05:00,60.90743333319766,61.2701276073729,60.48220671507442,60.769859313964844,1324700,0.0,0.0
2007-03-09 00:00:00-05:00,61.00745364618648,61.17629613848502,60.4071348566009,60.58848190307617,1176400,0.0,0.0
2007-03-12 00:00:00-04:00,60.4384118256878,62.54578016016836,60.4384118256878,62.53327560424805,2120300,0.0,0.0
2007-03-13 00:00:00-04:00,62.23313251388883,62.370706524972654,60.57600402832031,60.57600402832031,2067900,0.0,0.0
2007-03-14 00:00:00-04:00,60.71357291197341,61.50149375297375,60.000693741372245,61.370174407958984,2120300,0.0,0.0
2007-03-15 00:00:00-04:00,61.24511298510055,61.4577239061702,60.93869639285973,61.313899993896484,1425800,0.0,0.0
2007-03-16 00:00:00-04:00,61.551508765089864,61.57652265003408,61.10752304187915,61.15755081176758,1702800,0.0,0.0
2007-03-19 00:00:00-04:00,61.282617068073904,61.94546833824119,61.282617068073904,61.889190673828125,1150400,0.0,0.0
2007-03-20 00:00:00-04:00,61.657795650559116,61.7140780674809,61.12626387538976,61.52022171020508,1181000,0.0,0.0
2007-03-21 00:00:00-04:00,61.62032172990971,62.43950653076172,61.52652081455799,62.43950653076172,1191800,0.0,0.0
2007-03-22 00:00:00-04:00,62.220598799525604,62.27687644810168,61.132521322202635,61.226322174072266,1656800,0.0,0.0
2007-03-23 00:00:00-04:00,61.28262477945741,62.064290911848445,61.245106331794304,62.00175857543945,1305700,0.0,0.0
2007-03-26 00:00:00-04:00,62.008014996289745,62.020519555561066,60.969960053041426,61.545265197753906,1168700,0.0,0.0
2007-03-27 00:00:00-04:00,61.307644958489654,61.66408456059492,60.86990901689122,61.39519119262695,1439800,0.0,0.0
2007-03-28 00:00:00-04:00,61.076271138948464,61.38893762960049,60.626030629063614,60.769859313964844,1365400,0.0,0.0
2007-03-29 00:00:00-04:00,61.22632857785879,61.58901792762786,61.02621752845515,61.34513854980469,1338100,0.0,0.0
2007-03-30 00:00:00-04:00,61.49523909553659,61.78914634099778,60.482202785033266,60.6697998046875,1799300,0.0,0.0
2007-04-02 00:00:00-04:00,60.87614876991051,60.963694982602036,60.244561288998135,60.61351013183594,1855100,0.0,0.0
2007-04-03 00:00:00-04:00,60.80737212740367,61.032492361470396,60.638534337309416,60.8323860168457,2212700,0.0,0.0
2007-04-04 00:00:00-04:00,60.976232214219415,61.10129692646415,60.5822693059139,60.68857955932617,1718300,0.0,0.0
2007-04-05 00:00:00-04:00,60.500966040240066,60.68231317762465,60.3508874603367,60.4759521484375,1653600,0.0,0.0
2007-04-09 00:00:00-04:00,60.651048500520766,61.395196323792646,60.57601159122433,61.301395416259766,1135200,0.0,0.0
2007-04-10 00:00:00-04:00,61.532765580559946,61.68284415842747,61.12629819337811,61.313899993896484,787800,0.0,0.0
2007-04-11 00:00:00-04:00,61.4139302114065,61.49522175324043,60.282079434677726,60.41339874267578,1838600,0.0,0.0
2007-04-12 00:00:00-04:00,60.03195205541403,60.50095168084695,59.81308651772752,60.13200759887695,2063300,0.0,0.0
2007-04-13 00:00:00-04:00,60.13202578166086,60.25083581181035,59.79434537673169,60.18204879760742,1513400,0.0,0.0
2007-04-16 00:00:00-04:00,60.24459723112159,60.36341206390716,59.91942607154215,60.031986236572266,1671200,0.0,0.0
2007-04-17 00:00:00-04:00,60.02569434034702,60.169522984037,59.813083477660854,60.006935119628906,1526000,0.0,0.0
2007-04-18 00:00:00-04:00,59.75680948148648,60.5134617063808,59.706786476145794,60.26333236694336,1376000,0.0,0.0
2007-04-19 00:00:00-04:00,60.62605692046682,60.62605692046682,59.61927000228601,59.80061721801758,1539200,0.0,0.0
2007-04-20 00:00:00-04:00,60.025670755412925,60.18825855593797,59.637967623810844,59.6567268371582,2975100,0.0,0.0
2007-04-23 00:00:00-04:00,59.66928356249731,61.2076024238642,59.66928356249731,60.70108413696289,2219600,0.0,0.0
2007-04-24 00:00:00-04:00,61.49524112200585,61.49524112200585,58.58744666879431,59.294071197509766,4301300,0.0,0.0
2007-04-25 00:00:00-04:00,59.29406512604785,59.93815724686561,58.781292341142425,59.71929168701172,3758100,0.0,0.0
2007-04-26 00:00:00-04:00,59.43790361842633,59.56296831018784,58.274783855578036,58.46863555908203,3251200,0.0,0.0
2007-04-27 00:00:00-04:00,58.66247442560583,60.5947554555959,58.62495598046989,60.463436126708984,2798700,0.0,0.0
2007-04-30 00:00:00-04:00,60.344638556836614,60.75736065462085,60.025717369540835,60.1195182800293,2262600,0.0,0.0
2007-05-01 00:00:00-04:00,60.28208668770647,60.36337823932125,59.8255916156273,60.17578125,1602500,0.0,0.0
2007-05-02 00:00:00-04:00,60.319601150382255,60.65728143396722,60.0319486356789,60.075721740722656,1623900,0.0,0.0
2007-05-03 00:00:00-04:00,60.33213609700978,60.33213609700978,60.06324268872865,60.282108306884766,1296800,0.0,0.0
2007-05-04 00:00:00-04:00,60.50094259220049,60.657275777193256,60.17577166661602,60.43215560913086,949600,0.0,0.0
2007-05-07 00:00:00-04:00,60.65727961478209,61.38891782181816,60.60725184740087,61.326385498046875,1696100,0.0,0.0
2007-05-08 00:00:00-04:00,61.132562963683434,61.51401652245317,60.7323501759435,61.42021560668945,1509700,0.0,0.0
2007-05-09 00:00:00-04:00,61.41395373347483,61.9079673790087,61.15756968277954,61.75788879394531,1489600,0.0,0.0
2007-05-10 00:00:00-04:00,61.72035398974174,62.201862984061414,61.53901165105705,61.65782165527344,2169100,0.0,0.0
2007-05-11 00:00:00-04:00,61.695355560195274,62.22063298581661,61.56403143287781,61.80791091918945,1460400,0.0,0.0
2007-05-14 00:00:00-04:00,61.70784522521563,62.06428475539253,61.47022046206802,62.033016204833984,1349000,0.0,0.0
2007-05-15 00:00:00-04:00,62.03302267383387,62.564559463293584,61.957985778125845,62.22687911987305,2365300,0.0,0.0
2007-05-16 00:00:00-04:00,62.40197120860517,62.59582288260685,62.04553164332804,62.308170318603516,1537300,0.0,0.0
2007-05-17 00:00:00-04:00,62.09556269329107,62.20186814780336,61.507748204486234,61.56402587890625,1381800,0.0,0.0
2007-05-18 00:00:00-04:00,61.657826045727816,61.69534926580975,61.238854126954124,61.38268280029297,1363200,0.0,0.0
2007-05-21 00:00:00-04:00,61.16380591029604,62.139328422501514,61.157556016711126,61.776634216308594,1883400,0.0,0.0
2007-05-22 00:00:00-04:00,61.10127959323519,61.10127959323519,58.78129501156474,58.91886901855469,4822300,0.0,0.0
2007-05-23 00:00:00-04:00,58.91259638289666,59.33782283346851,58.8375547371804,59.00639724731445,3215000,0.0,0.0
2007-05-24 00:00:00-04:00,59.25030249744715,60.42592683474936,59.125237804234324,60.16328811645508,4232500,0.0,0.0
2007-05-25 00:00:00-04:00,60.14455030705486,61.23262879239068,60.14455030705486,60.663578033447266,2182800,0.0,0.0
2007-05-29 00:00:00-04:00,60.66979616424638,61.551517847722955,60.56349071572991,61.4702262878418,2082900,0.0,0.0
2007-05-30 00:00:00-04:00,61.689908409662024,61.85307256852049,60.78620936630322,61.63970184326172,1922000,0.35,0.0
2007-05-31 00:00:00-04:00,61.89070697448562,61.89070697448562,61.00583452412881,61.564369201660156,1589800,0.0,0.0
2007-06-01 00:00:00-04:00,61.64593466490582,61.878131489104184,60.93050357652343,61.14387893676758,1559200,0.0,0.0
2007-06-04 00:00:00-04:00,60.86147764028447,61.13133176539159,60.779890828627025,60.99953842163086,1076400,0.0,0.0
2007-06-05 00:00:00-04:00,60.685754774059006,60.685754774059006,59.68792508535149,60.371971130371094,2224900,0.0,0.0
2007-06-06 00:00:00-04:00,60.36570800657022,60.86775903939343,60.21508838756002,60.654388427734375,2556000,0.0,0.0
2007-06-07 00:00:00-04:00,61.212944438711865,62.34884026553634,59.77581405639648,59.775814056396484,2227800,0.0,0.0
2007-06-08 00:00:00-04:00,59.86364552226433,60.804996490478516,59.63144389310639,60.804996490478516,1802900,0.0,0.0
2007-06-11 00:00:00-04:00,60.87405320204698,60.91170572342666,60.321795473982846,60.403377532958984,1440100,0.0,0.0
2007-06-12 00:00:00-04:00,60.120978152483886,60.208837233676896,59.72560749915453,59.775814056396484,1782300,0.0,0.0
2007-06-13 00:00:00-04:00,59.8699237029855,59.97660899901919,59.330215420986136,59.95778274536133,2548300,0.0,0.0
2007-06-14 00:00:00-04:00,60.183713298885166,61.1627168892869,59.6942115036843,61.00582504272461,1892800,0.0,0.0
2007-06-15 00:00:00-04:00,61.219219498081536,61.369834377031175,60.459858510967216,60.591651916503906,1865900,0.0,0.0
2007-06-18 00:00:00-04:00,60.936794254875004,61.13761563357279,59.75069223882254,59.819725036621094,1576300,0.0,0.0
2007-06-19 00:00:00-04:00,59.70675207464501,60.867750613024626,59.70675207464501,60.74851608276367,1903400,0.0,0.0
2007-06-20 00:00:00-04:00,60.748521271814326,60.911685335152555,59.61889812892482,59.675376892089844,1665800,0.0,0.0
2007-06-21 00:00:00-04:00,59.52476206902421,59.83854574338697,59.399250514462665,59.675376892089844,2235700,0.0,0.0
2007-06-22 00:00:00-04:00,59.57499041194004,59.61891995091177,58.4516438719939,58.60853576660156,2308600,0.0,0.0
2007-06-25 00:00:00-04:00,58.84698390664246,59.19842485220017,58.56458053542292,59.003875732421875,1918700,0.0,0.0
2007-06-26 00:00:00-04:00,59.25491063049971,59.55614507838169,58.815615381462564,59.110572814941406,2119600,0.0,0.0
2007-06-27 00:00:00-04:00,58.70892141246427,59.4620002390953,58.60223133519217,59.25490188598633,1594200,0.0,0.0
2007-06-28 00:00:00-04:00,58.72775418544983,59.17960344678042,58.401416479840435,58.61479187011719,2249900,0.0,0.0
2007-06-29 00:00:00-04:00,58.74028522130561,59.61260319071204,58.64614918970948,59.07289505004883,2071800,0.0,0.0
2007-07-02 00:00:00-04:00,59.41180124853135,59.857373502774465,59.06664207082928,59.4055290222168,1628400,0.0,0.0
2007-07-03 00:00:00-04:00,59.826012695572,60.16489973016173,59.600088005845514,59.91387176513672,672200,0.0,0.0
2007-07-05 00:00:00-04:00,60.152310305225626,60.91166598135419,59.95148900895987,60.68574142456055,1857800,0.0,0.0
2007-07-06 00:00:00-04:00,60.623015630716104,60.84894029917515,60.40336797748085,60.641841888427734,1174900,0.0,0.0
2007-07-09 00:00:00-04:00,60.516316631911614,61.244292230639935,60.516316631911614,60.84892654418945,1148800,0.0,0.0
2007-07-10 00:00:00-04:00,60.46609432469975,60.56023035538251,59.10427474975586,59.10427474975586,2076500,0.0,0.0
2007-07-11 00:00:00-04:00,59.12311747780781,59.71930931300472,59.06036170251307,59.36159133911133,1339800,0.0,0.0
2007-07-12 00:00:00-04:00,59.869913183909865,61.118770599365234,59.361580484667506,61.118770599365234,1931200,0.0,0.0
2007-07-13 00:00:00-04:00,61.187823057921634,61.307062399104595,60.62301142594894,61.08740997314453,1281600,0.0,0.0
2007-07-16 00:00:00-04:00,60.74851608276367,60.886576865804855,60.32177013056398,60.74851608276367,1299200,0.0,0.0
2007-07-17 00:00:00-04:00,60.54770229006756,62.217029013510356,60.37825641799882,61.8530387878418,1910000,0.0,0.0
2007-07-18 00:00:00-04:00,61.708704253489174,61.98483065664079,60.81128267033791,61.809112548828125,2072300,0.0,0.0
2007-07-19 00:00:00-04:00,62.03502467002004,62.242123021528755,61.846757358796246,62.11661148071289,1559400,0.0,0.0
2007-07-20 00:00:00-04:00,61.58949002967679,62.23588395613503,61.04978145675876,61.43259811401367,1721500,0.0,0.0
2007-07-23 00:00:00-04:00,61.92833592475322,62.69396872968492,61.67730806917524,62.45549011230469,1685500,0.0,0.0
2007-07-24 00:00:00-04:00,64.01188421259228,67.35682009555677,63.02032642567899,64.69593048095703,8506200,0.0,0.0
2007-07-25 00:00:00-04:00,65.41136057540878,65.7000410417785,62.91991691265703,63.949127197265625,4656600,0.0,0.0
2007-07-26 00:00:00-04:00,64.25664236901574,65.39253812548263,62.34883640363871,63.12074661254883,6121400,0.0,0.0
2007-07-27 00:00:00-04:00,62.995193565168655,63.459596738676126,62.2985935928652,62.30487060546875,2364600,0.0,0.0
2007-07-30 00:00:00-04:00,62.819498195811015,63.77967558862568,62.61239979674447,63.070526123046875,3175300,0.0,0.0
2007-07-31 00:00:00-04:00,63.69811233306923,64.11230925335771,61.802860260009766,61.802860260009766,2841100,0.0,0.0
2007-08-01 00:00:00-04:00,62.0475887186455,64.26290080876987,61.846767348128935,63.82360076904297,2775000,0.0,0.0
2007-08-02 00:00:00-04:00,64.01187705541133,64.488829636845,63.49727196079797,64.25035095214844,3131500,0.0,0.0
2007-08-03 00:00:00-04:00,63.81106086159527,64.39469880314486,62.361381530761726,62.36138153076172,2296500,0.0,0.0
2007-08-06 00:00:00-04:00,62.70027002340007,63.46589833686271,62.367655232878484,63.29018020629883,1937400,0.0,0.0
2007-08-07 00:00:00-04:00,62.88225727380667,62.913637561839366,61.28196313129383,61.66477966308594,3053000,0.0,0.0
2007-08-08 00:00:00-04:00,61.82793374513485,61.934623834397904,58.79051004332581,59.411800384521484,5364800,0.0,0.0
2007-08-09 00:00:00-04:00,59.3051296195374,59.99545292206697,57.22788269622782,57.33456802368164,7594900,0.0,0.0
2007-08-10 00:00:00-04:00,56.68190448594529,60.20255904569352,55.76565637993041,59.18589782714844,6694000,0.0,0.0
2007-08-13 00:00:00-04:00,60.02056885854524,62.41160004085217,60.02056885854524,61.50162887573242,3994400,0.0,0.0
2007-08-14 00:00:00-04:00,61.55182686660402,61.70871875515798,59.93897844378762,60.28413772583008,2764000,0.0,0.0
2007-08-15 00:00:00-04:00,60.71715842590702,60.98073563895554,59.3992675727042,59.512229919433594,2378100,0.0,0.0
2007-08-16 00:00:00-04:00,58.746572648262216,60.34059409188754,58.169211907787684,59.932674407958984,4047400,0.0,0.0
2007-08-17 00:00:00-04:00,61.80284432968355,61.80284432968355,59.79462562512933,60.38454055786133,2729200,0.0,0.0
2007-08-20 00:00:00-04:00,60.2464595880793,60.8552006229072,59.518479236503296,60.371971130371094,1548300,0.0,0.0
2007-08-21 00:00:00-04:00,59.68165231003927,60.6292803218993,59.52476047705391,59.93895721435547,1493600,0.0,0.0
2007-08-22 00:00:00-04:00,59.813442869899056,61.66476943364111,59.813442869899056,61.36981201171875,2522200,0.0,0.0
2007-08-23 00:00:00-04:00,61.50158243229001,61.97225780804733,60.42216613781335,60.83008575439453,1667100,0.0,0.0
2007-08-24 00:00:00-04:00,61.08739891801313,62.76927947998046,60.96816438636773,62.76927947998047,1834600,0.0,0.0
2007-08-27 00:00:00-04:00,62.442979087369196,64.32568197442555,62.20450511200803,64.26920318603516,2416900,0.0,0.0
2007-08-28 00:00:00-04:00,64.09972903911175,64.09972903911175,61.33843172889168,61.36981201171875,4124500,0.0,0.0
2007-08-29 00:00:00-04:00,61.88442953774563,62.61868233966466,61.82167374738638,62.57475280761719,2146300,0.0,0.0
2007-08-30 00:00:00-04:00,62.79519176613827,62.79519176613827,61.93869292035309,62.127628326416016,1758200,0.35,0.0
2007-08-31 00:00:00-04:00,62.83924526173425,63.185625068177806,62.335425767154526,62.436187744140625,1439100,0.0,0.0
2007-09-04 00:00:00-04:00,62.50545433770301,62.50545433770301,61.47261900305785,62.234649658203125,1787500,0.0,0.0
2007-09-05 00:00:00-04:00,62.07091318184733,62.49916237981533,61.334074133892294,62.26614761352539,2132500,0.0,0.0
2007-09-06 00:00:00-04:00,62.25983683432832,62.49285636182404,61.59856818902808,61.96384048461914,1436300,0.0,0.0
2007-09-07 00:00:00-04:00,61.40335337707288,61.87568686458882,60.7546828229896,60.86174392700195,2133300,0.0,0.0
2007-09-10 00:00:00-04:00,61.02549912692945,61.97016628120134,60.90583974984414,61.409664154052734,1707900,0.0,0.0
2007-09-11 00:00:00-04:00,61.642683857682826,62.05204061791062,59.81003193180132,61.71195983886719,1663200,0.0,0.0
2007-09-12 00:00:00-04:00,61.5293138342541,62.26615780766882,61.08847111924121,61.47893524169922,1628500,0.0,0.0
2007-09-13 00:00:00-04:00,62.127600684441525,63.07856681015183,61.951263613146864,62.75107955932617,2229500,0.0,0.0
2007-09-14 00:00:00-04:00,62.492870137563,63.966548282470114,62.177981152258965,63.82169723510742,2251300,0.0,0.0
2007-09-17 00:00:00-04:00,63.19192830265089,63.75243519709833,62.39211227970616,62.606239318847656,2619900,0.0,0.0
2007-09-18 00:00:00-04:00,63.57610056109015,64.33813632974754,63.15415036542593,64.30034637451172,2286400,0.0,0.0
2007-09-19 00:00:00-04:00,64.1491993304002,65.11275907986293,63.50052863918414,63.72724914550781,2272100,0.0,0.0
2007-09-20 00:00:00-04:00,63.60127971598358,64.16808088444634,63.41234919637925,63.63277053833008,1660100,0.0,0.0
2007-09-21 00:00:00-04:00,64.23104942413133,65.16312287013785,63.63276231545992,64.99308013916016,2877000,0.0,0.0
2007-09-24 00:00:00-04:00,65.37726973324146,65.50322824906416,64.29405052129665,64.45779418945312,2102300,0.0,0.0
2007-09-25 00:00:00-04:00,64.42629440323287,66.20226825597902,64.41369615192845,66.10150146484375,2604900,0.0,0.0
2007-09-26 00:00:00-04:00,66.19597414827547,67.38625433104528,65.76142573700777,66.58013916015625,3564200,0.0,0.0
2007-09-27 00:00:00-04:00,66.49826126807989,67.31697464608263,65.37725712007546,67.25399780273438,4207100,0.0,0.0
2007-09-28 00:00:00-04:00,67.29178743272067,68.48836675538911,67.0650669376961,68.32462310791016,2847300,0.0,0.0
2007-10-01 00:00:00-04:00,68.11051172908336,69.18743184980872,68.05382919387348,68.4820785522461,3328300,0.0,0.0
2007-10-02 00:00:00-04:00,68.65210376199126,69.47081231053953,67.59407648916385,67.88377380371094,3313400,0.0,0.0
2007-10-03 00:00:00-04:00,67.4555183678574,67.68853794517041,67.15952195486707,67.35475158691406,1833200,0.0,0.0
2007-10-04 00:00:00-04:00,67.73264419193991,69.21262193236494,67.41775510653773,68.64582061767578,2640800,0.0,0.0
2007-10-05 00:00:00-04:00,69.11815530289259,69.26930072084598,68.20497886319032,68.4568862915039,1841000,0.0,0.0
2007-10-08 00:00:00-04:00,68.2679546761584,69.00479398284124,68.028635896164,68.64582061767578,1342100,0.0,0.0
2007-10-09 00:00:00-04:00,68.75288019448594,70.38400811839071,68.65211818795174,70.15728759765625,2812900,0.0,0.0
2007-10-10 00:00:00-04:00,69.88647399668601,70.5351446474395,69.18112082047446,69.74162292480469,3252300,0.0,0.0
2007-10-11 00:00:00-04:00,70.28321951920006,71.63094397197855,70.18245754390213,70.45955657958984,2600700,0.0,0.0
2007-10-12 00:00:00-04:00,70.45326713866143,70.57292169231282,69.7542131688289,70.32730865478516,1729100,0.0,0.0
2007-10-15 00:00:00-04:00,70.5162515063836,70.60442005209728,69.00478317228047,69.7164306640625,1562700,0.0,0.0
2007-10-16 00:00:00-04:00,69.82977293497974,69.90534801392069,69.0047654103772,69.70381927490234,1689200,0.0,0.0
2007-10-17 00:00:00-04:00,70.33363351834326,70.33363351834326,68.37502282195564,69.23152160644531,2032300,0.0,0.0
2007-10-18 00:00:00-04:00,69.19373982013826,69.93057923825285,68.14830559218612,68.65213012695312,1758900,0.0,0.0
2007-10-19 00:00:00-04:00,68.30573316762234,68.63951479682578,66.75647959510742,66.85724639892578,2921100,0.0,0.0
2007-10-22 00:00:00-04:00,66.37858744699035,67.89634959204292,65.27017706733794,67.5373764038086,2408200,0.0,0.0
2007-10-23 00:00:00-04:00,67.86490361464162,68.26166217099956,66.86985285508496,67.36737823486328,2459500,0.0,0.0
2007-10-24 00:00:00-04:00,66.85722019616551,68.58281019424166,65.0749476919502,68.02860260009766,2437500,0.0,0.0
2007-10-25 00:00:00-04:00,68.26795202562069,69.90537424517306,67.8585952695261,69.37006378173828,2771500,0.0,0.0
2007-10-26 00:00:00-04:00,69.65344919578845,69.96833821096365,67.70113826266724,68.40019226074219,2089000,0.0,0.0
2007-10-29 00:00:00-04:00,68.09158031533022,69.11181731893964,68.07898206810194,68.79692840576172,1367700,0.0,0.0
2007-10-30 00:00:00-04:00,68.65210708577276,69.31337116028925,67.9278613619283,68.16717529296875,1720200,0.0,0.0
2007-10-31 00:00:00-04:00,68.53872770502434,69.45190370738226,67.85856644274213,69.3007583618164,2746700,0.0,0.0
2007-11-01 00:00:00-04:00,68.64580317410288,69.59676931571894,68.36240499118563,68.53874206542969,1893900,0.0,0.0
2007-11-02 00:00:00-04:00,69.31339869409459,69.81092413150425,68.5072832326607,69.35118865966797,1690300,0.0,0.0
2007-11-05 00:00:00-05:00,68.0160602239569,69.72905806503634,68.0160602239569,68.89775085449219,1787400,0.0,0.0
2007-11-06 00:00:00-05:00,68.91032952969515,69.2693029117045,67.88379279285385,68.9292221069336,2176000,0.0,0.0
2007-11-07 00:00:00-05:00,69.04885063644087,69.32595445827104,67.9530384030226,68.06639862060547,1996500,0.0,0.0
2007-11-08 00:00:00-05:00,67.44921988053636,68.57652302766888,66.6745956652153,67.49960327148438,2773900,0.0,0.0
2007-11-09 00:00:00-05:00,66.74388471758945,69.74162499459834,66.74388471758945,68.8662338256836,3166100,0.0,0.0
2007-11-12 00:00:00-05:00,68.88512092893248,69.51489897481537,67.7956076002572,68.47576904296875,2574800,0.0,0.0
2007-11-13 00:00:00-05:00,68.70248037139017,70.74925889098449,68.63950353175224,70.69258117675781,3200500,0.0,0.0
2007-11-14 00:00:00-05:00,71.16489978118842,71.16489978118842,69.79198382330529,70.4721450805664,3076500,0.0,0.0
2007-11-15 00:00:00-05:00,70.3335981255583,70.85001582650071,69.78568960676331,70.58551025390625,2405600,0.0,0.0
2007-11-16 00:00:00-05:00,71.16493391431909,71.16493391431909,69.30079108924882,70.13839721679688,2274500,0.0,0.0
2007-11-19 00:00:00-05:00,69.5589781694184,70.85632411653792,69.5589781694184,70.05020904541016,3037400,0.0,0.0
2007-11-20 00:00:00-05:00,70.09430078461777,70.34620816757757,68.17977488420611,69.19371795654297,3031700,0.0,0.0
2007-11-21 00:00:00-05:00,68.75916107574847,69.10554089185273,68.1923599243164,68.1923599243164,2295900,0.0,0.0
2007-11-23 00:00:00-05:00,68.50726709637127,69.96205310036473,68.12310203651417,69.91167449951172,850800,0.0,0.0
2007-11-26 00:00:00-05:00,69.77311292384127,70.56033551102493,67.89007784064906,68.12309265136719,1939400,0.0,0.0
2007-11-27 00:00:00-05:00,68.33721805843388,69.1496323255472,67.52480379132055,68.16717529296875,2871300,0.0,0.0
2007-11-28 00:00:00-05:00,68.81583993731783,70.25803213371744,68.01602399154024,70.05020904541016,2461700,0.0,0.0
2007-11-29 00:00:00-05:00,69.94903817588887,71.39037319129524,69.48123756035264,70.80245971679688,2075700,0.42,0.0
2007-11-30 00:00:00-05:00,71.51053100133343,71.75075204722434,69.62035353208361,69.96172332763672,2282900,0.0,0.0
2007-12-03 00:00:00-05:00,70.45478509892442,70.75822641149102,69.39274773949536,69.3990707397461,2252500,0.0,0.0
2007-12-04 00:00:00-05:00,69.1209066358265,69.98697426989415,68.88068571434223,68.9818344116211,2065200,0.0,0.0
2007-12-05 00:00:00-05:00,69.48126135530288,70.32836018767443,68.7858759579394,68.99449157714844,1886000,0.0,0.0
2007-12-06 00:00:00-05:00,68.96921182664562,69.86688511607898,68.13475408295432,69.77206420898438,2072300,0.0,0.0
2007-12-07 00:00:00-05:00,69.7594045405565,70.39789252046029,69.38010651736944,70.1766357421875,1457000,0.0,0.0
2007-12-10 00:00:00-05:00,70.51171486758955,70.51171486758955,69.42438983037734,69.99333953857422,1250200,0.0,0.0
2007-12-11 00:00:00-05:00,70.03755998251329,70.48639654768489,67.97670075990665,68.12210083007812,1833500,0.0,0.0
2007-12-12 00:00:00-05:00,68.28014860530513,69.34850426333773,67.84395317612795,68.46979522705078,3086500,0.0,0.0
2007-12-13 00:00:00-05:00,68.1094595873503,69.3990768387814,68.1094595873503,69.08931732177734,1717300,0.0,0.0
2007-12-14 00:00:00-05:00,68.5898945744496,70.25248659604436,68.46346351827317,69.84158325195312,1957600,0.0,0.0
2007-12-17 00:00:00-05:00,69.39910947603829,70.0059876168748,68.76694414312041,68.84912872314453,2100100,0.0,0.0
2007-12-18 00:00:00-05:00,69.2094123942005,69.6708900504309,67.95772382395859,68.3875961303711,2604000,0.0,0.0
2007-12-19 00:00:00-05:00,68.8680495967869,68.8680495967869,67.66061225527463,68.43185424804688,2375900,0.0,0.0
2007-12-20 00:00:00-05:00,68.79220528426414,68.79220528426414,67.21811555184192,68.0968246459961,1835200,0.0,0.0
2007-12-21 00:00:00-05:00,68.75425880590748,69.87318860447941,68.50139187051897,69.84158325195312,2314700,0.0,0.0
2007-12-24 00:00:00-05:00,69.54448066963513,70.60019517852791,69.54448066963513,70.34732818603516,456800,0.0,0.0
2007-12-26 00:00:00-05:00,70.17033429746184,70.46112969866878,68.84278839698221,69.24105072021484,981900,0.0,0.0
2007-12-27 00:00:00-05:00,69.09564665129147,69.1778263771562,67.98303473624046,68.0968246459961,1208500,0.0,0.0
2007-12-28 00:00:00-05:00,67.99568203981131,68.80485266071064,67.2307627865225,67.50259399414062,1488800,0.0,0.0
2007-12-31 00:00:00-05:00,67.20548046206419,67.7997172898414,66.54170989990234,66.54170989990234,1329500,0.0,0.0
2008-01-02 00:00:00-05:00,66.86408753972663,67.76808365036068,66.33939427397424,66.59857940673828,2753000,0.0,0.0
2008-01-03 00:00:00-05:00,66.68712162629808,68.78591040183616,66.19403342346668,68.22960662841797,2435800,0.0,0.0
2008-01-04 00:00:00-05:00,67.78704402033468,67.87554672006256,66.77557632681244,67.3255615234375,2319100,0.0,0.0
2008-01-07 00:00:00-05:00,67.86922380669067,68.23588060490556,66.33306291227278,67.17384338378906,2749500,0.0,0.0
2008-01-08 00:00:00-05:00,67.17387052995109,68.40659064948474,67.11697315818327,67.19915771484375,3160500,0.0,0.0
2008-01-09 00:00:00-05:00,67.56578314585056,68.76057442755311,67.27498786902176,68.60885620117188,2602400,0.0,0.0
2008-01-10 00:00:00-05:00,68.22955998234339,69.46227964665619,67.8439389954485,68.61518096923828,2639600,0.0,0.0
2008-01-11 00:00:00-05:00,68.00830893118194,69.69618825102506,67.95773457582943,69.19677734375,3117000,0.0,0.0
2008-01-14 00:00:00-05:00,69.61401034411938,69.61401034411938,67.7364795545872,68.3307113647461,2724500,0.0,0.0
2008-01-15 00:00:00-05:00,67.62268648933885,68.67207781412922,67.24970665525554,67.52153778076172,3033600,0.0,0.0
2008-01-16 00:00:00-05:00,67.07902359920891,67.70486555270037,66.4784688226208,66.92098236083984,3042400,0.0,0.0
2008-01-17 00:00:00-05:00,66.99054682869325,67.71753777127154,64.43659884905765,64.57567596435547,3592600,0.0,0.0
2008-01-18 00:00:00-05:00,64.89174569814953,65.95378321354886,63.89292372543322,64.40497589111328,3291200,0.0,0.0
2008-01-22 00:00:00-05:00,61.32631610693949,64.59460736556453,57.17299305534861,63.86129379272461,4440500,0.0,0.0
2008-01-23 00:00:00-05:00,62.14814534884111,64.50612313884372,61.35793902582956,64.28486633300781,3977200,0.0,0.0
2008-01-24 00:00:00-05:00,64.94863010837439,67.52154144005306,64.55036789859908,66.94627380371094,3713600,0.0,0.0
2008-01-25 00:00:00-05:00,67.68594089750547,67.68594089750547,66.35839468466017,66.68711853027344,3280100,0.0,0.0
2008-01-28 00:00:00-05:00,66.6491595695913,67.67326865853742,66.6491595695913,67.55947875976562,2832200,0.0,0.0
2008-01-29 00:00:00-05:00,67.65428779226947,67.93876490083089,66.9462661667703,67.28763580322266,1992000,0.0,0.0
2008-01-30 00:00:00-05:00,67.5910721313543,68.55828368787652,67.18016396848891,67.34452819824219,2171900,0.0,0.0
2008-01-31 00:00:00-05:00,66.57332994859419,68.49511314758084,66.1244931390833,68.22328186035156,2894100,0.0,0.0
2008-02-01 00:00:00-05:00,68.38126812826732,69.41169988225423,67.5594567475987,68.34966278076172,2658200,0.0,0.0
2008-02-04 00:00:00-05:00,68.36864355853467,69.63297351866278,67.01581088704047,69.3990707397461,2666700,0.0,0.0
2008-02-05 00:00:00-05:00,69.12724753880445,69.32322198477988,67.73016335129047,68.12842559814453,2364800,0.0,0.0
2008-02-06 00:00:00-05:00,68.72897882944565,68.72897882944565,66.49111417484917,66.75662231445312,2369400,0.0,0.0
2008-02-07 00:00:00-05:00,66.34572259291184,67.60373456286878,66.13711178398145,66.90203094482422,2981000,0.0,0.0
2008-02-08 00:00:00-05:00,66.89567828321962,67.17383233584701,66.22558514520051,66.85774993896484,1725800,0.0,0.0
2008-02-11 00:00:00-05:00,66.71871619455614,68.14108790324981,66.71239319206693,68.02729797363281,1583300,0.0,0.0
2008-02-12 00:00:00-05:00,68.31174569758221,68.31174569758221,67.38878541227294,67.77440643310547,2208900,0.0,0.0
2008-02-13 00:00:00-05:00,67.77440301206163,69.00080454579033,67.6479719525793,68.82379913330078,1871400,0.0,0.0
2008-02-14 00:00:00-05:00,68.7416301161651,69.22207693208009,67.38879721767333,67.70487976074219,1293300,0.0,0.0
2008-02-15 00:00:00-05:00,67.68588427542504,67.97035650340513,66.37730334525426,66.85774993896484,2095600,0.0,0.0
2008-02-19 00:00:00-05:00,67.48993822847396,68.2738214951908,66.88937857150003,67.8565902709961,1814800,0.0,0.0
2008-02-20 00:00:00-05:00,67.39514052564333,67.84397729327455,66.91469356496609,67.6859359741211,1270300,0.0,0.0
2008-02-21 00:00:00-05:00,67.79336746465414,68.2358858207152,66.21295509951277,66.3773193359375,2958700,0.0,0.0
2008-02-22 00:00:00-05:00,66.54800692601223,66.69972999745411,65.22046140063075,66.45318603515625,1678600,0.0,0.0
2008-02-25 00:00:00-05:00,66.62389235415431,67.41409888157624,65.92218857196062,67.40777587890625,1749500,0.0,0.0
2008-02-26 00:00:00-05:00,66.94630753104308,67.29399555895307,66.58597349598664,66.97791290283203,1712800,0.0,0.0
2008-02-27 00:00:00-05:00,66.63018372104594,67.46464122488447,66.4468553149632,66.60489654541016,1693800,0.0,0.0
2008-02-28 00:00:00-05:00,66.42085668962865,67.15075717151605,65.78616146056834,66.74455261230469,1833500,0.42,0.0
2008-02-29 00:00:00-05:00,66.00827671045928,66.21772721218252,65.29107313944321,65.50051879882812,1958900,0.0,0.0
2008-03-03 00:00:00-05:00,65.54498630643558,66.00831604003906,64.9991527633661,66.00831604003906,1731000,0.0,0.0
2008-03-04 00:00:00-05:00,65.11972890153801,66.0654234278105,64.82142137199844,65.8305892944336,1872900,0.0,0.0
2008-03-05 00:00:00-05:00,65.75441139145741,66.57951695839219,65.30377845153863,66.45892333984375,2059400,0.0,0.0
2008-03-06 00:00:00-05:00,65.62748658158384,66.59856949141353,65.62748658158384,66.10350799560547,1927600,0.0,0.0
2008-03-07 00:00:00-05:00,65.45610967978321,66.38911233366014,65.22761903628928,65.48784637451172,1736300,0.0,0.0
2008-03-10 00:00:00-04:00,64.92298467631815,65.3799660801725,63.56473708282941,63.67263412475586,2369800,0.0,0.0
2008-03-11 00:00:00-04:00,63.50759335108009,64.54849298005342,63.069657002841275,64.52310943603516,3281800,0.0,0.0
2008-03-12 00:00:00-04:00,64.73890251555082,64.85314783133067,63.54567742811426,63.755123138427734,1985300,0.0,0.0
2008-03-13 00:00:00-04:00,63.18389610106382,64.35808101108559,62.51746434120167,64.17401885986328,2132700,0.0,0.0
2008-03-14 00:00:00-04:00,64.72621075639817,65.17049540544039,62.841165466831406,63.81224822998047,2891700,0.0,0.0
2008-03-17 00:00:00-04:00,62.42228156786735,64.1740419455864,62.42228156786735,63.50126647949219,3285300,0.0,0.0
2008-03-18 00:00:00-04:00,64.58022993664635,64.58022993664635,63.41239321346636,64.45329284667969,3538000,0.0,0.0
2008-03-19 00:00:00-04:00,64.63736227930069,65.53228491088169,63.920158386230476,63.92015838623047,2353200,0.0,0.0
2008-03-20 00:00:00-04:00,64.00901981230902,64.6437151100857,62.48575012917685,63.50126647949219,3444100,0.0,0.0
2008-03-24 00:00:00-04:00,63.63452219232352,64.30094903834959,63.323518155172785,63.964561462402344,1710900,0.0,0.0
2008-03-25 00:00:00-04:00,64.27556210947131,64.9229537371966,63.46950157015931,64.7388916015625,1363800,0.0,0.0
2008-03-26 00:00:00-04:00,64.52945330185565,64.52945330185565,63.824941313651536,64.25019073486328,1361300,0.0,0.0
2008-03-27 00:00:00-04:00,64.48503032585297,64.48503032585297,63.40605043995093,63.49490737915039,1336600,0.0,0.0
2008-03-28 00:00:00-04:00,63.7107231550933,64.0344191682328,63.317215102199846,63.58378601074219,1552200,0.0,0.0
2008-03-31 00:00:00-04:00,63.685320667198134,63.85669110073177,62.47940353565012,63.02524185180664,2439400,0.0,0.0
2008-04-01 00:00:00-04:00,63.44414816206798,64.42792791564999,63.012555119781474,64.31368255615234,2040000,0.0,0.0
2008-04-02 00:00:00-04:00,64.24385345916642,64.73891497538014,63.48856456823804,63.60280990600586,2501500,0.0,0.0
2008-04-03 00:00:00-04:00,63.348924226988466,63.54568302514708,62.51747509256505,62.85386276245117,3389500,0.0,0.0
2008-04-04 00:00:00-04:00,63.17757777336079,64.32002653508579,62.83484169214087,63.983638763427734,2384800,0.0,0.0
2008-04-07 00:00:00-04:00,64.47233081438344,65.26569970654015,64.14863495052847,64.89757537841797,2555300,0.0,0.0
2008-04-08 00:00:00-04:00,64.89759526256536,66.09716900765974,64.89759526256536,65.68461608886719,2658400,0.0,0.0
2008-04-09 00:00:00-04:00,65.62748259347352,66.14158413982662,65.0943361241511,65.44342041015625,1531000,0.0,0.0
2008-04-10 00:00:00-04:00,65.57670952687211,65.57670952687211,64.96105439254532,65.25301361083984,1258000,0.0,0.0
2008-04-11 00:00:00-04:00,65.02453406131033,65.81790321697464,64.66275792002105,65.37996673583984,1492200,0.0,0.0
2008-04-14 00:00:00-04:00,65.22762164599605,66.05907562621914,65.22762164599605,65.57670593261719,1305400,0.0,0.0
2008-04-15 00:00:00-04:00,66.12254405919724,66.12254405919724,64.68178813094129,65.44342041015625,1956000,0.0,0.0
2008-04-16 00:00:00-04:00,65.44976227649059,66.42084503173828,65.373597119129,66.42084503173828,2064900,0.0,0.0
2008-04-17 00:00:00-04:00,66.09712934170804,66.7381725741364,66.00827243927299,66.23676300048828,1303700,0.0,0.0
2008-04-18 00:00:00-04:00,67.08093611520938,67.56964928040303,66.70011512770888,67.43001556396484,1714800,0.0,0.0
2008-04-21 00:00:00-04:00,67.37928082571867,67.65854357042201,66.52243797316251,67.6395034790039,1481200,0.0,0.0
2008-04-22 00:00:00-04:00,65.93213550235285,66.80166966787546,65.48785080016762,65.87501525878906,2116300,0.0,0.0
2008-04-23 00:00:00-04:00,66.00194544177579,68.54707427775877,65.87500835227132,68.47090911865234,2638100,0.0,0.0
2008-04-24 00:00:00-04:00,68.02027670597379,68.24876734280136,67.19517593284273,67.65850067138672,1681200,0.0,0.0
2008-04-25 00:00:00-04:00,67.84258267629211,68.53440309625921,67.39829788720574,68.312255859375,1202100,0.0,0.0
2008-04-28 00:00:00-04:00,67.91872193967497,68.74382263915854,67.53790585973339,67.69023132324219,1562500,0.0,0.0
2008-04-29 00:00:00-04:00,67.47444894959318,67.96316699273393,66.99208405700432,67.20787811279297,1500700,0.0,0.0
2008-04-30 00:00:00-04:00,67.37290219248803,68.0964543947888,67.0174695573936,67.30308532714844,1572100,0.0,0.0
2008-05-01 00:00:00-04:00,67.12537495395772,68.43919400523451,67.12537495395772,68.36937713623047,1428300,0.0,0.0
2008-05-02 00:00:00-04:00,68.83266169281437,68.83266169281437,67.13802742951276,67.86792755126953,1729200,0.0,0.0
2008-05-05 00:00:00-04:00,67.56963482159887,68.47724894189238,67.32210413809509,67.67118835449219,1691400,0.0,0.0
2008-05-06 00:00:00-04:00,67.42366145628044,67.88063785293905,67.08726899143981,67.61406707763672,1334000,0.0,0.0
2008-05-07 00:00:00-04:00,67.51887265885637,68.02663074846843,66.64934334649622,67.22691345214844,2051700,0.0,0.0
2008-05-08 00:00:00-04:00,67.34750260397722,67.6267700189043,66.83974454817155,67.17613220214844,1300500,0.0,0.0
2008-05-09 00:00:00-04:00,66.96033817595183,67.45539961707551,66.6049104422917,67.17613220214844,950400,0.0,0.0
2008-05-12 00:00:00-04:00,67.17612489606135,67.9441102035846,66.979370970947,67.8933334350586,1101000,0.0,0.0
2008-05-13 00:00:00-04:00,68.05838000743913,68.96599449157235,68.05838000743913,68.86444091796875,1742200,0.0,0.0
2008-05-14 00:00:00-04:00,68.99135524540834,69.8164608100998,68.86441816268935,68.9977035522461,1853800,0.0,0.0
2008-05-15 00:00:00-04:00,69.16911482209296,69.32778869044373,68.5978879275618,69.21988677978516,1420400,0.0,0.0
2008-05-16 00:00:00-04:00,69.50547518415337,69.5943321279319,68.60420428786497,69.28333282470703,1778900,0.0,0.0
2008-05-19 00:00:00-04:00,69.16908219110954,70.19728527386168,68.86442637696898,69.77838897705078,1726200,0.0,0.0
2008-05-20 00:00:00-04:00,69.58164289802541,69.79744181463816,68.75654192644686,69.23890686035156,1489700,0.0,0.0
2008-05-21 00:00:00-04:00,69.23256511104238,69.81013532123818,67.79815236424018,67.88066101074219,1496600,0.0,0.0
2008-05-22 00:00:00-04:00,67.84256820948524,68.35666976184932,67.65850602401588,67.9695053100586,1173300,0.0,0.0
2008-05-23 00:00:00-04:00,68.0710352077174,68.97230089865606,67.88062478069057,68.1789321899414,1331100,0.0,0.0
2008-05-27 00:00:00-04:00,68.08375233533796,68.82000109557546,67.77910134942873,68.13452911376953,998800,0.0,0.0
2008-05-28 00:00:00-04:00,68.09643989264568,68.68035823991322,67.87429756948296,68.3503189086914,1639400,0.0,0.0
2008-05-29 00:00:00-04:00,68.62431097796468,69.39530335837999,67.74500398306473,69.20414733886719,1921700,0.42,0.0
2008-05-30 00:00:00-04:00,69.2742311933254,70.01335768754335,69.08307519136783,69.73300170898438,1804100,0.0,0.0
2008-06-02 00:00:00-04:00,69.59921363729967,70.0070086833396,68.87282354640935,69.55461120605469,1755200,0.0,0.0
2008-06-03 00:00:00-04:00,69.93053057156284,69.93053057156284,68.36306778174296,68.70714569091797,2360300,0.0,0.0
2008-06-04 00:00:00-04:00,68.38219335110401,69.51000040497236,68.38219335110401,69.12769317626953,1696100,0.0,0.0
2008-06-05 00:00:00-04:00,69.10859779757105,69.12771243513647,67.8788392140798,68.605224609375,2505000,0.0,0.0
2008-06-06 00:00:00-04:00,68.16556251818449,68.16556251818449,66.07560668629202,66.10746765136719,3129900,0.0,0.0
2008-06-09 00:00:00-04:00,66.50888206990022,66.50888206990022,64.83309952751269,65.40656280517578,2801800,0.0,0.0
2008-06-10 00:00:00-04:00,65.0688307788087,66.2985885136589,64.78209682929446,65.61680603027344,1921000,0.0,0.0
2008-06-11 00:00:00-04:00,65.34920081494235,66.24762724491909,65.29185692943706,65.43203735351562,1794500,0.0,0.0
2008-06-12 00:00:00-04:00,65.62321509401222,67.13970772037577,65.43206387023022,65.49578094482422,1963000,0.0,0.0
2008-06-13 00:00:00-04:00,65.94816300351383,66.34321655128406,65.47665092871068,66.31135559082031,1962000,0.0,0.0
2008-06-16 00:00:00-04:00,65.24725646598175,66.13293659598672,65.1899077174573,65.34283447265625,1949100,0.0,0.0
2008-06-17 00:00:00-04:00,65.34284516439953,65.88444747577576,64.6037136438954,64.73114776611328,1437400,0.0,0.0
2008-06-18 00:00:00-04:00,64.4507700629947,65.27273300054775,64.1767824171437,64.32970428466797,1456900,0.0,0.0
2008-06-19 00:00:00-04:00,64.63556055385713,66.20939641373967,64.19590466357278,65.84619903564453,1829300,0.0,0.0
2008-06-20 00:00:00-04:00,65.61683905492687,65.84621952416697,64.50814167021322,65.03700256347656,2148400,0.0,0.0
2008-06-23 00:00:00-04:00,65.43841841395525,66.48339377371627,65.01788192102711,66.3495864868164,2122400,0.0,0.0
2008-06-24 00:00:00-04:00,65.9800081198221,66.80196625584472,65.9800081198221,66.22850799560547,1844500,0.0,0.0
2008-06-25 00:00:00-04:00,66.34320722730133,66.90392407903884,66.07558783639767,66.1584243774414,2661800,0.0,0.0
2008-06-26 00:00:00-04:00,65.78251355104312,66.0182720864421,63.39945983886718,63.39945983886719,2699800,0.0,0.0
2008-06-27 00:00:00-04:00,63.590606669368505,64.20866758169856,63.31661889944869,63.475914001464844,3265600,0.0,0.0
2008-06-30 00:00:00-04:00,63.494999920182785,63.55871695991297,62.31621767062957,62.864192962646484,3720500,0.0,0.0
2008-07-01 00:00:00-04:00,63.09357395437396,64.66740964382143,63.023488612889956,64.41253662109375,2881100,0.0,0.0
2008-07-02 00:00:00-04:00,64.70564339668448,65.17078216387065,63.76261467623401,63.9091682434082,1956100,0.0,0.0
2008-07-03 00:00:00-04:00,64.31697099751591,64.91591708033444,64.20227836696783,64.66104888916016,1658900,0.0,0.0
2008-07-07 00:00:00-04:00,64.80759957958095,66.05010392510624,64.59096063824894,65.38743591308594,3525100,0.0,0.0
2008-07-08 00:00:00-04:00,65.45117421560855,66.43880096032132,65.15807180265051,66.14569854736328,3712900,0.0,0.0
2008-07-09 00:00:00-04:00,66.34957876819705,66.34957876819705,65.18991088867188,65.18991088867188,2873900,0.0,0.0
2008-07-10 00:00:00-04:00,65.18993975826525,66.03739104664186,64.84586168190252,65.95455932617188,2665800,0.0,0.0
2008-07-11 00:00:00-04:00,65.33647720295474,66.0947234160443,64.67380901978999,65.4256820678711,2932900,0.0,0.0
2008-07-14 00:00:00-04:00,65.95453206661625,65.95453206661625,64.11308144847979,64.98601531982422,2145400,0.0,0.0
2008-07-15 00:00:00-04:00,64.59732204000544,65.46388743536524,64.2150149211817,64.76936340332031,3040800,0.0,0.0
2008-07-16 00:00:00-04:00,64.51450800514654,65.02425421044799,62.90881572265716,64.18954467773438,4298300,0.0,0.0
2008-07-17 00:00:00-04:00,64.23417443897257,64.66108913362545,62.45007168384781,63.88372802734375,3685900,0.0,0.0
2008-07-18 00:00:00-04:00,63.87095356874778,64.60371190502812,63.552363410478065,64.34883880615234,2327400,0.0,0.0
2008-07-21 00:00:00-04:00,64.24052104814427,65.20903301638056,63.97290647470663,64.73114776611328,2621600,0.0,0.0
2008-07-22 00:00:00-04:00,64.24688782135966,66.85932595734188,64.24688782135966,66.1902847290039,4131500,0.0,0.0
2008-07-23 00:00:00-04:00,66.20302555884864,68.45227094841955,65.89717691553084,68.07633209228516,2863500,0.0,0.0
2008-07-24 00:00:00-04:00,68.10819420574104,68.10819420574104,66.54710459111698,66.74462890625,2716500,0.0,0.0
2008-07-25 00:00:00-04:00,67.24801660027111,67.41368485706151,66.58534843440992,66.66181182861328,1685400,0.0,0.0
2008-07-28 00:00:00-04:00,66.64902934902912,67.21611917987623,65.6614032314101,65.85255432128906,2653300,0.0,0.0
2008-07-29 00:00:00-04:00,65.48938939480928,66.58534027085526,65.48938939480928,66.21577453613281,1929300,0.0,0.0
2008-07-30 00:00:00-04:00,66.51525473496393,67.78324223955808,65.87807440041207,66.3495864868164,2264300,0.0,0.0
2008-07-31 00:00:00-04:00,66.06284452453147,67.38180736791963,65.88443484311459,66.47701263427734,1976300,0.0,0.0
2008-08-01 00:00:00-04:00,66.58532432374521,66.99949238510001,65.5403492878554,66.24761962890625,1688200,0.0,0.0
2008-08-04 00:00:00-04:00,66.2667482900054,67.38181376603914,66.09471175553205,66.64905548095703,1271200,0.0,0.0
2008-08-05 00:00:00-04:00,67.21613269753385,68.8982879055108,66.94214503843843,68.8791732788086,2648700,0.0,0.0
2008-08-06 00:00:00-04:00,68.75177462356105,68.80275022856902,67.64308195179431,68.42681121826172,2564900,0.0,0.0
2008-08-07 00:00:00-04:00,68.12094475069415,69.19777609738328,67.85969850752305,69.00025177001953,2253900,0.0,0.0
2008-08-08 00:00:00-04:00,68.78360872541259,71.40242004394531,68.56059660147544,71.40242004394531,3093700,0.0,0.0
2008-08-11 00:00:00-04:00,71.19851878363514,72.00774041220853,70.13442894764597,71.9249038696289,4045000,0.0,0.0
2008-08-12 00:00:00-04:00,71.88669661184697,72.89981603319993,71.35146737890649,72.88706970214844,4132400,0.0,0.0
2008-08-13 00:00:00-04:00,72.6067033456885,73.14831056510788,70.78436704515659,71.98226928710938,4197800,0.0,0.0
2008-08-14 00:00:00-04:00,71.714628969388,72.46012859005162,70.73973924086766,72.11605072021484,2956800,0.0,0.0
2008-08-15 00:00:00-04:00,72.24348977794958,74.57557165796467,72.18614589301437,74.33981323242188,4938500,0.0,0.0
2008-08-18 00:00:00-04:00,74.37807249463388,74.37807249463388,72.65130928013608,73.43504333496094,3169000,0.0,0.0
2008-08-19 00:00:00-04:00,72.96348655684841,73.94474438587137,72.96348655684841,73.7472152709961,2727800,0.0,0.0
2008-08-20 00:00:00-04:00,73.79185130611812,73.79185130611812,72.01411762990107,72.7978515625,4144800,0.0,0.0
2008-08-21 00:00:00-04:00,72.48563373245129,73.52423589206332,71.71464613745587,73.30122375488281,2238000,0.0,0.0
2008-08-22 00:00:00-04:00,73.49875047798069,73.90017719921411,72.79147991907436,73.76636505126953,2390500,0.0,0.0
2008-08-25 00:00:00-04:00,73.29485647753167,73.53698812703244,72.40917616066396,72.80422973632812,1679500,0.0,0.0
2008-08-26 00:00:00-04:00,72.9762627658693,73.7153942856259,72.44103361953532,73.65167236328125,1949400,0.0,0.0
2008-08-27 00:00:00-04:00,73.37131974501372,74.10407813445718,73.32034414928019,73.84920501708984,1845300,0.0,0.0
2008-08-28 00:00:00-04:00,74.20090626374633,76.9315637669782,74.05382454695128,76.4775161743164,3542300,0.42,0.0
2008-08-29 00:00:00-04:00,76.21533416528007,76.21533416528007,74.23928378488372,74.4631118774414,3841500,0.0,0.0
2008-09-02 00:00:00-04:00,75.2049018975444,75.57581160307865,74.29042031540502,75.10258483886719,3641600,0.0,0.0
2008-09-03 00:00:00-04:00,74.86599278986169,75.5822319439474,73.96430360310046,74.43753051757812,2291800,0.0,0.0
2008-09-04 00:00:00-04:00,74.06023499620821,74.18174113347654,72.23127098828851,72.78763580322266,2671300,0.0,0.0
2008-09-05 00:00:00-04:00,72.18649438944396,74.39915571630455,71.9562748406164,74.00267028808594,3306300,0.0,0.0
2008-09-08 00:00:00-04:00,75.4671224115752,75.54385901045372,73.89395870782451,75.35201263427734,2938300,0.0,0.0
2008-09-09 00:00:00-04:00,76.10021175865543,76.6245995772954,74.07939707088526,74.11137390136719,3019500,0.0,0.0
2008-09-10 00:00:00-04:00,74.41832448524795,74.41832448524795,72.77481613513721,72.96026611328125,3220100,0.0,0.0
2008-09-11 00:00:00-04:00,72.41035082665795,73.68295030725338,70.51104124464912,73.60620880126953,2328500,0.0,0.0
2008-09-12 00:00:00-04:00,73.54222382381465,74.99388122558594,73.1904981930655,74.99388122558594,2264400,0.0,0.0
2008-09-15 00:00:00-04:00,73.740485367454,74.94274428243952,70.90751008692261,71.42550659179688,6054600,0.0,0.0
2008-09-16 00:00:00-04:00,70.40228693956341,72.45507848525466,67.8634856200893,71.64291381835938,5852900,0.0,0.0
2008-09-17 00:00:00-04:00,70.58134532570833,71.83475992004222,67.79952712039272,67.80592346191406,3922200,0.0,0.0
2008-09-18 00:00:00-04:00,68.25999043205164,73.4718982202429,68.1129086775507,72.78763580322266,4961000,0.0,0.0
2008-09-19 00:00:00-04:00,75.14096954689391,75.14096954689391,69.19363979286706,70.9074935913086,5822000,0.0,0.0
2008-09-22 00:00:00-04:00,70.19126128379865,71.30398579465928,67.9146464017069,69.19364166259766,2823100,0.0,0.0
2008-09-23 00:00:00-04:00,69.22561390977773,70.25520541690665,67.79314067859033,68.76517486572266,2678100,0.0,0.0
2008-09-24 00:00:00-04:00,68.84830002734348,69.77556940813066,68.15764158813424,68.84190368652344,1899400,0.0,0.0
2008-09-25 00:00:00-04:00,69.51980802932428,71.39993319769529,69.00181635190827,70.67090606689453,2357200,0.0,0.0
2008-09-26 00:00:00-04:00,69.94188334674212,72.18012587729054,68.43266799296809,71.9754867553711,2092600,0.0,0.0
2008-09-29 00:00:00-04:00,71.18887948052426,73.54862741265009,68.77797544350499,70.33195495605469,3425400,0.0,0.0
2008-09-30 00:00:00-04:00,70.51102662541459,71.82199414770469,69.18726641528858,70.13372039794922,3572600,0.0,0.0
2008-10-01 00:00:00-04:00,69.6413060627765,70.15290133621073,68.7396118919159,69.60932922363281,2879500,0.0,0.0
2008-10-02 00:00:00-04:00,69.1936301269001,70.0953239774114,65.78511203290596,66.68040466308594,3982300,0.0,0.0
2008-10-03 00:00:00-04:00,67.51177316278638,68.63089415716362,66.92983278278,67.15365600585938,2837900,0.0,0.0
2008-10-06 00:00:00-04:00,66.06648647729811,67.2239802930176,64.81307193785446,65.62523651123047,3407100,0.0,0.0
2008-10-07 00:00:00-04:00,66.37987112365968,67.67165448488092,63.310279846191406,63.310279846191406,5152000,0.0,0.0
2008-10-08 00:00:00-04:00,62.04408533951506,64.89625032348243,61.39179961535395,62.67079544067383,5655600,0.0,0.0
2008-10-09 00:00:00-04:00,62.83064239958058,64.02650472891116,58.616355342882855,58.83378219604492,4987100,0.0,0.0
2008-10-10 00:00:00-04:00,56.85135737359885,60.163956288000136,52.28534331307021,55.94327163696289,8172500,0.0,0.0
2008-10-13 00:00:00-04:00,57.247837479423374,57.88733524110987,56.21825057177039,57.7210693359375,4474800,0.0,0.0
2008-10-14 00:00:00-04:00,59.72907613971395,61.93534088314913,58.95528463795015,61.24468231201172,4773000,0.0,0.0
2008-10-15 00:00:00-04:00,61.35341326911024,61.35341326911024,55.50840445565939,55.936866760253906,3067500,0.0,0.0
2008-10-16 00:00:00-04:00,60.905765762456795,60.905765762456795,54.235803879445825,59.2238883972168,3543300,0.0,0.0
2008-10-17 00:00:00-04:00,57.72105989815666,60.59240301253053,56.115919412660205,58.0344123840332,3212300,0.0,0.0
2008-10-20 00:00:00-04:00,58.82740251145422,60.17034694432083,57.95768509457312,59.61398696899414,3701800,0.0,0.0
2008-10-21 00:00:00-04:00,57.13271874650033,58.03441279128355,53.756171873826084,53.83930969238281,7339200,0.0,0.0
2008-10-22 00:00:00-04:00,53.02074106234641,54.344500717040155,50.09184128640296,51.01271438598633,5796400,0.0,0.0
2008-10-23 00:00:00-04:00,51.121451036077524,52.06151349707421,48.192550207946795,50.92959976196289,5599400,0.0,0.0
2008-10-24 00:00:00-04:00,47.96872092398371,50.93598968109251,47.96872092398371,48.4995002746582,3953000,0.0,0.0
2008-10-27 00:00:00-04:00,48.134998692964835,48.7361282041436,46.299643074846024,46.453121185302734,4722300,0.0,0.0
2008-10-28 00:00:00-04:00,47.23970760801172,51.473180223076334,46.96472333926131,51.33888626098633,4338800,0.0,0.0
2008-10-29 00:00:00-04:00,51.351672586139365,52.707404728165024,50.09825267067225,50.27091979980469,3465500,0.0,0.0
2008-10-30 00:00:00-04:00,51.61385460753783,53.31492069388406,50.398808100001936,52.553916931152344,3302400,0.0,0.0
2008-10-31 00:00:00-04:00,52.53474157504581,54.90727766179231,51.70978888520985,54.389286041259766,3922900,0.0,0.0
2008-11-03 00:00:00-05:00,54.325310303488656,54.7601687956867,53.10387262387479,53.70500183105469,2411500,0.0,0.0
2008-11-04 00:00:00-05:00,54.67065819816725,55.23981077325075,53.89686654978385,54.93925094604492,2947900,0.0,0.0
2008-11-05 00:00:00-05:00,55.20145518847751,55.42527846412089,53.19982863917888,53.96722412109375,3043700,0.0,0.0
2008-11-06 00:00:00-05:00,53.39804960814687,53.71779840819565,48.742507860073296,49.12620544433594,4631100,0.0,0.0
2008-11-07 00:00:00-05:00,49.35644315247727,50.78891693827223,48.40998420892801,50.36045455932617,2508200,0.0,0.0
2008-11-10 00:00:00-05:00,51.33247287611199,51.9591827034711,48.81285551872067,49.56746292114258,2588500,0.0,0.0
2008-11-11 00:00:00-05:00,48.608221122707974,49.062263900303385,47.06702933712703,47.585025787353516,3060900,0.0,0.0
2008-11-12 00:00:00-05:00,46.95191891682643,47.239695802802125,45.52584180983231,45.85198211669922,2317200,0.0,0.0
2008-11-13 00:00:00-05:00,46.018254897293836,48.109415153545385,44.0102324663796,48.096622467041016,3340700,0.0,0.0
2008-11-14 00:00:00-05:00,47.124591706748625,49.0942411083455,45.813619341284394,46.21010971069336,2782700,0.0,0.0
2008-11-17 00:00:00-05:00,45.557800706171,46.78563961883813,44.681692250404225,45.397926330566406,1987400,0.0,0.0
2008-11-18 00:00:00-05:00,45.21888647141983,47.27167371584797,44.77123998658407,46.76007843017578,3964100,0.0,0.0
2008-11-19 00:00:00-05:00,47.028652797341614,47.943134535374945,44.00382708569924,44.336368560791016,2576400,0.0,0.0
2008-11-20 00:00:00-05:00,43.98464340245798,46.101378861336414,43.08934580182447,43.466651916503906,4021300,0.0,0.0
2008-11-21 00:00:00-05:00,43.530599290706974,46.67053469381288,43.530599290706974,46.47868347167969,4106300,0.0,0.0
2008-11-24 00:00:00-05:00,47.118200291507364,47.59142731941131,45.66654236471527,46.51707077026367,2754800,0.0,0.0
2008-11-25 00:00:00-05:00,47.4059649906681,47.975117580316216,45.500264486604706,46.702518463134766,3336300,0.0,0.0
2008-11-26 00:00:00-05:00,46.109552458345924,47.405055641961205,45.297445471280774,47.39216232299805,2046400,0.57,0.0
2008-11-28 00:00:00-05:00,47.50171889635829,49.699562072753906,47.231018275132534,49.699562072753906,1258900,0.0,0.0
2008-12-01 00:00:00-05:00,49.254842529963035,49.493319727754404,45.74861256072001,45.806617736816406,2883000,0.0,0.0
2008-12-02 00:00:00-05:00,46.489819291791534,48.23004845692426,45.793732543098585,47.45661163330078,3252400,0.0,0.0
2008-12-03 00:00:00-05:00,47.50172006300883,49.69956329338386,46.470476063469505,49.57065963745117,3971900,0.0,0.0
2008-12-04 00:00:00-05:00,48.98412977189446,50.833926969055874,48.41694688162687,49.725337982177734,3671800,0.0,0.0
2008-12-05 00:00:00-05:00,49.20973544944969,51.96187408488195,48.13982101265082,51.68472671508789,3718500,0.0,0.0
2008-12-08 00:00:00-05:00,52.50328951032649,53.72789460858872,51.68474050250102,52.62575149536133,2939200,0.0,0.0
2008-12-09 00:00:00-05:00,52.04566719893905,53.39272916610756,51.626722764329806,52.058555603027344,3090000,0.0,0.0
2008-12-10 00:00:00-05:00,51.92319605116824,52.85131833698281,50.170078363456504,51.04019546508789,2848800,0.0,0.0
2008-12-11 00:00:00-05:00,50.89195177606041,51.246444292667455,48.842351674042575,49.11305236816406,4117500,0.0,0.0
2008-12-12 00:00:00-05:00,48.23005258149405,50.1958608935934,47.82399661622431,50.14430236816406,2788100,0.0,0.0
2008-12-15 00:00:00-05:00,50.4214587881278,50.4214587881278,47.849786937111006,48.893924713134766,3002100,0.0,0.0
2008-12-16 00:00:00-05:00,49.17750167114797,50.595461687811536,48.06246576585473,50.53745651245117,3417500,0.0,0.0
2008-12-17 00:00:00-05:00,49.71888210581954,51.4848871853741,49.203257815835684,50.85969924926758,1910600,0.0,0.0
2008-12-18 00:00:00-05:00,50.982174183702476,51.87806789249289,50.40854454044413,50.685691833496094,2016100,0.0,0.0
2008-12-19 00:00:00-05:00,51.07886744544783,52.522609451272054,50.13141006378295,51.56871032714844,4692300,0.0,0.0
2008-12-22 00:00:00-05:00,51.497797246537864,51.497797246537864,49.963817189464265,50.86615753173828,2175700,0.0,0.0
2008-12-23 00:00:00-05:00,51.09819488672799,51.44624070465796,50.27319957786875,50.45366668701172,1597200,0.0,0.0
2008-12-24 00:00:00-05:00,50.40854968051858,51.45912887102955,50.09273224095441,51.05952453613281,468600,0.0,0.0
2008-12-26 00:00:00-05:00,51.014416007575605,52.54194493383337,50.84683727245476,52.27769088745117,1023900,0.0,0.0
2008-12-29 00:00:00-05:00,52.206760568023284,52.64503974232569,51.47199914601009,51.9102783203125,1263000,0.0,0.0
2008-12-30 00:00:00-05:00,52.27123544366876,54.34017035211975,52.07143327749009,54.3272819519043,1705500,0.0,0.0
2008-12-31 00:00:00-05:00,54.32729830814312,54.765577807818715,54.0952676955289,54.19194793701172,1562800,0.0,0.0
2009-01-02 00:00:00-05:00,54.359490552045365,55.36495760160336,52.85774401077164,55.139373779296875,1696800,0.0,0.0
2009-01-05 00:00:00-05:00,54.9717964081011,55.01046651644434,53.392699780183925,54.04367446899414,2472800,0.0,0.0
2009-01-06 00:00:00-05:00,54.92024153070715,54.92668818888697,53.676302039409734,54.20481491088867,2860100,0.0,0.0
2009-01-07 00:00:00-05:00,53.708537317278086,53.708537317278086,52.34213573170774,52.74174499511719,2860500,0.0,0.0
2009-01-08 00:00:00-05:00,52.40658415474667,52.496817705546334,51.42690349576757,52.084320068359375,2966100,0.0,0.0
2009-01-09 00:00:00-05:00,52.37436141134228,52.773965736806204,51.362452362969776,52.05209732055664,2868800,0.0,0.0
2009-01-12 00:00:00-05:00,52.04566557796636,52.258361119008946,50.982192790114624,51.34313201904297,2183700,0.0,0.0
2009-01-13 00:00:00-05:00,51.13685432817015,51.981189437312466,50.07338695457013,51.7233772277832,3246700,0.0,0.0
2009-01-14 00:00:00-05:00,51.20776540023915,52.10365923769218,50.1958562858388,50.78882598876953,3673800,0.0,0.0
2009-01-15 00:00:00-05:00,50.63413449786161,51.25932764702814,49.8413675549457,51.22710418701172,3103700,0.0,0.0
2009-01-16 00:00:00-05:00,52.03274302675079,53.218672082102465,51.542900412977815,52.95441818237305,3449400,0.0,0.0
2009-01-20 00:00:00-05:00,52.61927603958246,53.083337079076024,50.29897575947403,50.67924499511719,2957300,0.0,0.0
2009-01-21 00:00:00-05:00,51.310880504072614,51.678261310557374,50.27318990872182,51.581581115722656,2758100,0.0,0.0
2009-01-22 00:00:00-05:00,50.24096044241704,55.165154440401196,49.435300365294516,54.836448669433594,6176400,0.0,0.0
2009-01-23 00:00:00-05:00,53.85032669904111,54.19836755854326,51.684711810142524,52.19388961791992,5824300,0.0,0.0
2009-01-26 00:00:00-05:00,52.026310915760675,53.61829616758511,51.73627030976972,53.186458587646484,3279300,0.0,0.0
2009-01-27 00:00:00-05:00,53.573203356549946,53.882574240476956,51.852308759930004,53.16070556640625,2894200,0.0,0.0
2009-01-28 00:00:00-05:00,53.95989731825351,54.14036441285216,52.43236383778432,53.21868896484375,2569800,0.0,0.0
2009-01-29 00:00:00-05:00,53.15424805213869,53.95990840234727,52.728857026895504,53.56674575805664,2489900,0.0,0.0
2009-01-30 00:00:00-05:00,53.437843284948016,54.13393010617371,52.49038590476561,52.87710189819336,2438500,0.0,0.0
2009-02-02 00:00:00-05:00,52.2067937840573,52.2067937840573,50.17008193782755,51.03375244140625,3852800,0.0,0.0
2009-02-03 00:00:00-05:00,51.49134463303393,51.936070553418496,49.52553214749502,51.4977912902832,4093400,0.0,0.0
2009-02-04 00:00:00-05:00,51.54291952252304,53.1026765434384,51.47202102908509,52.245452880859375,2541900,0.0,0.0
2009-02-05 00:00:00-05:00,51.8200742544473,53.14780092639205,50.9821855306341,52.60639953613281,2782000,0.0,0.0
2009-02-06 00:00:00-05:00,52.290581995683276,52.44527233642751,49.9831742958994,51.15621566772461,6036600,0.0,0.0
2009-02-09 00:00:00-05:00,51.15620189273167,52.606390254525614,50.98217653559501,52.52904510498047,3751500,0.0,0.0
2009-02-10 00:00:00-05:00,52.08432352142092,52.69018161755103,49.905819923262925,50.266754150390625,3957200,0.0,0.0
2009-02-11 00:00:00-05:00,50.840378441213495,50.995068736919634,49.69956578519791,49.94448471069336,2779800,0.0,0.0
2009-02-12 00:00:00-05:00,49.65443994837383,49.8993588291651,48.33960217902141,49.87357711791992,3804100,0.0,0.0
2009-02-13 00:00:00-05:00,49.615784248027474,51.20132306983823,49.151723145573584,50.57612991333008,3045800,0.0,0.0
2009-02-17 00:00:00-05:00,49.50621404045864,49.50621404045864,48.03669039552231,48.75211715698242,2847800,0.0,0.0
2009-02-18 00:00:00-05:00,48.9777040477842,50.543908010525314,48.3267340065114,49.648014068603516,3980800,0.0,0.0
2009-02-19 00:00:00-05:00,50.12495392680544,50.17651736089019,49.351522084973034,49.73179626464844,3304900,0.0,0.0
2009-02-20 00:00:00-05:00,48.636086882716064,50.58900612035663,48.53940669011469,50.112056732177734,4162200,0.0,0.0
2009-02-23 00:00:00-05:00,50.00250053026845,50.208749364149355,47.501727887432345,47.61130142211914,3235700,0.0,0.0
2009-02-24 00:00:00-05:00,47.90133069599805,48.50718871518184,46.87653332383083,47.978675842285156,3256600,0.0,0.0
2009-02-25 00:00:00-05:00,47.64997758841381,47.68220597047491,44.90428564360037,45.4134635925293,5704700,0.0,0.0
2009-02-26 00:00:00-05:00,46.069749883360316,46.45961982748249,44.65971785601021,44.7896728515625,3600300,0.57,0.0
2009-02-27 00:00:00-05:00,43.82148869814003,44.00342764977503,41.00791931152344,41.00791931152344,7543900,0.0,0.0
2009-03-02 00:00:00-05:00,39.396458698591985,40.20868981364532,38.785659313682984,38.96110153198242,6767600,0.0,0.0
2009-03-03 00:00:00-05:00,39.045554187958494,39.96175031555614,37.96691192086672,38.56471252441406,6494900,0.0,0.0
2009-03-04 00:00:00-05:00,39.4354392156477,41.085893227486906,38.798650399471725,40.25416946411133,6697500,0.0,0.0
2009-03-05 00:00:00-05:00,39.39644993739969,39.96176197371456,38.525738276546704,38.92860412597656,5184600,0.0,0.0
2009-03-06 00:00:00-05:00,39.000083323671596,39.714845599903555,37.30414462819999,38.23983383178711,3970600,0.0,0.0
2009-03-09 00:00:00-04:00,37.80448354296009,38.59722186933579,37.39511838505907,37.84347152709961,3073200,0.0,0.0
2009-03-10 00:00:00-04:00,38.402280321655084,38.66219523066507,37.661526053328586,38.34379959106445,4987600,0.0,0.0
2009-03-11 00:00:00-04:00,38.56472856561793,38.98708969547858,37.66152805093653,37.804481506347656,4016300,0.0,0.0
2009-03-12 00:00:00-04:00,37.80448639102635,39.88379860586414,37.518581921995086,39.64987564086914,5404500,0.0,0.0
2009-03-13 00:00:00-04:00,39.90329231366102,40.28666552017978,39.28599613655687,39.76683807373047,4028800,0.0,0.0
2009-03-16 00:00:00-04:00,39.99425128808653,42.74933974775307,39.59788218981371,41.98259353637695,4718800,0.0,0.0
2009-03-17 00:00:00-04:00,42.008602221213074,42.71686550814737,41.06641345349284,42.664886474609375,3099900,0.0,0.0
2009-03-18 00:00:00-04:00,42.502426411515074,44.10739071321134,41.690195406471275,43.43161392211914,3206900,0.0,0.0
2009-03-19 00:00:00-04:00,43.938442101395154,44.71818173893688,42.885789128996485,44.328311920166016,4269800,0.0,0.0
2009-03-20 00:00:00-04:00,44.36081264436929,45.341989224882866,43.82798922823936,44.04241943359375,4196500,0.0,0.0
2009-03-23 00:00:00-04:00,44.770177595315566,45.37447771003731,43.76300908495764,44.926124572753906,3413000,0.0,0.0
2009-03-24 00:00:00-04:00,44.53624152287387,45.52391203214326,44.24383544921875,44.24383544921875,3892500,0.0,0.0
2009-03-25 00:00:00-04:00,44.81566954892034,45.380979292156155,43.58107713164961,44.497276306152344,3556700,0.0,0.0
2009-03-26 00:00:00-04:00,44.76367795013701,47.32383184725498,44.76367795013701,47.21986389160156,4025900,0.0,0.0
2009-03-27 00:00:00-04:00,46.7650111016539,47.29133518359726,45.96577364623582,46.31665802001953,3603700,0.0,0.0
2009-03-30 00:00:00-04:00,45.296503161925834,45.666880343363104,44.40629609611879,44.84165573120117,3003700,0.0,0.0
2009-03-31 00:00:00-04:00,45.0105879142075,45.8942955798947,43.72401687215342,44.85464096069336,3500100,0.0,0.0
2009-04-01 00:00:00-04:00,43.87995600573795,44.86113220156333,43.14570114622525,43.918941497802734,4311100,0.0,0.0
2009-04-02 00:00:00-04:00,44.776673380823894,45.80332960708431,44.568737483645975,44.945613861083984,3669700,0.0,0.0
2009-04-03 00:00:00-04:00,44.82215137194032,45.16003723906359,42.703851834219535,43.73700714111328,5308900,0.0,0.0
2009-04-06 00:00:00-04:00,43.45111196312016,47.73969071108673,42.37246680058215,47.61623001098633,12102000,0.0,0.0
2009-04-07 00:00:00-04:00,46.77801322666148,49.25369704894229,46.68704373791261,47.947628021240234,8492500,0.0,0.0
2009-04-08 00:00:00-04:00,48.03860230636235,48.201048546413965,46.79751065278441,47.23936462402344,3424500,0.0,0.0
2009-04-09 00:00:00-04:00,48.097051498874286,48.46742850400309,47.07688992632913,47.64220428466797,2680000,0.0,0.0
2009-04-13 00:00:00-04:00,47.20037440011855,48.23353496157401,46.946958687537375,47.947628021240234,2931200,0.0,0.0
2009-04-14 00:00:00-04:00,47.635718651021534,48.00609576189393,46.78450221106979,47.37580871582031,2519100,0.0,0.0
2009-04-15 00:00:00-04:00,47.08340083400684,48.35048402910851,46.95994014919864,48.298500061035156,2677800,0.0,0.0
2009-04-16 00:00:00-04:00,48.62339317741285,50.826163044587425,48.272508823686266,50.410301208496094,4494800,0.0,0.0
2009-04-17 00:00:00-04:00,50.44928934388048,50.7027050085763,49.72802784975718,49.994441986083984,3099400,0.0,0.0
2009-04-20 00:00:00-04:00,49.448615718643524,49.812498529373094,48.74035276032807,49.20819854736328,2462100,0.0,0.0
2009-04-21 00:00:00-04:00,49.38364165123614,50.35831878908949,48.870311097070996,49.40963363647461,3159400,0.0,0.0
2009-04-22 00:00:00-04:00,48.55192425584078,49.87098669376486,48.42196431277872,48.63639450073242,3231100,0.0,0.0
2009-04-23 00:00:00-04:00,49.208209341633065,50.32583513003377,48.29201031480185,50.267356872558594,2807500,0.0,0.0
2009-04-24 00:00:00-04:00,50.29984506588609,50.39081454367313,49.5655850498646,50.08541488647461,1947500,0.0,0.0
2009-04-27 00:00:00-04:00,49.67605579897688,51.39798685093046,49.17572358533549,50.72220993041992,2110400,0.0,0.0
2009-04-28 00:00:00-04:00,50.117916107177734,50.70922284669407,49.858006068784746,50.117916107177734,1804600,0.0,0.0
2009-04-29 00:00:00-04:00,50.70271456932624,52.02177711312931,50.61174508061329,51.38499069213867,1534200,0.0,0.0
2009-04-30 00:00:00-04:00,51.696876882688244,52.39214641744537,50.44929126176295,51.0275993347168,2385700,0.0,0.0
2009-05-01 00:00:00-04:00,51.11856008157129,53.438291213370164,51.08607382173444,53.01593017578125,3275200,0.0,0.0
2009-05-04 00:00:00-04:00,52.80802414867401,53.01595514793396,51.917821881904565,52.2037239074707,3771700,0.0,0.0
2009-05-05 00:00:00-04:00,51.969786345445684,52.48961116955843,51.449956563868746,51.77484893798828,2828800,0.0,0.0
2009-05-06 00:00:00-04:00,52.262190326916624,52.5610907323835,51.423967361438805,52.294681549072266,2083700,0.0,0.0
2009-05-07 00:00:00-04:00,52.372649716576824,52.38564818772156,51.222532893477904,51.77484893798828,3397700,0.0,0.0
2009-05-08 00:00:00-04:00,52.16471830102654,53.58124923706055,52.16471830102654,53.58124923706055,2217700,0.0,0.0
2009-05-11 00:00:00-04:00,52.97045206632301,52.97045206632301,51.852826430471815,52.210205078125,2578100,0.0,0.0
2009-05-12 00:00:00-04:00,52.31417599997819,53.18488525845168,51.566922483287506,53.02893829345703,2144100,0.0,0.0
2009-05-13 00:00:00-04:00,52.281682774710305,52.56758966413928,51.618904480764755,52.32716751098633,2353600,0.0,0.0
2009-05-14 00:00:00-04:00,52.340168576333504,53.00294690312123,52.09974641126709,52.548099517822266,1842600,0.0,0.0
2009-05-15 00:00:00-04:00,52.45713148248334,52.56759371373977,51.36549277029878,51.93730163574219,2238700,0.0,0.0
2009-05-18 00:00:00-04:00,51.657880676463485,52.39863479522701,51.37197383853246,52.34015655517578,1858500,0.0,0.0
2009-05-19 00:00:00-04:00,51.88528818803888,52.62604207653479,51.527909709181806,52.333641052246094,2344500,0.0,0.0
2009-05-20 00:00:00-04:00,52.59359556386661,54.13358272623334,52.45714131893954,53.59426498413086,3289000,0.0,0.0
2009-05-21 00:00:00-04:00,53.04842480111589,53.126400753168525,52.21020190704027,52.944461822509766,2148300,0.0,0.0
2009-05-22 00:00:00-04:00,53.15240286268964,53.59425676023272,52.723542480898566,52.918479919433594,1130400,0.0,0.0
2009-05-26 00:00:00-04:00,52.70403615560317,54.490944037951415,52.67154493839317,54.10107421875,1986700,0.0,0.0
2009-05-27 00:00:00-04:00,54.20505105542226,54.237542280943146,53.08742031902758,53.139404296875,1675100,0.0,0.0
2009-05-28 00:00:00-04:00,53.13286646337625,54.47427708520165,52.75988963077163,54.30414581298828,1878000,0.57,0.0
2009-05-29 00:00:00-04:00,54.31065704114317,54.9519175979816,53.49272545919825,54.72289276123047,1648600,0.0,0.0
2009-06-01 00:00:00-04:00,54.80144855144855,55.8091414582122,54.76218940971138,55.069732666015625,3337400,0.0,0.0
2009-06-02 00:00:00-04:00,54.87343937801696,55.50161074912782,54.42193917692448,55.207157135009766,2202300,0.0,0.0
2009-06-03 00:00:00-04:00,54.72945540681865,55.32491218836928,54.068565075888564,54.467716217041016,2408700,0.0,0.0
2009-06-04 00:00:00-04:00,54.74255787688115,55.4623370724124,54.670579458101926,55.292205810546875,1704500,0.0,0.0
2009-06-05 00:00:00-04:00,55.84182945086509,56.96730424513971,55.390334556703344,56.38493728637695,1975600,0.0,0.0
2009-06-08 00:00:00-04:00,55.501588702397484,56.515826289943384,55.09589266892706,56.17556381225586,1550300,0.0,0.0
2009-06-09 00:00:00-04:00,56.011968278001625,56.273707450642554,54.44153823441552,54.971561431884766,2360000,0.0,0.0
2009-06-10 00:00:00-04:00,55.194062333525835,55.28567033801539,53.40115639846501,54.264892578125,2645900,0.0,0.0
2009-06-11 00:00:00-04:00,54.4284795468771,55.220237303300934,53.72832979584036,53.80030822753906,2271000,0.0,0.0
2009-06-12 00:00:00-04:00,53.45348973619709,54.232157548278764,53.40114089389872,54.160179138183594,2313600,0.0,0.0
2009-06-15 00:00:00-04:00,53.728322863127794,54.00314684382779,53.14595562162774,53.7021484375,2095800,0.0,0.0
2009-06-16 00:00:00-04:00,53.97043598564665,54.212540701631625,53.30300057037746,53.532020568847656,1559600,0.0,0.0
2009-06-17 00:00:00-04:00,53.56473294564215,54.016233021750054,53.13940729345103,53.68906021118164,2055100,0.0,0.0
2009-06-18 00:00:00-04:00,53.89189329616665,55.200584235865186,53.3291557927155,54.63130187988281,2068900,0.0,0.0
2009-06-19 00:00:00-04:00,55.09589778825269,55.09589778825269,53.94425312113797,54.016231536865234,2701400,0.0,0.0
2009-06-22 00:00:00-04:00,53.87881462718926,54.1732731442917,53.20483945395464,53.31608200073242,1770000,0.0,0.0
2009-06-23 00:00:00-04:00,53.53853830277435,53.597431982411,52.40651860912264,53.230995178222656,2130700,0.0,0.0
2009-06-24 00:00:00-04:00,53.38805303147962,54.00313946908265,51.78490837072943,52.0335578918457,2911400,0.0,0.0
2009-06-25 00:00:00-04:00,51.798013493091446,53.21794261430263,51.798013493091446,53.08707046508789,2444000,0.0,0.0
2009-06-26 00:00:00-04:00,52.98888661744013,53.3618632530163,52.7467770499663,52.98234176635742,1947200,0.0,0.0
2009-06-29 00:00:00-04:00,53.24410004863727,53.83955191264458,52.76642559293565,53.68251037597656,1069200,0.0,0.0
2009-06-30 00:00:00-04:00,53.6825198260439,53.6825198260439,52.54395974831719,52.772979736328125,1746800,0.0,0.0
2009-07-01 00:00:00-04:00,52.97580114868849,53.211365883904115,52.60936933491265,52.76641082763672,1919000,0.0,0.0
2009-07-02 00:00:00-04:00,52.22331870753729,52.28875725880101,51.05203953001647,52.0335578918457,2128000,0.0,0.0
2009-07-06 00:00:00-04:00,51.60823095787782,52.8122242716935,51.28759807108696,52.67481231689453,1797800,0.0,0.0
2009-07-07 00:00:00-04:00,52.47195843158242,52.66171919378954,50.777201275185995,51.0389404296875,2592300,0.0,0.0
2009-07-08 00:00:00-04:00,51.1109364988238,51.503542870230355,50.88845639326153,51.300697326660156,2177100,0.0,0.0
2009-07-09 00:00:00-04:00,51.43157366260097,51.66059367090903,50.855751214246155,51.22218322753906,1457400,0.0,0.0
2009-07-10 00:00:00-04:00,51.04551704685584,51.28762179681682,50.384626393728055,50.98008346557617,1672100,0.0,0.0
2009-07-13 00:00:00-04:00,51.071658073811705,52.61591354483244,50.82300363841714,52.34762954711914,2176300,0.0,0.0
2009-07-14 00:00:00-04:00,52.31493903104413,53.368436054002274,52.09246387949358,53.1263313293457,1431100,0.0,0.0
2009-07-15 00:00:00-04:00,53.51236392573525,53.852626316126866,52.79912986384275,53.16556167602539,2796000,0.0,0.0
2009-07-16 00:00:00-04:00,53.32263256676332,54.25834716784504,53.06089327421551,53.97697830200195,1369700,0.0,0.0
2009-07-17 00:00:00-04:00,53.72174212775436,53.97039650901084,52.74676913754702,53.06085205078125,2513600,0.0,0.0
2009-07-20 00:00:00-04:00,53.15903102100757,53.75448786708507,52.52431503950004,53.72831344604492,2415800,0.0,0.0
2009-07-21 00:00:00-04:00,52.452342591537814,52.52431601040318,48.65713633898909,49.160980224609375,13750100,0.0,0.0
2009-07-22 00:00:00-04:00,49.6255719345292,50.83611538656606,49.20679111592853,49.893856048583984,5789000,0.0,0.0
2009-07-23 00:00:00-04:00,50.01164531437187,50.09016860071032,48.8338209806043,49.30495071411133,3915800,0.0,0.0
2009-07-24 00:00:00-04:00,49.20679821574608,49.55360565542564,48.37578131300531,48.473934173583984,4357800,0.0,0.0
2009-07-27 00:00:00-04:00,48.51317575273959,48.84689336095252,47.83920067563549,48.78145980834961,2769600,0.0,0.0
2009-07-28 00:00:00-04:00,48.231797792119586,49.35072780285633,48.225252940428504,49.121707916259766,2798000,0.0,0.0
2009-07-29 00:00:00-04:00,48.68984591148803,49.291842509797675,48.2841499471005,48.886146545410156,3575900,0.0,0.0
2009-07-30 00:00:00-04:00,48.827259930847966,49.85458210143105,48.76836624358338,48.84688949584961,3836400,0.0,0.0
2009-07-31 00:00:00-04:00,48.984302567481976,49.67136731186794,48.82726105160453,48.91886901855469,3200100,0.0,0.0
2009-08-03 00:00:00-04:00,49.33767232997766,49.658300361221826,47.99626149713613,49.56669235229492,3236900,0.0,0.0
2009-08-04 00:00:00-04:00,49.40963923714246,49.59285521225181,49.07592157261562,49.38346481323242,4111000,0.0,0.0
2009-08-05 00:00:00-04:00,49.2853040732325,49.468520018979895,48.36921935223545,48.630958557128906,3541200,0.0,0.0
2009-08-06 00:00:00-04:00,48.85997952327377,49.53395462036133,48.395394796080026,49.53395462036133,3751100,0.0,0.0
2009-08-07 00:00:00-04:00,49.68445021438561,50.4892973144182,49.15443199744927,50.22755813598633,2317900,0.0,0.0
2009-08-10 00:00:00-04:00,50.17522407660742,50.20794335564338,49.40964087287224,49.80879211425781,1794700,0.0,0.0
2009-08-11 00:00:00-04:00,49.795700328145465,49.795700328145465,49.10864042740569,49.21333312988281,2463100,0.0,0.0
2009-08-12 00:00:00-04:00,49.27221224808682,49.95272709342751,49.07590662468432,49.5012321472168,2688900,0.0,0.0
2009-08-13 00:00:00-04:00,49.39656191161979,49.579777932657116,48.91234742855512,49.33767318725586,1906200,0.0,0.0
2009-08-14 00:00:00-04:00,49.42273045250392,49.5666873068103,48.493560746677446,48.80764389038086,2002700,0.0,0.0
2009-08-17 00:00:00-04:00,48.31033786839049,48.807636940485615,48.159836180611144,48.39540100097656,2363800,0.0,0.0
2009-08-18 00:00:00-04:00,48.55897791455593,48.945044347251724,48.16637162142758,48.48699951171875,2262700,0.0,0.0
2009-08-19 00:00:00-04:00,48.27761637799184,48.50663633388864,47.904639594885445,48.251441955566406,2215300,0.0,0.0
2009-08-20 00:00:00-04:00,48.238362237582514,48.89925274357093,48.09440539546017,48.827274322509766,3000400,0.0,0.0
2009-08-21 00:00:00-04:00,49.20024712156774,49.32456939047679,48.56553109261154,49.0235710144043,3465600,0.0,0.0
2009-08-24 00:00:00-04:00,49.25257838920569,49.25257838920569,48.24489081876797,48.886146545410156,4085200,0.0,0.0
2009-08-25 00:00:00-04:00,49.23949350220164,49.704078157436996,48.55242880526714,48.70293045043945,5364200,0.0,0.0
2009-08-26 00:00:00-04:00,48.6047807875755,49.13479902156736,48.415020001912545,48.80108642578125,4200800,0.0,0.0
2009-08-27 00:00:00-04:00,49.05627594235802,49.697531645301936,48.853430463790346,49.42925262451172,3974700,0.0,0.0
2009-08-28 00:00:00-04:00,49.93694438954942,50.02265929298861,49.12598281075482,49.416080474853516,3394200,0.57,0.0
2009-08-31 00:00:00-04:00,49.38311282611991,49.49519611832598,48.651266574299555,49.43585968017578,2359500,0.0,0.0
2009-09-01 00:00:00-04:00,50.108356578935016,50.76767706023679,49.42925728802876,49.844627380371094,5558400,0.0,0.0
2009-09-02 00:00:00-04:00,49.67320473911798,50.062206455184,49.06663107802197,49.158935546875,4288300,0.0,0.0
2009-09-03 00:00:00-04:00,49.42926410515316,49.67320949754069,48.427094018437394,49.36992263793945,3931900,0.0,0.0
2009-09-04 00:00:00-04:00,49.38971393359311,49.83145757639816,49.11939004368052,49.63365936279297,2305900,0.0,0.0
2009-09-08 00:00:00-04:00,49.574288611512834,49.90394871925219,48.55893487604993,48.90177917480469,5616900,0.0,0.0
2009-09-09 00:00:00-04:00,48.69741259369571,48.855648105434284,47.846888543999505,48.21610641479492,7230100,0.0,0.0
2009-09-10 00:00:00-04:00,48.30182158229791,48.73038091639186,47.60293842677587,48.49961471557617,4890400,0.0,0.0
2009-09-11 00:00:00-04:00,48.664425863474726,49.96328755602196,48.29520813450409,49.8709831237793,6050700,0.0,0.0
2009-09-14 00:00:00-04:00,49.38969867950155,50.405047773777824,49.093001450729204,49.83803176879883,2820200,0.0,0.0
2009-09-15 00:00:00-04:00,49.88419983945745,50.36550106853399,49.46223002064572,49.91056823730469,3151400,0.0,0.0
2009-09-16 00:00:00-04:00,50.14132627095536,50.58966441425515,49.78529259566881,50.21385192871094,3678700,0.0,0.0
2009-09-17 00:00:00-04:00,50.200686604635,52.8775275120209,49.79850050384212,52.455562591552734,7449600,0.0,0.0
2009-09-18 00:00:00-04:00,52.673120729652155,52.96322339449879,52.10610462847927,52.79839324951172,5548400,0.0,0.0
2009-09-21 00:00:00-04:00,52.416000306177125,52.837965189243356,51.934693939126284,52.24457550048828,2533700,0.0,0.0
2009-09-22 00:00:00-04:00,52.62698741243625,52.65336084874284,52.185243672292806,52.455562591552734,2568700,0.0,0.0
2009-09-23 00:00:00-04:00,52.6731136457531,52.6731136457531,51.862152258402645,51.97423553466797,4498500,0.0,0.0
2009-09-24 00:00:00-04:00,51.90831321994926,51.90831321994926,50.72153412400654,50.734718322753906,3330400,0.0,0.0
2009-09-25 00:00:00-04:00,51.202855037208415,51.63800414350081,50.91934689590487,51.354496002197266,3792900,0.0,0.0
2009-09-28 00:00:00-04:00,51.60500473441712,51.98741176803489,51.34128060247489,51.69071960449219,2460200,0.0,0.0
2009-09-29 00:00:00-04:00,51.868736787189455,52.29729607080201,51.591823415088655,52.11928176879883,2605000,0.0,0.0
2009-09-30 00:00:00-04:00,52.22477041438821,52.22477041438821,51.18963754529912,51.479740142822266,4209800,0.0,0.0
2009-10-01 00:00:00-04:00,51.39403087726608,51.506119185043616,50.49735459634309,50.51054382324219,3259000,0.0,0.0
2009-10-02 00:00:00-04:00,50.55010300630552,50.55010300630552,49.50837537858378,49.692989349365234,3634900,0.0,0.0
2009-10-05 00:00:00-04:00,49.778694877012505,50.062202876858436,49.303983339575986,49.442440032958984,4254000,0.0,0.0
2009-10-06 00:00:00-04:00,49.6864080121826,50.33253947681018,49.44245754398452,50.22705078125,2772000,0.0,0.0
2009-10-07 00:00:00-04:00,50.114954690656475,50.114954690656475,48.51939519155841,48.80949783325195,5652100,0.0,0.0
2009-10-08 00:00:00-04:00,49.06004991793641,49.099607545603384,48.05787975515784,48.13040542602539,6681700,0.0,0.0
2009-10-09 00:00:00-04:00,48.262278098185725,50.14793589288981,48.16997359328846,49.98970031738281,5309400,0.0,0.0
2009-10-12 00:00:00-04:00,49.646840447095045,49.66661925916675,48.84246855473434,49.06663513183594,4642300,0.0,0.0
2009-10-13 00:00:00-04:00,49.31058079541101,49.356733029199354,48.60510806166565,48.855648040771484,2520900,0.0,0.0
2009-10-14 00:00:00-04:00,49.31058730151551,49.84463536727452,48.61170908901935,49.547943115234375,3016700,0.0,0.0
2009-10-15 00:00:00-04:00,49.363319396972656,49.692979591884466,49.07981142813988,49.363319396972656,1941600,0.0,0.0
2009-10-16 00:00:00-04:00,49.08640864764579,50.088578613026115,48.9017997146063,49.739139556884766,3132200,0.0,0.0
2009-10-19 00:00:00-04:00,49.871000065018166,51.018216277040736,49.47540878813618,50.76108169555664,3658200,0.0,0.0
2009-10-20 00:00:00-04:00,47.94579909186133,48.446884200791686,47.41834055296439,47.46449279785156,12745700,0.0,0.0
2009-10-21 00:00:00-04:00,47.03594157680519,47.062315011376896,45.7568626964966,45.928287506103516,11012200,0.0,0.0
2009-10-22 00:00:00-04:00,46.25133572637449,47.47107768872199,46.1260632172489,47.19416427612305,7127100,0.0,0.0
2009-10-23 00:00:00-04:00,47.24692390054439,47.92602341849243,47.12824597302411,47.59636306762695,5315600,0.0,0.0
2009-10-26 00:00:00-04:00,47.82050966377919,47.82050966377919,46.8447182508151,47.12163162231445,4729100,0.0,0.0
2009-10-27 00:00:00-04:00,47.02273529790207,47.13481856954604,46.1128748683315,46.159027099609375,5433600,0.0,0.0
2009-10-28 00:00:00-04:00,46.172214381837094,46.29089227451513,44.96565664464646,45.044776916503906,5465600,0.0,0.0
2009-10-29 00:00:00-04:00,45.18981365545722,45.91506497443639,44.43159430961846,45.816165924072266,4762900,0.0,0.0
2009-10-30 00:00:00-04:00,45.75024749966561,45.934856428403364,45.12389505856024,45.35465621948242,3955400,0.0,0.0
2009-11-02 00:00:00-05:00,45.51949295811335,45.75025415259245,45.05137595496522,45.40740966796875,2754600,0.0,0.0
2009-11-03 00:00:00-05:00,45.16345411265581,45.763438180335015,44.76786281990207,45.75684356689453,3479100,0.0,0.0
2009-11-04 00:00:00-05:00,45.90189521089902,47.29965145734697,45.60519796654105,46.41616439819336,4248600,0.0,0.0
2009-11-05 00:00:00-05:00,46.693079100304885,48.03809356689453,46.60077462977371,48.03809356689453,3835000,0.0,0.0
2009-11-06 00:00:00-05:00,47.59635409288383,48.7435704891162,47.59635409288383,48.63807678222656,3442100,0.0,0.0
2009-11-09 00:00:00-05:00,48.855645679797725,49.87759441743139,48.63806871807453,49.83803176879883,3188000,0.0,0.0
2009-11-10 00:00:00-05:00,49.71278807608101,49.805092583342656,49.053467292658766,49.18532943725586,2789000,0.0,0.0
2009-11-11 00:00:00-05:00,49.47541947952808,49.98968875362729,49.271031698852,49.501792907714844,2430000,0.0,0.0
2009-11-12 00:00:00-05:00,49.449037496776036,49.52815776764872,48.57873463804143,48.855648040771484,3618400,0.0,0.0
2009-11-13 00:00:00-05:00,48.89523326562218,50.233653693631986,48.89523326562218,50.15453338623047,3105100,0.0,0.0
2009-11-16 00:00:00-05:00,50.3457094132789,51.16326535386861,50.319335991941706,50.75448989868164,2859000,0.0,0.0
2009-11-17 00:00:00-05:00,50.6753839427205,50.78746724238812,50.00946869903061,50.3127555847168,2096500,0.0,0.0
2009-11-18 00:00:00-05:00,50.378674545528156,50.63580910098423,49.50836678218085,49.68638610839844,2767300,0.0,0.0
2009-11-19 00:00:00-05:00,49.57432291684193,49.7457426697344,48.6644571705191,49.63365936279297,2505500,0.0,0.0
2009-11-20 00:00:00-05:00,49.39628754638881,50.33911600330629,49.224867848924475,50.174285888671875,2844200,0.0,0.0
2009-11-23 00:00:00-05:00,50.51713308444554,50.97865537269205,50.49075966365779,50.9522819519043,2249100,0.0,0.0
2009-11-24 00:00:00-05:00,50.9654821288373,51.18964870837847,50.31934575623513,51.13690185546875,2692500,0.0,0.0
2009-11-25 00:00:00-05:00,51.03800190616865,51.868742107685165,50.89954017569973,51.82258987426758,3050700,0.0,0.0
2009-11-27 00:00:00-05:00,50.91202649400122,51.543445021279695,50.59299835190886,51.24435043334961,1284900,0.63,0.0
2009-11-30 00:00:00-05:00,51.16460658095147,51.4570482602517,50.59965170979963,51.33076858520508,2930000,0.0,0.0
2009-12-01 00:00:00-05:00,51.66308357426934,52.606882376652734,51.510212325865325,52.46065902709961,2864300,0.0,0.0
2009-12-02 00:00:00-05:00,52.50055318755542,52.560374154758065,51.47035165175343,51.96883773803711,3013400,0.0,0.0
2009-12-03 00:00:00-05:00,52.02197622580301,52.28783633519399,51.390562903001765,51.49026107788086,1730100,0.0,0.0
2009-12-04 00:00:00-05:00,52.15491128032833,52.939195851117475,51.68965479919507,51.98210144042969,2955700,0.0,0.0
2009-12-07 00:00:00-05:00,52.12833154598224,52.53376714378829,51.82924203914335,52.287845611572266,2140200,0.0,0.0
2009-12-08 00:00:00-05:00,51.98209985036076,52.15490968497336,51.18452457975782,51.616546630859375,1400500,0.0,0.0
2009-12-09 00:00:00-05:00,51.09813229782644,51.09813229782644,49.4697468573602,50.11445617675781,5475400,0.0,0.0
2009-12-10 00:00:00-05:00,50.19420032491953,50.632870313050944,49.994809024654636,50.499942779541016,3215100,0.0,0.0
2009-12-11 00:00:00-05:00,50.83891729928308,51.476978685424264,50.53982776763792,51.03166580200195,2844500,0.0,0.0
2009-12-14 00:00:00-05:00,51.211112397899065,52.088447246171896,51.05159328304216,51.7228889465332,3194000,0.0,0.0
2009-12-15 00:00:00-05:00,51.510193710532064,51.72952865559603,51.277568043430534,51.58330535888672,2545500,0.0,0.0
2009-12-16 00:00:00-05:00,51.97547306300161,52.15493086783346,51.4570484194642,51.48363494873047,2362400,0.0,0.0
2009-12-17 00:00:00-05:00,51.264295005162445,51.37728901150277,50.526535368558136,50.5664176940918,4610100,0.0,0.0
2009-12-18 00:00:00-05:00,50.772461724189455,50.912037199561794,50.360378127236395,50.739227294921875,3271000,0.0,0.0
2009-12-21 00:00:00-05:00,50.772466657242056,51.45041054161896,50.63289116830856,50.69270706176758,2558500,0.0,0.0
2009-12-22 00:00:00-05:00,50.55974849358804,51.09811148829312,50.121083664421505,50.28059768676758,1947900,0.0,0.0
2009-12-23 00:00:00-05:00,50.4667125054075,50.566410699158034,49.94164008445811,50.001461029052734,2211000,0.0,0.0
2009-12-24 00:00:00-05:00,50.25401576278356,50.313831625056274,49.8153458226778,49.92169189453125,828800,0.0,0.0
2009-12-28 00:00:00-05:00,49.928362211112265,50.36037937714146,49.69573134218936,50.3138542175293,1672000,0.0,0.0
2009-12-29 00:00:00-05:00,50.48664022079785,51.32409776813882,50.48664022079785,50.95189666748047,2303900,0.0,0.0
2009-12-30 00:00:00-05:00,50.7059874273516,51.23105986161045,50.39360211208334,50.59299850463867,1673800,0.0,0.0
2009-12-31 00:00:00-05:00,50.712656586870565,50.77247248719795,49.97489672432127,50.08123779296875,1414000,0.0,0.0
2010-01-04 00:00:00-05:00,50.426841516788166,51.144657445015746,50.19421067886868,51.07819366455078,2408300,0.0,0.0
2010-01-05 00:00:00-05:00,50.92531502222001,51.70295171228941,50.87878988018663,51.609901428222656,2356500,0.0,0.0
2010-01-06 00:00:00-05:00,50.57971431498694,51.30418330806102,50.41355230667827,50.85222244262695,5208100,0.0,0.0
2010-01-07 00:00:00-05:00,50.62622413433933,50.64616275795688,48.92472730750117,49.45644760131836,7038300,0.0,0.0
2010-01-08 00:00:00-05:00,49.41658179659294,50.47337483921288,49.39664316631257,50.2540397644043,3629400,0.0,0.0
2010-01-11 00:00:00-05:00,50.353722138010326,50.63952091408673,49.97487306933793,50.4932975769043,1973500,0.0,0.0
2010-01-12 00:00:00-05:00,50.347061711316606,50.82560885179137,50.05461510972439,50.486637115478516,2119000,0.0,0.0
2010-01-13 00:00:00-05:00,50.6195832598991,51.19117575214239,50.32048868151543,51.09812545776367,2245100,0.0,0.0
2010-01-14 00:00:00-05:00,51.03831529314246,51.197829376938664,50.61294102244505,51.0715446472168,1954500,0.0,0.0
2010-01-15 00:00:00-05:00,51.15129530216724,51.30416653099985,50.73256900366812,51.018367767333984,2041900,0.0,0.0
2010-01-19 00:00:00-05:00,51.044954176811345,52.30778096754604,50.87879222320305,52.04856872558594,3765500,0.0,0.0
2010-01-20 00:00:00-05:00,51.716249209759745,52.0419303175061,51.058249237438964,51.915645599365234,3128200,0.0,0.0
2010-01-21 00:00:00-05:00,51.875757990505384,52.22802048038429,50.82561334723106,51.16458511352539,2304400,0.0,0.0
2010-01-22 00:00:00-05:00,51.01173733563945,51.38393861730178,50.180927281313075,50.234100341796875,2072100,0.0,0.0
2010-01-25 00:00:00-05:00,50.679395961390654,51.496915006110356,50.39359719772479,51.018367767333984,2559200,0.0,0.0
2010-01-26 00:00:00-05:00,50.792392148341364,51.410514908487684,50.413543041855625,51.03166580200195,2835100,0.0,0.0
2010-01-27 00:00:00-05:00,50.971840647093984,51.403857653984794,50.51323204923487,51.2642822265625,3054500,0.0,0.0
2010-01-28 00:00:00-05:00,52.128334307790254,52.15492083194063,50.01475381101524,50.612937927246094,3542400,0.0,0.0
2010-01-29 00:00:00-05:00,50.619602922778604,50.81234641396121,49.42988218724136,49.52957534790039,3249800,0.0,0.0
2010-02-01 00:00:00-05:00,50.07457171251623,50.07457171251623,49.37004654204977,49.775482177734375,2781100,0.0,0.0
2010-02-02 00:00:00-05:00,49.84859315166438,51.01837489079789,49.775481476039715,50.87879943847656,2995600,0.0,0.0
2010-02-03 00:00:00-05:00,50.632868116918814,51.14464467668082,50.4068852347212,50.971839904785156,2647600,0.0,0.0
2010-02-04 00:00:00-05:00,50.67940661781713,51.25765216473711,50.48001020277948,50.51324462890625,4992800,0.0,0.0
2010-02-05 00:00:00-05:00,50.41353556883457,50.92531722419094,49.2105246507684,50.32713317871094,5029700,0.0,0.0
2010-02-08 00:00:00-05:00,50.300555235409604,50.420192064907155,49.496331853566545,49.53620910644531,4308100,0.0,0.0
2010-02-09 00:00:00-05:00,49.96158158867321,50.50659266561338,49.64919626331829,50.147682189941406,3697800,0.0,0.0
2010-02-10 00:00:00-05:00,50.08120593145161,50.24071996837198,49.64918388855165,49.92169189453125,2798600,0.0,0.0
2010-02-11 00:00:00-05:00,49.78212372361748,50.79238619895896,49.52291147432393,50.7458610534668,3432500,0.0,0.0
2010-02-12 00:00:00-05:00,50.333798562488475,50.486664772801724,49.8618939892724,50.234100341796875,2478500,0.0,0.0
2010-02-16 00:00:00-05:00,50.460060942038936,50.732568980440874,50.167619351367584,50.533172607421875,2531400,0.0,0.0
2010-02-17 00:00:00-05:00,50.61292433591248,51.02500267243335,50.19419303156434,50.75914764404297,2060100,0.0,0.0
2010-02-18 00:00:00-05:00,50.62622665424736,51.470332282382756,50.61293592812763,51.397220611572266,2687400,0.0,0.0
2010-02-19 00:00:00-05:00,51.30417219453624,51.4836248934572,50.938613827099694,51.31746292114258,2801000,0.0,0.0
2010-02-22 00:00:00-05:00,51.30416625605982,51.66307668321869,50.87879206184051,51.138004302978516,3029100,0.0,0.0
2010-02-23 00:00:00-05:00,51.07154879449249,51.87577731966304,51.00508501008531,51.11143112182617,2900000,0.0,0.0
2010-02-24 00:00:00-05:00,51.290882303500524,51.63650208539712,51.13136821155063,51.55009460449219,2379300,0.0,0.0
2010-02-25 00:00:00-05:00,50.92690912993486,51.623804289409996,50.672276424744844,51.59029769897461,2047900,0.63,0.0
2010-02-26 00:00:00-05:00,51.52328514071442,52.22688257944221,51.39596624302011,52.106266021728516,2636000,0.0,0.0
2010-03-01 00:00:00-05:00,52.09956722583956,53.218617796514735,52.05936340799594,52.84336853027344,2436600,0.0,0.0
2010-03-02 00:00:00-05:00,53.08461371891193,53.66758965960364,52.917090956664616,53.077911376953125,2727900,0.0,0.0
2010-03-03 00:00:00-05:00,53.42634936736335,53.640778249506894,52.74955613119023,52.836666107177734,1958900,0.0,0.0
2010-03-04 00:00:00-05:00,53.06448820858491,53.4933458802415,52.67583434602528,53.11809158325195,1850000,0.0,0.0
2010-03-05 00:00:00-05:00,53.21863030160645,54.49850666917176,53.21863030160645,54.45829772949219,3194500,0.0,0.0
2010-03-08 00:00:00-05:00,54.4046710951828,54.92734107629181,54.3242583625557,54.3376579284668,2440100,0.0,0.0
2010-03-09 00:00:00-05:00,54.28408098381973,55.249008683242224,54.170161612366314,55.09489059448242,2553800,0.0,0.0
2010-03-10 00:00:00-05:00,55.27579832039589,55.5907418694166,55.10157836286834,55.33610916137695,2308000,0.0,0.0
2010-03-11 00:00:00-05:00,55.081442620387165,55.77833742428648,53.821674193560696,55.63761901855469,3114300,0.0,0.0
2010-03-12 00:00:00-05:00,55.6778450012207,55.85207004971098,55.33610235644294,55.6778450012207,2008600,0.0,0.0
2010-03-15 00:00:00-04:00,55.71135073478782,56.46185429861785,55.657742241859836,56.3680419921875,2630900,0.0,0.0
2010-03-16 00:00:00-04:00,56.488657995787754,56.95101718373069,56.381441010974356,56.703086853027344,4087500,0.0,0.0
2010-03-17 00:00:00-04:00,56.80358840737373,57.0917276231047,56.62266616139684,56.86389923095703,2587500,0.0,0.0
2010-03-18 00:00:00-04:00,56.7834887403378,57.71491447412254,56.51545141778113,57.58760070800781,2923100,0.0,0.0
2010-03-19 00:00:00-04:00,58.230892181396484,58.4185167894732,57.69481749055975,58.230892181396484,4031700,0.0,0.0
2010-03-22 00:00:00-04:00,57.219065668901045,57.862352365811184,57.03814336230278,57.433494567871094,3012700,0.0,0.0
2010-03-23 00:00:00-04:00,57.29278436368257,57.46030712497989,56.569084807904815,56.81031799316406,3327800,0.0,0.0
2010-03-24 00:00:00-04:00,56.74327363507353,56.7633755355958,55.92576226459648,56.20719909667969,2092500,0.0,0.0
2010-03-25 00:00:00-04:00,56.24073179064603,56.67629191631675,55.945890146366516,55.972694396972656,1531900,0.0,0.0
2010-03-26 00:00:00-04:00,56.24743540971154,56.67629320438022,55.9726956690457,56.44845962524414,1674200,0.0,0.0
2010-03-29 00:00:00-04:00,56.64948398240481,57.111848328619104,56.64278164209205,56.83710861206055,1343400,0.0,0.0
2010-03-30 00:00:00-04:00,56.75669437535358,56.97782558837975,56.0262977844574,56.347938537597656,1546900,0.0,0.0
2010-03-31 00:00:00-04:00,56.20721469939299,56.20721469939299,55.54382623607772,55.764957427978516,2260600,0.0,0.0
2010-04-01 00:00:00-04:00,56.02627687959353,56.455134465354334,55.75153727276063,56.20719909667969,1856400,0.0,0.0
2010-04-05 00:00:00-04:00,56.287625456407795,56.6159685067685,55.99948621683785,56.1804084777832,1151700,0.0,0.0
2010-04-06 00:00:00-04:00,56.03298705013941,56.03298705013941,55.135062839665814,55.29588317871094,2228900,0.0,0.0
2010-04-07 00:00:00-04:00,55.09486234155122,55.490213430525884,54.92733965387313,55.07476043701172,1615300,0.0,0.0
2010-04-08 00:00:00-04:00,55.10156468052662,55.34279264738729,54.940739219437226,55.07476043701172,1323100,0.0,0.0
2010-04-09 00:00:00-04:00,55.242294923746535,55.49692762294434,54.86704054677506,55.47682571411133,1077100,0.0,0.0
2010-04-12 00:00:00-04:00,55.429925806642025,55.7515666090159,55.302606886491986,55.563941955566406,1137800,0.0,0.0
2010-04-13 00:00:00-04:00,55.51033441153798,55.563942916990676,55.04127276979806,55.34951400756836,1273300,0.0,0.0
2010-04-14 00:00:00-04:00,55.36960073837019,55.40980966262989,54.6056976384677,55.356201171875,1855800,0.0,0.0
2010-04-15 00:00:00-04:00,55.4031077809737,56.00619052598172,55.356201629272356,55.764957427978516,1451200,0.0,0.0
2010-04-16 00:00:00-04:00,55.82527637636651,55.979399546989335,54.9675607634786,55.61084747314453,2595500,0.0,0.0
2010-04-19 00:00:00-04:00,55.584021302352745,56.47524315683503,55.53041793197629,56.421634674072266,2264400,0.0,0.0
2010-04-20 00:00:00-04:00,56.636066727745934,57.239149412308876,56.461846817395106,56.9376106262207,2275800,0.0,0.0
2010-04-21 00:00:00-04:00,56.85049583707004,58.197379653792204,56.48194899808926,57.795326232910156,2372300,0.0,0.0
2010-04-22 00:00:00-04:00,57.554096974726136,58.15047736293518,57.23245626164485,58.07676696777344,2704400,0.0,0.0
2010-04-23 00:00:00-04:00,58.11698704543285,58.244300842285156,57.587614611482486,58.244300842285156,1332900,0.0,0.0
2010-04-26 00:00:00-04:00,58.31800500673176,58.3381069139565,57.57420376509189,57.68811798095703,1550200,0.0,0.0
2010-04-27 00:00:00-04:00,57.6211301946376,57.80875487793815,56.414969325252976,56.62269592285156,2892600,0.0,0.0
2010-04-28 00:00:00-04:00,56.87732258401065,57.11185852534198,56.21393392146173,56.930931091308594,1758900,0.0,0.0
2010-04-29 00:00:00-04:00,57.25254412697259,58.06335316252798,57.25254412697259,57.875728607177734,1534300,0.0,0.0
2010-04-30 00:00:00-04:00,57.788628040229554,58.2107885079732,56.88400650024415,56.88400650024414,1555400,0.0,0.0
2010-05-03 00:00:00-04:00,57.152042987451466,58.28449803661731,56.977817953952055,58.130374908447266,1485200,0.0,0.0
2010-05-04 00:00:00-04:00,57.81542797765749,57.83552988178817,56.95771265217136,57.22574996948242,2416100,0.0,0.0
2010-05-05 00:00:00-04:00,56.58247357608567,57.587609861142305,56.58247357608567,56.85050582885742,2062500,0.0,0.0
2010-05-06 00:00:00-04:00,56.62269146350391,57.446905671536165,52.762965738191475,55.51704025268555,3665700,0.0,0.0
2010-05-07 00:00:00-04:00,55.16859772342232,55.79178260837091,53.975836464838565,54.45829772949219,4108400,0.0,0.0
2010-05-10 00:00:00-04:00,56.274230239510125,56.884010237307756,55.37630586748596,56.032997131347656,2659400,0.0,0.0
2010-05-11 00:00:00-04:00,55.624253134747185,56.25413517333429,55.37631763412336,55.6845588684082,2421000,0.0,0.0
2010-05-12 00:00:00-04:00,55.94587632480013,56.30102361091242,55.59072903868785,55.89227294921875,2433900,0.0,0.0
2010-05-13 00:00:00-04:00,55.9190790410113,56.234022556541575,54.9876531742744,55.18198013305664,2181700,0.0,0.0
2010-05-14 00:00:00-04:00,54.800023268580134,55.05466103736389,53.674270551668116,54.136634826660156,2417100,0.0,0.0
2010-05-17 00:00:00-04:00,54.257248504673555,54.7464118861644,53.72787620201232,54.485076904296875,2599600,0.0,0.0
2010-05-18 00:00:00-04:00,54.68613021117693,55.423229333073664,54.02943874219214,54.277374267578125,3007200,0.0,0.0
2010-05-19 00:00:00-04:00,54.12322877544002,54.284054239767876,52.9237708064123,53.94230651855469,2572500,0.0,0.0
2010-05-20 00:00:00-04:00,53.15160806984079,53.33923269710352,51.96554946899414,51.96554946899414,3519400,0.0,0.0
2010-05-21 00:00:00-04:00,51.107822402611355,54.40467298119637,50.96710394992587,54.38457107543945,5904300,0.0,0.0
2010-05-24 00:00:00-04:00,54.11653407829645,54.35106483425378,53.38613245272984,53.47324752807617,2511900,0.0,0.0
2010-05-25 00:00:00-04:00,52.64232790282133,54.11653062638024,52.394397596218404,53.87529754638672,4258200,0.0,0.0
2010-05-26 00:00:00-04:00,54.237159014395935,54.52529830553249,53.41294495897208,53.42634963989258,3549200,0.0,0.0
2010-05-27 00:00:00-04:00,54.43948568991344,54.43948568991344,53.777569258206945,54.41246795654297,2488700,0.63,0.0
2010-05-28 00:00:00-04:00,54.317908026535,54.540800460207535,53.845110579143906,53.980194091796875,1907900,0.0,0.0
2010-06-01 00:00:00-04:00,53.932927899981664,54.64212940239081,53.33855308059885,53.473636627197266,1806500,0.0,0.0
2010-06-02 00:00:00-04:00,53.56143309276128,53.92615961423272,52.99407099238365,53.899147033691406,2551100,0.0,0.0
2010-06-03 00:00:00-04:00,53.90589013688293,54.25035975179592,53.58843825187538,53.838348388671875,1797900,0.0,0.0
2010-06-04 00:00:00-04:00,53.196700339185334,53.196700339185334,52.12276734919529,52.2713623046875,2274200,0.0,0.0
2010-06-07 00:00:00-04:00,52.67661590730538,52.67661590730538,51.48111089540767,51.54865264892578,2469900,0.0,0.0
2010-06-08 00:00:00-04:00,51.535148566424716,52.19706499359613,51.156905454935355,52.0079460144043,2301600,0.0,0.0
2010-06-09 00:00:00-04:00,52.0349579138853,53.04809960577612,52.007940183728934,52.23758316040039,2256100,0.0,0.0
2010-06-10 00:00:00-04:00,52.6631176319158,53.24398607615584,52.35917196517275,53.000831604003906,2099500,0.0,0.0
2010-06-11 00:00:00-04:00,52.55503383035521,53.26423505948458,52.29161740881687,53.189937591552734,1455800,0.0,0.0
2010-06-14 00:00:00-04:00,53.52764287375081,54.48674892887617,53.52764287375081,53.81132125854492,2311200,0.0,0.0
2010-06-15 00:00:00-04:00,54.162584108558875,54.63538174455602,54.000477644981785,54.60160827636719,2167000,0.0,0.0
2010-06-16 00:00:00-04:00,54.34491907285113,55.11490633706302,54.31790134302378,54.84473419189453,1208800,0.0,0.0
2010-06-17 00:00:00-04:00,54.682639968424375,55.013598183256484,54.027474107252644,54.67588424682617,1826400,0.0,0.0
2010-06-18 00:00:00-04:00,54.7704531755132,54.7704531755132,54.0409948634746,54.50028610229492,2606000,0.0,0.0
2010-06-21 00:00:00-04:00,55.01359722974907,55.182454195037565,53.770812438716455,54.08150863647461,2147700,0.0,0.0
2010-06-22 00:00:00-04:00,54.00722759758505,54.80423292245409,53.878894615911506,53.9396858215332,1894200,0.0,0.0
2010-06-23 00:00:00-04:00,54.081520407122404,54.41923441120162,53.52091392360527,53.824859619140625,2231200,0.0,0.0
2010-06-24 00:00:00-04:00,53.65599176945563,54.04773601862737,52.68337398534769,52.764427185058594,1728200,0.0,0.0
2010-06-25 00:00:00-04:00,52.764423754265266,53.02108447366955,52.39969210893999,52.71714401245117,3091600,0.0,0.0
2010-06-28 00:00:00-04:00,52.919777404705826,53.11565212322209,52.399700164794915,52.39970016479492,1602600,0.0,0.0
2010-06-29 00:00:00-04:00,52.06198755540892,52.23759511194525,50.40043541893072,50.7584114074707,3106900,0.0,0.0
2010-06-30 00:00:00-04:00,50.657080323904154,51.00830048011716,50.22480698405521,50.319366455078125,2659600,0.0,0.0
2010-07-01 00:00:00-04:00,50.31937613151167,50.63007233220604,49.83306724238807,50.2923583984375,2332400,0.0,0.0
2010-07-02 00:00:00-04:00,50.48146049727643,50.670579412453876,49.90734803245805,50.27883529663086,1499900,0.0,0.0
2010-07-06 00:00:00-04:00,50.67734141393657,50.87321607268158,49.745253007971485,50.20454406738281,1810400,0.0,0.0
2010-07-07 00:00:00-04:00,50.17077288975656,50.98128928879642,49.84657045262449,50.93400955200195,2167600,0.0,0.0
2010-07-08 00:00:00-04:00,51.04884039057692,51.47435809972073,50.80568594160737,51.433834075927734,2065400,0.0,0.0
2010-07-09 00:00:00-04:00,51.285230154195844,51.33926561187932,50.39366571483795,50.819183349609375,1996800,0.0,0.0
2010-07-12 00:00:00-04:00,50.61656831621519,50.792175859428056,50.14376569583476,50.48147964477539,1551300,0.0,0.0
2010-07-13 00:00:00-04:00,50.724626267439916,51.31900602377997,50.724626267439916,51.01506042480469,1958800,0.0,0.0
2010-07-14 00:00:00-04:00,50.80568540248933,51.48786899669864,50.68410817929466,50.99480438232422,2442300,0.0,0.0
2010-07-15 00:00:00-04:00,51.04884298611998,51.433836691045535,50.66384928119442,51.29874801635742,2153300,0.0,0.0
2010-07-16 00:00:00-04:00,51.06909463449649,51.3932970817385,49.866834015856114,49.93437576293945,1960300,0.0,0.0
2010-07-19 00:00:00-04:00,50.211296147284216,50.481468276214414,49.799289963218975,50.01542663574219,1370100,0.0,0.0
2010-07-20 00:00:00-04:00,49.40754882712504,49.96815518582662,48.86720447965993,49.914119720458984,2911300,0.0,0.0
2010-07-21 00:00:00-04:00,50.17076071043064,50.38014161496237,49.40077366778102,49.75199890136719,3112900,0.0,0.0
2010-07-22 00:00:00-04:00,50.258591259503575,50.528758290283356,49.833068395124414,50.15052032470703,3105000,0.0,0.0
2010-07-23 00:00:00-04:00,50.23832543900839,50.542271086429324,49.91412293215319,49.94789123535156,2886600,0.0,0.0
2010-07-26 00:00:00-04:00,49.880355985421296,50.839462493601644,49.880355985421296,50.576045989990234,3181300,0.0,0.0
2010-07-27 00:00:00-04:00,50.8597166992749,51.56215709446992,50.50849134857209,50.56928253173828,3358000,0.0,0.0
2010-07-28 00:00:00-04:00,50.704361866860644,51.10961749327698,50.15051130836718,50.819183349609375,1762700,0.0,0.0
2010-07-29 00:00:00-04:00,51.13664049855854,51.13664049855854,50.06946328816708,50.623313903808594,1919000,0.0,0.0
2010-07-30 00:00:00-04:00,50.15728094499671,50.95428613109012,50.15728094499671,50.7584114074707,2686900,0.0,0.0
2010-08-02 00:00:00-04:00,51.2244587600883,51.33252971719474,50.64359540151519,51.26498794555664,1776000,0.0,0.0
2010-08-03 00:00:00-04:00,51.20418192892427,51.20418192892427,50.83945028387868,50.9475212097168,1829100,0.0,0.0
2010-08-04 00:00:00-04:00,51.0555907602672,51.0555907602672,50.59630475078682,50.670597076416016,2626700,0.0,0.0
2010-08-05 00:00:00-04:00,50.31936937862175,51.11637436148117,50.15051243439819,50.677345275878906,2706200,0.0,0.0
2010-08-06 00:00:00-04:00,50.25182182572636,50.7043571472168,50.116733194091935,50.7043571472168,1323600,0.0,0.0
2010-08-09 00:00:00-04:00,50.77866514177946,51.156903082622996,50.751647409846996,51.06234359741211,979400,0.0,0.0
2010-08-10 00:00:00-04:00,50.81919235634913,50.8259480780331,49.725002486411064,50.69086456298828,2133800,0.0,0.0
2010-08-11 00:00:00-04:00,50.049199693294945,50.11674144367783,49.13737318036287,49.38728332519531,2661100,0.0,0.0
2010-08-12 00:00:00-04:00,48.88072341654624,49.25896142589681,48.63081321573596,48.955020904541016,2164700,0.0,0.0
2010-08-13 00:00:00-04:00,48.79291116867034,49.6574580759393,48.779404877728155,49.11711883544922,2095300,0.0,0.0
2010-08-16 00:00:00-04:00,48.91450413161582,48.91450413161582,48.29986721049709,48.590301513671875,3378200,0.0,0.0
2010-08-17 00:00:00-04:00,48.90098345477977,49.556149375291035,48.60379351481024,48.91448974609375,3620000,0.0,0.0
2010-08-18 00:00:00-04:00,48.96850042113925,49.92085579937112,48.826661245188376,49.75199890136719,2956300,0.0,0.0
2010-08-19 00:00:00-04:00,49.52912459866486,49.79254104324376,49.076589183937564,49.360267639160156,3112800,0.0,0.0
2010-08-20 00:00:00-04:00,48.955007215007896,49.54262607905781,48.955007215007896,49.44131088256836,2467900,0.0,0.0
2010-08-23 00:00:00-04:00,49.76553239689406,49.79255013372001,48.90774115337219,48.955020904541016,2499400,0.0,0.0
2010-08-24 00:00:00-04:00,48.59030321085204,48.69161331180581,48.043202900162306,48.1242561340332,2416100,0.0,0.0
2010-08-25 00:00:00-04:00,47.813538549781576,48.684841102488434,47.27994992511122,48.40791320800781,2501000,0.0,0.0
2010-08-26 00:00:00-04:00,48.45519000811358,48.84693937758216,48.17826728356185,48.320106506347656,1332900,0.0,0.0
2010-08-27 00:00:00-04:00,48.58350939364902,48.83341947064023,48.07693867363451,48.81315231323242,1738900,0.0,0.0
2010-08-30 00:00:00-04:00,48.138630417133875,48.472499144094144,47.79113142466811,47.84564208984375,1867000,0.63,0.0
2010-08-31 00:00:00-04:00,47.64800775721863,47.83197461103114,47.2596286672419,47.36864471435547,2714200,0.0,0.0
2010-09-01 00:00:00-04:00,47.75705689413279,48.13181118728639,47.545834582585876,47.648040771484375,3227300,0.0,0.0
2010-09-02 00:00:00-04:00,47.5458220747286,47.913761138916016,47.45724617347697,47.913761138916016,2828500,0.0,0.0
2010-09-03 00:00:00-04:00,48.22719401836813,48.32940018983432,47.95464596059891,48.18631362915039,2039200,0.0,0.0
2010-09-07 00:00:00-04:00,48.145446485683124,48.172696620377444,47.34824228765792,47.416378021240234,2059700,0.0,0.0
2010-09-08 00:00:00-04:00,46.91215688401676,47.42999770082423,46.755445251597166,46.91897201538086,3570900,0.0,0.0
2010-09-09 00:00:00-04:00,47.491307719459556,47.648024515426606,47.116558752581625,47.26646041870117,1887900,0.0,0.0
2010-09-10 00:00:00-04:00,47.28010215655909,48.07730108201367,47.143830702069046,47.954654693603516,2240300,0.0,0.0
2010-09-13 00:00:00-04:00,48.42479750983591,48.49974836540234,47.06206224269724,47.320980072021484,2685600,0.0,0.0
2010-09-14 00:00:00-04:00,47.320987032366666,47.4095681647503,46.612369163837236,46.660064697265625,2993500,0.0,0.0
2010-09-15 00:00:00-04:00,46.612369163837236,46.85765676545234,46.46246743065564,46.660064697265625,2186700,0.0,0.0
2010-09-16 00:00:00-04:00,46.591903677535704,46.905332076137064,46.51014291172205,46.680484771728516,1673700,0.0,0.0
2010-09-17 00:00:00-04:00,46.88489588385441,47.7843007734688,46.85764056011804,47.52538299560547,3766700,0.0,0.0
2010-09-20 00:00:00-04:00,47.69572267285391,48.32257949464747,47.36866400150615,48.17949295043945,2863400,0.0,0.0
2010-09-21 00:00:00-04:00,48.09092514651549,49.09934625594832,48.04322962375072,48.81998825073242,3115300,0.0,0.0
2010-09-22 00:00:00-04:00,48.61556931597513,49.26287154978447,48.52017828335841,48.92218780517578,2687000,0.0,0.0
2010-09-23 00:00:00-04:00,48.64282845447126,49.16748437343402,48.513366957871284,48.83361053466797,2329400,0.0,0.0
2010-09-24 00:00:00-04:00,48.860855387924154,49.86928142222922,48.58830738959138,49.82839584350586,2708000,0.0,0.0
2010-09-27 00:00:00-04:00,49.90334389809552,50.04643041961914,49.30374249384124,49.31736755371094,2355800,0.0,0.0
2010-09-28 00:00:00-04:00,49.40595939513938,49.46727997553574,48.93581415174776,49.37870407104492,1722900,0.0,0.0
2010-09-29 00:00:00-04:00,49.16750034460089,49.33102715239937,48.601963852869396,48.98352813720703,3270300,0.0,0.0
2010-09-30 00:00:00-04:00,49.283316738717524,49.39233284486448,48.44523235471551,48.56787872314453,3425200,0.0,0.0
2010-10-01 00:00:00-04:00,48.73820920446299,48.7518394635546,47.014350517244665,47.42998504638672,7529800,0.0,0.0
2010-10-04 00:00:00-04:00,47.44362404542927,48.06367105574222,47.1847062292495,47.25284194946289,3407800,0.0,0.0
2010-10-05 00:00:00-04:00,47.668470798865116,48.28851773371061,47.25283619820248,48.10454559326172,2748800,0.0,0.0
2010-10-06 00:00:00-04:00,47.95464971328144,48.717783295069786,47.95464971328144,48.308963775634766,3682500,0.0,0.0
2010-10-07 00:00:00-04:00,48.370277457531365,48.48611388354264,47.86606696217114,48.12498474121094,1797300,0.0,0.0
2010-10-08 00:00:00-04:00,48.28169181785056,48.28850694704671,47.67527527990314,47.763851165771484,2951700,0.0,0.0
2010-10-11 00:00:00-04:00,47.81839564177486,48.11138402350137,47.389135770213564,48.02280807495117,2211300,0.0,0.0
2010-10-12 00:00:00-04:00,48.15905243062648,48.22037300697517,47.40273413179883,48.07047653198242,2087500,0.0,0.0
2010-10-13 00:00:00-04:00,48.34982577636095,48.55423805753361,48.19311419942613,48.45884704589844,2303600,0.0,0.0
2010-10-14 00:00:00-04:00,48.479299168504575,48.67008123873983,47.74342101323582,47.83199691772461,2459800,0.0,0.0
2010-10-15 00:00:00-04:00,48.17267299546832,48.30213446468033,47.45724034608258,47.70934295654297,2776800,0.0,0.0
2010-10-18 00:00:00-04:00,47.62757423650154,47.825171372859515,47.35502628295882,47.722965240478516,2649200,0.0,0.0
2010-10-19 00:00:00-04:00,46.666856139439936,47.491310146815664,46.24441163887952,47.334598541259766,6314400,0.0,0.0
2010-10-20 00:00:00-04:00,47.31416589683324,47.67528987850261,47.239215047986164,47.579898834228516,2924900,0.0,0.0
2010-10-21 00:00:00-04:00,47.579906157897504,48.9835219097705,47.579906157897504,48.9494514465332,3994100,0.0,0.0
2010-10-22 00:00:00-04:00,48.901750389678526,48.949445913766,48.47930580445293,48.908565521240234,2166400,0.0,0.0
2010-10-25 00:00:00-04:00,49.24925784029113,49.52862109999931,48.56789012208362,48.656471252441406,2488700,0.0,0.0
2010-10-26 00:00:00-04:00,48.41797212029152,49.147035125817254,48.41797212029152,48.92218780517578,2236800,0.0,0.0
2010-10-27 00:00:00-04:00,48.58151394900223,48.7518558559785,48.00916243838227,48.30215072631836,2856600,0.0,0.0
2010-10-28 00:00:00-04:00,48.61558823277591,48.833625706229135,47.91378027754911,48.3907356262207,1847500,0.0,0.0
2010-10-29 00:00:00-04:00,48.24763307119337,48.73140339303492,48.20675268294306,48.57469177246094,1560700,0.0,0.0
2010-11-01 00:00:00-04:00,48.86086485556559,49.19473348904523,48.343024078234734,48.69733810424805,1575200,0.0,0.0
2010-11-02 00:00:00-04:00,49.058464123208545,49.36507744460984,48.308960849899464,48.81317138671875,2471000,0.0,0.0
2010-11-03 00:00:00-04:00,48.9017453388212,49.017581769717026,47.96146001889096,48.32939910888672,3339700,0.0,0.0
2010-11-04 00:00:00-04:00,48.71096824940494,49.14023316422742,48.104551501515715,49.031211853027344,2782600,0.0,0.0
2010-11-05 00:00:00-04:00,48.98349729775491,50.21677051062249,48.963057109451945,49.92378234863281,3674100,0.0,0.0
2010-11-08 00:00:00-05:00,49.985130677191755,50.14184232387369,49.733022777996716,49.937435150146484,2121700,0.0,0.0
2010-11-09 00:00:00-05:00,49.97149186594647,50.012377452436766,49.21517869456859,49.4332160949707,2094900,0.0,0.0
2010-11-10 00:00:00-05:00,49.37189112025502,49.37189112025502,48.840425273002076,49.00395202636719,2471500,0.0,0.0
2010-11-11 00:00:00-05:00,48.5338207546193,48.547445820526086,47.63441565051278,47.770687103271484,4855500,0.0,0.0
2010-11-12 00:00:00-05:00,47.62757628979126,47.90012425508389,47.33458813682518,47.34821319580078,2846000,0.0,0.0
2010-11-15 00:00:00-05:00,47.51175310900208,47.77067086057706,47.26646041870117,47.26646041870117,2479500,0.0,0.0
2010-11-16 00:00:00-05:00,47.12338825122549,47.34823562054401,46.40795015329399,46.796329498291016,2720400,0.0,0.0
2010-11-17 00:00:00-05:00,46.891719197079425,47.0620611013406,46.135400726286015,46.7077522277832,3621600,0.0,0.0
2010-11-18 00:00:00-05:00,46.95303515136704,47.225577982362275,46.39430883193148,47.11656188964844,7819600,0.0,0.0
2010-11-19 00:00:00-05:00,47.11656427327729,47.518568608227575,47.08249381846862,47.30734634399414,7133700,0.0,0.0
2010-11-22 00:00:00-05:00,47.239207253168395,47.2937178975938,46.428378312209304,46.76906204223633,7876000,0.0,0.0
2010-11-23 00:00:00-05:00,46.4965147453475,46.95303490151996,46.42837903796126,46.551025390625,2363000,0.0,0.0
2010-11-24 00:00:00-05:00,46.77589880624467,47.164278230164086,46.67369260028197,47.12339782714844,2770500,0.0,0.0
2010-11-26 00:00:00-05:00,46.73500194655066,47.08931601541221,46.61917070029383,46.87809371948242,1441500,0.0,0.0
2010-11-29 00:00:00-05:00,46.843633874065766,47.11918571270311,46.64385892244655,46.981407165527344,2555700,0.75,0.0
2010-11-30 00:00:00-05:00,46.63697960432326,47.16741793768768,46.62320437423638,46.87120056152344,2383200,0.0,0.0
2010-12-01 00:00:00-05:00,47.29140954507741,47.90450968630416,47.29140954507741,47.808067321777344,2426500,0.0,0.0
2010-12-02 00:00:00-05:00,47.98717199454169,48.2902742858239,47.82183773851777,48.083614349365234,3108600,0.0,0.0
2010-12-03 00:00:00-05:00,47.85630350653771,48.19385188819977,47.194981975729526,47.65652847290039,2765500,0.0,0.0
2010-12-06 00:00:00-05:00,47.704739265049035,47.71851449456036,47.19497168168703,47.38096618652344,1917200,0.0,0.0
2010-12-07 00:00:00-05:00,47.766737134181035,48.062954506977825,47.491190489852684,47.84251403808594,2523900,0.0,0.0
2010-12-08 00:00:00-05:00,47.78741573945818,48.104298637239935,47.346534729003906,47.346534729003906,2555700,0.0,0.0
2010-12-09 00:00:00-05:00,47.49806313523865,47.57384001945397,46.857407367781704,47.05718231201172,3693500,0.0,0.0
2010-12-10 00:00:00-05:00,47.11230203983426,47.47740604325318,47.057190613280305,47.42229461669922,3243600,0.0,0.0
2010-12-13 00:00:00-05:00,47.43609248174022,47.55320036428944,47.10542905697655,47.2707633972168,2834900,0.0,0.0
2010-12-14 00:00:00-05:00,47.41540459616448,48.44182984211265,47.35340293394514,48.235164642333984,2808700,0.0,0.0
2010-12-15 00:00:00-05:00,48.00784557579643,48.27650721759561,47.89762271981982,48.02851104736328,1869900,0.0,0.0
2010-12-16 00:00:00-05:00,48.15250336668626,48.51071709428754,47.739178217695724,48.47627639770508,1782200,0.0,0.0
2010-12-17 00:00:00-05:00,48.4142940291423,48.4142940291423,47.925191794749445,48.269630432128906,2826900,0.0,0.0
2010-12-20 00:00:00-05:00,48.076724184811404,48.33161055480269,47.83561829736785,47.980281829833984,2407900,0.0,0.0
2010-12-21 00:00:00-05:00,48.248943349675,48.35227594576141,47.87694915719241,48.083614349365234,2749300,0.0,0.0
2010-12-22 00:00:00-05:00,48.00784536020697,48.06984177462912,47.74606870629561,47.773624420166016,3104900,0.0,0.0
2010-12-23 00:00:00-05:00,47.82874052833416,47.93207315153136,47.5325231448838,47.704742431640625,2121000,0.0,0.0
2010-12-27 00:00:00-05:00,47.532520639323685,47.814962777460096,47.401632306458986,47.746070861816406,1310400,0.0,0.0
2010-12-28 00:00:00-05:00,47.78740812002489,47.973402631519804,47.49807573277727,47.932071685791016,1445100,0.0,0.0
2010-12-29 00:00:00-05:00,48.035408457770124,48.131850843283544,47.60141246724392,47.62207794189453,1764600,0.0,0.0
2010-12-30 00:00:00-05:00,47.746070165317576,47.89762396837848,47.29141401185005,47.3189697265625,2316000,0.0,0.0
2010-12-31 00:00:00-05:00,47.41541240506705,48.19384164176703,47.29141431592133,48.159400939941406,2489600,0.0,0.0
2011-01-03 00:00:00-05:00,48.35916900940091,48.48316709427486,47.95962429655376,48.13184356689453,2004700,0.0,0.0
2011-01-04 00:00:00-05:00,48.097395866801925,48.64849961419849,48.01472872797798,48.43494415283203,2702200,0.0,0.0
2011-01-05 00:00:00-05:00,48.31095745712259,49.5716040287611,48.228295554533894,49.54404830932617,4465400,0.0,0.0
2011-01-06 00:00:00-05:00,49.91604066229108,50.94935644947664,49.730046133112666,50.41203308105469,6454300,0.0,0.0
2011-01-07 00:00:00-05:00,50.41892442796362,50.90113637025017,50.11581677526008,50.72202682495117,4151400,0.0,0.0
2011-01-10 00:00:00-05:00,50.804688501105375,51.100905878187895,50.39825351583994,50.69446563720703,4649300,0.0,0.0
2011-01-11 00:00:00-05:00,50.97691147406011,50.97691147406011,50.54980572911165,50.73580551147461,4606400,0.0,0.0
2011-01-12 00:00:00-05:00,51.07334814289096,51.2180117042513,50.832242207290385,51.142234802246094,2910300,0.0,0.0
2011-01-13 00:00:00-05:00,51.1215627185029,51.583109057777634,50.8046799218793,50.866676330566406,2894900,0.0,0.0
2011-01-14 00:00:00-05:00,50.74268824371178,51.39711936753112,50.64624061723843,51.32134246826172,2509000,0.0,0.0
2011-01-18 00:00:00-05:00,51.68645563530399,52.967767651733105,51.665790160154486,52.726661682128906,3789000,0.0,0.0
2011-01-19 00:00:00-05:00,52.51309748581738,54.19395383876946,52.51309748581738,53.498191833496094,5078800,0.0,0.0
2011-01-20 00:00:00-05:00,53.443086581991366,54.648621504794725,53.30530800881331,54.64173126220703,4772000,0.0,0.0
2011-01-21 00:00:00-05:00,54.93795716656503,55.22039934370734,54.51085140688006,54.572853088378906,4231500,0.0,0.0
2011-01-24 00:00:00-05:00,54.3386306482149,54.545295906714244,53.498204894416666,53.75308609008789,6903800,0.0,0.0
2011-01-25 00:00:00-05:00,53.635964753447674,54.51083624908763,53.4844109693885,54.469505310058594,3051300,0.0,0.0
2011-01-26 00:00:00-05:00,54.379960253992394,54.42129119839015,53.40175077228537,54.001075744628906,2835900,0.0,0.0
2011-01-27 00:00:00-05:00,55.08260030808673,55.799032966990566,54.125061767752285,54.49016571044922,3045800,0.0,0.0
2011-01-28 00:00:00-05:00,54.655509177450654,55.45460917400582,53.58775277535557,53.87018966674805,4376600,0.0,0.0
2011-01-31 00:00:00-05:00,54.338621468018125,54.85527927126428,54.138846486743816,54.83461380004883,2266000,0.0,0.0
2011-02-01 00:00:00-05:00,54.88972615032266,55.79904368910164,54.85528019390757,55.5166015625,2682200,0.0,0.0
2011-02-02 00:00:00-05:00,55.32372663304965,56.253715064058575,55.18595329438254,55.84727478027344,1930700,0.0,0.0
2011-02-03 00:00:00-05:00,55.80593419578551,56.10215155292684,55.371938268046435,55.60615921020508,3770000,0.0,0.0
2011-02-04 00:00:00-05:00,55.73016584455446,55.75083131938531,55.254838900581326,55.59927749633789,3479200,0.0,0.0
2011-02-07 00:00:00-05:00,55.592381862732445,56.30881470312856,55.49593948572867,56.15726089477539,3884400,0.0,0.0
2011-02-08 00:00:00-05:00,56.13658518280836,56.38458132293157,55.88858904268515,56.074588775634766,1856700,0.0,0.0
2011-02-09 00:00:00-05:00,56.01258694717369,56.78413107591126,55.84725793948506,56.67390823364258,1755300,0.0,0.0
2011-02-10 00:00:00-05:00,56.38459561903465,56.58437063010358,56.04015703216734,56.41215133666992,1905600,0.0,0.0
2011-02-11 00:00:00-05:00,56.19170114750286,56.43280706553001,55.89548380372242,56.27436828613281,2612400,0.0,0.0
2011-02-14 00:00:00-05:00,56.329471415761105,56.481025200545076,55.1790480577585,55.743927001953125,1786400,0.0,0.0
2011-02-15 00:00:00-05:00,55.61303440306821,56.30191130249289,55.2617057127618,56.12969207763672,1902900,0.0,0.0
2011-02-16 00:00:00-05:00,56.06769735995972,56.11591853865644,55.482152974152655,55.991920471191406,3279600,0.0,0.0
2011-02-17 00:00:00-05:00,55.86794062488477,56.549927590513235,55.77838847973065,56.419044494628906,1953400,0.0,0.0
2011-02-18 00:00:00-05:00,56.45347896877603,56.54992134697589,56.08837492906008,56.35703659057617,1522800,0.0,0.0
2011-02-22 00:00:00-05:00,56.01947691457635,56.088363562799934,55.09638426580869,55.23415756225586,1808400,0.0,0.0
2011-02-23 00:00:00-05:00,55.316823027618724,55.64748103141951,54.84838647580577,55.206600189208984,1991100,0.0,0.0
2011-02-24 00:00:00-05:00,55.20661113456591,55.606161119445346,55.027501614496636,55.261722564697266,1500500,0.0,0.0
2011-02-25 00:00:00-05:00,55.414721744352285,55.82499256745127,54.9557693266643,55.70677947998047,1982300,0.75,0.0
2011-02-28 00:00:00-05:00,55.984925394907535,56.03360167845513,54.94185762861604,55.046165466308594,2426600,0.0,0.0
2011-03-01 00:00:00-05:00,55.261722444038135,55.66504319038824,54.7958201880731,55.018341064453125,1960500,0.0,0.0
2011-03-02 00:00:00-05:00,55.15046054798123,55.546826033411236,54.84449765215286,55.25476837158203,1629600,0.0,0.0
2011-03-03 00:00:00-05:00,55.5189997273445,56.24914904871398,55.5189997273445,56.17265701293945,1692200,0.0,0.0
2011-03-04 00:00:00-05:00,56.11702568355391,56.186567756561644,54.86534794914428,55.52595520019531,2088900,0.0,0.0
2011-03-07 00:00:00-05:00,55.588546814552004,55.977956991574956,54.90011843048044,55.14350509643555,1863600,0.0,0.0
2011-03-08 00:00:00-05:00,55.15742761054697,55.991879767130435,55.15742761054697,55.81803512573242,1878700,0.0,0.0
2011-03-09 00:00:00-05:00,55.769339904241995,56.17961587741456,55.60245059064897,55.96405029296875,2155800,0.0,0.0
2011-03-10 00:00:00-05:00,55.44948565491774,55.76240919443105,54.809738644156134,54.96272277832031,1931200,0.0,0.0
2011-03-11 00:00:00-05:00,54.99055061811751,56.17269232358528,54.8167059375888,55.95712661743164,2444500,0.0,0.0
2011-03-14 00:00:00-04:00,55.449497815947616,56.13097129796034,55.34518994656667,55.95712661743164,5269100,0.0,0.0
2011-03-15 00:00:00-04:00,55.226960719642776,55.76935511574894,54.53158220046726,55.40776062011719,2415700,0.0,0.0
2011-03-16 00:00:00-04:00,55.1296074083703,55.69981757419648,54.378597344506446,54.52463150024414,2594100,0.0,0.0
2011-03-17 00:00:00-04:00,55.484242061278565,56.311744038404726,55.24781065124992,55.91537857055664,2919800,0.0,0.0
2011-03-18 00:00:00-04:00,56.6176921777802,56.666368439917576,55.69979315939351,55.99880599975586,3355800,0.0,0.0
2011-03-21 00:00:00-04:00,56.5481581245325,56.805449982608636,56.422989829429916,56.48557662963867,2278100,0.0,0.0
2011-03-22 00:00:00-04:00,56.58988221150594,56.791542548256956,56.332595644694294,56.53425598144531,1253500,0.0,0.0
2011-03-23 00:00:00-04:00,56.31172452776568,56.56205577912696,56.04747743721143,56.45079803466797,1757900,0.0,0.0
2011-03-24 00:00:00-04:00,56.770696007076594,56.84718806069674,56.05445705528482,56.186580657958984,1982700,0.0,0.0
2011-03-25 00:00:00-04:00,56.39517349182671,56.450805023600815,55.866684550602464,55.887550354003906,1923400,0.0,0.0
2011-03-28 00:00:00-04:00,56.16571247650536,56.325651846953164,55.70676547947985,55.811073303222656,1329800,0.0,0.0
2011-03-29 00:00:00-04:00,55.79716136339486,56.02663750880598,55.33125910839617,55.873653411865234,1586700,0.0,0.0
2011-03-30 00:00:00-04:00,55.977961251936165,56.09617430676997,55.43556694828352,55.463382720947266,2277300,0.0,0.0
2011-03-31 00:00:00-04:00,55.51899750174929,56.10311799649224,55.47727650402303,55.90841293334961,2897200,0.0,0.0
2011-04-01 00:00:00-04:00,55.977964518512024,56.562079862588064,55.88061196116602,56.31174850463867,1544600,0.0,0.0
2011-04-04 00:00:00-04:00,56.15180954142524,56.492543494639996,55.977964929841875,56.31869888305664,1803900,0.0,0.0
2011-04-05 00:00:00-04:00,56.01273515916361,56.76373983823423,55.91538260251897,56.40214538574219,2005200,0.0,0.0
2011-04-06 00:00:00-04:00,56.402155153119374,56.84719700494061,56.22135524290532,56.66639709472656,1779800,0.0,0.0
2011-04-07 00:00:00-04:00,56.52730700845554,56.8819514543281,56.263065143965356,56.874996185302734,1674700,0.0,0.0
2011-04-08 00:00:00-04:00,56.881952680617005,56.96539468945709,55.769343046467135,55.97795867919922,1939100,0.0,0.0
2011-04-11 00:00:00-04:00,55.86669451987,56.47863086795387,55.65808419646344,55.98491287231445,1823300,0.0,0.0
2011-04-12 00:00:00-04:00,55.991852844436764,55.991852844436764,55.64416372882092,55.887550354003906,1861900,0.0,0.0
2011-04-13 00:00:00-04:00,55.93624527638337,56.23525822776602,54.12130706304257,54.45508575439453,4249600,0.0,0.0
2011-04-14 00:00:00-04:00,54.14913710144488,54.61503952122525,52.71665348234084,54.05178451538086,3854000,0.0,0.0
2011-04-15 00:00:00-04:00,54.24646712052647,54.49680375349697,53.87791744012985,54.37163543701172,2517600,0.0,0.0
2011-04-18 00:00:00-04:00,53.86403501932152,53.91271131751307,53.22428787014145,53.47462463378906,2916700,0.0,0.0
2011-04-19 00:00:00-04:00,53.70409728567428,53.891847193168516,53.418989483002825,53.55111312866211,1992600,0.0,0.0
2011-04-20 00:00:00-04:00,54.01003806983208,54.7471427680057,53.954406525570654,54.15606689453125,1976000,0.0,0.0
2011-04-21 00:00:00-04:00,54.14216795820243,54.28124152971505,53.96832334115331,54.0865364074707,1905100,0.0,0.0
2011-04-25 00:00:00-04:00,53.87791724176556,54.14215910656563,53.59976483889844,53.850101470947266,2458600,0.0,0.0
2011-04-26 00:00:00-04:00,54.21866792105426,55.3590883507832,54.12826531160227,54.96272277832031,3000000,0.0,0.0
2011-04-27 00:00:00-04:00,54.98357864156626,55.49815725411464,54.733241953230944,55.046165466308594,1727900,0.0,0.0
2011-04-28 00:00:00-04:00,55.066999390450434,55.15739664331104,54.5802314846336,54.97659683227539,2402300,0.0,0.0
2011-04-29 00:00:00-04:00,54.976599130259494,55.247796205491596,54.85143084128201,55.10872268676758,2078500,0.0,0.0
2011-05-02 00:00:00-04:00,55.178278258500114,55.560738523358395,54.6150234187238,54.75409698486328,3125000,0.0,0.0
2011-05-03 00:00:00-04:00,54.60110554085031,55.74848087590815,54.587200308231736,55.553775787353516,2288100,0.0,0.0
2011-05-04 00:00:00-04:00,55.574658301627906,55.87367132186375,54.78192709548038,54.87232971191406,4356900,0.0,0.0
2011-05-05 00:00:00-04:00,54.80276768656344,55.908422054526824,54.59415735858336,55.498146057128906,2296200,0.0,0.0
2011-05-06 00:00:00-04:00,55.95709684543653,56.18657297491803,55.33821053645852,55.595497131347656,2047200,0.0,0.0
2011-05-09 00:00:00-04:00,55.644177884692155,55.98491712450641,55.37298072994447,55.58159637451172,1705300,0.0,0.0
2011-05-10 00:00:00-04:00,55.79717533305826,55.95015946830089,55.22696511417414,55.247825622558594,2189700,0.0,0.0
2011-05-11 00:00:00-04:00,55.28258596404727,55.76934874978022,55.10178608421083,55.19913864135742,2275400,0.0,0.0
2011-05-12 00:00:00-04:00,55.164368925862554,55.88060781837294,55.10873738141303,55.67894744873047,1550900,0.0,0.0
2011-05-13 00:00:00-04:00,55.658092557474035,55.901473957333906,55.2269560024961,55.34516906738281,1669000,0.0,0.0
2011-05-16 00:00:00-04:00,55.20610692611765,55.991882838424125,55.12265958375504,55.86671447753906,2439800,0.0,0.0
2011-05-17 00:00:00-04:00,55.5190039443795,55.894508883436,54.823625606567234,55.32429885864258,2005500,0.0,0.0
2011-05-18 00:00:00-04:00,55.345159356137984,55.74848006531725,55.02528595740412,55.63722229003906,1312100,0.0,0.0
2011-05-19 00:00:00-04:00,55.97797095305834,56.20744713831592,55.68591324744892,55.89452362060547,1045100,0.0,0.0
2011-05-20 00:00:00-04:00,55.88754198839012,55.88754198839012,55.30342160282674,55.45640563964844,1694000,0.0,0.0
2011-05-23 00:00:00-04:00,54.948803044850656,55.49120269488489,54.78886897157061,55.0948371887207,1832600,0.0,0.0
2011-05-24 00:00:00-04:00,55.046157614095726,55.16437067080319,54.59416058544906,54.656742095947266,2384800,0.0,0.0
2011-05-25 00:00:00-04:00,54.601108212243965,54.6567397560716,54.23951378799637,54.55938720703125,2328500,0.0,0.0
2011-05-26 00:00:00-04:00,54.482893227951145,54.71236935911303,53.91963845629546,54.058712005615234,2994500,0.0,0.0
2011-05-27 00:00:00-04:00,54.12192621563924,54.44491578384992,53.841064091151864,54.248313903808594,1796100,0.75,0.0
2011-05-31 00:00:00-04:00,54.25532570247169,54.84513663577544,54.25532570247169,54.69768524169922,2369600,0.0,0.0
2011-06-01 00:00:00-04:00,54.59936144050295,54.84511366101709,53.18101087011289,53.1950569152832,2613800,0.0,0.0
2011-06-02 00:00:00-04:00,53.20911945851728,53.637432943194085,53.13890527481591,53.174015045166016,2307000,0.0,0.0
2011-06-03 00:00:00-04:00,52.81589712195672,53.68656447826451,52.73163691702489,53.560176849365234,2560600,0.0,0.0
2011-06-06 00:00:00-04:00,53.50401001375125,54.48702443185904,53.433795846100175,54.332550048828125,3200700,0.0,0.0
2011-06-07 00:00:00-04:00,54.38169354169236,54.57127766278317,54.24828824732886,54.269351959228516,2277500,0.0,0.0
2011-06-08 00:00:00-04:00,54.2202157029198,54.592355662535034,54.07978199183969,54.150001525878906,2398800,0.0,0.0
2011-06-09 00:00:00-04:00,54.15702116183493,54.78193646710645,53.92531490487925,54.69065856933594,1896100,0.0,0.0
2011-06-10 00:00:00-04:00,54.52214237784807,54.77491770493108,54.21319356541363,54.276390075683594,2404900,0.0,0.0
2011-06-13 00:00:00-04:00,54.57129264924186,55.526220468914524,54.423841268453955,55.37174606323242,3048000,0.0,0.0
2011-06-14 00:00:00-04:00,55.74388783529684,56.172201298759774,55.54728598787095,55.91942596435547,2552100,0.0,0.0
2011-06-15 00:00:00-04:00,55.52621864745344,56.17219763457144,55.46302213947548,55.91239929199219,2217700,0.0,0.0
2011-06-16 00:00:00-04:00,55.870266556734386,56.41794457458511,55.680687764785176,56.10900115966797,2493100,0.0,0.0
2011-06-17 00:00:00-04:00,56.50220777218681,56.97967164624361,56.02474389813001,56.17921829223633,3135700,0.0,0.0
2011-06-20 00:00:00-04:00,55.97561085734406,56.75500073773856,55.97561085734406,56.41094207763672,4146300,0.0,0.0
2011-06-21 00:00:00-04:00,56.670709422956705,56.83922446885057,56.305592597353886,56.62858200073242,1863900,0.0,0.0
2011-06-22 00:00:00-04:00,56.621572401451516,56.83222027650522,56.13708550302679,56.17921829223633,1709600,0.0,0.0
2011-06-23 00:00:00-04:00,56.087937951202534,56.20028491891568,55.16811992029381,55.954532623291016,1812000,0.0,0.0
2011-06-24 00:00:00-04:00,56.01771950956909,56.0387832251619,55.554301695533695,55.610469818115234,1905000,0.0,0.0
2011-06-27 00:00:00-04:00,55.77196040276338,56.094949835294514,55.4910983962589,55.94047546386719,1192800,0.0,0.0
2011-06-28 00:00:00-04:00,56.02475164549438,56.05985605819241,55.63856560682498,55.77899932861328,1651600,0.0,0.0
2011-06-29 00:00:00-04:00,55.92642963916639,56.607518201379825,55.85621548323646,56.43198013305664,1630500,0.0,0.0
2011-06-30 00:00:00-04:00,56.45306004679751,57.06392927141062,56.235389136845,56.85328674316406,1487100,0.0,0.0
2011-07-01 00:00:00-04:00,56.78307234744823,57.58352573708522,56.656684688189856,57.55543899536133,1200900,0.0,0.0
2011-07-05 00:00:00-04:00,57.3167045909051,57.3167045909051,56.62157514079441,56.85328674316406,1310400,0.0,0.0
2011-07-06 00:00:00-04:00,56.853292159301866,57.527357956502705,56.82520541479365,57.3096923828125,2339400,0.0,0.0
2011-07-07 00:00:00-04:00,57.737991646388025,57.737991646388025,57.04285694420313,57.12711715698242,1950500,0.0,0.0
2011-07-08 00:00:00-04:00,56.586460632946874,56.895409410219976,56.389858813590465,56.53029251098633,2071200,0.0,0.0
2011-07-11 00:00:00-04:00,55.98259641311435,56.24941231654476,55.8281220743403,56.15813446044922,1733800,0.0,0.0
2011-07-12 00:00:00-04:00,56.080910027000336,56.17218790382503,55.645573642226665,55.968563079833984,1975900,0.0,0.0
2011-07-13 00:00:00-04:00,56.22133747037167,56.79007914972027,55.778983426100226,55.94047546386719,1824700,0.0,0.0
2011-07-14 00:00:00-04:00,55.91239557460718,55.97559207838347,55.42791404497898,55.610469818115234,1574500,0.0,0.0
2011-07-15 00:00:00-04:00,55.79304611005308,55.79304611005308,54.494064844517986,55.02770233154297,2322800,0.0,0.0
2011-07-18 00:00:00-04:00,54.85214337654338,54.86618406643027,54.03764408117408,54.37467956542969,1574100,0.0,0.0
2011-07-19 00:00:00-04:00,54.42382150853234,55.23831531959068,54.395734776151514,55.048736572265625,1790900,0.0,0.0
2011-07-20 00:00:00-04:00,55.04874244047633,55.32960443722817,54.760857420631524,54.99256896972656,1431600,0.0,0.0
2011-07-21 00:00:00-04:00,55.32259881275605,56.44604179608236,55.182165091716065,56.284549713134766,1794700,0.0,0.0
2011-07-22 00:00:00-04:00,56.08793636462982,56.17219658803119,55.45600343861296,55.891334533691406,1272300,0.0,0.0
2011-07-25 00:00:00-04:00,55.40684794576201,55.989630361083705,55.140026607737546,55.680686950683594,1514700,0.0,0.0
2011-07-26 00:00:00-04:00,57.11308372169985,57.56948393362685,56.13007447385539,56.74796676635742,3087900,0.0,0.0
2011-07-27 00:00:00-04:00,56.368802778750684,56.57945067504737,54.22021780731802,54.38873291015625,2930800,0.0,0.0
2011-07-28 00:00:00-04:00,54.38170541376686,54.66256746673686,52.26823038448833,52.86505889892578,4943700,0.0,0.0
2011-07-29 00:00:00-04:00,52.394625284983555,54.02361898904984,52.37355620857419,53.174015045166016,3452100,0.0,0.0
2011-08-01 00:00:00-04:00,53.44083278567706,53.44083278567706,51.55906367483852,52.28227996826172,3494100,0.0,0.0
2011-08-02 00:00:00-04:00,51.93119426551275,52.73867064984645,51.69246500522173,51.73459243774414,4183000,0.0,0.0
2011-08-03 00:00:00-04:00,51.63628127139556,51.9662937126247,50.800718312283244,51.65032196044922,3432800,0.0,0.0
2011-08-04 00:00:00-04:00,51.172863006486104,51.22903648199536,50.06346632866439,50.07750701904297,3333000,0.0,0.0
2011-08-05 00:00:00-04:00,50.5830630663114,51.94524053154376,50.54093563361285,51.130741119384766,6414600,0.0,0.0
2011-08-08 00:00:00-04:00,50.30920684369494,51.16583339575084,48.28700505340002,48.37828826904297,4897200,0.0,0.0
2011-08-09 00:00:00-04:00,48.764484127573105,49.84579951276525,47.08634024819644,49.76856231689453,8253700,0.0,0.0
2011-08-10 00:00:00-04:00,48.78556043751152,49.01024903419499,46.81953119878214,46.95294189453125,4806500,0.0,0.0
2011-08-11 00:00:00-04:00,47.03719299840888,48.940025570833726,46.59483886581507,48.33617401123047,3298900,0.0,0.0
2011-08-12 00:00:00-04:00,48.91194266273301,49.39642421467783,47.795517471907594,48.532779693603516,3262300,0.0,0.0
2011-08-15 00:00:00-04:00,49.03129952767188,49.48769962323422,48.74341449491813,49.33322525024414,3031300,0.0,0.0
2011-08-16 00:00:00-04:00,49.14363350060222,50.50581055276205,48.70830254273406,49.6351432800293,3184000,0.0,0.0
2011-08-17 00:00:00-04:00,49.852825887341744,50.316249093710006,49.58600987449225,49.986236572265625,2366900,0.0,0.0
2011-08-18 00:00:00-04:00,48.96809582266003,49.122570172910756,47.97104092540086,48.7153205871582,4174800,0.0,0.0
2011-08-19 00:00:00-04:00,47.978082567703815,49.31217341571477,47.86573559410356,48.72236251831055,3031700,0.0,0.0
2011-08-22 00:00:00-04:00,49.431529370539884,49.69132232658814,48.729376979927096,49.0944938659668,1990200,0.0,0.0
2011-08-23 00:00:00-04:00,49.31216362197907,50.540930277447885,49.227903408513534,50.47071075439453,2530900,0.0,0.0
2011-08-24 00:00:00-04:00,50.393474898713514,51.460749536207835,50.21793680042804,51.4396858215332,1710300,0.0,0.0
2011-08-25 00:00:00-04:00,51.629266829037725,51.7837412192861,50.3653956812742,50.58306121826172,2004400,0.0,0.0
2011-08-26 00:00:00-04:00,50.35135883558661,51.44671510191238,49.515795584890036,51.432674407958984,1842500,0.0,0.0
2011-08-29 00:00:00-04:00,51.82588455370487,52.282284840308186,51.35544357140584,52.008445739746094,1869100,0.0,0.0
2011-08-30 00:00:00-04:00,51.9303990165798,52.89509475816639,51.42677196810069,52.56170654296875,2193800,0.75,0.0
2011-08-31 00:00:00-04:00,52.90220862276182,53.02279428082341,52.25671113820234,52.62556838989258,1814500,0.0,0.0
2011-09-01 00:00:00-04:00,52.774526237427686,53.20012616438341,51.74598721783826,51.816925048828125,2352800,0.0,0.0
2011-09-02 00:00:00-04:00,51.17142588856261,51.54028311499875,50.45499603135882,50.625240325927734,2202800,0.0,0.0
2011-09-06 00:00:00-04:00,49.41936188508817,50.59686043345072,49.015041202825486,50.51883316040039,2347900,0.0,0.0
2011-09-07 00:00:00-04:00,51.14303990382645,51.90912281521044,50.6677868689438,51.73888397216797,1668400,0.0,0.0
2011-09-08 00:00:00-04:00,51.462266400104,51.78146504732049,50.94444936843984,51.029571533203125,1735700,0.0,0.0
2011-09-09 00:00:00-04:00,50.476261606066046,51.0579158638339,50.02937726596763,50.767086029052734,2546700,0.0,0.0
2011-09-12 00:00:00-04:00,50.00809915594012,51.27780898959849,50.00809915594012,51.242340087890625,2527900,0.0,0.0
2011-09-13 00:00:00-04:00,51.51191469970298,52.64684972863976,51.185621217120975,51.57575225830078,3090600,0.0,0.0
2011-09-14 00:00:00-04:00,51.83109736024673,52.84544641392544,51.50480397811311,52.1928596496582,2807500,0.0,0.0
2011-09-15 00:00:00-04:00,52.32053953727503,53.5547806488464,52.32053953727503,53.51222229003906,2038400,0.0,0.0
2011-09-16 00:00:00-04:00,53.39872776367956,54.05840940450708,52.852542298897674,53.930728912353516,4099500,0.0,0.0
2011-09-19 00:00:00-04:00,53.24267591204077,54.647161396545,53.08662136800743,54.398895263671875,3547000,0.0,0.0
2011-09-20 00:00:00-04:00,54.57622455458568,54.61168804966001,53.427100160628996,53.51222229003906,3063100,0.0,0.0
2011-09-21 00:00:00-04:00,53.53350042392845,53.71792899481733,51.53317642211914,51.53317642211914,4054200,0.0,0.0
2011-09-22 00:00:00-04:00,50.270564771001425,52.639740666750015,50.19962695373825,51.88075256347656,5399200,0.0,0.0
2011-09-23 00:00:00-04:00,52.12194807056694,53.0015221221502,50.88770103989311,51.13596725463867,4777100,0.0,0.0
2011-09-26 00:00:00-04:00,51.76725224603623,52.34890652242789,51.20687714617926,52.334716796875,4816700,0.0,0.0
2011-09-27 00:00:00-04:00,53.32071078093447,53.363274561059725,52.28508232782967,52.682308197021484,2929300,0.0,0.0
2011-09-28 00:00:00-04:00,52.70359647114261,53.14338073935545,51.951697636816384,52.008445739746094,1831200,0.0,0.0
2011-09-29 00:00:00-04:00,52.66810067327909,52.767407096823895,50.36276293337125,51.41967010498047,3619300,0.0,0.0
2011-09-30 00:00:00-04:00,50.852226462818734,52.065188629557234,50.73873026832332,51.526092529296875,3346500,0.0,0.0
2011-10-03 00:00:00-04:00,51.4835345939103,51.98716178466428,50.44081129837605,50.476280212402344,2724100,0.0,0.0
2011-10-04 00:00:00-04:00,49.9726345462719,51.611201615964454,49.91589187517824,51.56863784790039,2300000,0.0,0.0
2011-10-05 00:00:00-04:00,51.852364698337475,52.32761764127248,51.050818447784664,51.41967010498047,2974300,0.0,0.0
2011-10-06 00:00:00-04:00,51.263625034033126,52.299258633084065,51.15013427702458,51.873653411865234,2150800,0.0,0.0
2011-10-07 00:00:00-04:00,52.20704105499317,53.05824607604882,51.83818933412565,52.49077606201172,2385800,0.0,0.0
2011-10-10 00:00:00-04:00,53.370339242162075,53.77465978900444,52.852527961855685,53.73210144042969,1543000,0.0,0.0
2011-10-11 00:00:00-04:00,53.52640427630245,54.335045529223116,53.52640427630245,54.13643264770508,1597200,0.0,0.0
2011-10-12 00:00:00-04:00,54.356334492631206,54.56204227460389,53.88108138176127,54.00166702270508,1437000,0.0,0.0
2011-10-13 00:00:00-04:00,53.8385017850898,54.327939020549266,53.39871234757265,54.20026397705078,1138000,0.0,0.0
2011-10-14 00:00:00-04:00,54.625872059463426,54.6897095909926,53.71792442130533,53.902347564697266,1745000,0.0,0.0
2011-10-17 00:00:00-04:00,53.73211318245402,54.22864539697972,52.88800300596508,53.00149917602539,2477000,0.0,0.0
2011-10-18 00:00:00-04:00,53.05823707555228,54.20735581194452,52.661005968392274,53.8952522277832,1959500,0.0,0.0
2011-10-19 00:00:00-04:00,53.83852637511089,54.39180679681695,53.34908350431101,53.533512115478516,1226700,0.0,0.0
2011-10-20 00:00:00-04:00,53.73214327287936,53.94494600501602,53.065366429862905,53.69667434692383,1368600,0.0,0.0
2011-10-21 00:00:00-04:00,54.20028299614115,54.902523040771484,53.65409208558743,54.902523040771484,2122300,0.0,0.0
2011-10-24 00:00:00-04:00,54.89542804625826,55.93815122593842,54.313773638709606,55.84593963623047,2207100,0.0,0.0
2011-10-25 00:00:00-04:00,55.79628669565946,56.67586046997671,55.36359196701559,55.95943069458008,3274900,0.0,0.0
2011-10-26 00:00:00-04:00,55.99490281195118,55.99490281195118,53.654095306916226,54.15772247314453,4405800,0.0,0.0
2011-10-27 00:00:00-04:00,55.342290729351426,55.5409089906002,53.35615682301201,53.661170959472656,3157700,0.0,0.0
2011-10-28 00:00:00-04:00,53.71083853456364,54.39889424116168,53.24267491126348,53.505130767822266,2244700,0.0,0.0
2011-10-31 00:00:00-04:00,53.39873424686731,54.6187912285084,53.26395887439881,53.838523864746094,3272200,0.0,0.0
2011-11-01 00:00:00-04:00,52.88800519170269,53.242672620105836,52.121927659316455,52.48368453979492,2709200,0.0,0.0
2011-11-02 00:00:00-04:00,53.008599490886255,53.40582530335661,52.72486444835208,52.85963439941406,1968600,0.0,0.0
2011-11-03 00:00:00-04:00,53.31361323361399,54.058411625277216,52.91638201293118,53.973289489746094,1411900,0.0,0.0
2011-11-04 00:00:00-04:00,53.576061241195646,54.27830123901367,53.01568605100704,54.27830123901367,2933000,0.0,0.0
2011-11-07 00:00:00-05:00,54.21446247285593,55.62603730048406,53.88107422949253,55.51254653930664,2541900,0.0,0.0
2011-11-08 00:00:00-05:00,55.6260460285255,55.9452500062499,55.00183321461869,55.604766845703125,2209200,0.0,0.0
2011-11-09 00:00:00-05:00,54.63296239172792,54.994724644945165,54.30666904223988,54.583309173583984,2773000,0.0,0.0
2011-11-10 00:00:00-05:00,54.83159301529726,54.90252542692326,53.74630601141458,54.00166702270508,2608300,0.0,0.0
2011-11-11 00:00:00-05:00,54.57621320318305,55.193330924715646,54.46271705424256,54.916690826416016,1728900,0.0,0.0
2011-11-14 00:00:00-05:00,54.852884923487245,55.29266922467618,54.7819524954049,54.867069244384766,1497800,0.0,0.0
2011-11-15 00:00:00-05:00,54.703917753441935,55.427437080255814,54.62589046963498,55.22172927856445,1405800,0.0,0.0
2011-11-16 00:00:00-05:00,54.68972670108607,54.84578126492887,53.74630986461571,53.859806060791016,2368200,0.0,0.0
2011-11-17 00:00:00-05:00,53.73213042051401,53.89527986436764,52.7674343126937,53.31362533569336,2895000,0.0,0.0
2011-11-18 00:00:00-05:00,53.62572846707864,53.71085062095956,53.15757015022589,53.271060943603516,6630400,0.0,0.0
2011-11-21 00:00:00-05:00,52.60427961034378,53.12209106489528,51.334569469926386,52.838356018066406,8533400,0.0,0.0
2011-11-22 00:00:00-05:00,52.85253556993997,53.15754973948509,52.185759150051815,52.824161529541016,2297300,0.0,0.0
2011-11-23 00:00:00-05:00,52.32054848771767,52.89510807708786,52.17158879461415,52.455318450927734,2479700,0.0,0.0
2011-11-25 00:00:00-05:00,52.50496629973521,54.07260117269159,52.49078198309207,53.47675704956055,2001900,0.0,0.0
2011-11-28 00:00:00-05:00,54.484022207504424,55.328132629394524,53.90946256197415,55.32813262939453,5886500,0.0,0.0
2011-11-29 00:00:00-05:00,55.5365134517685,55.5365134517685,54.8610773330795,54.97604751586914,2644800,1.0,0.0
2011-11-30 00:00:00-05:00,56.06822184885638,56.6646171779164,55.852661036888655,56.154449462890625,2998500,0.0,0.0
2011-12-01 00:00:00-05:00,56.14726828081116,57.11730574046341,56.12571274558676,56.750850677490234,1896800,0.0,0.0
2011-12-02 00:00:00-05:00,57.160428313929856,57.34006510249396,55.49339913533816,55.91733932495117,2421700,0.0,0.0
2011-12-05 00:00:00-05:00,56.44907269108179,56.52093180490998,55.75926795856062,56.125728607177734,2524900,0.0,0.0
2011-12-06 00:00:00-05:00,55.902954027078216,56.398747686998156,55.77361535882126,55.98199462890625,1498300,0.0,0.0
2011-12-07 00:00:00-05:00,56.00355816550898,56.08259877863568,55.59398657116102,55.737693786621094,2092300,0.0,0.0
2011-12-08 00:00:00-05:00,55.66584214952667,55.795180840851025,54.911365536454774,54.983219146728516,1797200,0.0,0.0
2011-12-09 00:00:00-05:00,55.364065809784066,55.831117119785254,55.34250478811363,55.62992477416992,1239700,0.0,0.0
2011-12-12 00:00:00-05:00,55.64429140097159,55.66584693769994,54.89700172927166,55.249088287353516,1450200,0.0,0.0
2011-12-13 00:00:00-05:00,55.6011760136654,55.88140896118088,54.940113957068874,55.134124755859375,1642200,0.0,0.0
2011-12-14 00:00:00-05:00,55.12693046739244,55.23471362114059,54.62394424392739,54.817955017089844,1439800,0.0,0.0
2011-12-15 00:00:00-05:00,55.37841684348321,55.701760799325015,55.155669028662345,55.270633697509766,1972300,0.0,0.0
2011-12-16 00:00:00-05:00,55.77361850750531,55.96043677502918,54.839505241572375,55.39997100830078,4215600,0.0,0.0
2011-12-19 00:00:00-05:00,55.5293033453233,55.823910204608914,55.040691235884005,55.19877243041992,1393200,0.0,0.0
2011-12-20 00:00:00-05:00,56.00355395786123,56.67180287549367,55.924513350672996,56.427494049072266,1749900,0.0,0.0
2011-12-21 00:00:00-05:00,56.36999855592855,57.26100060281349,56.061023189137906,57.2178840637207,1820700,0.0,0.0
2011-12-22 00:00:00-05:00,57.35443195680412,58.22387333018817,57.21790624722099,58.065792083740234,2793300,0.0,0.0
2011-12-23 00:00:00-05:00,58.202303212986145,58.53283415363026,57.96518140271595,58.496910095214844,1927500,0.0,0.0
2011-12-27 00:00:00-05:00,58.439434167504174,58.676556014877754,58.159201250455055,58.432247161865234,1483200,0.0,0.0
2011-12-28 00:00:00-05:00,58.69091818227445,58.76277178463813,58.09452286670683,58.15919494628906,840400,0.0,0.0
2011-12-29 00:00:00-05:00,58.17355089189964,58.73401654402622,58.11606582961043,58.57593536376953,1123700,0.0,0.0
2011-12-30 00:00:00-05:00,58.66937298223903,58.8202672184008,58.101720104061265,58.130462646484375,1474700,0.0,0.0
2012-01-03 00:00:00-05:00,59.0070969889085,59.632229533267754,58.755601087713885,58.935237884521484,2273600,0.0,0.0
2012-01-04 00:00:00-05:00,58.16637514667039,58.525648632399246,57.749622069604456,58.137638092041016,2242700,0.0,0.0
2012-01-05 00:00:00-05:00,57.95803009417023,57.97239862861117,56.801168457797374,57.53408432006836,2616100,0.0,0.0
2012-01-06 00:00:00-05:00,57.77834328394354,57.77834328394354,57.23224625218397,57.46936798095703,4274300,0.0,0.0
2012-01-09 00:00:00-05:00,57.73526006021517,57.73526006021517,57.31131989033874,57.51251220703125,1861500,0.0,0.0
2012-01-10 00:00:00-05:00,57.9364455918733,58.346017183483,57.742440304091375,57.929264068603516,1846700,0.0,0.0
2012-01-11 00:00:00-05:00,57.83585970873176,58.29572945523156,57.83585970873176,58.04423904418945,1245900,0.0,0.0
2012-01-12 00:00:00-05:00,58.28856738965164,58.75561881661536,58.02988988562904,58.69813919067383,1822300,0.0,0.0
2012-01-13 00:00:00-05:00,58.31726354762265,58.583122367075006,58.058586249398495,58.57593536376953,1475600,0.0,0.0
2012-01-17 00:00:00-05:00,58.95678111411493,58.99270517338791,58.45379494558824,58.662174224853516,1953700,0.0,0.0
2012-01-18 00:00:00-05:00,58.626252013186146,59.12205123901367,58.446615248127365,59.12205123901367,1155900,0.0,0.0
2012-01-19 00:00:00-05:00,59.10048872419953,60.149566650390625,58.813068837635775,60.149566650390625,1959400,0.0,0.0
2012-01-20 00:00:00-05:00,59.747187621197945,59.955566921166316,59.30887348714015,59.4813232421875,2461700,0.0,0.0
2012-01-23 00:00:00-05:00,59.51725534652695,59.53881088157496,58.84900634964304,59.308876037597656,1716700,0.0,0.0
2012-01-24 00:00:00-05:00,59.31605697798984,59.50287525068906,59.00708154904446,59.09330368041992,1139000,0.0,0.0
2012-01-25 00:00:00-05:00,58.94960790507394,59.11487067697749,58.381955007764276,58.72686004638672,2421500,0.0,0.0
2012-01-26 00:00:00-05:00,59.25857925415039,59.603478786598636,58.41069347060287,59.25857925415039,2733700,0.0,0.0
2012-01-27 00:00:00-05:00,58.92086935289206,59.31607249870077,58.67656594063212,58.935237884521484,1952500,0.0,0.0
2012-01-30 00:00:00-05:00,58.43223281354766,59.014254039565536,58.41067728400295,58.92803192138672,3109900,0.0,0.0
2012-01-31 00:00:00-05:00,59.06456355124253,59.20827624619314,58.705290036984174,59.15079116821289,2878600,0.0,0.0
2012-02-01 00:00:00-05:00,59.30886946669644,60.15675513781433,59.107677185766526,60.01304244995117,2114100,0.0,0.0
2012-02-02 00:00:00-05:00,60.04178761903466,60.14238376390855,59.56754943349758,59.76155471801758,1298800,0.0,0.0
2012-02-03 00:00:00-05:00,59.93402567922403,60.88250778128274,59.81905549372349,60.78190612792969,3366800,0.0,0.0
2012-02-06 00:00:00-05:00,60.63100747365533,61.363928647864476,60.6022649293648,61.25614547729492,2028300,0.0,0.0
2012-02-07 00:00:00-05:00,61.07650425587773,62.254921075895375,61.07650425587773,62.24773406982422,2871300,0.0,0.0
2012-02-08 00:00:00-05:00,62.2046235860123,63.0237668593327,61.895648106982364,62.97346878051758,3394000,0.0,0.0
2012-02-09 00:00:00-05:00,62.98783231013179,63.28243372785481,62.801008556162,63.239322662353516,2865000,0.0,0.0
2012-02-10 00:00:00-05:00,62.60699168937289,63.03093722639711,62.51358256254016,62.880043029785156,1928200,0.0,0.0
2012-02-13 00:00:00-05:00,62.97345813973765,63.41177224481198,62.49921997419665,63.397403717041016,2583400,0.0,0.0
2012-02-14 00:00:00-05:00,63.03811657925754,63.62732476778316,62.98781851982526,63.55546569824219,1676700,0.0,0.0
2012-02-15 00:00:00-05:00,63.00221296310149,63.17466274037419,62.34833243940317,62.46330261230469,3474000,0.0,0.0
2012-02-16 00:00:00-05:00,62.405806270117786,62.664483630410636,61.838153478479505,62.082462310791016,2298500,0.0,0.0
2012-02-17 00:00:00-05:00,62.31240412606346,63.45489136050723,62.240550513935794,63.22495651245117,2734000,0.0,0.0
2012-02-21 00:00:00-05:00,63.131555318774396,63.16029786366255,62.36271005977598,62.62138748168945,1738700,0.0,0.0
2012-02-22 00:00:00-05:00,62.7579162331886,63.296826688288675,62.700436617692546,62.95911407470703,1241400,0.0,0.0
2012-02-23 00:00:00-05:00,63.095616235758676,63.51237485056042,62.92316647456036,63.440521240234375,7431200,0.0,0.0
2012-02-24 00:00:00-05:00,63.577048925431235,64.77702124984567,63.51956384254115,64.3315200805664,7279200,0.0,0.0
2012-02-27 00:00:00-05:00,64.32431251589944,64.66921742092514,64.00815562520984,64.24527740478516,2905000,0.0,0.0
2012-02-28 00:00:00-05:00,64.56504173535204,64.57231003421815,63.94736938983593,64.45603942871094,1866000,1.0,0.0
2012-02-29 00:00:00-05:00,64.58683267797794,64.89930295948213,64.23076369712935,64.24530029296875,2832200,0.0,0.0
2012-03-01 00:00:00-05:00,64.39063264033062,64.65223592316295,64.04909471307248,64.21623229980469,1608300,0.0,0.0
2012-03-02 00:00:00-05:00,64.23801025236618,64.71034966370928,64.16534393002532,64.31067657470703,1334200,0.0,0.0
2012-03-05 00:00:00-05:00,64.68856448277178,64.73216872472705,64.35429486291055,64.44149780273438,1458500,0.0,0.0
2012-03-06 00:00:00-05:00,63.93281761040293,64.55775250810568,63.71481306779359,63.787479400634766,1442200,0.0,0.0
2012-03-07 00:00:00-05:00,63.80929451572167,63.9982314630707,63.518629112522774,63.918296813964844,1280500,0.0,0.0
2012-03-08 00:00:00-05:00,64.36155013202624,64.67402033970058,64.13628284652343,64.22348022460938,1159400,0.0,0.0
2012-03-09 00:00:00-05:00,64.54323135828228,64.76123593432737,64.10722775027877,64.60863494873047,1177800,0.0,0.0
2012-03-12 00:00:00-04:00,64.46330544110545,64.8847780549883,64.39790738589298,64.67404174804688,1113600,0.0,0.0
2012-03-13 00:00:00-04:00,64.95017232111063,65.18997626440807,64.52870527590291,65.14637756347656,1626500,0.0,0.0
2012-03-14 00:00:00-04:00,65.2989434373849,66.13461986829094,65.24080817135504,65.70587921142578,2039300,0.0,0.0
2012-03-15 00:00:00-04:00,65.69138736215292,65.89485537057386,65.34984940055172,65.61872100830078,1382000,0.0,0.0
2012-03-16 00:00:00-04:00,65.61872935753222,65.76406208372842,64.85571868478189,64.90658569335938,2116300,0.0,0.0
2012-03-19 00:00:00-04:00,64.61589949682856,65.17544200364387,64.59410014743595,65.08097076416016,900000,0.0,0.0
2012-03-20 00:00:00-04:00,64.88476640341511,65.0809660779077,64.41242687226855,64.92109680175781,1355500,0.0,0.0
2012-03-21 00:00:00-04:00,64.89928074975971,65.19721987755119,64.86295036076794,65.00101470947266,1289800,0.0,0.0
2012-03-22 00:00:00-04:00,64.76121561575623,65.15362040306997,64.55774215471268,64.96468353271484,1412400,0.0,0.0
2012-03-23 00:00:00-04:00,65.11005579676201,65.31352383753782,64.81938479104444,65.23358917236328,1032600,0.0,0.0
2012-03-26 00:00:00-04:00,65.5678727802624,65.96027231223728,65.46613320283339,65.86580657958984,1340000,0.0,0.0
2012-03-27 00:00:00-04:00,65.86577061534491,66.19277189480334,65.80037257708763,66.01837158203125,1119700,0.0,0.0
2012-03-28 00:00:00-04:00,65.96750275198617,66.18550729493127,64.90655876743071,65.17543029785156,1353700,0.0,0.0
2012-03-29 00:00:00-04:00,65.01556328018967,65.17543254464915,64.55049208035446,65.13182830810547,1331500,0.0,0.0
2012-03-30 00:00:00-04:00,65.40071471447504,65.51698531290711,65.11004376248215,65.29898071289062,1275100,0.0,0.0
2012-04-02 00:00:00-04:00,64.9719569594492,66.57063832817266,64.9719569594492,66.24363708496094,1678000,0.0,0.0
2012-04-03 00:00:00-04:00,66.14191722752548,66.43258816568556,65.87305118359922,66.17825317382812,1257700,0.0,0.0
2012-04-04 00:00:00-04:00,66.02563225268149,66.09103028338521,65.58962874906743,65.64775848388672,1632700,0.0,0.0
2012-04-05 00:00:00-04:00,65.42976995460401,65.96023921310096,65.27716898116984,65.50970458984375,1808400,0.0,0.0
2012-04-09 00:00:00-04:00,64.93563233907385,64.93563233907385,64.46329281561798,64.48509216308594,1331600,0.0,0.0
2012-04-10 00:00:00-04:00,64.3107181508234,64.41245217668744,63.70757675170899,63.707576751708984,1441100,0.0,0.0
2012-04-11 00:00:00-04:00,64.21622363405525,64.63769060477688,64.11448965380319,64.30342102050781,1386800,0.0,0.0
2012-04-12 00:00:00-04:00,64.52870557928982,65.69865210854049,64.45603368527952,65.52424621582031,1467900,0.0,0.0
2012-04-13 00:00:00-04:00,65.34985475322217,65.82945716319942,64.88478339757057,64.89205169677734,1481300,0.0,0.0
2012-04-16 00:00:00-04:00,65.0737105250208,65.25537916909502,64.73217258710733,65.08824157714844,2807200,0.0,0.0
2012-04-17 00:00:00-04:00,65.0664197988015,65.96749441046877,64.6958143402918,65.8366928100586,1373200,0.0,0.0
2012-04-18 00:00:00-04:00,65.6114508825429,65.96025158895472,65.3498475806904,65.66958618164062,946800,0.0,0.0
2012-04-19 00:00:00-04:00,65.90936169487223,66.10556687515403,65.42249120823794,65.64775848388672,1500100,0.0,0.0
2012-04-20 00:00:00-04:00,65.72771338583821,66.30178696795281,65.63324768653597,66.01111602783203,1118800,0.0,0.0
2012-04-23 00:00:00-04:00,65.39345316024979,65.93845917241165,65.35712275255838,65.78585815429688,1414300,0.0,0.0
2012-04-24 00:00:00-04:00,65.8585026837786,66.33811047666855,65.78583634839448,66.22183990478516,1291400,0.0,0.0
2012-04-25 00:00:00-04:00,66.66513037168926,66.77413267724326,65.85125831760621,66.11286163330078,1843400,0.0,0.0
2012-04-26 00:00:00-04:00,66.4253318541551,67.02846759503193,66.20732724336946,66.63606262207031,1976200,0.0,0.0
2012-04-27 00:00:00-04:00,66.91218020703569,66.9194429593075,66.27270318563144,66.34537506103516,1526500,0.0,0.0
2012-04-30 00:00:00-04:00,66.20003432480746,66.20003432480746,65.73496316923969,65.79309844970703,1146200,0.0,0.0
2012-05-01 00:00:00-04:00,65.84399085601984,66.1419245812956,65.51698947928759,65.8003921508789,1629300,0.0,0.0
2012-05-02 00:00:00-04:00,65.18996026116618,65.61143274699528,65.18996026116618,65.45883178710938,2000800,0.0,0.0
2012-05-03 00:00:00-04:00,65.27718253070253,65.45885118594055,64.8411788669488,65.01557922363281,1459400,0.0,0.0
2012-05-04 00:00:00-04:00,64.87747455216872,65.07367969951493,63.82379913330078,63.82379913330078,2082600,0.0,0.0
2012-05-07 00:00:00-04:00,63.78748362521371,64.02728752914878,63.2061473798972,63.445945739746094,2172100,0.0,0.0
2012-05-08 00:00:00-04:00,63.21341341309059,63.38055098804502,62.675675833644696,63.315147399902344,1669100,0.0,0.0
2012-05-09 00:00:00-04:00,62.87916386908308,63.15530381632107,62.43589183765305,62.45769119262695,1756900,0.0,0.0
2012-05-10 00:00:00-04:00,62.92275879641711,63.15530001972805,62.494023390135354,62.58122634887695,1317200,0.0,0.0
2012-05-11 00:00:00-04:00,62.62479689494982,62.73379915833847,61.89085423515733,61.919921875,1919300,0.0,0.0
2012-05-14 00:00:00-04:00,61.52026696238152,62.0580045499251,61.16419245909186,61.91266632080078,1186500,0.0,0.0
2012-05-15 00:00:00-04:00,61.7891217415565,62.036193914069685,61.34584992553228,61.469383239746094,1403600,0.0,0.0
2012-05-16 00:00:00-04:00,61.71647162144115,61.9998742609929,61.25140033889024,61.28046798706055,1319000,0.0,0.0
2012-05-17 00:00:00-04:00,61.2005142127493,61.25864949092007,60.154101382016485,60.19043731689453,1398700,0.0,0.0
2012-05-18 00:00:00-04:00,60.43024596124759,60.88078054249466,60.02330452594886,60.15410614013672,1563200,0.0,0.0
2012-05-21 00:00:00-04:00,60.49565522251368,60.79359444393034,59.96518037095413,60.77178955078125,1250100,0.0,0.0
2012-05-22 00:00:00-04:00,60.749991762270746,61.20780028068713,60.379386186430544,60.81539535522461,1532600,0.0,0.0
2012-05-23 00:00:00-04:00,60.58283874531458,60.66277336231432,59.72536284447785,60.568302154541016,1572500,0.0,0.0
2012-05-24 00:00:00-04:00,60.73546002903747,60.73546002903747,59.9579184847403,60.58285903930664,5978900,0.0,0.0
2012-05-25 00:00:00-04:00,60.49564198159481,60.7645134973838,60.037839119226504,60.10323715209961,6308500,0.0,0.0
2012-05-29 00:00:00-04:00,60.52469620130112,60.81536699692797,60.19042672675974,60.7935676574707,7994200,0.0,0.0
2012-05-30 00:00:00-04:00,60.602361885325585,61.22750647484945,59.955148616132774,60.896549224853516,1959200,1.0,0.0
2012-05-31 00:00:00-04:00,60.852417476672414,61.38930979214765,60.764165202623786,60.896549224853516,1613900,0.0,0.0
2012-06-01 00:00:00-04:00,60.0434180139037,60.32289295390478,59.580076652838194,59.73452377319336,1797300,0.0,0.0
2012-06-04 00:00:00-04:00,59.741869650897904,60.27875636514213,59.16085118765669,59.6094856262207,1506700,0.0,0.0
2012-06-05 00:00:00-04:00,59.43298953503167,59.513891221968755,58.94022879543947,59.440345764160156,1416600,0.0,0.0
2012-06-06 00:00:00-04:00,60.15371316619942,60.6317667779813,59.77862425712065,60.5876350402832,3648700,0.0,0.0
2012-06-07 00:00:00-04:00,61.07307095176,61.52170546700423,60.81565908510131,61.15397262573242,1777100,0.0,0.0
2012-06-08 00:00:00-04:00,60.99953085977126,61.34520065869205,60.786245119774215,61.25694274902344,1117400,0.0,0.0
2012-06-11 00:00:00-04:00,61.62467421648407,61.62467421648407,60.595021071810564,60.64650344848633,886400,0.0,0.0
2012-06-12 00:00:00-04:00,61.102494902141366,61.62467490314492,60.85978986175487,61.31578063964844,1475000,0.0,0.0
2012-06-13 00:00:00-04:00,61.021579569238675,61.36724928678496,60.60236441652781,60.80093765258789,1132900,0.0,0.0
2012-06-14 00:00:00-04:00,60.93332429071077,61.484923494811035,60.631786310271075,61.28635025024414,1358200,0.0,0.0
2012-06-15 00:00:00-04:00,61.32312471442489,61.69821377217132,61.16867759915465,61.37460708618164,1708000,0.0,0.0
2012-06-18 00:00:00-04:00,61.39667854090195,62.39690672144822,61.29370818158252,62.33807373046875,1500800,0.0,0.0
2012-06-19 00:00:00-04:00,62.52927916414268,62.963206760414046,62.10271340571943,62.73521423339844,1498700,0.0,0.0
2012-06-20 00:00:00-04:00,62.63226796019945,62.71316403301288,61.86738288247436,62.17627716064453,1156900,0.0,0.0
2012-06-21 00:00:00-04:00,62.6469451389897,62.90435691556212,61.97766890874552,62.05121994018555,1618200,0.0,0.0
2012-06-22 00:00:00-04:00,62.316006620605116,62.88231269880786,61.94091757022495,62.77199172973633,1567400,0.0,0.0
2012-06-25 00:00:00-04:00,62.27187640986541,62.698447841565056,61.90414357795007,61.962982177734375,1532200,0.0,0.0
2012-06-26 00:00:00-04:00,62.19096975542488,62.27922764803042,61.1539661703068,61.3231201171875,1480900,0.0,0.0
2012-06-27 00:00:00-04:00,61.35988059004616,62.64694508291203,61.35988059004616,62.44837188720703,1245800,0.0,0.0
2012-06-28 00:00:00-04:00,61.845304296137364,62.33071432226822,61.38196295305053,62.16891098022461,1049700,0.0,0.0
2012-06-29 00:00:00-04:00,63.250045427664,64.05170028682178,63.250045427664,64.04434967041016,2172800,0.0,0.0
2012-07-02 00:00:00-04:00,64.22084385825653,64.46354880717051,63.62511863015507,64.1031723022461,1088000,0.0,0.0
2012-07-03 00:00:00-04:00,64.14729479929993,64.36058044433594,64.05168070360621,64.36058044433594,1076400,0.0,0.0
2012-07-05 00:00:00-04:00,64.10318515585045,64.38266006717558,63.87518700153731,63.98550796508789,1738700,0.0,0.0
2012-07-06 00:00:00-04:00,63.566298819675055,63.98551403199006,63.330950026992205,63.88254928588867,893000,0.0,0.0
2012-07-09 00:00:00-04:00,63.904606064143216,64.39001605751717,63.85312369616331,64.2723388671875,1384000,0.0,0.0
2012-07-10 00:00:00-04:00,64.47826738214079,64.89013193102456,63.772221084113546,64.00021362304688,963200,0.0,0.0
2012-07-11 00:00:00-04:00,64.05904716523132,64.20614363935927,63.632475806995394,63.86782455444336,1402100,0.0,0.0
2012-07-12 00:00:00-04:00,63.55158436216006,63.69867523578261,62.99262894231146,63.264747619628906,1610200,0.0,0.0
2012-07-13 00:00:00-04:00,63.34564154848715,64.22820351592647,63.32357848125355,64.16936492919922,1378300,0.0,0.0
2012-07-16 00:00:00-04:00,63.99284671717741,64.147293779509,63.36770224264789,64.08845520019531,1118300,0.0,0.0
2012-07-17 00:00:00-04:00,64.08847211456391,64.58123272126598,63.779577908376694,64.3017578125,1300400,0.0,0.0
2012-07-18 00:00:00-04:00,64.2796978133217,65.21373670365364,64.18408368934517,65.1622543334961,1154000,0.0,0.0
2012-07-19 00:00:00-04:00,65.30933974909469,65.30933974909469,64.55180555791044,65.09605407714844,1234700,0.0,0.0
2012-07-20 00:00:00-04:00,64.77245850823566,65.08135272948935,64.26498542249209,64.5076904296875,1348300,0.0,0.0
2012-07-23 00:00:00-04:00,63.91195529705762,64.19878640314992,63.66925032693131,63.9193115234375,1541200,0.0,0.0
2012-07-24 00:00:00-04:00,64.34587878356342,65.57411050480711,63.93401987506885,64.56652069091797,2029800,0.0,0.0
2012-07-25 00:00:00-04:00,64.80921755589283,64.88276297875453,63.661887636857216,64.48561096191406,2346300,0.0,0.0
2012-07-26 00:00:00-04:00,65.19904136511094,65.36084473163216,64.69156819032324,65.12549591064453,1356800,0.0,0.0
2012-07-27 00:00:00-04:00,65.26521775198452,66.56699504570778,65.19902853933286,66.33899688720703,1495600,0.0,0.0
2012-07-30 00:00:00-04:00,65.89035744694739,66.08158006547038,65.29463213331297,65.51527404785156,1482300,0.0,0.0
2012-07-31 00:00:00-04:00,65.58880958162081,65.90505995210411,65.4343625092205,65.65499877929688,2256200,0.0,0.0
2012-08-01 00:00:00-04:00,66.08892964843643,66.19189436856168,65.30933802144342,65.42700958251953,3683000,0.0,0.0
2012-08-02 00:00:00-04:00,65.26521899644767,65.33141382151892,64.33118010722292,65.05193328857422,1395600,0.0,0.0
2012-08-03 00:00:00-04:00,65.77268253915285,65.8682910379882,65.06663630404798,65.7432632446289,1046300,0.0,0.0
2012-08-06 00:00:00-04:00,65.90507210767593,66.07422605148439,65.41231150801524,65.44908142089844,837900,0.0,0.0
2012-08-07 00:00:00-04:00,65.78003089572964,66.55962246829667,65.54468217885152,66.42723846435547,1330200,0.0,0.0
2012-08-08 00:00:00-04:00,66.37575339117315,66.92735244982555,65.97860139560471,66.84645080566406,1084200,0.0,0.0
2012-08-09 00:00:00-04:00,66.54493178072421,66.65524713482188,66.19190581413956,66.58905792236328,1066900,0.0,0.0
2012-08-10 00:00:00-04:00,66.44932311522288,67.03769790412392,66.33900214090922,66.9494400024414,1010900,0.0,0.0
2012-08-13 00:00:00-04:00,66.71407382679232,67.05974350437076,66.58904604035307,67.01561737060547,1079700,0.0,0.0
2012-08-14 00:00:00-04:00,67.06706665678225,67.42744299751354,66.85378109683616,67.18473815917969,1086300,0.0,0.0
2012-08-15 00:00:00-04:00,66.91999169823495,67.43482081818186,66.72141851945977,67.30243682861328,763400,0.0,0.0
2012-08-16 00:00:00-04:00,67.30979121337283,67.83932720131556,67.17005660238931,67.69959259033203,4808000,0.0,0.0
2012-08-17 00:00:00-04:00,67.91288424389128,68.0305614218681,67.50102534328579,67.95701599121094,1574200,0.0,0.0
2012-08-20 00:00:00-04:00,67.7510876987223,68.76602812591183,67.7510876987223,68.6336441040039,1570200,0.0,0.0
2012-08-21 00:00:00-04:00,68.92048425193778,69.1264137327576,68.4792059914442,68.98667907714844,1868700,0.0,0.0
2012-08-22 00:00:00-04:00,68.74397104186369,68.76603411224289,68.15559631301797,68.42036437988281,1614100,0.0,0.0
2012-08-23 00:00:00-04:00,68.39831903414841,68.39831903414841,67.44221125479898,67.80994415283203,1423600,0.0,0.0
2012-08-24 00:00:00-04:00,67.48632224535615,68.16294922278803,67.44219049558832,67.99378967285156,1483800,0.0,0.0
2012-08-27 00:00:00-04:00,68.13352719865125,68.39829524202906,67.81727679190313,67.86875915527344,945600,0.0,0.0
2012-08-28 00:00:00-04:00,67.55984808210138,68.17763628807073,67.20682224215078,68.01583862304688,1817900,0.0,0.0
2012-08-29 00:00:00-04:00,68.06732783037448,68.21441867199728,67.530435597255,67.6039810180664,969800,0.0,0.0
2012-08-30 00:00:00-04:00,67.6857892783699,67.9014208407355,67.3065747602185,67.61143493652344,908300,1.0,0.0
2012-08-31 00:00:00-04:00,67.93859821019193,68.22858410314448,67.49246083069036,67.767578125,1087400,0.0,0.0
2012-09-04 00:00:00-04:00,67.80475947817092,67.95346815904462,66.92736464612207,67.31401062011719,959200,0.0,0.0
2012-09-05 00:00:00-04:00,67.24709938454906,68.09475142108766,67.17273936463936,68.05757141113281,1401900,0.0,0.0
2012-09-06 00:00:00-04:00,68.40703340907115,69.03905377881964,68.10961039010944,69.02418518066406,1220600,0.0,0.0
2012-09-07 00:00:00-04:00,69.00931575446121,69.13572437558327,68.42934394684846,68.54087829589844,1161600,0.0,0.0
2012-09-10 00:00:00-04:00,68.25088501239044,68.7639395588222,68.19883641151128,68.42933654785156,719400,0.0,0.0
2012-09-11 00:00:00-04:00,68.40703581721247,68.77881318578427,68.28063287338745,68.58548736572266,969100,0.0,0.0
2012-09-12 00:00:00-04:00,68.77138607565182,69.10598915986908,68.6003716379865,68.7193374633789,1086400,0.0,0.0
2012-09-13 00:00:00-04:00,68.7267446339983,69.48516774969784,68.36983596769389,69.24723052978516,1325200,0.0,0.0
2012-09-14 00:00:00-04:00,69.2546765589736,69.29928802066532,68.42189334587513,68.79367065429688,1782200,0.0,0.0
2012-09-17 00:00:00-04:00,68.6226571182914,69.11340022158683,68.40702559599423,68.56317138671875,4665600,0.0,0.0
2012-09-18 00:00:00-04:00,68.35497915733141,68.47394495136136,67.70808457001476,68.23600769042969,1339200,0.0,0.0
2012-09-19 00:00:00-04:00,68.19884139847186,68.66727884063825,68.0798699175501,68.58548736572266,1353300,0.0,0.0
2012-09-20 00:00:00-04:00,68.2062748574149,68.32524065905105,67.75270603837828,67.79731750488281,1574100,0.0,0.0
2012-09-21 00:00:00-04:00,67.92373134671357,68.21371727129316,67.70066830550705,67.87911987304688,2995900,0.0,0.0
2012-09-24 00:00:00-04:00,67.92376046947491,68.02785773457829,67.20994822039088,67.6932601928711,1503800,0.0,0.0
2012-09-25 00:00:00-04:00,67.81218675172715,68.32524131292787,67.70065808439846,68.0352554321289,1899400,0.0,0.0
2012-09-26 00:00:00-04:00,68.0278438917498,68.90523899970732,68.0278438917498,68.34014129638672,1185600,0.0,0.0
2012-09-27 00:00:00-04:00,68.54090522362387,68.77884261440194,67.98323893215574,68.74909973144531,1424400,0.0,0.0
2012-09-28 00:00:00-04:00,68.61524202826665,69.6710885749805,68.46653332442962,69.43315124511719,1780600,0.0,0.0
2012-10-01 00:00:00-04:00,69.42570408368483,69.87927290257068,69.19519827011969,69.47775268554688,1707700,0.0,0.0
2012-10-02 00:00:00-04:00,69.55955532144742,69.67108400557383,68.61523752810812,69.26956939697266,1382100,0.0,0.0
2012-10-03 00:00:00-04:00,69.35879126628102,69.63390858622067,69.02419387335608,69.21751403808594,1326800,0.0,0.0
2012-10-04 00:00:00-04:00,69.58186218476519,70.33284847678198,69.52237643701936,70.28079986572266,1359300,0.0,0.0
2012-10-05 00:00:00-04:00,70.48898686120019,70.56334119560472,69.99080090765838,70.16925811767578,1172800,0.0,0.0
2012-10-08 00:00:00-04:00,70.0428447049699,70.33283056026868,69.89413604636036,69.90157318115234,628600,0.0,0.0
2012-10-09 00:00:00-04:00,69.94617128402113,70.50383715659689,69.67849121135512,69.68592834472656,806100,0.0,0.0
2012-10-10 00:00:00-04:00,69.76029790787055,69.76029790787055,68.76393738739762,68.93495178222656,1000700,0.0,0.0
2012-10-11 00:00:00-04:00,69.2918850513546,69.47777378200176,68.92753905481699,68.94241333007812,533400,0.0,0.0
2012-10-12 00:00:00-04:00,69.19521158818749,69.81236346681558,68.7788226931484,69.12085723876953,969200,0.0,0.0
2012-10-15 00:00:00-04:00,68.96471256565404,69.10598980294087,68.71933810285267,68.77882385253906,1258100,0.0,0.0
2012-10-16 00:00:00-04:00,69.04651323067533,69.4554707230348,68.93497885340692,69.42572784423828,1162800,0.0,0.0
2012-10-17 00:00:00-04:00,69.61903010818705,69.87927881237906,69.32904420573507,69.58185577392578,1004600,0.0,0.0
2012-10-18 00:00:00-04:00,69.58186631975,70.1915810881949,69.29188037334777,70.13209533691406,1165700,0.0,0.0
2012-10-19 00:00:00-04:00,70.05029394579276,70.1172168247428,68.92009319557357,69.06880187988281,1518900,0.0,0.0
2012-10-22 00:00:00-04:00,68.89034554619697,69.23238003468431,68.40703384640335,68.97956848144531,762800,0.0,0.0
2012-10-23 00:00:00-04:00,68.61522456315171,68.73419603423744,67.95346135563534,68.3698501586914,1222400,0.0,0.0
2012-10-24 00:00:00-04:00,68.47394930509026,70.60795332713266,68.47394930509026,69.83465576171875,2011200,0.0,0.0
2012-10-25 00:00:00-04:00,70.28079074890063,70.43694223469574,69.00931283835364,69.5595474243164,1111700,0.0,0.0
2012-10-26 00:00:00-04:00,69.04648285083371,69.65619741570804,68.60035121092814,69.03160858154297,1469000,0.0,0.0
2012-10-31 00:00:00-04:00,70.22872192127004,70.2956447777498,69.17287586772045,69.64875030517578,1171500,0.0,0.0
2012-11-01 00:00:00-04:00,69.72314116513115,70.53361896402521,69.64135534436768,70.03543853759766,1189100,0.0,0.0
2012-11-02 00:00:00-04:00,70.26589994454606,70.48896856272461,69.52234544777838,69.68592834472656,2363400,0.0,0.0
2012-11-05 00:00:00-05:00,69.5149293955728,70.19156691580704,69.03905482715695,69.96849822998047,1712100,0.0,0.0
2012-11-06 00:00:00-05:00,70.00568577721583,71.32177528133735,69.8049228037685,70.54104614257812,1879700,0.0,0.0
2012-11-07 00:00:00-05:00,68.77137742944696,69.4257092418965,66.45892169671654,67.77501678466797,3714000,0.0,0.0
2012-11-08 00:00:00-05:00,66.37714653184095,67.64863046244565,66.37714653184095,66.86045837402344,1773500,0.0,0.0
2012-11-09 00:00:00-05:00,66.54815862221179,67.48503931524185,66.29535269791104,66.90506744384766,1782200,0.0,0.0
2012-11-12 00:00:00-05:00,66.78609314240114,67.02403045588012,66.24329563231339,66.77865600585938,1550800,0.0,0.0
2012-11-13 00:00:00-05:00,66.22841062130917,67.71551988027906,66.17636202416008,67.05375671386719,2297200,0.0,0.0
2012-11-14 00:00:00-05:00,67.26940780991082,67.35863076077155,65.3435978093167,65.51461791992188,1932600,0.0,0.0
2012-11-15 00:00:00-05:00,65.44769708908409,65.83434879786638,64.74875936960964,65.12053680419922,1551800,0.0,0.0
2012-11-16 00:00:00-05:00,65.30641908818002,65.99048813894778,64.84541307246806,65.77485656738281,1651800,0.0,0.0
2012-11-19 00:00:00-05:00,66.04996617588333,67.29170117868576,65.91612610132022,67.2768325805664,2026200,0.0,0.0
2012-11-20 00:00:00-05:00,67.2842568336886,67.35117970023549,66.4142992786804,67.05375671386719,1516000,0.0,0.0
2012-11-21 00:00:00-05:00,67.29169616583948,67.50732769617629,67.15041896630493,67.29913330078125,860300,0.0,0.0
2012-11-23 00:00:00-05:00,67.4701921099793,68.33271879912802,67.4181434768669,68.28067016601562,652300,0.0,0.0
2012-11-26 00:00:00-05:00,68.6375551133833,69.41829007427961,68.22116615977141,69.36624145507812,2015200,0.0,0.0
2012-11-27 00:00:00-05:00,69.23982697098224,69.89415317120174,68.9498410446337,69.2249526977539,1824100,0.0,0.0
2012-11-28 00:00:00-05:00,68.81599053714274,69.67107391357422,68.29549883749725,69.67107391357422,1621900,0.0,0.0
2012-11-29 00:00:00-05:00,69.63343810083839,70.32600713381285,69.32478983460476,70.03994750976562,2116000,1.15,0.0
2012-11-30 00:00:00-05:00,70.26580159640508,70.83792674545586,70.03996680259064,70.2356948852539,1651400,0.0,0.0
2012-12-03 00:00:00-05:00,70.19805215855607,70.33355533079505,68.91077489396739,68.91830444335938,1782300,0.0,0.0
2012-12-04 00:00:00-05:00,68.7752556150855,69.4828837647639,68.69244782125668,68.86559295654297,2098500,0.0,0.0
2012-12-05 00:00:00-05:00,68.97851464320597,69.31727540145609,68.27841596819088,68.90323638916016,1860800,0.0,0.0
2012-12-06 00:00:00-05:00,68.94087120274317,69.21187748375353,68.35369284167474,68.86559295654297,1678000,0.0,0.0
2012-12-07 00:00:00-05:00,68.94087647243575,69.25704857666133,68.61717482000599,69.18177032470703,1064200,0.0,0.0
2012-12-10 00:00:00-05:00,69.06884234159409,69.78399427012963,68.91075630718187,69.56568908691406,1183200,0.0,0.0
2012-12-11 00:00:00-05:00,69.79907754990374,70.00985900215481,69.18931609969688,69.25706481933594,1380400,0.0,0.0
2012-12-12 00:00:00-05:00,69.49041833394107,69.82164956056813,69.02368968918064,69.11402130126953,1505100,0.0,0.0
2012-12-13 00:00:00-05:00,68.88817703996438,69.00109728288632,67.60842385911921,67.74392700195312,2434700,0.0,0.0
2012-12-14 00:00:00-05:00,67.75145806255743,67.79662386338988,66.87821429071502,66.96855163574219,1697000,0.0,0.0
2012-12-17 00:00:00-05:00,67.14168609383245,68.33862557232534,66.8405674016869,68.06761932373047,1670700,0.0,0.0
2012-12-18 00:00:00-05:00,68.15793878232743,70.01734004464934,68.05254812921574,69.95711517333984,5676100,0.0,0.0
2012-12-19 00:00:00-05:00,69.9872510630514,70.51420450520202,69.40007272940879,69.94208526611328,1932400,0.0,0.0
2012-12-20 00:00:00-05:00,69.63343048095703,69.9872445061224,69.18175532380685,69.63343048095703,2310500,0.0,0.0
2012-12-21 00:00:00-05:00,68.64729515750672,70.36366477008256,68.63223605936798,70.10771179199219,3926200,0.0,0.0
2012-12-24 00:00:00-05:00,70.12276584989625,70.12276584989625,69.64850192978801,69.83670043945312,656800,0.0,0.0
2012-12-26 00:00:00-05:00,69.83668315214192,70.1453313884043,69.25703441293868,69.27961730957031,979700,0.0,0.0
2012-12-27 00:00:00-05:00,69.32477206962096,70.00228757754802,69.04624206434457,69.88184356689453,1733800,0.0,0.0
2012-12-28 00:00:00-05:00,69.4678132753116,69.73881951187118,68.57198678538624,68.76018524169922,1612200,0.0,0.0
2012-12-31 00:00:00-05:00,68.35368062193632,69.5581495759001,67.5406619242504,69.475341796875,1999200,0.0,0.0
2013-01-02 00:00:00-05:00,70.6045450584246,70.89060469099877,69.69366507072478,70.21308898925781,2245600,0.0,0.0
2013-01-03 00:00:00-05:00,70.40130814006095,70.99601622262475,70.06255306144179,70.42389678955078,1828100,0.0,0.0
2013-01-04 00:00:00-05:00,70.70996083719686,70.76265620250672,70.06255735289629,70.6873779296875,1739300,0.0,0.0
2013-01-07 00:00:00-05:00,70.33353764599495,71.03363623596834,70.3184842943594,70.9282455444336,1335700,0.0,0.0
2013-01-08 00:00:00-05:00,70.61206324090915,70.61206324090915,69.60331652659617,69.9797134399414,1340600,0.0,0.0
2013-01-09 00:00:00-05:00,70.13780567266697,70.79273842756314,69.71624293022069,70.75509643554688,1289800,0.0,0.0
2013-01-10 00:00:00-05:00,70.9734173270455,71.02611267725605,70.43140472867276,70.84544372558594,1634300,0.0,0.0
2013-01-11 00:00:00-05:00,71.10892229608392,71.3422866039356,70.48410188234143,70.54432678222656,1174300,0.0,0.0
2013-01-14 00:00:00-05:00,70.07759624089253,70.71747578614735,70.07759624089253,70.69489288330078,850100,0.0,0.0
2013-01-15 00:00:00-05:00,70.37868442538445,71.01855794917462,70.27329376233008,70.77766418457031,1239200,0.0,0.0
2013-01-16 00:00:00-05:00,70.58950668226353,70.61961913821959,70.03997015531569,70.42389678955078,1150600,0.0,0.0
2013-01-17 00:00:00-05:00,70.73248657554579,71.51539261548689,70.54428817392609,71.32719421386719,1343700,0.0,0.0
2013-01-18 00:00:00-05:00,71.32722196268587,71.44767174339424,70.67228920264785,70.74004364013672,2414700,0.0,0.0
2013-01-22 00:00:00-05:00,70.76263003703694,71.97462873437429,70.60454399956188,71.76384735107422,1613600,0.0,0.0
2013-01-23 00:00:00-05:00,71.30464452884947,72.32091522216797,70.77768531291098,72.32091522216797,2417000,0.0,0.0
2013-01-24 00:00:00-05:00,72.6596698957644,72.6596698957644,69.93455945868257,70.19803619384766,4129600,0.0,0.0
2013-01-25 00:00:00-05:00,70.19051003446828,70.20556913055441,69.46782849311721,69.5506362915039,3366100,0.0,0.0
2013-01-28 00:00:00-05:00,69.62592660140797,69.62592660140797,67.01373008416583,67.23957061767578,4172000,0.0,0.0
2013-01-29 00:00:00-05:00,67.33740062954115,68.14288973610374,67.22448615839367,67.63851928710938,3028500,0.0,0.0
2013-01-30 00:00:00-05:00,67.66110252100265,67.73638649329315,66.26843518403913,66.40393829345703,6843500,0.0,0.0
2013-01-31 00:00:00-05:00,66.29103886437606,66.53193271850166,65.28229764502589,65.39521789550781,5312000,0.0,0.0
2013-02-01 00:00:00-05:00,65.88451849705471,66.08777606293175,65.0188101212486,65.65868377685547,3427400,0.0,0.0
2013-02-04 00:00:00-05:00,65.14678313846262,65.57587542081596,65.01880955712392,65.26722717285156,2837700,0.0,0.0
2013-02-05 00:00:00-05:00,65.86193292777972,65.89204537125713,65.18441730794127,65.50059509277344,2888300,0.0,0.0
2013-02-06 00:00:00-05:00,65.26723223085685,65.94474792480469,65.19948353314304,65.94474792480469,2524000,0.0,0.0
2013-02-07 00:00:00-05:00,65.79420547892978,66.28352279252996,65.38016642664581,65.8243179321289,1963100,0.0,0.0
2013-02-08 00:00:00-05:00,65.81676564566646,66.41900301487124,65.81676564566646,66.25338745117188,1936900,0.0,0.0
2013-02-11 00:00:00-05:00,66.23832087598925,66.253379967367,65.65114266618933,65.89203643798828,1781700,0.0,0.0
2013-02-12 00:00:00-05:00,66.08024729605403,66.23833332506833,65.50059852300164,65.68879699707031,1746900,0.0,0.0
2013-02-13 00:00:00-05:00,65.72642935893508,65.8619324819856,65.10913863022967,65.5382308959961,1899900,0.0,0.0
2013-02-14 00:00:00-05:00,65.10161614924526,65.76407268463592,64.64993523432834,65.55329132080078,2400200,0.0,0.0
2013-02-15 00:00:00-05:00,65.55329474923852,66.14800262451172,65.53071185098388,66.14800262451172,2562400,0.0,0.0
2013-02-19 00:00:00-05:00,66.20821923750482,66.41900634765625,65.80171559775937,66.41900634765625,2442200,0.0,0.0
2013-02-20 00:00:00-05:00,66.19317429515108,66.60721327776811,66.03508824997792,66.04261779785156,2883900,0.0,0.0
2013-02-21 00:00:00-05:00,65.98239678210746,66.09531703340421,65.56835777514019,65.91464233398438,1955700,0.0,0.0
2013-02-22 00:00:00-05:00,66.17057372120745,66.75022239868906,65.98237527816838,66.33618927001953,6849200,0.0,0.0
2013-02-25 00:00:00-05:00,66.56957182289675,67.05888905814113,66.02755923883296,66.15553283691406,10852400,0.0,0.0
2013-02-26 00:00:00-05:00,66.3060962419282,66.50181854476946,65.52318980047606,65.71891784667969,12053400,0.0,0.0
2013-02-27 00:00:00-05:00,65.53584129972832,67.57263060029426,65.53584129972832,67.38191986083984,2665700,1.15,0.0
2013-02-28 00:00:00-05:00,67.58025491086036,67.73282699460304,67.08441164377886,67.13018035888672,2281700,0.0,0.0
2013-03-01 00:00:00-05:00,66.93945696310115,67.41242160323598,66.43597791198708,67.25984954833984,1866200,0.0,0.0
2013-03-04 00:00:00-05:00,67.0081132250403,67.04625769559443,65.99353665663205,66.44361114501953,1765900,0.0,0.0
2013-03-05 00:00:00-05:00,66.4436117614626,67.19882456120249,66.29104551788879,66.9852294921875,1492500,0.0,0.0
2013-03-06 00:00:00-05:00,67.20645202064473,67.45056149294106,66.90894378315949,67.40479278564453,1684400,0.0,0.0
2013-03-07 00:00:00-05:00,67.54210027957295,68.10660230582747,67.45055705097958,67.7328109741211,1416200,0.0,0.0
2013-03-08 00:00:00-05:00,68.01508387638657,68.80843546546085,67.87777190519485,68.64823913574219,1771100,0.0,0.0
2013-03-11 00:00:00-04:00,68.49565507571162,69.09830158053084,68.42699619793292,69.06778717041016,2104000,0.0,0.0
2013-03-12 00:00:00-04:00,68.8313204358921,68.99151675348949,68.61771952573254,68.93811798095703,2116100,0.0,0.0
2013-03-13 00:00:00-04:00,69.14407091973865,70.555328935597,68.8847071613774,70.41039276123047,2079100,0.0,0.0
2013-03-14 00:00:00-04:00,70.40275702779569,70.59346771240234,70.18916199224076,70.59346771240234,1879400,0.0,0.0
2013-03-15 00:00:00-04:00,70.2501913553134,70.7918148703119,70.1967925915848,70.74604034423828,2516400,0.0,0.0
2013-03-18 00:00:00-04:00,70.0365804629375,71.05116256438093,69.95266730747811,70.45614624023438,1491200,0.0,0.0
2013-03-19 00:00:00-04:00,70.73841731446919,71.37920249015407,70.53244649369273,70.84521484375,1465500,0.0,0.0
2013-03-20 00:00:00-04:00,71.11983493662541,71.32579992640247,70.35699215666389,70.36461639404297,1849800,0.0,0.0
2013-03-21 00:00:00-04:00,70.18154080981262,70.52481775750121,69.91454698160717,69.93743133544922,1571500,0.0,0.0
2013-03-22 00:00:00-04:00,70.31123155169082,70.82233491864082,70.02898339204694,70.37989044189453,1560400,0.0,0.0
2013-03-25 00:00:00-04:00,70.64686203213161,70.94437021582154,70.11287447679786,70.41800689697266,1324400,0.0,0.0
2013-03-26 00:00:00-04:00,70.75367230780479,71.5165151359213,70.66212907322041,71.4783706665039,1974100,0.0,0.0
2013-03-27 00:00:00-04:00,71.12745104908736,72.2183163326235,70.97488483853417,72.06575012207031,1904300,0.0,0.0
2013-03-28 00:00:00-04:00,72.00474710236992,73.6829992997265,72.00474710236992,73.62960052490234,3824000,0.0,0.0
2013-04-01 00:00:00-04:00,73.33971025827464,73.57618967654355,72.30224352905184,72.4700698852539,2139300,0.0,0.0
2013-04-02 00:00:00-04:00,72.85149063879496,72.9582881699406,72.23358980573381,72.47769927978516,1676500,0.0,0.0
2013-04-03 00:00:00-04:00,72.68368410580999,73.58383912811244,72.50060340535049,72.53874206542969,2627100,0.0,0.0
2013-04-04 00:00:00-04:00,72.84386058096973,73.33207952907325,72.6684099883854,72.77520751953125,1465100,0.0,0.0
2013-04-05 00:00:00-04:00,72.34037399584354,72.63025212406104,71.70721316365564,72.11151885986328,2581700,0.0,0.0
2013-04-08 00:00:00-04:00,72.14969630445707,72.54637212545774,71.7377603634003,72.53874206542969,1197700,0.0,0.0
2013-04-09 00:00:00-04:00,72.71419327761575,72.8591353075346,71.94372023124775,72.78285217285156,1432700,0.0,0.0
2013-04-10 00:00:00-04:00,73.12611575975569,73.51516724123132,72.99643387260683,73.21765899658203,1372100,0.0,0.0
2013-04-11 00:00:00-04:00,73.4922675855336,74.43056672685623,73.43886882594798,74.22460174560547,1868000,0.0,0.0
2013-04-12 00:00:00-04:00,73.91949203734882,74.18648593841671,73.42364289534815,74.13308715820312,1235000,0.0,0.0
2013-04-15 00:00:00-04:00,73.66010538398044,74.11018570197982,72.65315303222036,72.80572509765625,1636300,0.0,0.0
2013-04-16 00:00:00-04:00,73.2863323705905,73.49229743549697,72.94305532240284,73.4312744140625,1516900,0.0,0.0
2013-04-17 00:00:00-04:00,73.14900211638411,73.28631406536796,72.24121724143369,72.89726257324219,1883900,0.0,0.0
2013-04-18 00:00:00-04:00,73.1185050603901,73.19478820126076,72.11918252891404,72.48534393310547,1287800,0.0,0.0
2013-04-19 00:00:00-04:00,72.85147867462169,73.61432138325647,72.74468116101505,73.44649505615234,1487500,0.0,0.0
2013-04-22 00:00:00-04:00,73.69061662274385,73.74401538833888,72.98117255410752,73.11848449707031,1378500,0.0,0.0
2013-04-23 00:00:00-04:00,74.94931166839912,75.89523519368981,73.12611768222055,74.0415267944336,2489300,0.0,0.0
2013-04-24 00:00:00-04:00,74.47634308751707,74.97219208895778,74.41532008459319,74.5221176147461,1913400,0.0,0.0
2013-04-25 00:00:00-04:00,73.26342523070805,75.25444545921452,73.23291081946316,74.96456146240234,2109700,0.0,0.0
2013-04-26 00:00:00-04:00,74.96455698022432,75.82657304127305,74.86538951462929,75.49855041503906,1634800,0.0,0.0
2013-04-29 00:00:00-04:00,75.51380094821253,75.68162728165082,75.1934083953003,75.56719970703125,1232000,0.0,0.0
2013-04-30 00:00:00-04:00,75.21629655994157,75.67400106159883,75.01795580854629,75.590087890625,1813500,0.0,0.0
2013-05-01 00:00:00-04:00,75.4451903104072,76.46739735962501,75.34601697396893,75.78846740722656,1957100,0.0,0.0
2013-05-02 00:00:00-04:00,75.92574689649821,77.13867003791427,75.64349877065615,76.7953872680664,1805400,0.0,0.0
2013-05-03 00:00:00-04:00,77.04713867794808,77.92440924274258,76.92508101118055,77.81761169433594,2356600,0.0,0.0
2013-05-06 00:00:00-04:00,77.5963656244669,78.48889024703797,77.48193804772048,77.95490264892578,2300200,0.0,0.0
2013-05-07 00:00:00-04:00,78.00067335637823,78.48889226435134,77.83284701550714,78.48126220703125,1497800,0.0,0.0
2013-05-08 00:00:00-04:00,78.23715070973854,78.2752951753143,77.57348124093568,77.65739440917969,1972700,0.0,0.0
2013-05-09 00:00:00-04:00,77.80996642087746,78.02356147592624,77.09289231890331,77.31411743164062,2024000,0.0,0.0
2013-05-10 00:00:00-04:00,77.2225806038139,77.77182254094012,77.2225806038139,77.76419830322266,1307500,0.0,0.0
2013-05-13 00:00:00-04:00,77.71842890171153,78.00068285664781,77.42855070855504,77.72605895996094,1327000,0.0,0.0
2013-05-14 00:00:00-04:00,77.80997267969293,78.48890236786438,77.65740643382287,78.47364807128906,1115100,0.0,0.0
2013-05-15 00:00:00-04:00,77.65740574413255,79.40431077793829,77.29123860925549,79.3738021850586,2214200,0.0,0.0
2013-05-16 00:00:00-04:00,79.27462638850892,79.83150422148566,79.16782885670993,79.33565521240234,1574300,0.0,0.0
2013-05-17 00:00:00-04:00,79.73996962525565,81.17411804199219,79.73996962525565,81.17411804199219,2610700,0.0,0.0
2013-05-20 00:00:00-04:00,80.80793198021891,81.62417348224018,80.73164886994209,81.28852081298828,1501100,0.0,0.0
2013-05-21 00:00:00-04:00,81.45638080465602,81.70049035042265,80.93764729239811,81.6165771484375,1452000,0.0,0.0
2013-05-22 00:00:00-04:00,81.48686983758286,82.33362583377986,81.05967972059295,81.2351303100586,2119500,0.0,0.0
2013-05-23 00:00:00-04:00,80.61726039457312,81.46401671539482,80.44943397854992,81.09022521972656,4760300,0.0,0.0
2013-05-24 00:00:00-04:00,80.9223847894977,81.70048206899881,80.5028188221005,81.66996765136719,4807100,0.0,0.0
2013-05-28 00:00:00-04:00,82.2039420083149,82.99729922113794,82.04374571822977,82.1963119506836,5380200,0.0,0.0
2013-05-29 00:00:00-04:00,81.73859730205733,82.16578735600217,81.30377719142692,81.86064910888672,1546300,0.0,0.0
2013-05-30 00:00:00-04:00,82.9942027085631,83.70362526425349,82.52382720359431,82.53153991699219,2068600,1.15,0.0
2013-05-31 00:00:00-04:00,82.25391241908794,83.11755364349847,81.60618591308594,81.60618591308594,1975800,0.0,0.0
2013-06-03 00:00:00-04:00,81.73729109612631,81.73729109612631,80.69629847104554,81.30547332763672,2035200,0.0,0.0
2013-06-04 00:00:00-04:00,81.15125883226419,81.59850208264922,80.70402146495577,81.02017211914062,1554900,0.0,0.0
2013-06-05 00:00:00-04:00,80.8582146369422,80.91219184765811,79.76324500066211,79.87890625,1333500,0.0,0.0
2013-06-06 00:00:00-04:00,80.04086195943614,80.58834690202585,79.45481933625273,80.48039245605469,1652600,0.0,0.0
2013-06-07 00:00:00-04:00,80.62690232999825,82.86311259437642,80.51894787916613,82.78600311279297,1826600,0.0,0.0
2013-06-10 00:00:00-04:00,82.84768443911449,83.00190338625004,82.0611525127263,82.2539291381836,1108500,0.0,0.0
2013-06-11 00:00:00-04:00,81.70645141601562,82.24622954462873,81.13583420172291,81.70645141601562,1139100,0.0,0.0
2013-06-12 00:00:00-04:00,82.43901209588932,82.81685269484699,81.96863658403164,82.54696655273438,1597200,0.0,0.0
2013-06-13 00:00:00-04:00,82.53925638459316,83.5031396954889,82.21539300407063,83.25638580322266,1831000,0.0,0.0
2013-06-14 00:00:00-04:00,83.08670677848701,83.63419156497957,82.67030865571638,83.04814910888672,1053100,0.0,0.0
2013-06-17 00:00:00-04:00,83.47227424598333,84.24338070553053,83.07900830435315,83.4876937866211,1144300,0.0,0.0
2013-06-18 00:00:00-04:00,83.7267251480184,84.25107767787567,83.52623585872978,83.93492126464844,1656600,0.0,0.0
2013-06-19 00:00:00-04:00,83.86554836761697,84.12000905294958,82.4312897423197,82.45442199707031,1566000,0.0,0.0
2013-06-20 00:00:00-04:00,81.93777537339595,82.4544152977698,80.96617957127945,80.99702453613281,2591400,0.0,0.0
2013-06-21 00:00:00-04:00,81.35173993190043,81.83753493396554,80.966186662081,81.012451171875,2836100,0.0,0.0
2013-06-24 00:00:00-04:00,80.74259009690336,80.90452181447144,79.81726431563496,80.06401824951172,1419200,0.0,0.0
2013-06-25 00:00:00-04:00,80.58063262672691,80.66545481592743,79.84037106167538,79.94061279296875,1467900,0.0,0.0
2013-06-26 00:00:00-04:00,80.58064133946118,81.66790449145891,80.4726868839109,81.55994415283203,1666600,0.0,0.0
2013-06-27 00:00:00-04:00,81.8529648545576,82.99419930137591,81.7450104037255,82.78600311279297,2536000,0.0,0.0
2013-06-28 00:00:00-04:00,82.59322363522134,83.94266010742754,82.59322363522134,83.63421630859375,2717300,0.0,0.0
2013-07-01 00:00:00-04:00,83.63422661271439,83.93495773578286,83.19469605722381,83.3257827758789,1509100,0.0,0.0
2013-07-02 00:00:00-04:00,83.24867029869657,83.24867029869657,81.69103750906,82.04574584960938,1587000,0.0,0.0
2013-07-03 00:00:00-04:00,81.96093176613203,82.80143524440547,81.38260174171654,82.66263580322266,651600,0.0,0.0
2013-07-05 00:00:00-04:00,82.95565554718812,83.79615897918981,82.79372385523577,83.7884521484375,731800,0.0,0.0
2013-07-08 00:00:00-04:00,84.08915739619911,84.35133075494213,83.83469086583669,84.18168640136719,1102500,0.0,0.0
2013-07-09 00:00:00-04:00,84.6135303323035,85.0607676919443,84.16628708958618,84.49015045166016,1150900,0.0,0.0
2013-07-10 00:00:00-04:00,84.528677109179,86.1171542494197,84.42072269477863,85.9937744140625,1397000,0.0,0.0
2013-07-11 00:00:00-04:00,86.65693774876945,87.25840570083916,86.37933896568347,87.2121353149414,1118300,0.0,0.0
2013-07-12 00:00:00-04:00,87.22755408091155,87.5745495917495,86.19426849315519,86.77259826660156,1459400,0.0,0.0
2013-07-15 00:00:00-04:00,86.94224986416583,88.19144439697266,86.71862829380117,88.19144439697266,1446000,0.0,0.0
2013-07-16 00:00:00-04:00,88.16060833705703,88.29940774360827,86.80345923778664,86.82659149169922,1274500,0.0,0.0
2013-07-17 00:00:00-04:00,87.12733285112397,87.96784210205078,87.05793608118833,87.96784210205078,1130600,0.0,0.0
2013-07-18 00:00:00-04:00,88.04494337686162,88.97798156738281,87.9601211883528,88.97798156738281,1058200,0.0,0.0
2013-07-19 00:00:00-04:00,88.6618184543919,89.16303291920332,88.43819688739408,89.10134887695312,1713900,0.0,0.0
2013-07-22 00:00:00-04:00,89.29415686492752,89.37126635714775,88.81606860023864,89.1784896850586,1129200,0.0,0.0
2013-07-23 00:00:00-04:00,91.14478766696246,92.23205067635892,90.22717491513566,90.92887878417969,2643500,0.0,0.0
2013-07-24 00:00:00-04:00,91.43010655890498,92.82580758006985,91.1679331467182,91.85421752929688,2220700,0.0,0.0
2013-07-25 00:00:00-04:00,90.6821134285105,92.16263633665618,90.45078503334248,92.147216796875,2833300,0.0,0.0
2013-07-26 00:00:00-04:00,91.76168454488118,92.57134882056658,91.61517240966205,92.53279113769531,1675800,0.0,0.0
2013-07-29 00:00:00-04:00,91.62286941406245,92.83350632189324,91.61515670219526,92.52506256103516,1726900,0.0,0.0
2013-07-30 00:00:00-04:00,92.93375652459949,93.24220031360483,92.13181090949193,92.60218048095703,1584600,0.0,0.0
2013-07-31 00:00:00-04:00,92.87207429399696,93.7434225731744,92.00843284446569,92.62532043457031,1852200,0.0,0.0
2013-08-01 00:00:00-04:00,93.1188129529785,94.26004716038143,93.11110024151527,94.20606994628906,1238500,0.0,0.0
2013-08-02 00:00:00-04:00,94.93863533005506,95.67889687135417,94.02872941579818,95.43984985351562,1842300,0.0,0.0
2013-08-05 00:00:00-04:00,95.27020169889043,96.10299217144664,95.02344787682281,95.73286437988281,1166200,0.0,0.0
2013-08-06 00:00:00-04:00,95.6480664776607,96.02590707667568,95.51697976333993,95.81771087646484,1597700,0.0,0.0
2013-08-07 00:00:00-04:00,95.6172472343445,96.15701966388772,95.38591283135268,96.03364562988281,1372100,0.0,0.0
2013-08-08 00:00:00-04:00,96.38830129301834,96.38830129301834,95.4706827821248,96.11070251464844,1358700,0.0,0.0
2013-08-09 00:00:00-04:00,96.01047583056938,96.15698207098069,95.3087660634208,95.63262939453125,1307800,0.0,0.0
2013-08-12 00:00:00-04:00,95.4938418550485,95.75602116740433,94.83069556831984,94.84611511230469,1376200,0.0,0.0
2013-08-13 00:00:00-04:00,95.0542850051878,95.84852955288918,94.84608886209233,95.66345977783203,1481600,0.0,0.0
2013-08-14 00:00:00-04:00,95.61719893346473,95.833107796216,95.11597856889199,95.32418060302734,1045300,0.0,0.0
2013-08-15 00:00:00-04:00,94.65332773544534,95.12370319524517,93.943911130955,94.17523956298828,1191700,0.0,0.0
2013-08-16 00:00:00-04:00,93.94391947885703,94.67646840333775,93.8436718546328,94.2292251586914,1400300,0.0,0.0
2013-08-19 00:00:00-04:00,94.01332206511779,94.5222552818331,93.4966820176597,94.005615234375,1191700,0.0,0.0
2013-08-20 00:00:00-04:00,94.01330499964497,95.59407571035352,94.01330499964497,94.39115142822266,1545400,0.0,0.0
2013-08-21 00:00:00-04:00,94.36031172622152,95.5632360754666,93.974758446789,94.79212951660156,1455900,0.0,0.0
2013-08-22 00:00:00-04:00,95.09284653287197,96.05672958882595,94.88465038133904,95.3935775756836,4718000,0.0,0.0
2013-08-23 00:00:00-04:00,95.40130186205108,97.39075814285093,95.30105424690105,97.159423828125,4927100,0.0,0.0
2013-08-26 00:00:00-04:00,97.15942259153931,97.72233294590085,96.46542553927029,96.53482818603516,1311100,0.0,0.0
2013-08-27 00:00:00-04:00,95.96419572763698,97.02061368620933,94.69187478658074,94.95404815673828,1315200,0.0,0.0
2013-08-28 00:00:00-04:00,95.04659338704658,95.61721057710027,95.01574841960098,95.07743835449219,1207700,0.0,0.0
2013-08-29 00:00:00-04:00,95.29536732031087,95.77795646780628,94.98401967478037,95.22531127929688,1333600,1.15,0.0
2013-08-30 00:00:00-04:00,95.41212383158269,95.48217393442935,94.74272846933435,95.28758239746094,1847000,0.0,0.0
2013-09-03 00:00:00-04:00,96.0114666848912,96.79761818593647,95.81687514076356,96.22940826416016,1525400,0.0,0.0
2013-09-04 00:00:00-04:00,96.01145892202915,97.1867934162998,95.93362349836389,96.72755432128906,1360300,0.0,0.0
2013-09-05 00:00:00-04:00,96.19051293268637,96.79763772274752,95.79354443977567,96.62639617919922,1337200,0.0,0.0
2013-09-06 00:00:00-04:00,96.93773336736672,97.20237504157609,95.38100086929781,96.30725860595703,1662600,0.0,0.0
2013-09-09 00:00:00-04:00,96.49404873105904,97.19457942591302,96.37729262550634,96.57188415527344,1220200,0.0,0.0
2013-09-10 00:00:00-04:00,97.05448086304713,97.9184677977331,96.78204794933723,97.35025787353516,1352500,0.0,0.0
2013-09-11 00:00:00-04:00,97.22574482611125,98.51782989501953,97.22574482611125,98.51782989501953,1143300,0.0,0.0
2013-09-12 00:00:00-04:00,98.31543421810389,99.15607115127484,98.22981345981076,98.49446105957031,1886100,0.0,0.0
2013-09-13 00:00:00-04:00,98.829169897745,99.10159691460184,98.08971835088948,99.04711151123047,973200,0.0,0.0
2013-09-16 00:00:00-04:00,99.79434580827359,100.54157078467392,99.55304822374492,99.98893737792969,1418000,0.0,0.0
2013-09-17 00:00:00-04:00,99.9967224950254,101.00080982613909,99.7943515266805,100.90740966796875,1169300,0.0,0.0
2013-09-18 00:00:00-04:00,100.91516542660011,101.88034371710165,99.98112843281542,101.84142303466797,1386500,0.0,0.0
2013-09-19 00:00:00-04:00,101.96596133823759,102.43298575925883,101.34326606918408,101.49115753173828,1403500,0.0,0.0
2013-09-20 00:00:00-04:00,101.53008230697378,101.67797377549141,99.63086700439453,99.63086700439453,2284900,0.0,0.0
2013-09-23 00:00:00-04:00,99.72428309402443,100.30027841172583,98.85251666889953,99.3351058959961,1138700,0.0,0.0
2013-09-24 00:00:00-04:00,99.5374760132319,100.58048989824913,99.5374760132319,99.73985290527344,1309100,0.0,0.0
2013-09-25 00:00:00-04:00,99.38956792285374,99.98112187550424,99.07822029919127,99.52188873291016,1062300,0.0,0.0
2013-09-26 00:00:00-04:00,99.74760710784143,101.14866840905917,99.63863633313136,101.07083892822266,1525700,0.0,0.0
2013-09-27 00:00:00-04:00,100.86849042682734,101.07087327500987,99.68538214989921,100.5960693359375,1308900,0.0,0.0
2013-09-30 00:00:00-04:00,99.69314225816831,100.0823253501145,99.04709690030657,99.28060913085938,1588500,0.0,0.0
2013-10-01 00:00:00-04:00,99.45185549828936,99.86439460884124,99.19499914295534,99.24169921875,1377500,0.0,0.0
2013-10-02 00:00:00-04:00,98.93810669017876,98.96924204403877,96.59522327375161,97.35802459716797,3204200,0.0,0.0
2013-10-03 00:00:00-04:00,97.22572306144409,97.23350244760434,95.03851004248038,95.60671997070312,2668500,0.0,0.0
2013-10-04 00:00:00-04:00,95.8558003714408,96.05817724970188,94.58705964293569,95.34986114501953,2490300,0.0,0.0
2013-10-07 00:00:00-04:00,95.09299820379607,97.26464063667834,94.82835654354474,96.1749267578125,1950700,0.0,0.0
2013-10-08 00:00:00-04:00,96.22940492624025,96.47848185654539,95.26423256361568,95.31871795654297,1080200,0.0,0.0
2013-10-09 00:00:00-04:00,95.44327851487041,95.84802638079206,94.76609769126254,94.98403930664062,1531000,0.0,0.0
2013-10-10 00:00:00-04:00,95.51331689839145,98.61899641293353,95.51331689839145,98.60343170166016,1323200,0.0,0.0
2013-10-11 00:00:00-04:00,98.23763256414661,98.5256302991131,97.87958469656027,98.20649719238281,1260000,0.0,0.0
2013-10-14 00:00:00-04:00,97.94960836277289,99.3428846957929,97.55264584159151,99.24169921875,790600,0.0,0.0
2013-10-15 00:00:00-04:00,99.21834208952747,99.3428775955669,97.85620121721317,97.99630737304688,1109500,0.0,0.0
2013-10-16 00:00:00-04:00,98.58785180038474,99.62307418675411,98.0974773631162,99.52188873291016,1494000,0.0,0.0
2013-10-17 00:00:00-04:00,99.29619194794681,100.75951850265069,98.92257349862678,100.68946838378906,857700,0.0,0.0
2013-10-18 00:00:00-04:00,100.8840278929559,100.8840278929559,100.13679123187168,100.33138275146484,1447500,0.0,0.0
2013-10-21 00:00:00-04:00,100.33139264861121,100.45593408389789,97.36581949778156,97.52928161621094,3450600,0.0,0.0
2013-10-22 00:00:00-04:00,100.86849349065456,101.32772679144777,99.07825443019281,101.22654724121094,2784200,0.0,0.0
2013-10-23 00:00:00-04:00,101.18759813495463,102.76768044798493,101.18759813495463,102.728759765625,1672200,0.0,0.0
2013-10-24 00:00:00-04:00,102.75988570560587,103.51490169824315,102.26951131038786,103.22689819335938,1125400,0.0,0.0
2013-10-25 00:00:00-04:00,103.06347175509974,104.44896264582066,102.66649739047052,104.30107116699219,1578100,0.0,0.0
2013-10-28 00:00:00-04:00,104.11423133087598,104.59682632461806,103.48375677453495,103.70169830322266,1316400,0.0,0.0
2013-10-29 00:00:00-04:00,103.83403992873497,104.21544361891787,103.42150681831822,104.03642272949219,1231100,0.0,0.0
2013-10-30 00:00:00-04:00,104.39447161404239,105.0483082527063,103.77178815158263,104.0831298828125,1196100,0.0,0.0
2013-10-31 00:00:00-04:00,104.30885748086389,104.90820282231667,103.64725329075179,103.787353515625,1516500,0.0,0.0
2013-11-01 00:00:00-04:00,103.9430218830832,106.51163283611912,103.85740112208447,104.72917938232422,2135000,0.0,0.0
2013-11-04 00:00:00-05:00,105.07942320790453,105.85778930574087,105.00937310956104,105.6554183959961,833400,0.0,0.0
2013-11-05 00:00:00-05:00,105.336288312652,106.13800446509202,105.11834674947943,105.44525909423828,885700,0.0,0.0
2013-11-06 00:00:00-05:00,105.4919879985668,106.58169611231436,105.4919879985668,106.53499603271484,921900,0.0,0.0
2013-11-07 00:00:00-05:00,106.55052508210696,107.53126200154982,105.92782988441432,106.0134506225586,1285400,0.0,0.0
2013-11-08 00:00:00-05:00,105.99012783475351,107.53128964055568,105.8655863878192,107.50016021728516,1281400,0.0,0.0
2013-11-11 00:00:00-05:00,107.35227504379027,107.35227504379027,106.09132548100912,106.7529296875,1029900,0.0,0.0
2013-11-12 00:00:00-05:00,106.75293770325547,106.82299969961377,106.16916295414485,106.8152084350586,1485100,0.0,0.0
2013-11-13 00:00:00-05:00,106.27809933699409,106.93193587065399,105.49973325699672,106.8385238647461,1667500,0.0,0.0
2013-11-14 00:00:00-05:00,107.21215927273428,107.72587191243971,106.63616403800387,107.64025115966797,886200,0.0,0.0
2013-11-15 00:00:00-05:00,107.36007036599894,107.44569114389172,106.1613913524285,106.98645782470703,2043000,0.0,0.0
2013-11-18 00:00:00-05:00,107.11875774143665,108.07615676438817,107.11875774143665,107.29779052734375,897700,0.0,0.0
2013-11-19 00:00:00-05:00,107.50016023285133,108.46533863134277,107.19659787898382,108.1695556640625,1047000,0.0,0.0
2013-11-20 00:00:00-05:00,108.06834933604172,108.06834933604172,106.62837913905442,106.78404998779297,858600,0.0,0.0
2013-11-21 00:00:00-05:00,107.12656985559346,108.20070739546941,106.83856621552167,107.93606567382812,3642300,0.0,0.0
2013-11-22 00:00:00-05:00,108.24737874797626,109.70291954790696,108.01386654362678,109.65621948242188,4836800,0.0,0.0
2013-11-25 00:00:00-05:00,109.87417393684251,110.62919008927615,109.59396163411533,110.3411865234375,6402400,0.0,0.0
2013-11-26 00:00:00-05:00,110.13882367810845,111.63328544342124,109.990932191236,111.35307312011719,2432600,0.0,0.0
2013-11-27 00:00:00-05:00,111.63589112201682,113.47435676446412,111.63589112201682,113.08938598632812,1896400,1.33,0.0
2013-11-29 00:00:00-05:00,113.03441142961614,113.34868682384246,110.96810615883788,111.30593872070312,1553300,0.0,0.0
2013-12-02 00:00:00-05:00,111.44736992081577,111.95805097200235,109.54603668084935,109.75817108154297,1676600,0.0,0.0
2013-12-03 00:00:00-05:00,109.45171482862499,109.75812573040672,108.18678531339766,109.02745819091797,1987300,0.0,0.0
2013-12-04 00:00:00-05:00,108.8703689848506,108.95678123262887,106.37193051395276,107.03189086914062,2163400,0.0,0.0
2013-12-05 00:00:00-05:00,107.05546792504508,108.0768420672768,106.85905028186134,107.36974334716797,1190800,0.0,0.0
2013-12-06 00:00:00-05:00,108.34395670378326,108.81536379717372,107.80970652042912,108.57180786132812,1416600,0.0,0.0
2013-12-09 00:00:00-05:00,108.81536567717923,109.43604010543237,108.65036959512783,109.1531982421875,1389100,0.0,0.0
2013-12-10 00:00:00-05:00,108.98034902153245,109.88386520742685,108.73678112156674,109.45174407958984,1197900,0.0,0.0
2013-12-11 00:00:00-05:00,109.60105383990083,109.60105383990083,107.82544251644845,107.998291015625,1163200,0.0,0.0
2013-12-12 00:00:00-05:00,107.80966377388212,108.95673553080151,107.80966377388212,108.40676879882812,1193900,0.0,0.0
2013-12-13 00:00:00-05:00,108.92534713177233,109.36532065118453,108.57965022698295,109.23175811767578,1017100,0.0,0.0
2013-12-16 00:00:00-05:00,109.31034191787126,110.31599921183347,109.23177007150085,110.03315734863281,1270700,0.0,0.0
2013-12-17 00:00:00-05:00,110.3552711483059,110.77167550685563,109.88386410659196,110.66168212890625,1161700,0.0,0.0
2013-12-18 00:00:00-05:00,110.72452834928563,113.12868994409219,109.99386060114303,112.92440795898438,2282800,0.0,0.0
2013-12-19 00:00:00-05:00,112.94012278101157,112.94012278101157,111.46305855635943,112.343017578125,1530400,0.0,0.0
2013-12-20 00:00:00-05:00,112.65731140518905,113.86723890317528,112.27232847982039,113.30156707763672,1953600,0.0,0.0
2013-12-23 00:00:00-05:00,113.88290562294002,114.70786182138569,113.71792157627719,113.96932983398438,1806100,0.0,0.0
2013-12-24 00:00:00-05:00,114.05574711494744,114.92784155945077,113.92218461297189,114.8178482055664,726700,0.0,0.0
2013-12-26 00:00:00-05:00,114.97501748595282,117.2298999611503,114.84930732940502,116.93919372558594,1498600,0.0,0.0
2013-12-27 00:00:00-05:00,117.2691623357421,117.84271037281286,115.90210348027509,116.38136291503906,711400,0.0,0.0
2013-12-30 00:00:00-05:00,116.3106299788973,116.88417794945974,114.71572017354451,115.47782135009766,835600,0.0,0.0
2013-12-31 00:00:00-05:00,115.73710021556487,116.95489168599354,115.73710021556487,116.79776000976562,693000,0.0,0.0
2014-01-02 00:00:00-05:00,115.53283203534662,116.11422044528601,114.58216559853155,114.76287841796875,1115900,0.0,0.0
2014-01-03 00:00:00-05:00,115.10069125241603,115.75279899641033,115.08497449072145,115.54066467285156,843400,0.0,0.0
2014-01-06 00:00:00-05:00,115.72923586674678,116.34991011963112,114.786433918442,114.92784881591797,1134800,0.0,0.0
2014-01-07 00:00:00-05:00,117.06491017582877,117.30061373493282,115.88640436868955,116.75849914550781,1684100,0.0,0.0
2014-01-08 00:00:00-05:00,116.58565675041808,117.1434881364541,116.05140651106562,116.67208099365234,1222700,0.0,0.0
2014-01-09 00:00:00-05:00,117.06491761864393,118.18842080512444,116.70350387325544,116.852783203125,1646600,0.0,0.0
2014-01-10 00:00:00-05:00,117.05707051670579,117.60703755550576,115.92570290067027,117.41847229003906,1245800,0.0,0.0
2014-01-13 00:00:00-05:00,120.75751126693854,121.26820410656154,118.25122132934409,118.57334899902344,3449000,0.0,0.0
2014-01-14 00:00:00-05:00,118.73834742829942,119.36687403076714,117.21414524172462,118.9661865234375,2575800,0.0,0.0
2014-01-15 00:00:00-05:00,118.96618443173628,121.260340057861,118.71477619284484,120.60037994384766,2294200,0.0,0.0
2014-01-16 00:00:00-05:00,120.20760740426525,120.61615949205952,119.90904872606374,120.59259033203125,1378700,0.0,0.0
2014-01-17 00:00:00-05:00,120.78113295476498,120.98541497482793,120.2154491872362,120.85185241699219,2016300,0.0,0.0
2014-01-21 00:00:00-05:00,120.99319790737746,122.9887947278481,120.8282019080735,121.07176971435547,2274600,0.0,0.0
2014-01-22 00:00:00-05:00,121.77890505691778,123.38953168276556,121.19750467824923,123.07525634765625,2646600,0.0,0.0
2014-01-23 00:00:00-05:00,123.43667648645143,124.47375517598198,118.08626300387218,118.23554229736328,3944100,0.0,0.0
2014-01-24 00:00:00-05:00,118.8955015114606,118.8955015114606,115.24212700634205,116.09065246582031,3496200,0.0,0.0
2014-01-27 00:00:00-05:00,116.37349230589814,117.1355935300097,114.0164811769045,115.50926208496094,2851400,0.0,0.0
2014-01-28 00:00:00-05:00,115.50138664507006,116.92345996025097,115.33640259533585,116.49919128417969,2676000,0.0,0.0
2014-01-29 00:00:00-05:00,115.60352813108153,116.46777026143101,115.10069961570842,115.76852416992188,2501000,0.0,0.0
2014-01-30 00:00:00-05:00,116.7427573294777,118.07839455998271,116.0199420281265,116.79776000976562,1931600,0.0,0.0
2014-01-31 00:00:00-05:00,115.54851264842783,119.41400827869154,114.66070155852559,118.56548309326172,2618200,0.0,0.0
2014-02-03 00:00:00-05:00,118.27480319034355,119.42188711780861,115.82351565946934,116.07493591308594,2307200,0.0,0.0
2014-02-04 00:00:00-05:00,116.11422804867065,117.04132539381138,113.6786568987588,116.42063903808594,2205000,0.0,0.0
2014-02-05 00:00:00-05:00,116.07496045554915,119.39834321272629,115.83139253771738,118.156982421875,2728100,0.0,0.0
2014-02-06 00:00:00-05:00,117.63845344667268,119.92475772839877,117.4577525686985,119.21765899658203,2073800,0.0,0.0
2014-02-07 00:00:00-05:00,119.34329626400097,122.32884536362167,118.68333618604419,121.88101959228516,2072700,0.0,0.0
2014-02-10 00:00:00-05:00,121.58247802820527,122.10102329959103,120.60824254757539,120.97750854492188,2375000,0.0,0.0
2014-02-11 00:00:00-05:00,121.44103051537876,124.38729332739659,121.13460767408979,123.79017639160156,2242200,0.0,0.0
2014-02-12 00:00:00-05:00,124.69375768547695,125.27514612395854,124.11235725861616,124.8587417602539,1851100,0.0,0.0
2014-02-13 00:00:00-05:00,123.86878351474341,126.30435427412306,122.98882461855159,125.55011749267578,2461600,0.0,0.0
2014-02-14 00:00:00-05:00,125.55012570731441,128.25283365915428,125.16514291576779,127.97784423828125,2556400,0.0,0.0
2014-02-18 00:00:00-05:00,126.90934218005934,128.81066316079819,126.90934218005934,127.82857513427734,1985200,0.0,0.0
2014-02-19 00:00:00-05:00,127.74998694261367,129.4077516431249,127.28643238577168,127.78926086425781,1762400,0.0,0.0
2014-02-20 00:00:00-05:00,128.06431346736952,130.33490112231704,128.0014583779821,129.06211853027344,2112600,0.0,0.0
2014-02-21 00:00:00-05:00,129.63565080039234,129.98134778733453,128.35500386832436,129.1092529296875,2377600,0.0,0.0
2014-02-24 00:00:00-05:00,130.12269812845176,132.31472475790426,129.47845478137197,130.53125,2534300,0.0,0.0
2014-02-25 00:00:00-05:00,130.8769598129161,131.54477237387076,128.14283052983347,128.54351806640625,2278400,0.0,0.0
2014-02-26 00:00:00-05:00,128.29998189513103,129.17207654026433,126.34365823486466,126.359375,2691000,0.0,0.0
2014-02-27 00:00:00-05:00,127.0723306893998,128.07845543396343,126.36725399951067,127.89624786376953,3075100,1.33,0.0
2014-02-28 00:00:00-05:00,127.66655898884636,129.3777612562318,127.66655898884636,128.57762145996094,2232700,0.0,0.0
2014-03-03 00:00:00-05:00,127.40510907655622,130.09074035585897,127.16744013120262,129.56787109375,1709000,0.0,0.0
2014-03-04 00:00:00-05:00,130.1540830269758,131.64346352249106,130.1540830269758,131.2235870361328,1748200,0.0,0.0
2014-03-05 00:00:00-05:00,131.69101200887675,132.64167564710843,131.1126935429403,132.15843200683594,1889200,0.0,0.0
2014-03-06 00:00:00-05:00,132.18221584343354,132.68130737124642,131.82570635283707,132.17428588867188,1378300,0.0,0.0
2014-03-07 00:00:00-05:00,132.69714863930486,132.99026683071529,131.485050278503,131.96038818359375,1403500,0.0,0.0
2014-03-10 00:00:00-04:00,131.26323469328457,132.06337437604316,130.8037445891717,131.09686279296875,1377100,0.0,0.0
2014-03-11 00:00:00-04:00,131.00972749134402,131.27116216047781,129.70256623402153,129.7659454345703,1738200,0.0,0.0
2014-03-12 00:00:00-04:00,129.5045105156372,129.92438714115983,128.33994339553593,129.8134765625,1503100,0.0,0.0
2014-03-13 00:00:00-04:00,130.34422615976624,130.8037161640267,128.59342309546756,128.99745178222656,1404600,0.0,0.0
2014-03-14 00:00:00-04:00,128.76773120856674,130.39971833611625,128.45876517773058,128.67266845703125,1386100,0.0,0.0
2014-03-17 00:00:00-04:00,129.4807243117942,130.43930585654647,129.19552399923472,129.97982788085938,1466300,0.0,0.0
2014-03-18 00:00:00-04:00,130.59776472537942,130.78789021524815,129.8055429486731,129.9085235595703,1652400,0.0,0.0
2014-03-19 00:00:00-04:00,130.21750138221336,130.38387328928664,126.7634136388869,127.46849060058594,2068200,0.0,0.0
2014-03-20 00:00:00-04:00,127.642757975539,128.7122621187784,126.25636998381441,126.70001220703125,3228500,0.0,0.0
2014-03-21 00:00:00-04:00,127.54771260661036,127.84083081078975,124.69570922851562,124.69570922851562,4247800,0.0,0.0
2014-03-24 00:00:00-04:00,125.59093151286409,126.25639497943452,124.38675089120352,125.32157897949219,1997300,0.0,0.0
2014-03-25 00:00:00-04:00,125.76518964297266,127.6506810788033,125.63051341017666,127.20703887939453,2099700,0.0,0.0
2014-03-26 00:00:00-04:00,127.42095490610407,128.41123218326854,126.45444331652389,126.47029113769531,1299200,0.0,0.0
2014-03-27 00:00:00-04:00,126.19298865895894,126.71585787961256,125.18687580847111,125.8681869506836,1857000,0.0,0.0
2014-03-28 00:00:00-04:00,126.38313370672141,127.84081881278867,126.15339472009934,127.18327331542969,1191800,0.0,0.0
2014-03-31 00:00:00-04:00,128.53796184498984,129.56785240070764,128.0230226113024,129.322265625,1458700,0.0,0.0
2014-04-01 00:00:00-04:00,129.54411703143998,130.02737283129287,128.75981306790462,129.69464111328125,981900,0.0,0.0
2014-04-02 00:00:00-04:00,129.9243899657386,130.53440420580262,128.87865126848598,130.47894287109375,1050300,0.0,0.0
2014-04-03 00:00:00-04:00,130.7165648482228,130.81955752516066,129.68667434387135,129.72628784179688,1254600,0.0,0.0
2014-04-04 00:00:00-04:00,130.67693989682454,130.67693989682454,126.29595577144478,126.44647979736328,1622500,0.0,0.0
2014-04-07 00:00:00-04:00,126.26435445997784,127.23878419876748,124.75912530883656,124.9651107788086,1315200,0.0,0.0
2014-04-08 00:00:00-04:00,124.83040965089432,125.01261730179316,122.59633810721266,124.10155487060547,1782800,0.0,0.0
2014-04-09 00:00:00-04:00,125.19476498734004,126.71582884479747,124.31539862258516,125.82854461669922,1124300,0.0,0.0
2014-04-10 00:00:00-04:00,126.02664176412176,126.47820189117398,123.03996227942305,123.13502502441406,1499300,0.0,0.0
2014-04-11 00:00:00-04:00,122.7706083029518,123.10333999477199,121.63772488924378,121.85955810546875,2024200,0.0,0.0
2014-04-14 00:00:00-04:00,122.79438777808461,124.50558988961455,122.231904941003,123.44401550292969,1356100,0.0,0.0
2014-04-15 00:00:00-04:00,123.23011223121614,124.84623950006245,122.16853784440795,124.68779754638672,1160500,0.0,0.0
2014-04-16 00:00:00-04:00,125.51960692061225,126.33559429699382,124.27581306071693,126.31182861328125,1167900,0.0,0.0
2014-04-17 00:00:00-04:00,125.36909346796236,127.14367456142988,125.36909346796236,126.95353698730469,1544900,0.0,0.0
2014-04-21 00:00:00-04:00,129.3222859228934,129.3222859228934,127.04068335991134,127.93589782714844,1303700,0.0,0.0
2014-04-22 00:00:00-04:00,130.46305232024932,130.4868300904418,123.74501627773179,124.13320922851562,2674100,0.0,0.0
2014-04-23 00:00:00-04:00,124.22831101253952,128.68059410785713,123.44401908823565,128.3240966796875,2862400,0.0,0.0
2014-04-24 00:00:00-04:00,128.68057781161903,128.80733619751211,126.43860081390312,127.24665832519531,1398300,0.0,0.0
2014-04-25 00:00:00-04:00,126.92974386465929,127.93586866669592,125.71764580143508,127.61897277832031,1803400,0.0,0.0
2014-04-28 00:00:00-04:00,127.80915201628402,128.5538424865363,126.59705355754438,127.84083557128906,1352700,0.0,0.0
2014-04-29 00:00:00-04:00,127.7853658116665,128.75979514220987,127.47639982450183,128.33200073242188,1225900,0.0,0.0
2014-04-30 00:00:00-04:00,128.35577206878168,130.22541589322614,127.82498494378551,130.0352783203125,1615800,0.0,0.0
2014-05-01 00:00:00-04:00,129.7025346586786,130.58981907366424,128.59342913994652,129.0133056640625,1301700,0.0,0.0
2014-05-02 00:00:00-04:00,129.13214381804895,130.0115104343314,128.89447487801556,129.8451385498047,1133100,0.0,0.0
2014-05-05 00:00:00-04:00,129.5282653088759,131.00971621814418,128.96578250762286,130.81166076660156,945500,0.0,0.0
2014-05-06 00:00:00-04:00,130.44723797493148,130.95425941807804,129.28267102001996,129.5203399658203,1026600,0.0,0.0
2014-05-07 00:00:00-04:00,129.92439799569019,130.2967432740871,128.79152642532966,130.0828399658203,1173300,0.0,0.0
2014-05-08 00:00:00-04:00,130.06695027105079,130.99386027903276,129.63915588058057,130.2333221435547,1024700,0.0,0.0
2014-05-09 00:00:00-04:00,130.04321956642028,130.87505497599855,129.4332174092968,130.8592071533203,837900,0.0,0.0
2014-05-12 00:00:00-04:00,131.11270218329946,132.43571108101295,130.95426024787682,132.23765563964844,1051900,0.0,0.0
2014-05-13 00:00:00-04:00,132.23762865301285,133.07738161888906,131.7702208079825,132.8080291748047,968400,0.0,0.0
2014-05-14 00:00:00-04:00,133.08539776330707,133.09331563266963,130.59782079989714,130.92262268066406,1165600,0.0,0.0
2014-05-15 00:00:00-04:00,130.57402221647533,131.0493481138641,128.94996486828268,129.55996704101562,1061100,0.0,0.0
2014-05-16 00:00:00-04:00,129.67878869948484,130.15411452766284,128.34784978622662,128.41915893554688,1739200,0.0,0.0
2014-05-19 00:00:00-04:00,128.45878091763436,129.32231200715722,128.10228346734922,128.57762145996094,1460200,0.0,0.0
2014-05-20 00:00:00-04:00,128.72810302951464,128.73602089438145,126.6683218598672,127.20703887939453,907600,0.0,0.0
2014-05-21 00:00:00-04:00,127.67448899368752,128.4033317178506,127.42890212980453,128.2528076171875,859500,0.0,0.0
2014-05-22 00:00:00-04:00,128.3953668110801,128.6409535849892,127.75365712940228,128.1973114013672,823200,0.0,0.0
2014-05-23 00:00:00-04:00,128.87072003287108,129.3222922657532,128.2607058560874,128.84695434570312,1663400,0.0,0.0
2014-05-27 00:00:00-04:00,129.2351660464003,129.3143809856179,128.347869273394,129.09255981445312,1294500,0.0,0.0
2014-05-28 00:00:00-04:00,129.4728032944302,130.39971344048533,128.2369392174839,128.41915893554688,1831500,0.0,0.0
2014-05-29 00:00:00-04:00,128.69869255110447,130.51191617824435,128.26735918455913,130.32020568847656,1489200,1.33,0.0
2014-05-30 00:00:00-04:00,129.98476284759337,130.967265708501,129.6332995986524,130.71963500976562,2121200,0.0,0.0
2014-06-02 00:00:00-04:00,130.90338214650754,131.32673234589942,129.90491239542263,131.08709716796875,1012600,0.0,0.0
2014-06-03 00:00:00-04:00,131.08709334046395,131.3826364778833,130.35222108772456,130.91136169433594,850900,0.0,0.0
2014-06-04 00:00:00-04:00,130.59182814137657,131.57431872348207,130.19244033859485,131.41456604003906,871300,0.0,0.0
2014-06-05 00:00:00-04:00,131.42253790190992,133.00411004971733,131.42253790190992,132.86033630371094,996100,0.0,0.0
2014-06-06 00:00:00-04:00,133.02012555686937,133.5792661479169,132.87635177132177,133.53134155273438,891000,0.0,0.0
2014-06-09 00:00:00-04:00,132.76453288012323,134.8892672737709,132.35714941605735,134.25823974609375,1351000,0.0,0.0
2014-06-10 00:00:00-04:00,134.18632574298022,134.25022925754007,132.82041401950568,133.6671142578125,1002700,0.0,0.0
2014-06-11 00:00:00-04:00,133.01209874970382,133.34758299477411,131.02314338070124,131.4225311279297,1297500,0.0,0.0
2014-06-12 00:00:00-04:00,131.23881200068192,131.6062418909656,129.5453997182449,129.912841796875,857100,0.0,0.0
2014-06-13 00:00:00-04:00,130.1684459553082,131.4704415833211,129.92881089504624,131.03111267089844,750200,0.0,0.0
2014-06-16 00:00:00-04:00,130.88740376114214,132.30124034728644,130.6238062831592,131.9098358154297,889300,0.0,0.0
2014-06-17 00:00:00-04:00,131.79796774936494,132.30918362158613,130.63974562196432,131.19090270996094,858100,0.0,0.0
2014-06-18 00:00:00-04:00,131.10301380483585,131.17490066755352,129.44155946584678,130.8314208984375,1028200,0.0,0.0
2014-06-19 00:00:00-04:00,131.00718149184846,132.29321069266965,130.44005764251983,131.15895080566406,1045800,0.0,0.0
2014-06-20 00:00:00-04:00,130.79950257176105,132.3571125311292,130.79950257176105,132.1174774169922,1862900,0.0,0.0
2014-06-23 00:00:00-04:00,132.01366407215409,132.44499758963397,130.45605388632399,130.9592742919922,829500,0.0,0.0
2014-06-24 00:00:00-04:00,130.42408163328278,131.39858886007892,129.76909196596412,129.80902099609375,812500,0.0,0.0
2014-06-25 00:00:00-04:00,129.92084582118753,130.12853527670185,128.9543341754496,129.76109313964844,988400,0.0,0.0
2014-06-26 00:00:00-04:00,130.0486390977106,130.0486390977106,128.21145298330114,129.4415740966797,988400,0.0,0.0
2014-06-27 00:00:00-04:00,129.62533106866152,130.14453044417414,129.28984670763558,129.9608154296875,1102200,0.0,0.0
2014-06-30 00:00:00-04:00,130.00872062845417,130.06464077445736,128.09166394051647,128.38720703125,1234500,0.0,0.0
2014-07-01 00:00:00-04:00,127.83605259962766,129.21794328148223,126.67783031819216,128.31532287597656,1358200,0.0,0.0
2014-07-02 00:00:00-04:00,128.41911059647038,128.50697636851126,126.36625218985328,126.98929595947266,1309800,0.0,0.0
2014-07-03 00:00:00-04:00,127.64435764931481,128.10764901193403,127.09320047329628,127.72422790527344,687200,0.0,0.0
2014-07-07 00:00:00-04:00,127.2049705962273,127.57241260885864,125.97486195772863,126.44613647460938,1164700,0.0,0.0
2014-07-08 00:00:00-04:00,126.55798324183775,126.55798324183775,125.37579899797453,125.57549285888672,970900,0.0,0.0
2014-07-09 00:00:00-04:00,126.30238881477491,126.78964239841419,125.75123172314304,126.15061950683594,827400,0.0,0.0
2014-07-10 00:00:00-04:00,124.79271645737441,127.0372740850086,124.79271645737441,126.35032653808594,815700,0.0,0.0
2014-07-11 00:00:00-04:00,126.31040216314376,128.2993458055555,126.15063727648372,128.05172729492188,1073600,0.0,0.0
2014-07-14 00:00:00-04:00,128.42714003647643,129.38566831913172,128.20348384346846,129.2498779296875,1045100,0.0,0.0
2014-07-15 00:00:00-04:00,129.1859713238415,130.5918241471777,128.97829406055234,129.89688110351562,1312000,0.0,0.0
2014-07-16 00:00:00-04:00,130.26431614935828,130.56785475395228,128.72267302367268,129.0421905517578,947800,0.0,0.0
2014-07-17 00:00:00-04:00,128.69070825207538,130.36014595270504,128.25137933392398,128.86643981933594,1190600,0.0,0.0
2014-07-18 00:00:00-04:00,129.2578972734554,129.83300459820637,128.65081990498663,129.79307556152344,1074700,0.0,0.0
2014-07-21 00:00:00-04:00,129.4016515406668,130.7356053748113,128.75464523309927,130.1844482421875,1201200,0.0,0.0
2014-07-22 00:00:00-04:00,131.39859922185354,134.3380878707553,131.31073340961194,134.09046936035156,2174500,0.0,0.0
2014-07-23 00:00:00-04:00,134.00260743751002,135.16084195658954,133.57127392111798,134.27420043945312,1808500,0.0,0.0
2014-07-24 00:00:00-04:00,134.6176596704353,135.88771003204306,134.05053578293212,135.7678985595703,1617600,0.0,0.0
2014-07-25 00:00:00-04:00,135.2566980692443,136.34303356761535,135.14486995272156,135.82382202148438,2112300,0.0,0.0
2014-07-28 00:00:00-04:00,135.78390200581978,136.24719343029292,134.43396895988707,135.79188537597656,1989600,0.0,0.0
2014-07-29 00:00:00-04:00,136.19123404069725,136.31904105649613,135.1847812150639,135.2566680908203,1063100,0.0,0.0
2014-07-30 00:00:00-04:00,135.9835446780751,136.8781693323454,134.8652516718905,135.93560791015625,1077200,0.0,0.0
2014-07-31 00:00:00-04:00,135.05692201838409,135.18472898480317,133.3715057373047,133.3715057373047,1935900,0.0,0.0
2014-08-01 00:00:00-04:00,133.17185818669017,134.80935047131157,132.74850812815575,133.49136352539062,1535900,0.0,0.0
2014-08-04 00:00:00-04:00,133.84283109092416,134.65758557612443,133.41948101853578,134.42593383789062,1196400,0.0,0.0
2014-08-05 00:00:00-04:00,134.0265317474402,135.12086243757273,133.04404132475386,133.33958435058594,1218900,0.0,0.0
2014-08-06 00:00:00-04:00,132.66067648221951,132.66067648221951,129.96880613624825,130.24038696289062,1883000,0.0,0.0
2014-08-07 00:00:00-04:00,131.22283427186483,131.49441500860442,129.81699382137762,130.16046142578125,1087100,0.0,0.0
2014-08-08 00:00:00-04:00,130.28827314202658,132.74850316066917,130.28028977477942,132.43698120117188,1196000,0.0,0.0
2014-08-11 00:00:00-04:00,133.28370406164484,133.33961201862238,132.59675652224863,132.71656799316406,801800,0.0,0.0
2014-08-12 00:00:00-04:00,132.71657887799813,133.51535458521053,132.0056689861131,132.42103576660156,779500,0.0,0.0
2014-08-13 00:00:00-04:00,132.7165395724167,135.3125598520147,132.7165395724167,135.06494140625,1079100,0.0,0.0
2014-08-14 00:00:00-04:00,135.26464904117287,135.95959205944146,134.88124018897656,135.3924560546875,1030000,0.0,0.0
2014-08-15 00:00:00-04:00,135.7199618123475,136.1912364796542,134.14637294364377,135.12088012695312,1062400,0.0,0.0
2014-08-18 00:00:00-04:00,135.95157676066617,137.46925740197474,135.8237697657115,137.00596618652344,766400,0.0,0.0
2014-08-19 00:00:00-04:00,137.40538980678804,137.70891626368066,136.82227481057643,137.49325561523438,841100,0.0,0.0
2014-08-20 00:00:00-04:00,137.50925172890982,140.1611932861215,137.493284988217,140.03338623046875,1351100,0.0,0.0
2014-08-21 00:00:00-04:00,139.72182989528045,140.17713784878634,139.13073154906633,139.86561584472656,1088200,0.0,0.0
2014-08-22 00:00:00-04:00,139.5540970532582,140.68835699641642,139.2745207046679,139.90554809570312,801400,0.0,0.0
2014-08-25 00:00:00-04:00,140.38475350654807,141.43914271188115,140.12913957010005,141.00779724121094,866400,0.0,0.0
2014-08-26 00:00:00-04:00,141.35930650447588,141.39125216279973,140.61643892371248,141.07174682617188,1036500,0.0,0.0
2014-08-27 00:00:00-04:00,141.37530345167906,141.53505614035979,140.5845111884385,140.9998779296875,1115200,0.0,0.0
2014-08-28 00:00:00-04:00,140.5813413294839,140.8871843288401,139.83284634374817,140.12258911132812,1455800,1.33,0.0
2014-08-29 00:00:00-04:00,140.6537880369023,140.91938662385544,139.84090432353403,140.0421142578125,1532000,0.0,0.0
2014-09-02 00:00:00-04:00,140.95961621993047,141.09643748712318,139.2936045256395,139.88113403320312,1547700,0.0,0.0
2014-09-03 00:00:00-04:00,140.7986961696619,141.36208165188316,139.4063265605545,139.6397247314453,1454800,0.0,0.0
2014-09-04 00:00:00-04:00,140.03403180334158,140.43645156132257,139.04407035647733,139.26942443847656,1109000,0.0,0.0
2014-09-05 00:00:00-04:00,139.37406911458143,140.56522825877727,138.73019499200512,140.50889587402344,983600,0.0,0.0
2014-09-08 00:00:00-04:00,140.4606400331803,141.30572424746006,140.3318627226294,140.66184997558594,926500,0.0,0.0
2014-09-09 00:00:00-04:00,141.32987274859772,141.93350259413978,140.7181866453515,140.79867553710938,1418300,0.0,0.0
2014-09-10 00:00:00-04:00,140.81475153819846,140.87108392802995,139.81674594420315,140.51695251464844,2210500,0.0,0.0
2014-09-11 00:00:00-04:00,140.34791093815807,140.6617978407367,139.70403690492924,140.20303344726562,1299200,0.0,0.0
2014-09-12 00:00:00-04:00,140.17891445590072,140.83888883589339,139.80869510980364,140.38816833496094,759400,0.0,0.0
2014-09-15 00:00:00-04:00,140.38010174556905,141.4746839383189,139.97768200236507,141.32981872558594,678500,0.0,0.0
2014-09-16 00:00:00-04:00,140.9515901756667,143.21318792151592,140.86305731141127,142.60955810546875,1186800,0.0,0.0
2014-09-17 00:00:00-04:00,143.0843945761981,144.5894408189725,142.81879601320048,143.90533447265625,1152600,0.0,0.0
2014-09-18 00:00:00-04:00,144.36410766822505,144.6458065040836,143.50293548813482,144.52508544921875,1040400,0.0,0.0
2014-09-19 00:00:00-04:00,145.26551067157155,145.85304016861642,145.04820053068383,145.4667205810547,1896300,0.0,0.0
2014-09-22 00:00:00-04:00,144.64577226056917,145.48280003152803,143.87312084971074,144.05824279785156,1097400,0.0,0.0
2014-09-23 00:00:00-04:00,143.6880312125888,144.0502066228095,141.58739909625362,141.92543029785156,1451100,0.0,0.0
2014-09-24 00:00:00-04:00,141.87713570947315,143.66388075511634,141.87713570947315,143.57534790039062,959400,0.0,0.0
2014-09-25 00:00:00-04:00,143.34198828660212,143.85708532124846,141.86107356622207,142.810791015625,1739100,0.0,0.0
2014-09-26 00:00:00-04:00,142.89123253730193,146.69813309667126,142.89123253730193,146.14279174804688,1877700,0.0,0.0
2014-09-29 00:00:00-04:00,146.31987548918602,147.116659017226,144.95969428647953,145.9657440185547,1579900,0.0,0.0
2014-09-30 00:00:00-04:00,146.96373155312222,148.16293482531339,146.58545591829068,147.1085968017578,1981200,0.0,0.0
2014-10-01 00:00:00-04:00,145.7966852110549,145.7966852110549,142.5209945018737,143.17291259765625,1901400,0.0,0.0
2014-10-02 00:00:00-04:00,142.98784035959002,143.50293733511037,141.4827815979148,141.93350219726562,1468900,0.0,0.0
2014-10-03 00:00:00-04:00,142.99586934336781,144.33995018105145,142.3922395628038,143.5351104736328,2463700,0.0,0.0
2014-10-06 00:00:00-04:00,144.5653072292768,144.62969588087307,142.1910325007321,142.39224243164062,1486300,0.0,0.0
2014-10-07 00:00:00-04:00,141.9737065459125,142.10248383478202,139.2372567022655,139.25335693359375,1182700,0.0,0.0
2014-10-08 00:00:00-04:00,139.45459416479878,142.0944676994506,138.29562289965784,141.93350219726562,1677600,0.0,0.0
2014-10-09 00:00:00-04:00,141.9093414324843,142.10249510022297,139.6799320305933,140.48477172851562,1581500,0.0,0.0
2014-10-10 00:00:00-04:00,140.58938909380248,142.27955733038183,139.80064964780894,140.42037963867188,1668600,0.0,0.0
2014-10-13 00:00:00-04:00,140.01795832776588,142.01395727008398,139.06019715583037,139.14068603515625,1473800,0.0,0.0
2014-10-14 00:00:00-04:00,139.67993817535393,143.06026259915808,139.34995093727807,141.74032592773438,1585300,0.0,0.0
2014-10-15 00:00:00-04:00,140.0501606375371,141.66789639666177,137.03201157156414,140.9998779296875,2180500,0.0,0.0
2014-10-16 00:00:00-04:00,139.4223816824625,142.23932071105963,138.79460768141692,140.62159729003906,1972800,0.0,0.0
2014-10-17 00:00:00-04:00,142.32782128215018,143.1729052551828,141.5390819717289,141.8449249267578,2360100,0.0,0.0
2014-10-20 00:00:00-04:00,141.59544476668765,141.94957620523186,139.9857653412172,141.2735137939453,2054900,0.0,0.0
2014-10-21 00:00:00-04:00,136.94345944890426,139.9213759332404,133.8287339807362,138.92337036132812,4106600,0.0,0.0
2014-10-22 00:00:00-04:00,137.62759320748495,143.13269398837326,137.39419509042773,141.6598358154297,3805700,0.0,0.0
2014-10-23 00:00:00-04:00,142.52907252806506,146.1830519766984,142.52907252806506,145.410400390625,2442900,0.0,0.0
2014-10-24 00:00:00-04:00,146.21521662818472,146.28764924872223,144.4043274294769,145.9415740966797,1550700,0.0,0.0
2014-10-27 00:00:00-04:00,146.23132178599087,147.36614866948895,145.4345260906005,147.28565979003906,1071400,0.0,0.0
2014-10-28 00:00:00-04:00,148.17096727688332,149.33798217773438,147.0280842993822,149.33798217773438,1809200,0.0,0.0
2014-10-29 00:00:00-04:00,149.72436412157862,150.32799404055962,148.82294737244928,150.04629516601562,1663700,0.0,0.0
2014-10-30 00:00:00-04:00,149.66799340775498,152.6136973249605,148.75852063272038,152.3480987548828,1586100,0.0,0.0
2014-10-31 00:00:00-04:00,154.04631731687738,154.46483740943793,152.64590406546543,153.37831115722656,1699900,0.0,0.0
2014-11-03 00:00:00-05:00,153.96584240711744,154.47288308470837,151.81692180727873,153.52317810058594,1145900,0.0,0.0
2014-11-04 00:00:00-05:00,153.5955880645632,155.285756156149,153.15292382335,153.5553436279297,1667900,0.0,0.0
2014-11-05 00:00:00-05:00,154.68216660513136,154.80288766549359,151.53523996895802,152.70225524902344,1743800,0.0,0.0
2014-11-06 00:00:00-05:00,152.91954436427716,153.2978200091223,152.1790933073767,152.82296752929688,995100,0.0,0.0
2014-11-07 00:00:00-05:00,152.42056423033938,152.44470844170678,148.82292936602795,149.8209228515625,2569400,0.0,0.0
2014-11-10 00:00:00-05:00,150.07042992007618,150.71429191567216,149.50703225260915,150.4969940185547,1296200,0.0,0.0
2014-11-11 00:00:00-05:00,150.5050314374119,151.66400262839477,150.2957775260488,150.6016082763672,881400,0.0,0.0
2014-11-12 00:00:00-05:00,150.4487095693765,151.16502883649116,149.98191325640454,150.40042114257812,789300,0.0,0.0
2014-11-13 00:00:00-05:00,150.64986018955972,152.1549184902183,150.44865030324124,151.2856903076172,990600,0.0,0.0
2014-11-14 00:00:00-05:00,151.30183225389953,151.30987623045448,149.62776406445272,150.18310546875,1665700,0.0,0.0
2014-11-17 00:00:00-05:00,150.25551857955057,150.64988215447227,149.18508035455994,149.30580139160156,1160900,0.0,0.0
2014-11-18 00:00:00-05:00,149.12065485756654,150.6981456100641,148.4928810583266,150.15084838867188,1775200,0.0,0.0
2014-11-19 00:00:00-05:00,149.7565399905046,150.31186910878907,149.2253428016619,149.7001953125,1167500,0.0,0.0
2014-11-20 00:00:00-05:00,149.41844090480416,149.68403940043038,148.4043476058568,149.34600830078125,1021600,0.0,0.0
2014-11-21 00:00:00-05:00,151.2776507481652,151.53519302411303,150.6498645861235,151.2534942626953,1328200,0.0,0.0
2014-11-24 00:00:00-05:00,151.5352130721006,152.32395251519173,151.30985894550315,151.96983337402344,1127000,0.0,0.0
2014-11-25 00:00:00-05:00,151.96980861752846,152.95170156296092,151.75249850196775,151.8490753173828,1808100,0.0,0.0
2014-11-26 00:00:00-05:00,152.1167456321463,153.7798911935829,151.81657254880577,153.4553680419922,1320600,1.5,0.0
2014-11-28 00:00:00-05:00,153.83671040932072,156.2381327665432,153.33371488272016,155.41061401367188,940900,0.0,0.0
2014-12-01 00:00:00-05:00,154.89953018996584,155.67026527711246,154.1612660012064,155.03746032714844,1538300,0.0,0.0
2014-12-02 00:00:00-05:00,154.68860369293725,155.41877184145082,153.59337003911423,154.23428344726562,1659900,0.0,0.0
2014-12-03 00:00:00-05:00,154.30732645724416,154.68863367576148,153.86111456543657,153.8854522705078,1383300,0.0,0.0
2014-12-04 00:00:00-05:00,154.1288478605254,154.34789959422218,152.90380459887527,153.926025390625,900100,0.0,0.0
2014-12-05 00:00:00-05:00,153.39054420596688,154.29106385763671,152.90376545111477,154.03956604003906,1204300,0.0,0.0
2014-12-08 00:00:00-05:00,154.14503444379164,154.6399216284936,153.14715163438518,154.02334594726562,1669000,0.0,0.0
2014-12-09 00:00:00-05:00,152.77396351949506,154.75351239530497,152.62793731355757,154.64804077148438,1140800,0.0,0.0
2014-12-10 00:00:00-05:00,153.94223308894044,154.7129558907327,152.16550652082287,152.449462890625,1244000,0.0,0.0
2014-12-11 00:00:00-05:00,153.1390693474529,154.46958422120736,152.55493965855575,153.53660583496094,1170600,0.0,0.0
2014-12-12 00:00:00-05:00,151.93833244461584,152.55490815365246,149.91010821572115,150.234619140625,1204600,0.0,0.0
2014-12-15 00:00:00-05:00,150.56721820817745,151.92207021352505,148.51465672433932,149.44764709472656,1308200,0.0,0.0
2014-12-16 00:00:00-05:00,149.27732172242008,152.87132955878184,149.26921328104834,150.40501403808594,1228600,0.0,0.0
2014-12-17 00:00:00-05:00,150.40504119020923,150.84313231006806,147.9874006398949,150.2103271484375,1482600,0.0,0.0
2014-12-18 00:00:00-05:00,152.15742836415893,155.54050587599917,150.9323726509961,155.47560119628906,1670500,0.0,0.0
2014-12-19 00:00:00-05:00,155.40252017597493,157.58489110791953,154.96441687417155,156.4571990966797,2609100,0.0,0.0
2014-12-22 00:00:00-05:00,156.90341742112236,159.79161904851918,156.90341742112236,159.3778533935547,1105500,0.0,0.0
2014-12-23 00:00:00-05:00,161.04100453601538,161.21948925934626,158.80995787367763,158.82618713378906,986000,0.0,0.0
2014-12-24 00:00:00-05:00,158.9884012938881,160.5623048747635,158.8423627494207,159.36158752441406,403200,0.0,0.0
2014-12-26 00:00:00-05:00,159.5888156504668,160.48122696735328,159.48334401929046,159.69427490234375,547400,0.0,0.0
2014-12-29 00:00:00-05:00,159.76729202229478,159.76729202229478,157.96624008173816,158.72073364257812,610800,0.0,0.0
2014-12-30 00:00:00-05:00,158.3962345899836,159.34544222788548,158.20152056965733,158.5503692626953,523600,0.0,0.0
2014-12-31 00:00:00-05:00,158.1284870523524,158.98845220073028,156.18950505840448,156.23007202148438,706500,0.0,0.0
2015-01-02 00:00:00-05:00,155.84879051596334,157.77965200768406,154.98881284666797,156.8304443359375,902100,0.0,0.0
2015-01-05 00:00:00-05:00,156.49778724354127,157.7958557904523,153.0092512349037,153.56903076171875,1506200,0.0,0.0
2015-01-06 00:00:00-05:00,153.8367747121491,154.94825020518536,151.54894381229357,152.8470001220703,1205800,0.0,0.0
2015-01-07 00:00:00-05:00,153.59340765249146,154.97259798725727,153.51227371191058,154.81845092773438,941900,0.0,0.0
2015-01-08 00:00:00-05:00,154.87521168820317,159.72673341170596,154.87521168820317,158.30697631835938,1950900,0.0,0.0
2015-01-09 00:00:00-05:00,158.27452676963975,159.88088951371915,158.05548743305633,158.21774291992188,1439500,0.0,0.0
2015-01-12 00:00:00-05:00,158.61525076547028,159.19938036181824,157.15493915389922,157.77151489257812,896400,0.0,0.0
2015-01-13 00:00:00-05:00,159.12633618805506,160.9923046798796,156.31926882149517,157.67413330078125,1095000,0.0,0.0
2015-01-14 00:00:00-05:00,157.51184196273826,157.58486742159346,155.46740145927396,156.7654571533203,1101100,0.0,0.0
2015-01-15 00:00:00-05:00,157.51999488673636,157.98242353083657,155.64591785359366,156.06777954101562,896600,0.0,0.0
2015-01-16 00:00:00-05:00,155.67026579014947,158.01489244051206,155.67026579014947,157.96621704101562,1085600,0.0,0.0
2015-01-20 00:00:00-05:00,159.52389064816566,159.81595542247732,156.58701364556032,158.80995178222656,857800,0.0,0.0
2015-01-21 00:00:00-05:00,158.2015175587686,159.62127476762933,157.4794701020057,158.60716247558594,966600,0.0,0.0
2015-01-22 00:00:00-05:00,159.82407121970022,161.0896811735441,158.42865194256504,160.7083740234375,1307900,0.0,0.0
2015-01-23 00:00:00-05:00,160.62724205623084,161.34928934864274,159.78349388889478,160.1810302734375,1313000,0.0,0.0
2015-01-26 00:00:00-05:00,159.21559962879218,159.7591622286333,156.60324587001668,158.75315856933594,1338900,0.0,0.0
2015-01-27 00:00:00-05:00,156.57892020946701,156.97645663960347,154.4046696429224,154.5912628173828,1942700,0.0,0.0
2015-01-28 00:00:00-05:00,155.63784359900166,158.0392670288345,153.33378337018556,153.53660583496094,1570400,0.0,0.0
2015-01-29 00:00:00-05:00,153.5446655255706,156.1975859887172,151.79228939457082,156.17324829101562,2017000,0.0,0.0
2015-01-30 00:00:00-05:00,153.95844480641716,154.92388149857058,152.74961873635397,152.8226318359375,2287900,0.0,0.0
2015-02-02 00:00:00-05:00,152.85507077000585,153.95030426132092,150.90796837550724,153.60145568847656,1554000,0.0,0.0
2015-02-03 00:00:00-05:00,154.4533234060315,156.0109980069416,153.81239766723107,155.76760864257812,1618200,0.0,0.0
2015-02-04 00:00:00-05:00,155.23218238468883,157.00890897042026,154.64805275707027,155.9947967529297,1230900,0.0,0.0
2015-02-05 00:00:00-05:00,156.64379768923328,157.77148973975835,155.42686328740203,157.43885803222656,1063200,0.0,0.0
2015-02-06 00:00:00-05:00,157.62547457776458,159.78350820845753,156.49778235980529,158.39620971679688,1127100,0.0,0.0
2015-02-09 00:00:00-05:00,157.67412458909638,158.19334939141837,156.3354894414177,156.59510803222656,1208300,0.0,0.0
2015-02-10 00:00:00-05:00,158.28262745463968,158.99655398188617,157.29285301758352,158.74505615234375,1280600,0.0,0.0
2015-02-11 00:00:00-05:00,158.33941244515012,159.97010031836967,158.20149467889462,159.2642822265625,1439300,0.0,0.0
2015-02-12 00:00:00-05:00,159.58883196346633,160.82198362332082,159.32921326920177,160.21351623535156,1217900,0.0,0.0
2015-02-13 00:00:00-05:00,160.0593591204096,160.95178285171306,159.16694776840603,159.7835235595703,1253900,0.0,0.0
2015-02-17 00:00:00-05:00,159.4427508711867,160.87873699039415,158.8261752055399,160.2864990234375,1023300,0.0,0.0
2015-02-18 00:00:00-05:00,160.28653428374412,161.105932538261,159.78352618179997,161.0978240966797,902000,0.0,0.0
2015-02-19 00:00:00-05:00,161.08969348881126,163.66960137444042,160.61103549929214,163.645263671875,1775000,0.0,0.0
2015-02-20 00:00:00-05:00,162.95565432181118,165.50310355787317,162.48510479676807,165.4949951171875,1301400,0.0,0.0
2015-02-23 00:00:00-05:00,165.50312768442694,166.84987179249902,164.85409333529455,166.79307556152344,1440600,0.0,0.0
2015-02-24 00:00:00-05:00,166.72811493347393,167.88014463638632,166.16833552925524,167.62864685058594,1168600,0.0,0.0
2015-02-25 00:00:00-05:00,167.9775474800142,167.98565592107593,165.90875611373855,166.20082092285156,2759800,0.0,0.0
2015-02-26 00:00:00-05:00,166.11089696031556,166.59308550098132,163.8879112653382,164.54173278808594,1349700,1.5,0.0
2015-02-27 00:00:00-05:00,164.27204364875513,165.04028306211146,163.45476979975635,163.49563598632812,1311400,0.0,0.0
2015-03-02 00:00:00-05:00,163.49562370953507,166.01282847190896,163.49562370953507,165.9229278564453,1037400,0.0,0.0
2015-03-03 00:00:00-05:00,165.4571015054469,165.4571015054469,162.9889307917511,163.39756774902344,1312100,0.0,0.0
2015-03-04 00:00:00-05:00,163.20956716769112,163.5201351866857,162.45767680593238,162.6129608154297,851400,0.0,0.0
2015-03-05 00:00:00-05:00,162.93987797566294,163.47928169137444,162.4331721963873,162.71922302246094,872300,0.0,0.0
2015-03-06 00:00:00-05:00,162.13075064761,162.34323730715246,160.76590514883515,161.5423126220703,1220300,0.0,0.0
2015-03-09 00:00:00-04:00,161.34621286559613,163.85524974041388,161.17459232904847,163.24229431152344,887600,0.0,0.0
2015-03-10 00:00:00-04:00,162.15532862614424,162.62116829641334,161.25632228617107,161.47698974609375,1087100,0.0,0.0
2015-03-11 00:00:00-04:00,161.77119751878794,162.1553172488609,160.92940640069867,161.17459106445312,953000,0.0,0.0
2015-03-12 00:00:00-04:00,161.444263361467,162.59662242951907,161.444263361467,162.4576873779297,1047200,0.0,0.0
2015-03-13 00:00:00-04:00,161.79572106950937,162.64568047042746,159.85878584421187,161.09286499023438,1155400,0.0,0.0
2015-03-16 00:00:00-04:00,162.00001977386378,165.33449850072208,161.90195090474145,165.17921447753906,1198000,0.0,0.0
2015-03-17 00:00:00-04:00,164.6643090677258,165.08929490281008,163.47926464299053,164.0023193359375,936600,0.0,0.0
2015-03-18 00:00:00-04:00,164.0840688051096,166.3070545995521,162.11443590029845,165.57968139648438,872800,0.0,0.0
2015-03-19 00:00:00-04:00,165.49795128175637,166.20080727738227,164.3047259977928,165.24459838867188,1178000,0.0,0.0
2015-03-20 00:00:00-04:00,165.94746573266193,166.75655890195748,164.81962377472283,166.53590393066406,3938100,0.0,0.0
2015-03-23 00:00:00-04:00,166.17628704081562,167.20604756288452,165.84120178222656,165.84120178222656,1028100,0.0,0.0
2015-03-24 00:00:00-04:00,165.36720596442035,167.02627106434713,164.23119568707227,166.15179443359375,1250900,0.0,0.0
2015-03-25 00:00:00-04:00,166.18448670821428,166.7238905234427,162.63752065767204,162.65386962890625,1338200,0.0,0.0
2015-03-26 00:00:00-04:00,161.46881921408266,164.3701317408085,160.3981798713863,163.91246032714844,1499700,0.0,0.0
2015-03-27 00:00:00-04:00,163.91246718436966,165.80036808000241,163.65094599588502,165.27731323242188,1256400,0.0,0.0
2015-03-30 00:00:00-04:00,166.31522279626898,168.5136913730011,165.90658588522163,167.45123291015625,1049000,0.0,0.0
2015-03-31 00:00:00-04:00,166.28255357694945,167.68008496573503,165.87391662597656,165.87391662597656,1261500,0.0,0.0
2015-04-01 00:00:00-04:00,165.17108036978155,165.47346775915204,161.35439981606999,162.44137573242188,1897200,0.0,0.0
2015-04-02 00:00:00-04:00,162.93988390429874,163.09516793149686,161.55052084983598,162.40866088867188,1387600,0.0,0.0
2015-04-06 00:00:00-04:00,162.90721323562823,164.37012807672443,161.69765131640258,163.887939453125,1366300,0.0,0.0
2015-04-07 00:00:00-04:00,164.27206517024052,165.53884229627252,163.37305883031823,163.57737731933594,1084800,0.0,0.0
2015-04-08 00:00:00-04:00,163.82251070544177,164.99938682898718,163.152352756016,164.11672973632812,944800,0.0,0.0
2015-04-09 00:00:00-04:00,163.87976235685133,165.0157725543289,163.69178038509904,164.63165283203125,828100,0.0,0.0
2015-04-10 00:00:00-04:00,164.57443389128397,165.24460444520125,163.68360837307543,163.78167724609375,1279000,0.0,0.0
2015-04-13 00:00:00-04:00,163.47928046401086,164.37828665011384,160.85583849743466,161.04380798339844,2130400,0.0,0.0
2015-04-14 00:00:00-04:00,160.91303678198426,161.6322417112102,160.47171442034642,161.2808074951172,1586900,0.0,0.0
2015-04-15 00:00:00-04:00,162.04089940185685,163.0134573366965,161.03564352752457,161.17459106445312,1154300,0.0,0.0
2015-04-16 00:00:00-04:00,160.65966036901918,161.85287294979892,159.91593833255942,161.10098266601562,1065300,0.0,0.0
2015-04-17 00:00:00-04:00,160.0222231029007,160.54527787062187,158.50209323567833,159.22129821777344,1229900,0.0,0.0
2015-04-20 00:00:00-04:00,159.5972633620305,161.53419872278903,159.36842764306374,160.8395233154297,1276600,0.0,0.0
2015-04-21 00:00:00-04:00,161.86109371951338,162.0980976566075,159.45830652753492,160.4226837158203,1421000,0.0,0.0
2015-04-22 00:00:00-04:00,160.75775116017408,161.89376122352297,159.54002120061656,161.517822265625,1127300,0.0,0.0
2015-04-23 00:00:00-04:00,161.4034440518859,162.58030811690327,160.22656751625718,161.1664276123047,1178700,0.0,0.0
2015-04-24 00:00:00-04:00,161.0111356577618,161.19911764423492,159.3684195152552,159.67080688476562,1307400,0.0,0.0
2015-04-27 00:00:00-04:00,159.89149064479597,160.6597302278827,158.16704194359446,158.42039489746094,1377700,0.0,0.0
2015-04-28 00:00:00-04:00,158.34680693605614,158.771792825797,156.58149244384862,158.56747436523438,1095600,0.0,0.0
2015-04-29 00:00:00-04:00,158.04440004875508,158.60832092542643,156.04206940652023,156.33628845214844,1427200,0.0,0.0
2015-04-30 00:00:00-04:00,156.07484087440778,156.47530968565727,151.72693653723113,152.50335693359375,2257200,0.0,0.0
2015-05-01 00:00:00-04:00,152.66672212251083,154.58730774039708,152.66672212251083,154.4647216796875,1196000,0.0,0.0
2015-05-04 00:00:00-04:00,154.62817216893694,155.97668117452503,154.58730599229375,155.0286407470703,912400,0.0,0.0
2015-05-05 00:00:00-04:00,154.66908741286363,155.20031046593192,152.92012174490586,153.11627197265625,993600,0.0,0.0
2015-05-06 00:00:00-04:00,154.0642829493135,154.52196676272735,151.93937850477462,152.69126892089844,1192200,0.0,0.0
2015-05-07 00:00:00-04:00,152.54414945508324,154.42388168517948,152.29079657292314,153.81910705566406,1040700,0.0,0.0
2015-05-08 00:00:00-04:00,155.24935820854907,156.1320030616346,154.85705775094408,155.67433166503906,950500,0.0,0.0
2015-05-11 00:00:00-04:00,155.1267188022712,156.24637977923754,154.90605141178494,155.66612243652344,832000,0.0,0.0
2015-05-12 00:00:00-04:00,154.64455324333082,156.35265253446397,154.09698128031437,155.7805633544922,941800,0.0,0.0
2015-05-13 00:00:00-04:00,156.07480223794073,156.90842513205286,155.94403541717602,156.0993194580078,980900,0.0,0.0
2015-05-14 00:00:00-04:00,156.6059808565314,158.01987332240273,156.48339479098505,157.77468872070312,1004500,0.0,0.0
2015-05-15 00:00:00-04:00,157.75840278436675,158.3958755211113,156.998343933099,157.21083068847656,1356500,0.0,0.0
2015-05-18 00:00:00-04:00,157.2843535842745,158.24874323434614,157.21080192901576,157.7992401123047,822100,0.0,0.0
2015-05-19 00:00:00-04:00,157.7501992552907,158.8044770162537,157.66029863454122,158.04441833496094,772100,0.0,0.0
2015-05-20 00:00:00-04:00,158.46936378032837,158.46936378032837,157.29250013997677,157.93814086914062,826500,0.0,0.0
2015-05-21 00:00:00-04:00,158.19971246181888,158.5020998097374,157.34157238542835,157.82376098632812,769700,0.0,0.0
2015-05-22 00:00:00-04:00,157.9463503745033,158.0280827532389,157.0473565614626,157.61944580078125,995600,0.0,0.0
2015-05-26 00:00:00-04:00,157.4723046126113,157.4723046126113,155.3964347160366,155.69882202148438,1380400,0.0,0.0
2015-05-27 00:00:00-04:00,155.6498219361114,156.5815137441941,155.3147366222596,156.3853759765625,1196100,0.0,0.0
2015-05-28 00:00:00-04:00,156.02293070973963,157.1349602961035,155.6275306811678,156.60777282714844,1468900,1.5,0.0
2015-05-29 00:00:00-04:00,156.45121990756667,156.59126523582145,154.54840334376877,155.0261688232422,1517400,0.0,0.0
2015-06-01 00:00:00-04:00,156.08051719129105,158.36225515422342,155.16617544940374,157.3902587890625,2003600,0.0,0.0
2015-06-02 00:00:00-04:00,157.01135798946214,157.57148900622633,155.5204069705103,157.14315795898438,1469200,0.0,0.0
2015-06-03 00:00:00-04:00,157.67859552441007,158.42819379384915,157.15964094262327,158.0657501220703,1340300,0.0,0.0
2015-06-04 00:00:00-04:00,157.134939370154,158.39524694168,156.50067547592496,156.64894104003906,1854000,0.0,0.0
2015-06-05 00:00:00-04:00,156.02290072451888,156.3194444043862,155.21563524818436,155.95700073242188,1389100,0.0,0.0
2015-06-08 00:00:00-04:00,155.9652335321115,157.19259731789475,155.7345898443203,155.9899444580078,964800,0.0,0.0
2015-06-09 00:00:00-04:00,156.86308335696384,156.95369426687589,155.9322759032899,155.9734649658203,1041200,0.0,0.0
2015-06-10 00:00:00-04:00,155.97345394045772,157.0442940757304,155.55334312913612,155.91578674316406,1729300,0.0,0.0
2015-06-11 00:00:00-04:00,156.03115838521677,157.77746446220627,156.03115838521677,157.72804260253906,1333100,0.0,0.0
2015-06-12 00:00:00-04:00,156.99490748283276,157.76921672863693,156.69013099766525,157.316162109375,1110100,0.0,0.0
2015-06-15 00:00:00-04:00,156.5089084189036,156.9866739634264,155.69341010804135,156.44300842285156,710600,0.0,0.0
2015-06-16 00:00:00-04:00,155.89935602935816,157.44797464432875,155.5945795199123,157.18438720703125,853800,0.0,0.0
2015-06-17 00:00:00-04:00,157.6291713702854,157.9751368967106,156.27825297556592,157.34910583496094,862100,0.0,0.0
2015-06-18 00:00:00-04:00,157.74450604430123,160.20746656434778,157.6538951203092,158.774169921875,1159700,0.0,0.0
2015-06-19 00:00:00-04:00,158.72475329335865,158.72475329335865,157.32441288757522,157.44796752929688,1234900,0.0,0.0
2015-06-22 00:00:00-04:00,158.1152162096462,158.9636584199793,157.8763396695825,158.22230529785156,716800,0.0,0.0
2015-06-23 00:00:00-04:00,158.51063611070398,158.93897998195771,157.23386242479913,157.85989379882812,572900,0.0,0.0
2015-06-24 00:00:00-04:00,157.51386120478844,157.98338139362212,156.6077519714055,156.64894104003906,857600,0.0,0.0
2015-06-25 00:00:00-04:00,156.92078500961955,157.47268337510988,156.24531942940936,156.5006866455078,884900,0.0,0.0
2015-06-26 00:00:00-04:00,156.94550811702283,156.9702190480563,155.28156753563871,155.38865661621094,1876300,0.0,0.0
2015-06-29 00:00:00-04:00,154.52372042723746,155.2897969178932,152.72799258810957,152.818603515625,1202600,0.0,0.0
2015-06-30 00:00:00-04:00,154.1777644391082,154.68847375185203,152.66210207480097,153.13162231445312,1275200,0.0,0.0
2015-07-01 00:00:00-04:00,153.22220282029917,155.10030854422908,153.22220282029917,155.00146484375,950000,0.0,0.0
2015-07-02 00:00:00-04:00,155.44633041732757,155.5122178567796,153.84004441728723,154.2848663330078,1024500,0.0,0.0
2015-07-06 00:00:00-04:00,153.81528608634557,155.25681533611788,153.55993148744793,154.8531951904297,902600,0.0,0.0
2015-07-07 00:00:00-04:00,155.33097192590986,156.7395449989628,154.48251737100213,156.6407012939453,1328500,0.0,0.0
2015-07-08 00:00:00-04:00,155.28157197013525,157.6045001067445,155.10035009128737,156.5501251220703,1528200,0.0,0.0
2015-07-09 00:00:00-04:00,157.95869966062193,159.0789746611572,157.50565752933701,158.26348876953125,1442100,0.0,0.0
2015-07-10 00:00:00-04:00,159.79559870302444,162.27502475948492,158.87301133504232,159.96034240722656,1638900,0.0,0.0
2015-07-13 00:00:00-04:00,161.4513202383912,163.42003736506308,161.13006556313147,162.99993896484375,1197200,0.0,0.0
2015-07-14 00:00:00-04:00,163.8400711290718,164.59791461859018,163.39526197309328,163.96363830566406,1059200,0.0,0.0
2015-07-15 00:00:00-04:00,164.0790167811966,164.44969330068625,163.14819651985158,164.26023864746094,972200,0.0,0.0
2015-07-16 00:00:00-04:00,164.58147391460918,166.2371688767841,164.41673021081857,166.08065795898438,975600,0.0,0.0
2015-07-17 00:00:00-04:00,165.512298408108,166.11363121363544,165.0757218923438,165.71823120117188,997900,0.0,0.0
2015-07-20 00:00:00-04:00,166.64907189806746,169.18616572824732,165.5946968737254,168.9720001220703,2052000,0.0,0.0
2015-07-21 00:00:00-04:00,168.40360844530684,168.66719589320695,167.09387885462976,167.3409881591797,1767000,0.0,0.0
2015-07-22 00:00:00-04:00,167.48927075080135,168.40361290929502,166.39370671807356,167.04444885253906,1124200,0.0,0.0
2015-07-23 00:00:00-04:00,167.06091443557693,168.83194396986346,166.92088164676844,167.077392578125,1175100,0.0,0.0
2015-07-24 00:00:00-04:00,167.05269553763014,167.16801740677442,165.30637678740683,165.60292053222656,1124800,0.0,0.0
2015-07-27 00:00:00-04:00,165.04272565258293,166.1959438990837,164.23547288003238,165.70994567871094,997600,0.0,0.0
2015-07-28 00:00:00-04:00,166.73962336813753,168.63420713488367,165.800570554239,167.73634338378906,1125300,0.0,0.0
2015-07-29 00:00:00-04:00,168.6754376548292,173.32128101847005,168.29651578069345,171.4596405029297,2491000,0.0,0.0
2015-07-30 00:00:00-04:00,170.69358883627942,171.74796381966502,169.6474466404164,170.07579040527344,1554700,0.0,0.0
2015-07-31 00:00:00-04:00,171.01480962865577,171.75616257129698,170.12517855600308,170.59471130371094,1116800,0.0,0.0
2015-08-03 00:00:00-04:00,170.73477002037185,171.32785749225488,169.7380497339977,171.16310119628906,1064200,0.0,0.0
2015-08-04 00:00:00-04:00,171.75618046395078,172.81055534823645,170.71828372230271,172.5963897705078,1066100,0.0,0.0
2015-08-05 00:00:00-04:00,173.00000319440917,173.6013233573796,172.21746119013721,172.5139923095703,1209900,0.0,0.0
2015-08-06 00:00:00-04:00,172.7611017249443,172.93409076798258,171.46785057132576,172.3739471435547,1147900,0.0,0.0
2015-08-07 00:00:00-04:00,172.15981496501257,172.4810696193587,170.6935744842389,172.23394775390625,997500,0.0,0.0
2015-08-10 00:00:00-04:00,173.01650247852385,174.2768228273826,172.43989312981986,173.62606811523438,978500,0.0,0.0
2015-08-11 00:00:00-04:00,172.20100556405166,172.78584766269572,171.2537071662759,172.04449462890625,985800,0.0,0.0
2015-08-12 00:00:00-04:00,170.95716074769817,172.42341378752877,170.30641865665064,171.9785919189453,917900,0.0,0.0
2015-08-13 00:00:00-04:00,171.9374090768118,173.56840589519558,171.9044653593831,172.81056213378906,1091200,0.0,0.0
2015-08-14 00:00:00-04:00,172.777601680684,174.69689669036805,172.4316361200611,174.59805297851562,916000,0.0,0.0
2015-08-17 00:00:00-04:00,173.70842257137355,175.55357223553818,173.6178116454269,175.47120666503906,776300,0.0,0.0
2015-08-18 00:00:00-04:00,174.92752197875615,175.73477486854458,174.7463001466819,175.18287658691406,774500,0.0,0.0
2015-08-19 00:00:00-04:00,174.5980618143229,175.3806039007483,173.53544158157624,174.0379180908203,1302600,0.0,0.0
2015-08-20 00:00:00-04:00,173.79077110148089,174.21911476115068,172.26687622070312,172.26687622070312,1405700,0.0,0.0
2015-08-21 00:00:00-04:00,171.7973221214728,172.0279657781835,168.51064372877732,168.6012420654297,2038500,0.0,0.0
2015-08-24 00:00:00-04:00,156.51718332040875,167.4398686491643,149.84496718131462,162.65399169921875,3308700,0.0,0.0
2015-08-25 00:00:00-04:00,169.27673599019903,169.28496877606287,163.551807530149,163.906005859375,2100600,0.0,0.0
2015-08-26 00:00:00-04:00,167.40684985961926,167.40684985961926,162.15145455603076,166.4925079345703,2933800,0.0,0.0
2015-08-27 00:00:00-04:00,167.9752410234903,170.46291241478914,167.14327715412222,169.2190704345703,1688100,0.0,0.0
2015-08-28 00:00:00-04:00,168.97014915613718,169.67546309009035,167.1031215743223,169.19418334960938,1391200,1.5,0.0
2015-08-31 00:00:00-04:00,168.6216344260339,168.64652711354285,166.8541776433519,166.93714904785156,1086800,0.0,0.0
2015-09-01 00:00:00-04:00,164.19055603666536,165.6177959607566,163.48524207868465,163.9831085205078,1673700,0.0,0.0
2015-09-02 00:00:00-04:00,165.70081435523224,169.37677902542174,165.3605973194791,169.31039428710938,1490600,0.0,0.0
2015-09-03 00:00:00-04:00,169.84969988472344,171.31843158088054,169.54268166759726,170.27288818359375,1350900,0.0,0.0
2015-09-04 00:00:00-04:00,168.8954242023221,169.55925862919977,167.1279803929364,168.13201904296875,1213100,0.0,0.0
2015-09-08 00:00:00-04:00,169.42651879339348,172.00716624054022,169.27716266860241,171.7748260498047,1320700,0.0,0.0
2015-09-09 00:00:00-04:00,173.4260835969288,173.62523772478139,169.70862850813418,169.82479858398438,1110300,0.0,0.0
2015-09-10 00:00:00-04:00,169.03655620015672,172.00719378041356,169.03655620015672,171.0612335205078,1370200,0.0,0.0
2015-09-11 00:00:00-04:00,170.77905107260747,171.73331701980226,170.3807554803601,171.6088409423828,1085500,0.0,0.0
2015-09-14 00:00:00-04:00,171.7914350680053,171.7914350680053,170.57164266716816,170.93675231933594,1034300,0.0,0.0
2015-09-15 00:00:00-04:00,171.25207562177437,173.04441251796547,170.53014966396142,172.46356201171875,1253700,0.0,0.0
2015-09-16 00:00:00-04:00,172.29760115238938,172.75398820075637,171.21057824001866,172.23121643066406,927800,0.0,0.0
2015-09-17 00:00:00-04:00,172.47183651396918,174.69566737787486,171.8743867704983,172.26438903808594,958900,0.0,0.0
2015-09-18 00:00:00-04:00,170.9367422578775,170.9616349452791,168.15694065652332,168.70460510253906,3010600,0.0,0.0
2015-09-21 00:00:00-04:00,169.567626953125,170.76251416675993,168.60506731345862,169.567626953125,964700,0.0,0.0
2015-09-22 00:00:00-04:00,167.99929538784028,169.25227377752523,167.2026913863141,168.9950408935547,1119200,0.0,0.0
2015-09-23 00:00:00-04:00,169.38506108911756,170.09868109811478,167.37697051998404,168.2565460205078,601100,0.0,0.0
2015-09-24 00:00:00-04:00,167.20269538661574,170.8454732064411,165.59290066076093,169.90780639648438,1667600,0.0,0.0
2015-09-25 00:00:00-04:00,171.55082007680124,171.58400611168253,168.44740035929885,169.1859130859375,1414000,0.0,0.0
2015-09-28 00:00:00-04:00,168.0739608543786,169.64226339026845,165.95799389983765,166.1405487060547,1315400,0.0,0.0
2015-09-29 00:00:00-04:00,165.95798621667194,168.3809712960446,165.13648962672718,168.007568359375,1226600,0.0,0.0
2015-09-30 00:00:00-04:00,169.5592806924093,172.35568152199366,169.46800328856665,172.0237579345703,1721800,0.0,0.0
2015-10-01 00:00:00-04:00,171.19397601311496,172.04865871585898,168.29801696343335,169.89950561523438,1889700,0.0,0.0
2015-10-02 00:00:00-04:00,167.62590754423,171.4429473876953,167.45995204268652,171.4429473876953,1154800,0.0,0.0
2015-10-05 00:00:00-04:00,172.84526308661444,175.79931352150544,172.34738401174008,175.69143676757812,1347600,0.0,0.0
2015-10-06 00:00:00-04:00,175.66654388435384,176.45484186736795,174.47995023883837,174.5878143310547,1625700,0.0,0.0
2015-10-07 00:00:00-04:00,175.7412368476029,177.59167785683215,175.1188942827319,176.70379638671875,1122200,0.0,0.0
2015-10-08 00:00:00-04:00,176.14783710909057,178.12274155052296,175.36783240830326,177.88209533691406,782100,0.0,0.0
2015-10-09 00:00:00-04:00,177.94017259430703,179.45868983903028,176.92782776449155,176.9610137939453,1340000,0.0,0.0
2015-10-12 00:00:00-04:00,177.25148802160203,178.09787758466322,176.54616127545208,177.84893798828125,1048100,0.0,0.0
2015-10-13 00:00:00-04:00,176.9278241592539,177.87378424929534,175.86569397610526,175.8988800048828,1026200,0.0,0.0
2015-10-14 00:00:00-04:00,175.95695239596003,176.40503337485546,172.5880073977804,172.72076416015625,1192100,0.0,0.0
2015-10-15 00:00:00-04:00,173.61697726637772,175.6665598049214,172.18973729634098,173.5754852294922,1496900,0.0,0.0
2015-10-16 00:00:00-04:00,174.5877994546948,175.08567848659115,173.16886573849277,174.07333374023438,1145300,0.0,0.0
2015-10-19 00:00:00-04:00,173.62527106432663,174.8616501100871,173.01122188172945,174.78697204589844,1329900,0.0,0.0
2015-10-20 00:00:00-04:00,172.08184802227203,173.8824907376971,170.2231139313864,173.20205688476562,1926500,0.0,0.0
2015-10-21 00:00:00-04:00,174.0567144819064,176.87800757054637,173.21033795074388,175.5503387451172,1332400,0.0,0.0
2015-10-22 00:00:00-04:00,176.09805817175643,180.05616054203108,176.09805817175643,179.65785217285156,1190100,0.0,0.0
2015-10-23 00:00:00-04:00,180.89423402579047,182.07253439776014,180.2552921310042,181.98956298828125,1280900,0.0,0.0
2015-10-26 00:00:00-04:00,181.98953039894246,183.6740029149794,181.63271415114534,183.3337860107422,1383800,0.0,0.0
2015-10-27 00:00:00-04:00,182.5289062789268,186.82721237701404,182.39613684089719,185.07635498046875,1399900,0.0,0.0
2015-10-28 00:00:00-04:00,184.420860734069,186.23810318740468,181.19297755884304,183.41680908203125,1973500,0.0,0.0
2015-10-29 00:00:00-04:00,183.38360728540235,184.78595454343952,180.70338887801523,181.1016845703125,1795900,0.0,0.0
2015-10-30 00:00:00-04:00,181.72396217086413,183.12630892762567,181.16800453658118,182.41268920898438,1774000,0.0,0.0
2015-11-02 00:00:00-05:00,182.4625150348959,183.38358240320363,181.64932441382825,183.04336547851562,1160700,0.0,0.0
2015-11-03 00:00:00-05:00,182.55379577201182,182.9355047342712,181.17634136513223,181.64102172851562,1046300,0.0,0.0
2015-11-04 00:00:00-05:00,182.31318134742597,182.844246484296,181.317423136902,181.5829620361328,932900,0.0,0.0
2015-11-05 00:00:00-05:00,181.86506353567975,183.0433637563912,180.90250414582877,181.39208984375,911600,0.0,0.0
2015-11-06 00:00:00-05:00,180.8942394004845,181.3008411022642,178.43805516596464,179.75743103027344,1455400,0.0,0.0
2015-11-09 00:00:00-05:00,179.04379570333646,179.5416621171103,177.6248492016607,178.15591430664062,1657300,0.0,0.0
2015-11-10 00:00:00-05:00,177.88207505962473,179.01889594912797,176.43824858892435,177.63314819335938,1165900,0.0,0.0
2015-11-11 00:00:00-05:00,177.88205991390677,179.67440916795024,177.79078251685115,178.49610900878906,1197100,0.0,0.0
2015-11-12 00:00:00-05:00,177.98996783566176,178.45464824331745,176.46315716433827,177.2265625,1292200,0.0,0.0
2015-11-13 00:00:00-05:00,177.1601620555527,178.25549091491152,175.73292226634655,176.87803649902344,1059100,0.0,0.0
2015-11-16 00:00:00-05:00,177.83230642005492,183.25083451986984,177.64145825076292,183.10977172851562,1516000,0.0,0.0
2015-11-17 00:00:00-05:00,184.27149157718605,186.91021798887664,183.22594795915683,184.53701782226562,2081500,0.0,0.0
2015-11-18 00:00:00-05:00,184.66147469959046,185.35020196996857,183.15126337181496,185.22573852539062,1185400,0.0,0.0
2015-11-19 00:00:00-05:00,186.2712662584828,187.09276296342014,185.45807555743625,185.8729705810547,1410700,0.0,0.0
2015-11-20 00:00:00-05:00,187.07613355426642,188.34571110959155,186.66954459987727,187.58230590820312,1321200,0.0,0.0
2015-11-23 00:00:00-05:00,187.94745168837696,188.9265978977546,187.09276892541453,187.5574493408203,939900,0.0,0.0
2015-11-24 00:00:00-05:00,186.66956361272386,188.3540362965627,186.2961479841683,187.88934326171875,1234300,0.0,0.0
2015-11-25 00:00:00-05:00,187.93084355337822,189.1174498872777,186.96829673573177,187.36659240722656,2156400,0.0,0.0
2015-11-27 00:00:00-05:00,188.52012315188574,189.10524935063015,187.50032631059068,188.8377685546875,972800,1.65,0.0
2015-11-30 00:00:00-05:00,186.9068553901961,186.9737160265446,182.66884510438115,183.19546508789062,3000800,0.0,0.0
2015-12-01 00:00:00-05:00,183.94779407381256,186.4889322725214,183.3710221551978,184.0648193359375,1267200,0.0,0.0
2015-12-02 00:00:00-05:00,184.10657548633122,184.6917016656354,182.8778041323953,183.0115509033203,1307400,0.0,0.0
2015-12-03 00:00:00-05:00,183.28740069579797,183.6969826480714,179.45898543406926,180.10263061523438,1776500,0.0,0.0
2015-12-04 00:00:00-05:00,180.55403762623575,183.81403598145766,180.55403762623575,182.5518341064453,1701600,0.0,0.0
2015-12-07 00:00:00-05:00,182.51002811098138,183.5799768932007,181.84967407929744,183.17039489746094,1537800,0.0,0.0
2015-12-08 00:00:00-05:00,181.9666607515613,183.7136847321013,181.64066100038497,182.90286254882812,844400,0.0,0.0
2015-12-09 00:00:00-05:00,182.24253366438435,184.11493751584845,181.06391411194298,181.84129333496094,1194900,0.0,0.0
2015-12-10 00:00:00-05:00,182.15894260139973,183.6886379084138,181.38991775256335,182.96141052246094,1119200,0.0,0.0
2015-12-11 00:00:00-05:00,181.84127016879933,183.1954337871954,181.13911881395276,181.55706787109375,1801900,0.0,0.0
2015-12-14 00:00:00-05:00,180.54565674150106,181.8663774275773,179.48406245655983,181.03883361816406,2026500,0.0,0.0
2015-12-15 00:00:00-05:00,181.38987818963315,181.59049831483992,179.4840316419411,179.58433532714844,1539800,0.0,0.0
2015-12-16 00:00:00-05:00,180.55404431573277,182.31779035141628,179.50917137409078,181.80789184570312,1352000,0.0,0.0
2015-12-17 00:00:00-05:00,182.1087787506851,182.86944915875043,179.85185620640232,179.90200805664062,1282300,0.0,0.0
2015-12-18 00:00:00-05:00,178.67323663104796,179.86021052043097,177.08503518513405,177.36087036132812,2058200,0.0,0.0
2015-12-21 00:00:00-05:00,178.7150439197191,180.2112961375911,178.4809934359715,180.11099243164062,1066800,0.0,0.0
2015-12-22 00:00:00-05:00,180.68779694870122,182.41809996344594,180.20297435754645,181.87477111816406,895200,0.0,0.0
2015-12-23 00:00:00-05:00,182.22580109870566,182.51837056018536,181.54035847685904,182.1672821044922,742400,0.0,0.0
2015-12-24 00:00:00-05:00,182.22583817919974,183.06173651947128,181.79953461738796,182.69393920898438,524400,0.0,0.0
2015-12-28 00:00:00-05:00,182.29267928767518,182.86945108106696,181.74933780986234,182.5685272216797,612900,0.0,0.0
2015-12-29 00:00:00-05:00,183.3626340330736,185.02607608245162,182.8945330706824,184.2904815673828,768300,0.0,0.0
2015-12-30 00:00:00-05:00,184.6749639088966,184.934103037849,183.57993942207162,183.73040771484375,633500,0.0,0.0
2015-12-31 00:00:00-05:00,183.54649770916706,183.85577591010954,180.37008252737408,181.5152587890625,1157800,0.0,0.0
2016-01-04 00:00:00-05:00,178.8822167661173,180.36176016772157,176.70052192994623,178.22186279296875,1875200,0.0,0.0
2016-01-05 00:00:00-05:00,179.37537072920475,183.01153257648767,178.89891544333875,182.443115234375,1349300,0.0,0.0
2016-01-06 00:00:00-05:00,182.08371151753425,184.7335073549002,180.77134518461202,181.91653442382812,1787100,0.0,0.0
2016-01-07 00:00:00-05:00,178.7234127509941,180.71285477838907,177.32746412628106,178.2887420654297,1810100,0.0,0.0
2016-01-08 00:00:00-05:00,179.72647852943462,180.84659188050114,177.51970765485424,177.97109985351562,1764600,0.0,0.0
2016-01-11 00:00:00-05:00,179.7766611563421,180.94691372424109,178.2385985252224,180.01071166992188,2550100,0.0,0.0
2016-01-12 00:00:00-05:00,180.57909260505377,182.30940805385922,179.3085237311576,182.1923828125,1354800,0.0,0.0
2016-01-13 00:00:00-05:00,183.27904933770378,183.57997322386294,178.93238090246822,179.21658325195312,1374100,0.0,0.0
2016-01-14 00:00:00-05:00,179.23329390043892,181.49858367735612,177.43611783839498,180.90509033203125,1920700,0.0,0.0
2016-01-15 00:00:00-05:00,177.20206154341142,181.39826126555644,177.20206154341142,180.545654296875,2809100,0.0,0.0
2016-01-19 00:00:00-05:00,181.13075997926742,184.54958012162666,178.18839511786354,179.9604949951172,2918100,0.0,0.0
2016-01-20 00:00:00-05:00,178.08807749148605,180.72115117888015,173.5491445650396,175.87294006347656,2459700,0.0,0.0
2016-01-21 00:00:00-05:00,176.54171121835577,177.21043238207739,174.4937630177295,176.19898986816406,1562900,0.0,0.0
2016-01-22 00:00:00-05:00,178.63982732088292,178.63982732088292,176.38289175738296,177.24386596679688,1517900,0.0,0.0
2016-01-25 00:00:00-05:00,177.07671652400853,177.83738714002445,175.53866650719215,176.38291931152344,1792100,0.0,0.0
2016-01-26 00:00:00-05:00,168.37496785787548,176.55841835689213,167.57251273068502,175.4801025390625,4440800,0.0,0.0
2016-01-27 00:00:00-05:00,175.44665856598718,176.90948029824366,173.03091347262392,173.74978637695312,2694800,0.0,0.0
2016-01-28 00:00:00-05:00,174.27644533415463,175.06217904095124,172.33715510938984,172.7467498779297,1862900,0.0,0.0
2016-01-29 00:00:00-05:00,173.72477620092806,176.4163702273194,172.2953842409061,176.37457275390625,2595900,0.0,0.0
2016-02-01 00:00:00-05:00,174.92006775151523,176.65873768729924,174.59406793573044,175.3714599609375,1673100,0.0,0.0
2016-02-02 00:00:00-05:00,175.12067889685153,176.3578047038734,173.56590768141803,175.91477966308594,1574600,0.0,0.0
2016-02-03 00:00:00-05:00,177.2103760053175,178.58124821516697,175.6472508268038,177.97940063476562,2231200,0.0,0.0
2016-02-04 00:00:00-05:00,177.62840454597355,178.36399919692252,174.93681076023435,175.71420288085938,1628200,0.0,0.0
2016-02-05 00:00:00-05:00,175.82283600952744,177.68689830283833,175.1792035362127,177.1602783203125,1892400,0.0,0.0
2016-02-08 00:00:00-05:00,174.97855808027512,179.84347859209663,174.95348215661573,179.32522583007812,2502100,0.0,0.0
2016-02-09 00:00:00-05:00,178.14663813772273,181.66577552415276,177.41105632133963,180.5373077392578,1983100,0.0,0.0
2016-02-10 00:00:00-05:00,180.56237189534613,181.7577129955794,178.5645756377767,178.84042358398438,1738000,0.0,0.0
2016-02-11 00:00:00-05:00,176.93459987681538,177.8373716134664,170.2306916270235,173.18141174316406,2649700,0.0,0.0
2016-02-12 00:00:00-05:00,174.1259358383103,175.47173232558097,171.81886161218623,172.2618865966797,2331700,0.0,0.0
2016-02-16 00:00:00-05:00,173.46561762589948,175.11233828625748,172.9055672992248,174.70274353027344,1548300,0.0,0.0
2016-02-17 00:00:00-05:00,175.53861393765615,178.02123249801508,174.78631069412654,177.8289794921875,1237700,0.0,0.0
2016-02-18 00:00:00-05:00,177.41940887364848,180.1360782674735,177.21043430489271,179.04940795898438,987100,0.0,0.0
2016-02-19 00:00:00-05:00,179.30855475197802,179.50082056052645,177.79558074308767,178.56460571289062,1233300,0.0,0.0
2016-02-22 00:00:00-05:00,178.56455777631825,181.2059989774875,178.56455777631825,179.72645568847656,974000,0.0,0.0
2016-02-23 00:00:00-05:00,179.57600981209447,180.33668022666956,178.77354193703172,179.84349060058594,1282900,0.0,0.0
2016-02-24 00:00:00-05:00,178.53115047658287,181.38156658158556,178.46427708574112,181.0806427001953,1301600,0.0,0.0
2016-02-25 00:00:00-05:00,181.3899281866722,184.0146482963244,180.8716753305306,183.92269897460938,1489300,0.0,0.0
2016-02-26 00:00:00-05:00,184.63015027750538,185.07652266015108,182.85307826032832,182.9625701904297,1210200,1.65,0.0
2016-02-29 00:00:00-05:00,182.4825006780179,183.68687334656948,181.69081748421686,181.74134826660156,1248600,0.0,0.0
2016-03-01 00:00:00-05:00,182.4151261946587,183.8974310514327,180.9749474590571,183.71214294433594,1159500,0.0,0.0
2016-03-02 00:00:00-05:00,183.67846405371836,184.32697248810476,181.73295160172597,182.92889404296875,1188600,0.0,0.0
2016-03-03 00:00:00-05:00,182.3224950276352,184.1248325912842,181.53081175975043,184.04061889648438,875200,0.0,0.0
2016-03-04 00:00:00-05:00,183.52686933491123,184.51225824531235,183.2320892727442,184.2090606689453,935500,0.0,0.0
2016-03-07 00:00:00-05:00,183.1815254406237,183.92267779385952,181.32865740869855,181.783447265625,1017800,0.0,0.0
2016-03-08 00:00:00-05:00,180.19167357737544,182.09508534544244,177.62291843761588,181.3623504638672,1843800,0.0,0.0
2016-03-09 00:00:00-05:00,182.54989950394307,183.5352884227932,181.69926792044856,182.2635498046875,988200,0.0,0.0
2016-03-10 00:00:00-05:00,182.7098769222772,184.0405763637827,181.64026172129658,182.38983154296875,1367600,0.0,0.0
2016-03-11 00:00:00-05:00,183.60265199929503,184.35222194524553,181.88454109381456,182.80255126953125,1336400,0.0,0.0
2016-03-14 00:00:00-04:00,181.5981745123889,183.18995842279642,181.5981745123889,182.42355346679688,934500,0.0,0.0
2016-03-15 00:00:00-04:00,181.36235967502384,183.0299526478568,180.91598728311882,182.80255126953125,1012300,0.0,0.0
2016-03-16 00:00:00-04:00,182.87833757243317,184.39432526081882,182.16245057061727,183.76266479492188,882600,0.0,0.0
2016-03-17 00:00:00-04:00,183.8384621971464,185.23654045530319,183.11415767735625,184.65541076660156,1299100,0.0,0.0
2016-03-18 00:00:00-04:00,185.2870946882064,186.20510493669974,183.91428164700676,186.0535125732422,2114600,0.0,0.0
2016-03-21 00:00:00-04:00,185.63234680564858,187.97370014235483,185.63234680564858,186.3482208251953,1149700,0.0,0.0
2016-03-22 00:00:00-04:00,186.17143118708952,187.58634472029942,185.70821085734792,185.90191650390625,925300,0.0,0.0
2016-03-23 00:00:00-04:00,186.036605831461,187.4262534614703,185.8092045070578,186.3482208251953,781900,0.0,0.0
2016-03-24 00:00:00-04:00,186.17135464173202,186.55034826436173,182.87829574836212,183.60260009765625,1319200,0.0,0.0
2016-03-28 00:00:00-04:00,184.28485359271383,184.90809661399774,183.88901196247716,184.4954071044922,994000,0.0,0.0
2016-03-29 00:00:00-04:00,184.44487769225947,186.06192713262695,183.9648095132676,185.9271697998047,748500,0.0,0.0
2016-03-30 00:00:00-04:00,186.97146785837057,188.53798607609534,186.79459730183066,187.77999877929688,950900,0.0,0.0
2016-03-31 00:00:00-04:00,187.5189407334745,188.0916529323361,186.2050889582514,186.55039978027344,1105200,0.0,0.0
2016-04-01 00:00:00-04:00,185.25341806919454,188.2095849174767,184.58806173720902,187.90638732910156,957800,0.0,0.0
2016-04-04 00:00:00-04:00,187.9990240135629,189.4139374696583,187.88111455888827,188.76544189453125,1007500,0.0,0.0
2016-04-05 00:00:00-04:00,188.68117718553154,191.20781886138244,187.6621055729236,190.02029418945312,1437300,0.0,0.0
2016-04-06 00:00:00-04:00,189.75924298017915,191.0562597962722,189.75924298017915,190.8709716796875,1276100,0.0,0.0
2016-04-07 00:00:00-04:00,190.3404154516667,191.52794059695108,190.03721781566153,190.7446746826172,1063200,0.0,0.0
2016-04-08 00:00:00-04:00,191.6794679084122,192.0247787087909,190.1719106072724,190.593017578125,582600,0.0,0.0
2016-04-11 00:00:00-04:00,190.3824610923399,190.9383253693847,188.748564014995,189.20335388183594,1140200,0.0,0.0
2016-04-12 00:00:00-04:00,189.2875365171432,191.07302551897098,188.80746852071118,190.32345581054688,682400,0.0,0.0
2016-04-13 00:00:00-04:00,191.18253833233126,191.3172956286508,189.4391495455002,190.66036987304688,808500,0.0,0.0
2016-04-14 00:00:00-04:00,191.00567914117147,191.00567914117147,189.6581446512741,189.8686981201172,774300,0.0,0.0
2016-04-15 00:00:00-04:00,190.230874412366,190.27298768311823,189.17810689938986,190.1803436279297,1134600,0.0,0.0
2016-04-18 00:00:00-04:00,190.18034514810756,191.71318082781298,189.7508206257997,191.3004913330078,824200,0.0,0.0
2016-04-19 00:00:00-04:00,191.31735959988973,191.9321722995748,190.58462458812272,190.76991271972656,721100,0.0,0.0
2016-04-20 00:00:00-04:00,191.18261634826567,192.1258921050991,190.39093297327975,190.82888793945312,887300,0.0,0.0
2016-04-21 00:00:00-04:00,190.60143036723085,191.44364428806253,190.04556609520245,190.39930725097656,996700,0.0,0.0
2016-04-22 00:00:00-04:00,190.8456620900893,191.91526441856686,190.00344824653402,191.03936767578125,1037300,0.0,0.0
2016-04-25 00:00:00-04:00,190.37403372853612,191.17414725408798,189.78448653957543,190.593017578125,986300,0.0,0.0
2016-04-26 00:00:00-04:00,191.89844150896334,195.5789121252734,191.89844150896334,195.52838134765625,1918300,0.0,0.0
2016-04-27 00:00:00-04:00,193.785014913451,197.57497788876407,193.67553583295683,196.78329467773438,1405700,0.0,0.0
2016-04-28 00:00:00-04:00,195.5620908920786,197.4823378101269,195.30942411840573,196.0000457763672,1034900,0.0,0.0
2016-04-29 00:00:00-04:00,195.4778499609874,196.21057193648156,194.39981720463302,195.7136688232422,952200,0.0,0.0
2016-05-02 00:00:00-04:00,196.01686607597657,196.90961074633722,195.75576897417835,196.43797302246094,1008100,0.0,0.0
2016-05-03 00:00:00-04:00,195.68002250913688,197.77714026169818,194.86307379736604,197.6676483154297,1166400,0.0,0.0
2016-05-04 00:00:00-04:00,196.95176246151433,199.048867239673,196.31167155314998,198.77093505859375,1382900,0.0,0.0
2016-05-05 00:00:00-04:00,198.84669349177605,200.5816519523358,198.2908292710637,200.56480407714844,1198900,0.0,0.0
2016-05-06 00:00:00-04:00,200.44689733608823,202.5524319719715,200.27002677216205,202.3502960205078,1140800,0.0,0.0
2016-05-09 00:00:00-04:00,202.35028950527163,203.81574619108076,201.7270594978615,202.4008331298828,1498800,0.0,0.0
2016-05-10 00:00:00-04:00,203.2346505887463,205.96342847184636,203.2178027110578,205.80340576171875,1141400,0.0,0.0
2016-05-11 00:00:00-04:00,205.4749909984826,205.9129459628982,203.49578256896166,203.6726531982422,1006700,0.0,0.0
2016-05-12 00:00:00-04:00,203.84105479363245,206.6540464886964,203.39468239865622,206.29190063476562,969300,0.0,0.0
2016-05-13 00:00:00-04:00,204.13582345365094,205.92131293399825,203.5631112790405,203.91683959960938,1198700,0.0,0.0
2016-05-16 00:00:00-04:00,203.15041389886775,205.49176743700036,202.89774716681205,204.63270568847656,921200,0.0,0.0
2016-05-17 00:00:00-04:00,204.6579926855355,205.10436505712678,202.35875216850573,203.41993713378906,1016100,0.0,0.0
2016-05-18 00:00:00-04:00,202.88092169903743,204.81801639052952,202.24084371147566,203.46205139160156,738000,0.0,0.0
2016-05-19 00:00:00-04:00,201.8618460934797,203.03253589490228,200.27006214167497,201.19650268554688,1360600,0.0,0.0
2016-05-20 00:00:00-04:00,201.70182198773898,202.38401322589755,200.77538150927373,202.1903076171875,1009000,0.0,0.0
2016-05-23 00:00:00-04:00,202.4934861975554,202.5692952170834,201.32280936522716,201.72708129882812,849600,0.0,0.0
2016-05-24 00:00:00-04:00,202.46821986414093,203.60521378895038,202.38400618340674,202.9482879638672,741200,0.0,0.0
2016-05-25 00:00:00-04:00,203.22624551469042,203.4452165333828,202.55247172872757,202.8388214111328,737300,0.0,0.0
2016-05-26 00:00:00-04:00,202.62824407222797,203.81576878454968,202.22398498866735,203.4283447265625,648700,0.0,0.0
2016-05-27 00:00:00-04:00,203.52165916787644,204.21703104768815,202.85173939985464,203.5979766845703,794100,1.65,0.0
2016-05-31 00:00:00-04:00,203.3011736792878,204.0389355228134,200.25681915186604,200.3246612548828,2546000,0.0,0.0
2016-06-01 00:00:00-04:00,200.32467563888468,202.31749712197495,199.58691374238526,201.89349365234375,972700,0.0,0.0
2016-06-02 00:00:00-04:00,201.93590797994182,202.0376646777353,200.7995687831559,201.68150329589844,921400,0.0,0.0
2016-06-03 00:00:00-04:00,201.46944797074727,203.2248152386645,200.32463366678138,202.60577392578125,1516700,0.0,0.0
2016-06-06 00:00:00-04:00,202.2666258255204,203.83543095409783,202.2666258255204,203.0128631591797,1154100,0.0,0.0
2016-06-07 00:00:00-04:00,203.69127380628905,204.6749650076088,203.02135398615897,203.09767150878906,993000,0.0,0.0
2016-06-08 00:00:00-04:00,202.8941260618052,204.15766099996293,202.8686868899917,203.84390258789062,918900,0.0,0.0
2016-06-09 00:00:00-04:00,203.56406832960008,204.25942729112805,203.52166539473103,204.08982849121094,894100,0.0,0.0
2016-06-10 00:00:00-04:00,203.53013387847164,204.9632676271771,203.30118132917775,204.0135040283203,760200,0.0,0.0
2016-06-13 00:00:00-04:00,203.5301411284444,204.11526798771104,201.7493343171536,201.7832489013672,1073000,0.0,0.0
2016-06-14 00:00:00-04:00,201.63905567119428,203.62338847575563,201.18961310279937,203.26722717285156,1220000,0.0,0.0
2016-06-15 00:00:00-04:00,203.61490913976996,204.02194877244628,202.8686590302329,203.0552215576172,854200,0.0,0.0
2016-06-16 00:00:00-04:00,202.71604855320962,203.90325301700742,201.90195624977815,203.41140747070312,1212300,0.0,0.0
2016-06-17 00:00:00-04:00,203.70821608055178,203.70821608055178,200.68931362352458,201.4525146484375,1455700,0.0,0.0
2016-06-20 00:00:00-04:00,202.84324421181248,203.3520535184043,201.70691809192337,202.3683624267578,1067000,0.0,0.0
2016-06-21 00:00:00-04:00,203.08915115943628,203.39443412196587,202.08849641687283,202.29202270507812,928300,0.0,0.0
2016-06-22 00:00:00-04:00,202.63123189791304,202.90260029779148,201.85954256776094,201.96978759765625,1001700,0.0,0.0
2016-06-23 00:00:00-04:00,203.3436108188917,203.52169799804688,201.97831891057237,203.52169799804688,755800,0.0,0.0
2016-06-24 00:00:00-04:00,199.15440196061698,205.95540717346987,199.06959610487735,203.26722717285156,3471200,0.0,0.0
2016-06-27 00:00:00-04:00,202.48703114526492,203.49616115049074,200.18894032118797,202.9195098876953,1868200,0.0,0.0
2016-06-28 00:00:00-04:00,203.61494209575824,204.33575315364183,201.5288393789785,204.29335021972656,1994700,0.0,0.0
2016-06-29 00:00:00-04:00,205.21768086537986,207.4988216197088,204.92936160932766,206.98153686523438,1190000,0.0,0.0
2016-06-30 00:00:00-04:00,207.57511689873004,210.91626597722802,207.48183562711256,210.44985961914062,2045600,0.0,0.0
2016-07-01 00:00:00-04:00,210.44984573697775,211.93385763510008,210.44984573697775,211.45050048828125,1427800,0.0,0.0
2016-07-05 00:00:00-04:00,210.9841040313718,212.32395638910532,210.66185729204577,211.586181640625,1327600,0.0,0.0
2016-07-06 00:00:00-04:00,212.8073266737266,213.12109802224492,210.2039522473528,212.06956481933594,1387400,0.0,0.0
2016-07-07 00:00:00-04:00,212.19676232804557,213.03629381477083,210.82299529482094,211.8066864013672,961300,0.0,0.0
2016-07-08 00:00:00-04:00,212.66315153128625,213.95212553438066,210.72969699642329,213.6129150390625,1082800,0.0,0.0
2016-07-11 00:00:00-04:00,214.02001313314187,217.37811364358635,213.62992421548415,215.72450256347656,6337100,0.0,0.0
2016-07-12 00:00:00-04:00,216.78447900403816,217.4120087555587,215.41918740513128,215.9873504638672,4167000,0.0,0.0
2016-07-13 00:00:00-04:00,216.3265487314679,217.4628747845965,216.17390077263536,217.00494384765625,4781700,0.0,0.0
2016-07-14 00:00:00-04:00,218.09886708285555,218.7348721715425,215.9873255301745,217.08973693847656,3323800,0.0,0.0
2016-07-15 00:00:00-04:00,218.03104130192716,218.46353310157983,217.17457193204294,217.9208221435547,3460700,0.0,0.0
2016-07-18 00:00:00-04:00,218.599246040755,219.03173789724886,216.49619227866506,217.33572387695312,2345800,0.0,0.0
2016-07-19 00:00:00-04:00,219.24370511976218,223.33956694688138,213.7825387641925,219.599853515625,4980000,0.0,0.0
2016-07-20 00:00:00-04:00,219.90514143201864,220.32914485485728,216.99647122277563,217.65792846679688,3361600,0.0,0.0
2016-07-21 00:00:00-04:00,218.3532662347705,218.3532662347705,213.35851955792504,215.512451171875,2733400,0.0,0.0
2016-07-22 00:00:00-04:00,215.90257672448854,218.35330337644208,214.5881633514218,218.20066833496094,1864500,0.0,0.0
2016-07-25 00:00:00-04:00,217.78515103995292,218.17522699067433,216.00433126970194,216.7675323486328,1295200,0.0,0.0
2016-07-26 00:00:00-04:00,216.76749437440094,217.47981698189002,215.24956789371177,216.0382080078125,2121500,0.0,0.0
2016-07-27 00:00:00-04:00,216.6402751470346,217.08971766797964,214.5711367051828,215.52938842773438,2593300,0.0,0.0
2016-07-28 00:00:00-04:00,215.56334561537275,216.14847243102173,213.7401360050549,215.8601531982422,2716000,0.0,0.0
2016-07-29 00:00:00-04:00,215.81773287706093,216.08061291750545,214.2913180330446,214.31675720214844,2178300,0.0,0.0
2016-08-01 00:00:00-04:00,214.23199106566545,216.18239661841434,213.95214723098337,216.1060791015625,2782400,0.0,0.0
2016-08-02 00:00:00-04:00,215.53789847273586,218.32783530238137,214.3167665442932,217.93775939941406,4770800,0.0,0.0
2016-08-03 00:00:00-04:00,218.37024975395,218.57376311433035,216.02974259311603,217.81056213378906,6827200,0.0,0.0
2016-08-04 00:00:00-04:00,218.4889551272903,219.4472069882767,217.20848240854377,218.57376098632812,5720200,0.0,0.0
2016-08-05 00:00:00-04:00,219.75250422218627,220.7277069091797,218.47200561664968,220.7277069091797,4418100,0.0,0.0
2016-08-08 00:00:00-04:00,220.48179043963188,222.067559176366,219.45570935335388,220.64291381835938,8743400,0.0,0.0
2016-08-09 00:00:00-04:00,220.84642249248813,221.5757218563403,219.786413907151,221.04147338867188,9900300,0.0,0.0
2016-08-10 00:00:00-04:00,220.3291794905761,222.26263436749454,219.6931742563382,221.58421325683594,9565300,0.0,0.0
2016-08-11 00:00:00-04:00,221.75382295016186,223.93320707695125,220.60900836331427,222.63575744628906,12648900,0.0,0.0
2016-08-12 00:00:00-04:00,222.5933125858097,225.01013731464937,221.89796662815738,224.00100708007812,13962300,0.0,0.0
2016-08-15 00:00:00-04:00,224.0603353967436,226.35842634951715,224.0433845789142,225.99378967285156,9143800,0.0,0.0
2016-08-16 00:00:00-04:00,224.9168627754078,225.61220871387218,215.76686175471346,217.74270629882812,7884400,0.0,0.0
2016-08-17 00:00:00-04:00,217.6833524084649,218.361747485902,213.31610969501287,216.78445434570312,4381100,0.0,0.0
2016-08-18 00:00:00-04:00,216.78450874196727,217.08131636748942,215.47858365670163,216.5979461669922,2596300,0.0,0.0
2016-08-19 00:00:00-04:00,216.01275276745807,216.24171820981474,214.2913001243248,215.49546813964844,2412700,0.0,0.0
2016-08-22 00:00:00-04:00,215.7074988455202,217.44592841993548,215.18173873783402,215.56333923339844,3791000,0.0,0.0
2016-08-23 00:00:00-04:00,216.445265470811,216.445265470811,210.42441187088042,211.78970336914062,10627900,0.0,0.0
2016-08-24 00:00:00-04:00,210.95017931065817,211.78971075025126,207.59207943140106,210.40745544433594,10559900,0.0,0.0
2016-08-25 00:00:00-04:00,209.9749622573335,212.16282133315514,208.60967080480918,210.755126953125,4383900,0.0,0.0
2016-08-26 00:00:00-04:00,211.15369796536996,211.8321060085918,206.61685630715863,207.2867889404297,4697100,0.0,0.0
2016-08-29 00:00:00-04:00,207.76167776723258,208.6775267158514,206.9475854997189,207.16807556152344,1637600,0.0,0.0
2016-08-30 00:00:00-04:00,207.16804554158253,207.73153893605513,203.92371805774567,204.43597412109375,1887400,1.65,0.0
2016-08-31 00:00:00-04:00,204.05178838131485,207.99621627242385,203.7102843230753,207.44126892089844,2890200,0.0,0.0
2016-09-01 00:00:00-04:00,207.57789390478771,208.18406561529522,206.52774343016898,207.98770141601562,1337100,0.0,0.0
2016-09-02 00:00:00-04:00,208.10722854695345,209.1744451036045,206.83510172150892,207.7401123046875,1492700,0.0,0.0
2016-09-06 00:00:00-04:00,208.52557188987447,208.73901519072606,206.8350915672974,207.46688842773438,1599800,0.0,0.0
2016-09-07 00:00:00-04:00,206.74974454712185,207.4669109893628,205.88742518027698,206.07525634765625,1245900,0.0,0.0
2016-09-08 00:00:00-04:00,205.32390982209273,206.82654587828938,204.90555628808855,206.29721069335938,1249600,0.0,0.0
2016-09-09 00:00:00-04:00,205.02510331356507,205.45198992936142,203.10411354248154,203.1468048095703,1574200,0.0,0.0
2016-09-12 00:00:00-04:00,201.9173312940571,204.47865050708955,200.87572710522045,203.88101196289062,1822000,0.0,0.0
2016-09-13 00:00:00-04:00,202.91628176954154,203.81274626548486,202.34425526942712,202.69430541992188,1609000,0.0,0.0
2016-09-14 00:00:00-04:00,202.6943054199219,204.0603347697704,202.26741880542943,202.69430541992188,1494500,0.0,0.0
2016-09-15 00:00:00-04:00,202.69432916983985,204.47017925751229,202.08814437411314,204.128662109375,1267100,0.0,0.0
2016-09-16 00:00:00-04:00,203.55663100151466,203.74446217191345,202.5577177921467,202.7284698486328,2892900,0.0,0.0
2016-09-19 00:00:00-04:00,204.3080034546,206.5192737178716,204.12017224028233,205.65696716308594,1456600,0.0,0.0
2016-09-20 00:00:00-04:00,206.05817548433575,206.8180331424063,205.3153839111328,205.3153839111328,1007900,0.0,0.0
2016-09-21 00:00:00-04:00,205.87887318979904,208.20967042634757,205.4349074688937,208.1669921875,1660200,0.0,0.0
2016-09-22 00:00:00-04:00,209.13175637862741,210.9076063137925,208.95247129035582,210.55755615234375,1173000,0.0,0.0
2016-09-23 00:00:00-04:00,210.09654236896029,210.48927080488386,208.86710669076155,209.89163208007812,858800,0.0,0.0
2016-09-26 00:00:00-04:00,209.78060855030665,211.29177766133046,209.18295691719808,209.62692260742188,880700,0.0,0.0
2016-09-27 00:00:00-04:00,210.06238131766852,210.8990885487005,209.43059740031222,209.84893798828125,946500,0.0,0.0
2016-09-28 00:00:00-04:00,210.13919627693758,210.84782957733208,209.05490069416098,209.81475830078125,1352500,0.0,0.0
2016-09-29 00:00:00-04:00,210.09651310209586,210.09651310209586,205.72519843525282,206.9033966064453,1134100,0.0,0.0
2016-09-30 00:00:00-04:00,207.51814956142454,207.86819976355142,202.62603188547035,204.6665496826172,2167000,0.0,0.0
2016-10-03 00:00:00-04:00,203.80422027013472,206.01548988305473,202.80529409344194,205.40077209472656,1338300,0.0,0.0
2016-10-04 00:00:00-04:00,205.72519146523598,205.80202792492992,201.91735734512778,202.42962646484375,1409600,0.0,0.0
2016-10-05 00:00:00-04:00,204.09445750624334,204.09445750624334,201.91733354538275,202.00271606445312,1172100,0.0,0.0
2016-10-06 00:00:00-04:00,202.34421505843287,202.36129416733127,200.19270330123874,200.39761352539062,1899700,0.0,0.0
2016-10-07 00:00:00-04:00,199.0999365893299,199.77442481084512,197.70829492967601,199.38168334960938,2183900,0.0,0.0
2016-10-10 00:00:00-04:00,199.62925433154882,200.57693006976788,199.03160267414015,199.17674255371094,990000,0.0,0.0
2016-10-11 00:00:00-04:00,198.9291606540831,199.4670419525632,197.76802855148105,197.94732666015625,1060700,0.0,0.0
2016-10-12 00:00:00-04:00,198.01561369209907,199.03160589307137,197.5375027804757,198.1607666015625,1256000,0.0,0.0
2016-10-13 00:00:00-04:00,197.78510385301934,199.28774000432932,197.26430167671978,198.92062377929688,1112000,0.0,0.0
2016-10-14 00:00:00-04:00,199.25358114194606,199.85975278066692,198.01559965721864,198.56202697753906,1081000,0.0,0.0
2016-10-17 00:00:00-04:00,198.6559233454007,200.06465681018963,198.58763296002667,198.73277282714844,793300,0.0,0.0
2016-10-18 00:00:00-04:00,200.03050714713382,204.56405355225777,198.57056234463087,198.74984741210938,867900,0.0,0.0
2016-10-19 00:00:00-04:00,198.99744655912463,199.56093996245247,197.71678683931287,198.35711669921875,992400,0.0,0.0
2016-10-20 00:00:00-04:00,198.2034374582111,198.68156137957303,196.98254807060988,197.93023681640625,922800,0.0,0.0
2016-10-21 00:00:00-04:00,197.28139124778,197.35822771371454,195.087187740756,196.8118133544922,1553000,0.0,0.0
2016-10-24 00:00:00-04:00,197.64848169924647,198.4937217968611,197.15329171526918,198.21197509765625,1304900,0.0,0.0
2016-10-25 00:00:00-04:00,205.8276347326054,213.263991651983,203.74442614026273,212.81149291992188,3130700,0.0,0.0
2016-10-26 00:00:00-04:00,212.24804300844718,215.1508669547547,211.30035414480653,213.52015686035156,2112300,0.0,0.0
2016-10-27 00:00:00-04:00,213.68235074775865,214.50197873382743,211.7784402014021,212.18824768066406,1294400,0.0,0.0
2016-10-28 00:00:00-04:00,212.35046602180603,213.58843452525664,211.47108069005904,211.73574829101562,1119000,0.0,0.0
2016-10-31 00:00:00-04:00,211.94067992631076,212.42732391288246,209.75500942546506,210.3526611328125,1320900,0.0,0.0
2016-11-01 00:00:00-04:00,211.04420847694186,211.04420847694186,208.51703396403812,209.15736389160156,1081000,0.0,0.0
2016-11-02 00:00:00-04:00,209.13173423139656,211.43691917216094,208.49140435743178,209.26834106445312,953800,0.0,0.0
2016-11-03 00:00:00-04:00,207.0827172419228,207.80841673292292,202.4381883893352,203.79568481445312,1695100,0.0,0.0
2016-11-04 00:00:00-04:00,203.9237414206002,204.64944085037027,201.66978061202525,201.7295379638672,1512200,0.0,0.0
2016-11-07 00:00:00-05:00,204.7604290249418,204.8372654866708,202.7882150086261,204.28231811523438,1376000,0.0,0.0
2016-11-08 00:00:00-05:00,204.0518160248989,205.69105917610298,203.71031192039467,204.2140350341797,1259300,0.0,0.0
2016-11-09 00:00:00-05:00,219.0696707455279,219.82954142939957,213.44330826624076,216.39736938476562,4184300,0.0,0.0
2016-11-10 00:00:00-05:00,219.84658472261052,220.43569027675977,215.80824139658333,219.65020751953125,2627400,0.0,0.0
2016-11-11 00:00:00-05:00,220.23934600089507,221.75054136794563,217.76340872253797,221.27243041992188,2002900,0.0,0.0
2016-11-14 00:00:00-05:00,223.03117911816503,228.64899522686204,222.6640368457248,228.16233825683594,2455100,0.0,0.0
2016-11-15 00:00:00-05:00,229.48567357715456,230.29674237048613,223.56048631474545,227.0438690185547,2014600,0.0,0.0
2016-11-16 00:00:00-05:00,226.9927010994101,227.24884872020613,223.22755775301906,224.84120178222656,1464200,0.0,0.0
2016-11-17 00:00:00-05:00,224.9692184588229,225.79737943235492,224.02154279642534,224.78138732910156,913500,0.0,0.0
2016-11-18 00:00:00-05:00,224.66190595579582,225.78886684615497,223.32999571247694,224.61920166015625,1197100,0.0,0.0
2016-11-21 00:00:00-05:00,225.4387645617551,225.67781997475132,224.23496748368973,224.90090942382812,965500,0.0,0.0
2016-11-22 00:00:00-05:00,225.8144113354524,226.7962711247503,224.90089403175395,225.95956420898438,1244700,0.0,0.0
2016-11-23 00:00:00-05:00,226.17308836091613,226.95002519166542,225.0204891932091,225.73765563964844,1038000,0.0,0.0
2016-11-25 00:00:00-05:00,226.54018207555487,227.52201606323456,225.95107647192887,227.03538513183594,653000,0.0,0.0
2016-11-28 00:00:00-05:00,226.87313003552595,227.30001657572782,226.13032556930185,227.0438690185547,1364900,0.0,0.0
2016-11-29 00:00:00-05:00,227.37920762932626,230.19027572341062,226.70007145932726,229.1672821044922,1209500,1.82,0.0
2016-11-30 00:00:00-05:00,230.00115635911743,230.3450400519003,228.0239562988281,228.02395629882812,1468000,0.0,0.0
2016-12-01 00:00:00-05:00,228.05832117214396,229.12428702842507,227.2158482064333,229.0125274658203,874900,0.0,0.0
2016-12-02 00:00:00-05:00,229.1672291485681,230.5168962142037,228.67724485853824,230.061279296875,1091000,0.0,0.0
2016-12-05 00:00:00-05:00,231.20467821832378,232.02133633639158,228.9351719547814,229.46815490722656,1270300,0.0,0.0
2016-12-06 00:00:00-05:00,228.52250223039803,229.35637018103782,226.95794715812164,228.6686553955078,1145900,0.0,0.0
2016-12-07 00:00:00-05:00,228.72883936156643,229.52831370850777,227.2502289504632,228.99533081054688,1269400,0.0,0.0
2016-12-08 00:00:00-05:00,228.99536940201816,228.99536940201816,222.31581966027892,222.8660125732422,2767300,0.0,0.0
2016-12-09 00:00:00-05:00,222.30721506447964,223.69985464073645,221.84299312751438,223.106689453125,1545300,0.0,0.0
2016-12-12 00:00:00-05:00,216.4443321790315,218.09487123486258,211.04568991808867,217.58767700195312,7080300,0.0,0.0
2016-12-13 00:00:00-05:00,218.9287314578018,219.64224796656586,215.01729154178292,216.36695861816406,2519200,0.0,0.0
2016-12-14 00:00:00-05:00,216.8999645248206,219.06630292832457,216.70224717066583,216.89137268066406,1844900,0.0,0.0
2016-12-15 00:00:00-05:00,216.92575272411835,217.75962071174635,215.2666217103203,215.47293090820312,1855600,0.0,0.0
2016-12-16 00:00:00-05:00,216.0145107178755,217.31258746956848,214.08028335606264,214.98292541503906,2138100,0.0,0.0
2016-12-19 00:00:00-05:00,214.51871497329006,217.02892393808744,214.51871497329006,216.7882080078125,1045600,0.0,0.0
2016-12-20 00:00:00-05:00,216.78824164070008,218.16369774296706,216.71948064117612,218.12071228027344,900200,0.0,0.0
2016-12-21 00:00:00-05:00,218.78263727849242,218.78263727849242,216.87419829292503,217.0805206298828,819600,0.0,0.0
2016-12-22 00:00:00-05:00,216.64207664115204,217.92296982508105,215.8597990263278,217.3212127685547,831100,0.0,0.0
2016-12-23 00:00:00-05:00,213.34099563753512,216.5303276760499,212.34379074555164,214.56170654296875,2086400,0.0,0.0
2016-12-27 00:00:00-05:00,215.58469879266778,216.41856681249274,215.08609634966686,215.65347290039062,788800,0.0,0.0
2016-12-28 00:00:00-05:00,215.29240580311446,215.77381141107728,213.64186666839086,214.5531005859375,1007700,0.0,0.0
2016-12-29 00:00:00-05:00,215.0774835545833,216.56468577692797,214.44133295810386,215.4213409423828,900900,0.0,0.0
2016-12-30 00:00:00-05:00,215.36977360722761,216.04890968792301,213.86537451071592,214.86257934570312,1058100,0.0,0.0
2017-01-03 00:00:00-05:00,215.94572193981978,218.4473256392466,215.5674709604444,217.7595977783203,1667700,0.0,0.0
2017-01-04 00:00:00-05:00,218.43872472822304,219.1264394432831,217.78537738467165,218.3441619873047,1077600,0.0,0.0
2017-01-05 00:00:00-05:00,218.67085341997534,221.8085948817945,218.43875557366115,220.05490112304688,1279200,0.0,0.0
2017-01-06 00:00:00-05:00,219.6250501397533,222.28139882928807,219.6250501397533,221.66244506835938,1246000,0.0,0.0
2017-01-09 00:00:00-05:00,221.79138860012608,222.64244018455474,221.3013780731853,221.6280517578125,1067100,0.0,0.0
2017-01-10 00:00:00-05:00,221.92897010490142,222.61668495023596,220.21826171875,220.21826171875,1146400,0.0,0.0
2017-01-11 00:00:00-05:00,220.32995641443654,220.9317264745637,216.38414923820505,219.3241729736328,1613000,0.0,0.0
2017-01-12 00:00:00-05:00,219.13507919868283,219.4961334166143,216.04031002024237,217.1664581298828,1153300,0.0,0.0
2017-01-13 00:00:00-05:00,217.26961582903624,220.02910619502887,216.65066202188822,218.8083953857422,1162000,0.0,0.0
2017-01-17 00:00:00-05:00,217.88858444529492,218.64507339197704,216.6850572418993,218.45594787597656,1431000,0.0,0.0
2017-01-18 00:00:00-05:00,218.43876777700774,218.98034256598245,217.44156287940234,218.41297912597656,925300,0.0,0.0
2017-01-19 00:00:00-05:00,219.70245867218577,221.31001242723136,219.3757849441711,220.95755004882812,1076500,0.0,0.0
2017-01-20 00:00:00-05:00,221.75701514622787,221.8601697434564,220.15806641990946,221.55931091308594,1184400,0.0,0.0
2017-01-23 00:00:00-05:00,221.9203460998911,223.28719694608458,219.22962986097895,221.34439086914062,1606300,0.0,0.0
2017-01-24 00:00:00-05:00,215.2408562655426,217.8799956057658,214.07172258799218,217.41578674316406,2985000,0.0,0.0
2017-01-25 00:00:00-05:00,217.5447095684759,218.6364771859132,213.1948490218812,215.77381896972656,2329900,0.0,0.0
2017-01-26 00:00:00-05:00,214.91419601795698,219.20388809271117,214.52735308858897,219.1866912841797,1956700,0.0,0.0
2017-01-27 00:00:00-05:00,219.19523118128285,222.75420889918212,215.0259046370432,217.92294311523438,2597200,0.0,0.0
2017-01-30 00:00:00-05:00,218.63648514292225,220.31281304656574,216.53032889899478,217.3470001220703,1537400,0.0,0.0
2017-01-31 00:00:00-05:00,216.90857519336097,217.06330709616557,214.87978494689807,216.05751037597656,1276300,0.0,0.0
2017-02-01 00:00:00-05:00,215.62766655236504,217.11486879751777,214.8969531954366,215.68783569335938,1210400,0.0,0.0
2017-02-02 00:00:00-05:00,215.6879031635177,216.77967105988847,215.20649741569767,216.6077423095703,1045700,0.0,0.0
2017-02-03 00:00:00-05:00,217.20940697725987,220.46749935108522,216.20361044311352,218.74819946289062,1803700,0.0,0.0
2017-02-06 00:00:00-05:00,218.7224712144381,220.99197773713954,218.4473878621032,219.47897338867188,980800,0.0,0.0
2017-02-07 00:00:00-05:00,220.0721137158048,221.1896569244117,219.71105947831822,220.3901824951172,977800,0.0,0.0
2017-02-08 00:00:00-05:00,220.87161936445986,221.62812155982908,220.4160023015185,220.70828247070312,973400,0.0,0.0
2017-02-09 00:00:00-05:00,220.70824601489426,222.68547210522607,220.70824601489426,221.96336364746094,869300,0.0,0.0
2017-02-10 00:00:00-05:00,222.20405125337794,224.30161549240637,221.7914066337757,223.9835205078125,748800,0.0,0.0
2017-02-13 00:00:00-05:00,224.41337535196672,226.18426608921305,224.38758669985697,225.53094482421875,906700,0.0,0.0
2017-02-14 00:00:00-05:00,225.39335704949715,226.22722496757405,225.1010769653287,225.71142578125,824200,0.0,0.0
2017-02-15 00:00:00-05:00,225.23001620399353,226.74302012777562,224.43054190843702,226.485107421875,1063800,0.0,0.0
2017-02-16 00:00:00-05:00,226.88058912406277,228.15286414512343,225.85759563653306,228.09268188476562,858500,0.0,0.0
2017-02-17 00:00:00-05:00,227.55970095870504,228.17865478652422,226.5195237739806,228.10989379882812,882100,0.0,0.0
2017-02-21 00:00:00-05:00,227.6456447312023,228.72882035941794,227.11266187752014,228.37635803222656,957300,0.0,0.0
2017-02-22 00:00:00-05:00,227.80901886656903,228.68585923056628,227.12988274764504,228.59991455078125,712700,0.0,0.0
2017-02-23 00:00:00-05:00,228.93517567576737,228.93517567576737,226.75164029301592,227.68008422851562,1008300,0.0,0.0
2017-02-24 00:00:00-05:00,227.43935275492012,228.6686553955078,226.24441748936275,228.6686553955078,929200,0.0,0.0
2017-02-27 00:00:00-05:00,229.37849208532415,233.70638816240574,228.68603927914364,233.15240478515625,1499700,1.82,0.0
2017-02-28 00:00:00-05:00,233.39475956194147,233.4639942666883,230.63356013913045,230.74606323242188,2049400,0.0,0.0
2017-03-01 00:00:00-05:00,232.91866138992083,233.7063414884864,231.39523382211257,232.30410766601562,1125600,0.0,0.0
2017-03-02 00:00:00-05:00,232.84071307280325,232.84071307280325,230.43440490137942,231.10089111328125,954200,0.0,0.0
2017-03-03 00:00:00-05:00,231.17018917446467,232.2608007487299,230.46040805690933,231.76744079589844,771100,0.0,0.0
2017-03-06 00:00:00-05:00,231.48177804664556,232.39065181609445,230.936459068051,231.73280334472656,778300,0.0,0.0
2017-03-07 00:00:00-05:00,231.37792029074836,233.16967515977217,231.36925604783167,232.87538146972656,884000,0.0,0.0
2017-03-08 00:00:00-05:00,232.84074337181391,232.88401175424647,231.37791279650827,231.73280334472656,818000,0.0,0.0
2017-03-09 00:00:00-05:00,231.97517908121506,232.8407581076375,231.5770201253659,232.5637664794922,729400,0.0,0.0
2017-03-10 00:00:00-05:00,233.61972655845037,233.61972655845037,231.3432499542838,232.54641723632812,687200,0.0,0.0
2017-03-13 00:00:00-04:00,232.4166463321967,233.06583063970652,231.97519255016937,233.00523376464844,819100,0.0,0.0
2017-03-14 00:00:00-04:00,232.78012546379492,232.97055387695895,231.43848874516533,231.9751434326172,701600,0.0,0.0
2017-03-15 00:00:00-04:00,231.97513718978686,233.5937654504354,231.7587424722591,233.22157287597656,748500,0.0,0.0
2017-03-16 00:00:00-04:00,234.29494180411763,234.29494180411763,231.22214659994754,231.9232635498047,982200,0.0,0.0
2017-03-17 00:00:00-04:00,232.65033304229453,235.59329649177494,232.23484559404545,235.42019653320312,2127700,0.0,0.0
2017-03-20 00:00:00-04:00,235.57598469707906,237.66203326478058,235.11722888196627,235.4634552001953,1325000,0.0,0.0
2017-03-21 00:00:00-04:00,235.74045431350106,236.3203774715071,232.28677601827013,232.84075927734375,1359600,0.0,0.0
2017-03-22 00:00:00-04:00,232.69355463335145,233.94865455363194,231.89723687023374,233.2042694091797,1021200,0.0,0.0
2017-03-23 00:00:00-04:00,233.204355375938,234.97878213698502,232.82349842174776,233.27359008789062,803800,0.0,0.0
2017-03-24 00:00:00-04:00,233.5592128351386,233.6890708412839,230.87593857471535,231.4731903076172,870500,0.0,0.0
2017-03-27 00:00:00-04:00,229.94105988673465,231.87131059833513,228.5474903529644,231.2480926513672,994300,0.0,0.0
2017-03-28 00:00:00-04:00,230.78934250858083,234.3901544668354,230.26132556082342,232.9446258544922,1021300,0.0,0.0
2017-03-29 00:00:00-04:00,232.77156680424827,232.77156680424827,231.3347021826651,232.18295288085938,814100,0.0,0.0
2017-03-30 00:00:00-04:00,232.45989588853087,234.51131390761813,232.15693795315985,234.1737518310547,562200,0.0,0.0
2017-03-31 00:00:00-04:00,234.1131133306225,234.1131133306225,231.62890625,231.62890625,1214400,0.0,0.0
2017-04-03 00:00:00-04:00,231.6289527537212,233.100421249414,231.41255799711558,232.5637664794922,799100,0.0,0.0
2017-04-04 00:00:00-04:00,232.4425889121803,233.7495952220463,232.19156360927084,233.32546997070312,567900,0.0,0.0
2017-04-05 00:00:00-04:00,233.5678437772713,234.5286502427038,230.9451403562338,231.09230041503906,949500,0.0,0.0
2017-04-06 00:00:00-04:00,230.99701197090272,231.79335609601287,230.52095419325533,231.20474243164062,740400,0.0,0.0
2017-04-07 00:00:00-04:00,235.73181581799824,235.73181581799824,232.13100348684918,233.90545654296875,1020800,0.0,0.0
2017-04-10 00:00:00-04:00,233.87077395057452,234.883486509273,232.69357286605268,232.86669921875,789300,0.0,0.0
2017-04-11 00:00:00-04:00,232.84077229676316,234.15644298756595,232.13099111215314,233.94004821777344,744400,0.0,0.0
2017-04-12 00:00:00-04:00,233.6111598986462,234.12184840637082,232.00983325369853,232.41665649414062,955400,0.0,0.0
2017-04-13 00:00:00-04:00,232.09633715707224,233.94866225296636,231.97514343261716,231.9751434326172,764000,0.0,0.0
2017-04-17 00:00:00-04:00,232.0876692116891,233.61973431903485,231.89724080156384,233.60243225097656,811600,0.0,0.0
2017-04-18 00:00:00-04:00,233.60244115920108,234.31222220722313,232.16557699443885,232.65029907226562,762800,0.0,0.0
2017-04-19 00:00:00-04:00,233.43801050938382,233.74960628053046,232.55512940909267,233.38607788085938,815900,0.0,0.0
2017-04-20 00:00:00-04:00,233.83613773014036,236.47616926024574,233.42067675833147,235.30763244628906,814600,0.0,0.0
2017-04-21 00:00:00-04:00,235.61064502983854,237.59280217873777,235.437518641157,236.38099670410156,955500,0.0,0.0
2017-04-24 00:00:00-04:00,238.5016046707693,239.4537466926178,237.43693317151548,239.08152770996094,1098800,0.0,0.0
2017-04-25 00:00:00-04:00,237.08205261352737,237.60140523043867,231.69815086280204,233.72360229492188,2963900,0.0,0.0
2017-04-26 00:00:00-04:00,234.2170078414299,235.87893106898989,233.3081604987067,234.00927734375,1477200,0.0,0.0
2017-04-27 00:00:00-04:00,234.43339518751412,236.10395618953825,233.65437943041135,234.69308471679688,953800,0.0,0.0
2017-04-28 00:00:00-04:00,234.63245807729342,235.0392811810424,232.51177939310557,233.230224609375,1004200,0.0,0.0
2017-05-01 00:00:00-04:00,233.31677994874275,233.8015020153993,232.29540319510016,232.3473358154297,841500,0.0,0.0
2017-05-02 00:00:00-04:00,232.13968073590905,233.5938474082097,231.97521857965577,233.26492309570312,737100,0.0,0.0
2017-05-03 00:00:00-04:00,232.6243447663317,233.66305008120514,232.14828690598253,233.36009216308594,636500,0.0,0.0
2017-05-04 00:00:00-04:00,233.59379813829977,234.32088132109277,232.71955490423196,234.1477813720703,691100,0.0,0.0
2017-05-05 00:00:00-04:00,234.29490940472266,236.38962213618186,233.88808623195627,236.3290252685547,812700,0.0,0.0
2017-05-08 00:00:00-04:00,236.23382456624933,237.16863823286985,235.5240434698043,235.87026977539062,674800,0.0,0.0
2017-05-09 00:00:00-04:00,236.3031027263574,237.3591103226288,235.671220451289,237.05615234375,897900,0.0,0.0
2017-05-10 00:00:00-04:00,236.19922093968086,236.9176399452937,233.85350905537652,235.2124481201172,934500,0.0,0.0
2017-05-11 00:00:00-04:00,234.69308147431627,235.65386139788208,233.87943517480915,235.51536560058594,605500,0.0,0.0
2017-05-12 00:00:00-04:00,234.49399338241702,235.17780814008842,234.35549758242198,234.7969512939453,599700,0.0,0.0
2017-05-15 00:00:00-04:00,234.81427212024408,235.84431325249673,234.6151794389652,235.74044799804688,616500,0.0,0.0
2017-05-16 00:00:00-04:00,235.5067141010998,236.52811735950277,234.94409305471075,235.134521484375,614100,0.0,0.0
2017-05-17 00:00:00-04:00,235.1345256939003,235.1345256939003,232.7628477309286,233.04847717285156,943300,0.0,0.0
2017-05-18 00:00:00-04:00,232.44261949976968,232.8407784904736,230.25270542783127,231.38661193847656,1245900,0.0,0.0
2017-05-19 00:00:00-04:00,232.5810623043999,236.1991757870623,232.07034750500006,236.12127685546875,1254100,0.0,0.0
2017-05-22 00:00:00-04:00,243.0458904408217,243.0458904408217,239.09018879320368,239.7913055419922,1601200,0.0,0.0
2017-05-23 00:00:00-04:00,240.6309853858551,241.16764019155022,238.9863904090992,240.9425811767578,874700,0.0,0.0
2017-05-24 00:00:00-04:00,240.8213520367843,242.84680340397384,240.7261246259738,242.4053497314453,871700,0.0,0.0
2017-05-25 00:00:00-04:00,243.2276910399758,244.37889944953574,242.84683417921,244.14520263671875,834300,0.0,0.0
2017-05-26 00:00:00-04:00,244.12789965639467,245.82442703824125,243.69511017217243,245.52146911621094,854600,0.0,0.0
2017-05-30 00:00:00-04:00,245.52150153780994,246.40139057034378,243.69206824959625,244.00567626953125,902200,1.82,0.0
2017-05-31 00:00:00-04:00,243.46555393983934,245.0423673949793,243.29130953948547,244.9116973876953,1506600,0.0,0.0
2017-06-01 00:00:00-04:00,244.95520798157517,245.40823271928724,243.49165095041033,244.7635498046875,829300,0.0,0.0
2017-06-02 00:00:00-04:00,245.04238539029245,246.44498113404458,244.58066694000635,245.46055603027344,748500,0.0,0.0
2017-06-05 00:00:00-04:00,245.23393238046472,245.93085654503346,244.00558160700137,244.04043579101562,622500,0.0,0.0
2017-06-06 00:00:00-04:00,243.52647915887601,243.8836614770546,241.06977731342667,241.20916748046875,890800,0.0,0.0
2017-06-07 00:00:00-04:00,241.67092464831566,242.05424102284584,240.65164551923309,241.64479064941406,658900,0.0,0.0
2017-06-08 00:00:00-04:00,241.64482507372978,242.78605416494395,241.02630262097156,241.85389709472656,1116400,0.0,0.0
2017-06-09 00:00:00-04:00,241.8887258038187,243.22161296914442,240.97398263642341,241.31375122070312,1021700,0.0,0.0
2017-06-12 00:00:00-04:00,241.31372656101553,241.51410493018813,238.63053869996386,241.21791076660156,835900,0.0,0.0
2017-06-13 00:00:00-04:00,241.22659061211692,243.00378207819927,239.98954603394867,242.4984893798828,638500,0.0,0.0
2017-06-14 00:00:00-04:00,242.27202812753112,245.94836121635473,242.18490593769974,244.18858337402344,828900,0.0,0.0
2017-06-15 00:00:00-04:00,243.7094540294002,245.29498751041848,241.98453036023045,244.7374267578125,617700,0.0,0.0
2017-06-16 00:00:00-04:00,245.7828504976304,245.9135204965569,244.51964514076474,244.8942413330078,1287600,0.0,0.0
2017-06-19 00:00:00-04:00,245.45180652070837,247.83010688775582,245.1381985176489,245.93093872070312,1064100,0.0,0.0
2017-06-20 00:00:00-04:00,246.49722955044962,248.26570120091677,246.01807074535077,246.44496154785156,967600,0.0,0.0
2017-06-21 00:00:00-04:00,247.13313674346222,247.42933091870754,245.96577384598027,246.5320281982422,801400,0.0,0.0
2017-06-22 00:00:00-04:00,246.3054919321681,247.1592200899867,244.25824053727462,244.30178833007812,694000,0.0,0.0
2017-06-23 00:00:00-04:00,243.9534211792684,245.2166266936739,243.9534211792684,244.48484802246094,1026800,0.0,0.0
2017-06-26 00:00:00-04:00,244.9465586110971,246.71503032296866,243.48297472964603,243.6659393310547,886500,0.0,0.0
2017-06-27 00:00:00-04:00,243.3348790669743,244.1102054853315,242.0368194580078,242.0368194580078,740500,0.0,0.0
2017-06-28 00:00:00-04:00,243.125755645142,244.72872949195116,242.50723329555473,243.9446563720703,955700,0.0,0.0
2017-06-29 00:00:00-04:00,243.79661008650567,243.79661008650567,239.30137559152803,241.0785675048828,905200,0.0,0.0
2017-06-30 00:00:00-04:00,241.85388926329665,242.98642470760623,240.72138040495025,241.8451690673828,1085900,0.0,0.0
2017-07-03 00:00:00-04:00,241.65350209252702,244.34541022574058,241.48797791015824,242.98638916015625,462800,0.0,0.0
2017-07-05 00:00:00-04:00,243.49169727880238,247.16803094516237,243.40457507528444,246.01808166503906,869500,0.0,0.0
2017-07-06 00:00:00-04:00,245.66957269415283,246.95891193739354,244.27569746096586,244.7635498046875,766000,0.0,0.0
2017-07-07 00:00:00-04:00,245.37345190548535,249.98194313746788,245.23406168188657,248.4573974609375,1197200,0.0,0.0
2017-07-10 00:00:00-04:00,248.71872065874453,250.81824089560175,247.60362553148892,248.7797088623047,1347800,0.0,0.0
2017-07-11 00:00:00-04:00,248.77970377054865,250.67884555082352,248.3353991336537,249.52020263671875,915600,0.0,0.0
2017-07-12 00:00:00-04:00,250.15609573163405,251.56738482177425,249.4678649902344,249.46786499023438,812600,0.0,0.0
2017-07-13 00:00:00-04:00,250.12999901978696,250.76596185901786,248.96263593681428,249.81639099121094,705100,0.0,0.0
2017-07-14 00:00:00-04:00,250.0689952374924,251.56740664790746,249.77280103363807,251.00987243652344,887900,0.0,0.0
2017-07-17 00:00:00-04:00,251.33225230185633,252.69127379227837,250.55689914354284,251.3235321044922,1319300,0.0,0.0
2017-07-18 00:00:00-04:00,253.19648839449835,255.22629980507645,249.1803867888016,249.8424835205078,1811000,0.0,0.0
2017-07-19 00:00:00-04:00,250.61770744582836,253.75391885928906,250.0601735200734,253.22251892089844,1139700,0.0,0.0
2017-07-20 00:00:00-04:00,253.14424175092944,253.28363196220943,251.71553861074705,252.35150146484375,1150900,0.0,0.0
2017-07-21 00:00:00-04:00,251.1579344544519,252.69992012297723,249.9034493552271,251.87229919433594,1230100,0.0,0.0
2017-07-24 00:00:00-04:00,252.17722894705153,253.71918812365783,251.94202294633712,252.88287353515625,768700,0.0,0.0
2017-07-25 00:00:00-04:00,253.9282791874381,254.442265564413,252.39501366564147,252.49082946777344,805200,0.0,0.0
2017-07-26 00:00:00-04:00,253.3532437844292,253.50132754961524,251.5673323075221,252.50820922851562,882400,0.0,0.0
2017-07-27 00:00:00-04:00,252.81319824636455,253.06581805832255,249.30238902008463,251.00987243652344,1117400,0.0,0.0
2017-07-28 00:00:00-04:00,250.95757741168214,253.3097169840551,249.65951795149533,252.99610900878906,1086200,0.0,0.0
2017-07-31 00:00:00-04:00,253.87601497010783,255.9842285080177,253.53624638811976,254.49453735351562,1139200,0.0,0.0
2017-08-01 00:00:00-04:00,256.06261994196745,256.4110821188354,254.29414847305165,254.94752502441406,1036700,0.0,0.0
2017-08-02 00:00:00-04:00,255.01722553639112,256.8553787495341,254.51193279747017,256.7334289550781,983700,0.0,0.0
2017-08-03 00:00:00-04:00,256.1236035128948,257.78753895732433,255.0781904151931,257.7091369628906,983600,0.0,0.0
2017-08-04 00:00:00-04:00,258.10112837405705,258.7370910644531,257.0296079412272,258.7370910644531,796400,0.0,0.0
2017-08-07 00:00:00-04:00,259.0071575127705,259.3730600553287,258.38863519549824,258.8677673339844,769100,0.0,0.0
2017-08-08 00:00:00-04:00,259.4253161958197,261.7164939678814,259.0245594803862,261.4377136230469,1009300,0.0,0.0
2017-08-09 00:00:00-04:00,262.39601333359207,266.17688216092176,262.22176896567686,265.8981018066406,1750600,0.0,0.0
2017-08-10 00:00:00-04:00,267.0567922847559,267.53595108939345,263.9641535948449,264.18194580078125,1339600,0.0,0.0
2017-08-11 00:00:00-04:00,263.82475639446466,266.9696895894629,263.59824399879136,264.6175231933594,987800,0.0,0.0
2017-08-14 00:00:00-04:00,266.09844333670947,268.37218048330243,265.0617506388206,267.9540100097656,1203000,0.0,0.0
2017-08-15 00:00:00-04:00,268.29388195937565,268.73818659721167,266.1595075616524,266.7519226074219,1020300,0.0,0.0
2017-08-16 00:00:00-04:00,266.4731507838418,267.2833314905417,266.0114323243925,266.4034423828125,1035600,0.0,0.0
2017-08-17 00:00:00-04:00,265.9329615654961,266.2727035282989,262.4569804303013,262.5876770019531,1067000,0.0,0.0
2017-08-18 00:00:00-04:00,262.1085233690395,262.44829192440653,260.3226381626057,260.6536865234375,1204700,0.0,0.0
2017-08-21 00:00:00-04:00,261.35060196093735,263.2933176731252,259.4078862487495,262.9884033203125,962200,0.0,0.0
2017-08-22 00:00:00-04:00,264.4084076191725,266.12461093706696,263.93796910027885,265.5321960449219,960400,0.0,0.0
2017-08-23 00:00:00-04:00,264.83526584122217,265.3231181514215,263.55464688045953,263.82470703125,697100,0.0,0.0
2017-08-24 00:00:00-04:00,264.4084283515165,264.87884032133775,262.43957852462137,263.61566162109375,574400,0.0,0.0
2017-08-25 00:00:00-04:00,264.76564843582923,265.42771868298905,263.7115149860487,263.7899169921875,571100,0.0,0.0
2017-08-28 00:00:00-04:00,264.6000459616575,264.70458193892193,263.53721921621,264.4954833984375,830400,0.0,0.0
2017-08-29 00:00:00-04:00,265.2708583486875,268.47675265351967,265.2708583486875,268.4419250488281,1277600,0.0,0.0
2017-08-30 00:00:00-04:00,268.52956127285563,269.2306263523407,267.72331236192116,268.42437744140625,1273000,1.82,0.0
2017-08-31 00:00:00-04:00,268.91521564452086,268.91521564452086,267.25893749038977,267.62701416015625,982400,0.0,0.0
2017-09-01 00:00:00-04:00,268.1264420365637,268.4594573327809,264.8226318359375,264.8226318359375,1188800,0.0,0.0
2017-09-05 00:00:00-04:00,266.8031967851084,266.87329260486433,264.5772734069684,264.8314208984375,1387200,0.0,0.0
2017-09-06 00:00:00-04:00,265.8918229396311,266.356284690668,264.0514932065681,264.1741943359375,1217400,0.0,0.0
2017-09-07 00:00:00-04:00,264.1741855496122,265.3309405130162,263.11378894593236,264.962890625,923400,0.0,0.0
2017-09-08 00:00:00-04:00,264.23546416288826,266.1108547988292,264.23546416288826,265.44482421875,1161100,0.0,0.0
2017-09-11 00:00:00-04:00,266.1458894765952,266.92582233338464,264.840117720166,266.8294372558594,917600,0.0,0.0
2017-09-12 00:00:00-04:00,266.8031800071724,267.0748447505163,265.4536015524211,266.1722106933594,640800,0.0,0.0
2017-09-13 00:00:00-04:00,265.5851304086302,265.5851304086302,262.9999017970581,263.07879638671875,1143100,0.0,0.0
2017-09-14 00:00:00-04:00,263.07873954836776,264.1215920787292,261.50130274274875,264.0777587890625,1507600,0.0,0.0
2017-09-15 00:00:00-04:00,264.95406762583724,265.839184378452,263.8060581466632,264.91900634765625,2025900,0.0,0.0
2017-09-18 00:00:00-04:00,265.4098151614992,266.6980432904846,265.00670397820295,266.23358154296875,1005500,0.0,0.0
2017-09-19 00:00:00-04:00,266.6629812074361,269.26572647498404,266.1108796743316,267.85479736328125,1365100,0.0,0.0
2017-09-20 00:00:00-04:00,267.60064524045674,269.87914715395686,267.49548813957426,269.8265686035156,1265000,0.0,0.0
2017-09-21 00:00:00-04:00,270.0017804034949,270.711617399958,269.37958321704645,269.92291259765625,875600,0.0,0.0
2017-09-22 00:00:00-04:00,270.48380574114185,272.85869256048625,270.1420451904228,270.3874206542969,1018600,0.0,0.0
2017-09-25 00:00:00-04:00,270.33484886626525,270.7642492527998,267.0310119111748,268.9064025878906,1222400,0.0,0.0
2017-09-26 00:00:00-04:00,270.39616357912325,272.2715541927469,270.0982095715598,271.2987976074219,1025800,0.0,0.0
2017-09-27 00:00:00-04:00,271.40400090061235,272.82367522710297,270.79932083652614,271.78082275390625,973300,0.0,0.0
2017-09-28 00:00:00-04:00,270.7992923747838,271.99110836521896,268.66975436494675,270.9044494628906,824200,0.0,0.0
2017-09-29 00:00:00-04:00,270.7467217497421,271.98234431505597,270.5188635562337,271.9210205078125,911500,0.0,0.0
2017-10-02 00:00:00-04:00,272.35919055466275,272.87623074450164,271.02712942729,272.8323974609375,1007800,0.0,0.0
2017-10-03 00:00:00-04:00,272.87624460218626,275.18978093766606,272.8061220424902,274.1732177734375,803000,0.0,0.0
2017-10-04 00:00:00-04:00,274.5413042562734,275.25991342751934,273.8226950850275,274.3134460449219,903700,0.0,0.0
2017-10-05 00:00:00-04:00,274.1381932932657,276.30276607065184,273.98045764404446,275.6805419921875,950400,0.0,0.0
2017-10-06 00:00:00-04:00,276.04863844017234,277.3280944824219,275.4176690539807,277.3280944824219,857700,0.0,0.0
2017-10-09 00:00:00-04:00,277.46830090753747,278.9756151126645,276.48679895888216,278.064208984375,880100,0.0,0.0
2017-10-10 00:00:00-04:00,278.95807665402214,278.95807665402214,277.1177472681229,278.4234924316406,941500,0.0,0.0
2017-10-11 00:00:00-04:00,278.3709662786509,279.3787576160662,277.84515396315254,279.1947326660156,706300,0.0,0.0
2017-10-12 00:00:00-04:00,278.9843557557752,281.79741490735984,278.9230052049007,281.4381103515625,867700,0.0,0.0
2017-10-13 00:00:00-04:00,281.8500142862538,282.34953724786504,279.6766962676022,279.8957824707031,1095500,0.0,0.0
2017-10-16 00:00:00-04:00,280.2025301170939,281.0175512586654,278.44984018980824,279.50146484375,588200,0.0,0.0
2017-10-17 00:00:00-04:00,279.2910636302779,279.49260579303643,277.81878422448966,278.9142150878906,741600,0.0,0.0
2017-10-18 00:00:00-04:00,278.9667888219654,279.39621589888156,275.7856801143646,276.548095703125,1131100,0.0,0.0
2017-10-19 00:00:00-04:00,276.54812355503174,277.86264070084644,274.31342836079494,277.66107177734375,727600,0.0,0.0
2017-10-20 00:00:00-04:00,278.6162276236282,280.4302673339844,277.45070109234365,280.4302673339844,933400,0.0,0.0
2017-10-23 00:00:00-04:00,281.35931146477134,281.7974839459342,280.3164588200897,281.07012939453125,1239000,0.0,0.0
2017-10-24 00:00:00-04:00,275.7769466413745,277.80130098538206,272.20144488868937,274.4273681640625,2567800,0.0,0.0
2017-10-25 00:00:00-04:00,274.1732085466934,276.8898826492001,272.8148848673999,273.79638671875,1658800,0.0,0.0
2017-10-26 00:00:00-04:00,274.6814818747482,275.5403092990763,265.8041058827367,269.8177795410156,1599400,0.0,0.0
2017-10-27 00:00:00-04:00,269.8703780301254,271.99988936647384,269.6950983815379,269.9141845703125,998600,0.0,0.0
2017-10-30 00:00:00-04:00,270.35228797289244,272.034881240726,269.7563801100002,270.4662170410156,1157300,0.0,0.0
2017-10-31 00:00:00-04:00,270.93072701241624,271.5178629769148,270.03686505826505,270.05438232421875,693900,0.0,0.0
2017-11-01 00:00:00-04:00,270.83437633658093,271.36896062391247,268.3631040832982,268.6873474121094,1016100,0.0,0.0
2017-11-02 00:00:00-04:00,268.25792446964147,272.4205627441406,268.25792446964147,272.4205627441406,868900,0.0,0.0
2017-11-03 00:00:00-04:00,272.4731325483797,273.2881267805733,270.82560007216864,271.6581115722656,652200,0.0,0.0
2017-11-06 00:00:00-05:00,271.4215282025797,273.358242834143,270.51012206964066,271.73699951171875,717300,0.0,0.0
2017-11-07 00:00:00-05:00,271.73696298020604,274.62014463942495,271.73696298020604,274.550048828125,874200,0.0,0.0
2017-11-08 00:00:00-05:00,274.6815580370328,276.6621061443754,274.55885690928505,276.6095275878906,729600,0.0,0.0
2017-11-09 00:00:00-05:00,275.91714857549107,276.1011734838194,271.9122466684764,272.6133117675781,890600,0.0,0.0
2017-11-10 00:00:00-05:00,271.929757331777,273.13911733068954,271.4565504361388,272.69219970703125,630800,0.0,0.0
2017-11-13 00:00:00-05:00,272.54319239111334,274.5412571691114,271.93851242925314,274.2520751953125,702800,0.0,0.0
2017-11-14 00:00:00-05:00,273.41953529705177,275.17222462587904,272.28029793088075,274.9443664550781,605700,0.0,0.0
2017-11-15 00:00:00-05:00,274.3834918168743,274.97939970941223,272.14005184409643,272.2276916503906,754900,0.0,0.0
2017-11-16 00:00:00-05:00,272.6220706615233,274.1206126165355,272.54320284746143,273.9891662597656,635500,0.0,0.0
2017-11-17 00:00:00-05:00,273.0602387388491,273.7963650691547,271.2286815460794,271.4039611816406,692300,0.0,0.0
2017-11-20 00:00:00-05:00,271.8421339761705,276.5481006900711,271.6756263452872,275.7418518066406,901800,0.0,0.0
2017-11-21 00:00:00-05:00,276.258921429842,278.34462629690125,275.7068199363357,277.74871826171875,858000,0.0,0.0
2017-11-22 00:00:00-05:00,277.1966004205631,277.6785793262583,275.4789722317785,275.9346618652344,685700,0.0,0.0
2017-11-24 00:00:00-05:00,276.12747060361016,277.12651647933683,276.0661200511175,276.7672119140625,320900,0.0,0.0
2017-11-27 00:00:00-05:00,276.9249390949337,277.7048987541494,276.09240089059324,277.53839111328125,657800,0.0,0.0
2017-11-28 00:00:00-05:00,277.6084857420887,279.9307939549293,277.0739282876261,279.562744140625,967200,0.0,0.0
2017-11-29 00:00:00-05:00,279.99214107691006,281.4906830760667,278.96680597606473,281.0963439941406,1190500,0.0,0.0
2017-11-30 00:00:00-05:00,281.8547705571719,283.01881025176317,280.8494831203694,281.4138488769531,2626200,2.0,0.0
2017-12-01 00:00:00-05:00,281.3609341314369,281.86359129445054,274.3679228984837,276.5196228027344,1707400,0.0,0.0
2017-12-04 00:00:00-05:00,278.6095105564298,279.12096771215414,274.7911148712361,274.9410400390625,1365900,0.0,0.0
2017-12-05 00:00:00-05:00,277.3396347297777,277.3396347297777,273.433076540408,273.49481201171875,1171000,0.0,0.0
2017-12-06 00:00:00-05:00,275.11746962246525,276.07867554533885,273.59187109622343,275.108642578125,824800,0.0,0.0
2017-12-07 00:00:00-05:00,274.9851673513338,278.0980729308939,274.9675401746464,277.2691650390625,972300,0.0,0.0
2017-12-08 00:00:00-05:00,279.1563441978467,279.1563441978467,276.4138241449447,278.5302429199219,853900,0.0,0.0
2017-12-11 00:00:00-05:00,278.17744974570144,279.75592970600826,277.9128806372046,278.8123779296875,765800,0.0,0.0
2017-12-12 00:00:00-05:00,278.99761588935837,279.4561647636997,277.7013050302618,278.5655212402344,1082200,0.0,0.0
2017-12-13 00:00:00-05:00,279.24444923488187,282.03987689102223,278.9269717134666,280.2409362792969,862400,0.0,0.0
2017-12-14 00:00:00-05:00,280.6113268330496,281.33444474084894,279.0328468269438,279.5531311035156,867600,0.0,0.0
2017-12-15 00:00:00-05:00,281.03470930633324,285.17055750574116,280.8054213828357,284.6767272949219,1929400,0.0,0.0
2017-12-18 00:00:00-05:00,285.35566686854924,285.66431740227114,281.3080093984607,284.6237487792969,1254400,0.0,0.0
2017-12-19 00:00:00-05:00,284.62374136257597,284.950019065369,281.99583873967606,282.16339111328125,931000,0.0,0.0
2017-12-20 00:00:00-05:00,282.0487945046157,283.301023994544,280.1175552736465,280.1792907714844,932400,0.0,0.0
2017-12-21 00:00:00-05:00,281.3080484856088,281.48442793273506,279.55318870712154,279.7119140625,868700,0.0,0.0
2017-12-22 00:00:00-05:00,280.69069418916234,281.5196289926077,280.0734200645397,280.4526062011719,542100,0.0,0.0
2017-12-26 00:00:00-05:00,280.74361750417563,281.98701977521665,280.3997126144145,280.87591552734375,516900,0.0,0.0
2017-12-27 00:00:00-05:00,281.89881750368363,281.89881750368363,280.4878630517995,281.69598388671875,574700,0.0,0.0
2017-12-28 00:00:00-05:00,282.03994642148297,284.21810056961095,281.9341295254967,284.041748046875,721700,0.0,0.0
2017-12-29 00:00:00-05:00,284.1475522044644,284.9676600233155,283.0893294685956,283.11578369140625,731200,0.0,0.0
2018-01-02 00:00:00-05:00,283.9534520242972,284.5001903900227,279.9851584401067,280.90228271484375,1189600,0.0,0.0
2018-01-03 00:00:00-05:00,281.2903428999729,283.53020516614026,280.9816924093965,283.2568359375,893400,0.0,0.0
2018-01-04 00:00:00-05:00,283.23931234470894,288.27463113090164,283.0629328822429,288.11590576171875,1443000,0.0,0.0
2018-01-05 00:00:00-05:00,287.47213084751047,291.1670569684669,287.46333071319276,290.72613525390625,1241100,0.0,0.0
2018-01-08 00:00:00-05:00,290.09114498034944,291.3698284442947,289.0770306356963,289.38568115234375,1084500,0.0,0.0
2018-01-09 00:00:00-05:00,290.1264463324245,292.6220510357069,289.6149890584672,291.4580383300781,865400,0.0,0.0
2018-01-10 00:00:00-05:00,291.9518276710604,294.3063338879502,291.01707605444767,291.9341735839844,1504600,0.0,0.0
2018-01-11 00:00:00-05:00,292.6397195449042,292.84252629083755,291.14940213828334,292.0047912597656,1152000,0.0,0.0
2018-01-12 00:00:00-05:00,292.1987791747104,296.6079956194421,291.9165828634344,296.5198059082031,1428100,0.0,0.0
2018-01-16 00:00:00-05:00,296.60800626502555,296.89020258642984,291.00829579689236,291.10528564453125,1374900,0.0,0.0
2018-01-17 00:00:00-05:00,292.29574479605174,296.07003268349445,291.29045752405716,295.29400634765625,1009600,0.0,0.0
2018-01-18 00:00:00-05:00,294.63261108546783,296.22877199535316,293.64495103264807,293.6537780761719,973200,0.0,0.0
2018-01-19 00:00:00-05:00,294.7472622931587,295.32048190202204,292.5779355583763,292.7719421386719,1511800,0.0,0.0
2018-01-22 00:00:00-05:00,292.569130483191,293.3892651729478,290.0999801046778,290.1264343261719,1463000,0.0,0.0
2018-01-23 00:00:00-05:00,290.9994664571432,292.0224079303752,289.6943555764545,289.8619079589844,1066200,0.0,0.0
2018-01-24 00:00:00-05:00,290.0117565175282,293.19522432793934,288.7331000790571,291.4403381347656,1360200,0.0,0.0
2018-01-25 00:00:00-05:00,291.92535598152546,295.58499957227275,291.1934111163461,295.1705322265625,1782900,0.0,0.0
2018-01-26 00:00:00-05:00,297.06650547324386,304.33288460923046,295.18817520830606,304.147705078125,2057300,0.0,0.0
2018-01-29 00:00:00-05:00,308.645140117987,312.4547094491134,301.7226651644252,309.8973693847656,2881100,0.0,0.0
2018-01-30 00:00:00-05:00,305.5762884832875,311.04372695391766,304.27997793460327,308.9890441894531,2032900,0.0,0.0
2018-01-31 00:00:00-05:00,311.5375882352839,316.1584383418122,310.8056701649579,312.9220886230469,1887200,0.0,0.0
2018-02-01 00:00:00-05:00,312.401760389707,319.042038178727,312.18129960400023,315.1531066894531,1579700,0.0,0.0
2018-02-02 00:00:00-05:00,313.0543854285446,315.6999154462506,309.9855609197853,310.9908752441406,1958600,0.0,0.0
2018-02-05 00:00:00-05:00,307.43696803715693,312.16363419362233,287.57784395759785,296.7049255371094,2947100,0.0,0.0
2018-02-06 00:00:00-05:00,289.8707042242503,299.83554968247785,288.5655933609764,297.70147705078125,2603000,0.0,0.0
2018-02-07 00:00:00-05:00,298.31879527895364,308.9449969128313,297.90432782677294,304.6151428222656,2052900,0.0,0.0
2018-02-08 00:00:00-05:00,308.8303314052038,309.5181680957136,294.54448623806564,294.8002014160156,2627600,0.0,0.0
2018-02-09 00:00:00-05:00,298.1511623410292,304.13005757979244,292.9923747397912,301.0788879394531,2366600,0.0,0.0
2018-02-12 00:00:00-05:00,303.83026413498004,307.295901457548,299.9148781679639,304.9501953125,1829200,0.0,0.0
2018-02-13 00:00:00-05:00,304.4123512527742,309.5799406389128,303.8038771562187,308.8480224609375,1279300,0.0,0.0
2018-02-14 00:00:00-05:00,307.5957884606482,313.39833299492585,307.0578769143147,312.75457763671875,1652100,0.0,0.0
2018-02-15 00:00:00-05:00,315.1707570194589,318.3630251251522,312.8250508577952,318.34539794921875,1167600,0.0,0.0
2018-02-16 00:00:00-05:00,318.3454061153831,320.10909257585615,315.5587782784294,317.9309387207031,1084800,0.0,0.0
2018-02-20 00:00:00-05:00,316.71398995898005,319.81809534509085,315.02086603175565,316.308349609375,1102600,0.0,0.0
2018-02-21 00:00:00-05:00,316.58178054591133,320.0915269655326,314.81809374621264,314.8710021972656,1391000,0.0,0.0
2018-02-22 00:00:00-05:00,316.08787736239645,316.5552531798598,312.62224006054277,313.4158935546875,1432700,0.0,0.0
2018-02-23 00:00:00-05:00,314.1566499800826,316.308349609375,312.0314045711619,316.308349609375,902500,0.0,0.0
2018-02-26 00:00:00-05:00,317.4635852223121,318.6276248269404,314.88859096768476,316.31719970703125,1156300,0.0,0.0
2018-02-27 00:00:00-05:00,316.8904222394783,319.50949814011784,315.7792909750482,315.849853515625,1379700,0.0,0.0
2018-02-28 00:00:00-05:00,316.90516259500987,318.53688979926824,312.5244186116133,312.5421447753906,988400,2.0,0.0
2018-03-01 00:00:00-05:00,312.55974397487773,313.55294999986813,299.36423064209833,301.2353820800781,2307100,0.0,0.0
2018-03-02 00:00:00-05:00,299.2933678565742,304.0377273966465,297.12070887959015,303.03564453125,1684100,0.0,0.0
2018-03-05 00:00:00-05:00,301.35952866087297,303.9755846988404,299.3997193163104,303.6031188964844,1812400,0.0,0.0
2018-03-06 00:00:00-05:00,304.082022862081,305.0486262369358,299.6924035210157,301.0669250488281,1307800,0.0,0.0
2018-03-07 00:00:00-05:00,298.16713571279496,304.33922222779245,296.2782577595765,303.4613037109375,1351000,0.0,0.0
2018-03-08 00:00:00-05:00,304.2771388896064,304.79149521717767,300.9250544003949,303.0888366699219,1056400,0.0,0.0
2018-03-09 00:00:00-05:00,303.0888892585546,303.78058849339715,299.8077359023679,301.9449157714844,1568600,0.0,0.0
2018-03-12 00:00:00-04:00,302.3971872339962,302.7075709912333,295.3383044585643,295.3915100097656,2283200,0.0,0.0
2018-03-13 00:00:00-04:00,296.88123877535185,297.8833214883419,294.48688137152004,295.7106628417969,1622100,0.0,0.0
2018-03-14 00:00:00-04:00,297.70589277378997,298.3000572334462,290.49624628277445,294.1321105957031,1712400,0.0,0.0
2018-03-15 00:00:00-04:00,294.36274071530323,296.57085165208116,291.5604652082616,295.5067138671875,1877200,0.0,0.0
2018-03-16 00:00:00-04:00,295.639713895528,296.499906106119,291.95952015188675,293.88385009765625,4718100,0.0,0.0
2018-03-19 00:00:00-04:00,292.90841849861107,298.16713414929313,292.864089567567,297.2980651855469,1502900,0.0,0.0
2018-03-20 00:00:00-04:00,297.7236555846769,301.0668625484123,297.2713815345863,297.6083679199219,1153900,0.0,0.0
2018-03-21 00:00:00-04:00,298.1936480261533,300.3840324109747,294.8504140866288,297.4930725097656,1270500,0.0,0.0
2018-03-22 00:00:00-04:00,295.462363211929,297.49313141930014,288.90896197715824,290.114990234375,1536300,0.0,0.0
2018-03-23 00:00:00-04:00,289.98200714215324,305.1816886412352,289.7780345198897,298.2380676269531,2898600,0.0,0.0
2018-03-26 00:00:00-04:00,303.63862698676735,305.5895869686739,300.86295408367033,304.99542236328125,1611100,0.0,0.0
2018-03-27 00:00:00-04:00,306.2103208856677,306.7778827095827,298.49522016454017,300.4905090332031,1295100,0.0,0.0
2018-03-28 00:00:00-04:00,301.51033304869185,302.09562106038584,295.49786337217563,297.3689880371094,1422000,0.0,0.0
2018-03-29 00:00:00-04:00,297.998593139789,302.3970886701243,297.4221818144218,299.67462158203125,1039300,0.0,0.0
2018-04-02 00:00:00-04:00,298.903119902353,299.6480244532362,291.5338556329767,295.302734375,1298600,0.0,0.0
2018-04-03 00:00:00-04:00,297.0496365729138,298.8764315810978,293.2452795423745,296.8190612792969,1296500,0.0,0.0
2018-04-04 00:00:00-04:00,291.64921819015467,303.2573644482956,290.4254364485001,303.0977478027344,1449400,0.0,0.0
2018-04-05 00:00:00-04:00,305.2615026416181,307.655833296478,301.51922604554164,307.40753173828125,1589400,0.0,0.0
2018-04-06 00:00:00-04:00,304.6938834549719,305.6604867341227,295.1608374348549,296.7748107910156,1417900,0.0,0.0
2018-04-09 00:00:00-04:00,299.27566735595104,302.25528637236687,297.484323650823,297.8833923339844,981200,0.0,0.0
2018-04-10 00:00:00-04:00,302.0690572976951,302.44149613142525,298.93867128284285,300.94281005859375,996300,0.0,0.0
2018-04-11 00:00:00-04:00,300.1889895227884,307.05277428644126,299.7189892468273,301.0137023925781,1481100,0.0,0.0
2018-04-12 00:00:00-04:00,302.06013500162805,305.50090423276527,301.9714500813006,304.0643005371094,1091600,0.0,0.0
2018-04-13 00:00:00-04:00,305.12844896157446,305.9975179103458,302.12222761706096,303.8160095214844,763100,0.0,0.0
2018-04-16 00:00:00-04:00,305.82900842059047,308.3741059161355,305.5452275059304,306.5650634765625,1141300,0.0,0.0
2018-04-17 00:00:00-04:00,308.41848279484725,310.4847035196951,306.9463996460424,309.61566162109375,1061800,0.0,0.0
2018-04-18 00:00:00-04:00,311.53105460120037,312.37352062745845,309.79294407963187,311.3980407714844,843600,0.0,0.0
2018-04-19 00:00:00-04:00,311.79714675373805,314.11166885714965,310.5378858679768,313.3756408691406,781700,0.0,0.0
2018-04-20 00:00:00-04:00,314.39547255162995,314.8122673401995,311.380374558686,312.14300537109375,1185300,0.0,0.0
2018-04-23 00:00:00-04:00,312.852422803874,318.022425864817,312.55091574449824,318.00469970703125,1986000,0.0,0.0
2018-04-24 00:00:00-04:00,319.26396218254763,321.0109496121879,293.20994487544135,298.3976745605469,3780500,0.0,0.0
2018-04-25 00:00:00-04:00,298.5661566960703,298.9829514601207,284.271024544476,292.198974609375,3030800,0.0,0.0
2018-04-26 00:00:00-04:00,292.6423881963474,296.9521994687126,287.43690519696963,292.9971008300781,1847500,0.0,0.0
2018-04-27 00:00:00-04:00,292.5980443447189,292.8463458819523,285.28198501289114,285.5746154785156,1580600,0.0,0.0
2018-04-30 00:00:00-04:00,285.85838679859467,288.616306385168,283.9517828735478,284.5193176269531,1451100,0.0,0.0
2018-05-01 00:00:00-04:00,284.2089457007466,284.87404200880815,267.89192168887126,273.5408020019531,3880100,0.0,0.0
2018-05-02 00:00:00-04:00,272.494324660725,277.9215048970239,270.6498032517023,271.09320068359375,2644800,0.0,0.0
2018-05-03 00:00:00-04:00,269.54137364530493,275.3498705565478,266.4819198139859,274.8443908691406,2889900,0.0,0.0
2018-05-04 00:00:00-04:00,273.2304288033191,277.3008421802419,272.47667460884514,276.1834716796875,1675500,0.0,0.0
2018-05-07 00:00:00-04:00,276.884062702067,281.929929330276,276.75989838943514,281.7436828613281,1816800,0.0,0.0
2018-05-08 00:00:00-04:00,281.7437000883136,288.554307905056,281.3801108027409,287.4901428222656,2949500,0.0,0.0
2018-05-09 00:00:00-04:00,288.7582625349966,291.3565661004591,287.9424260670825,289.20166015625,1700000,0.0,0.0
2018-05-10 00:00:00-04:00,291.29446489347094,291.7733147633824,286.3904890611519,287.7561340332031,1261600,0.0,0.0
2018-05-11 00:00:00-04:00,287.9334975728399,288.97103266443094,286.2219895582747,287.3570861816406,844900,0.0,0.0
2018-05-14 00:00:00-04:00,286.65653537004476,287.30390557924164,281.50425765726857,282.9585876464844,1417200,0.0,0.0
2018-05-15 00:00:00-04:00,281.77911836768504,284.084790838493,281.1140221008849,283.5704345703125,1131200,0.0,0.0
2018-05-16 00:00:00-04:00,283.8630556987675,285.29078251167164,282.74568545365435,283.1802062988281,915800,0.0,0.0
2018-05-17 00:00:00-04:00,282.88765061041346,285.10463846786183,281.4687729690785,284.14691162109375,961600,0.0,0.0
2018-05-18 00:00:00-04:00,284.44842728679237,285.548044637087,283.5970844386538,284.17352294921875,1013900,0.0,0.0
2018-05-21 00:00:00-04:00,285.9913912159102,287.7915840067868,284.80308914801077,287.56988525390625,1001500,0.0,0.0
2018-05-22 00:00:00-04:00,286.6653046708897,286.96681166477697,281.1494397599193,281.229248046875,1501700,0.0,0.0
2018-05-23 00:00:00-04:00,280.0765132526533,288.6784374300837,278.5689776657294,288.4922180175781,1603400,0.0,0.0
2018-05-24 00:00:00-04:00,287.9068927690472,291.87086784330944,286.736316773047,289.40557861328125,1211900,0.0,0.0
2018-05-25 00:00:00-04:00,289.09520152922755,290.1770926297339,283.6502666452323,284.4838562011719,1020300,0.0,0.0
2018-05-29 00:00:00-04:00,283.4818280556046,284.38634939963646,279.65971591908294,281.29144287109375,1159800,0.0,0.0
2018-05-30 00:00:00-04:00,282.9143100889785,285.3795999980853,281.2560071692745,284.69677734375,901400,0.0,0.0
2018-05-31 00:00:00-04:00,284.8751396137006,285.8031955856875,280.6186199802174,280.68109130859375,1452700,2.0,0.0
2018-06-01 00:00:00-04:00,282.8048718556935,283.5901205842442,281.51094752455566,282.54608154296875,886900,0.0,0.0
2018-06-04 00:00:00-04:00,282.97442861079014,284.88407967929544,282.18024752997866,283.92034912109375,857000,0.0,0.0
2018-06-05 00:00:00-04:00,283.8667976230032,286.65987078493623,283.31354234475907,285.5711975097656,873100,0.0,0.0
2018-06-06 00:00:00-04:00,286.24040336697124,287.2309305391158,284.22370169998845,285.4729919433594,1083400,0.0,0.0
2018-06-07 00:00:00-04:00,285.99944135629795,287.4718199292647,284.60737137104053,287.2933654785156,1088200,0.0,0.0
2018-06-08 00:00:00-04:00,287.09707067050283,287.8734143161467,283.85782119800217,287.6146240234375,1260300,0.0,0.0
2018-06-11 00:00:00-04:00,287.44512575779373,287.8913028503602,284.80376499489734,284.9286804199219,911100,0.0,0.0
2018-06-12 00:00:00-04:00,285.22319967618404,285.5801359376844,277.7452665364147,281.234375,1743100,0.0,0.0
2018-06-13 00:00:00-04:00,280.7971566088202,283.5902028620761,279.0124479004812,280.5115966796875,2014200,0.0,0.0
2018-06-14 00:00:00-04:00,280.6810285977135,281.80537609483986,276.6386661561234,277.1562194824219,1396200,0.0,0.0
2018-06-15 00:00:00-04:00,276.29068863601987,277.49537218968374,273.3637681019819,276.7547302246094,1786300,0.0,0.0
2018-06-18 00:00:00-04:00,274.2918228142796,276.62978632863326,273.06036973084446,276.2014465332031,1259300,0.0,0.0
2018-06-19 00:00:00-04:00,273.70285421664016,274.5148997261461,269.178612334744,269.9549560546875,1821600,0.0,0.0
2018-06-20 00:00:00-04:00,269.8210865339207,272.1412124828381,268.80381708990495,270.2583312988281,1620800,0.0,0.0
2018-06-21 00:00:00-04:00,270.07101402529713,270.25840079666114,266.0108129949608,268.0453796386719,1517500,0.0,0.0
2018-06-22 00:00:00-04:00,268.9377850489855,269.3214909217652,266.5373494306721,267.153076171875,1364200,0.0,0.0
2018-06-25 00:00:00-04:00,265.3414845485894,270.67774438575015,264.19927244383905,266.6086120605469,1944800,0.0,0.0
2018-06-26 00:00:00-04:00,266.6443281014459,268.08993739524266,265.1005456951457,266.88525390625,1670800,0.0,0.0
2018-06-27 00:00:00-04:00,267.1619855436607,269.59809552342443,262.83406144092925,263.0482177734375,1523900,0.0,0.0
2018-06-28 00:00:00-04:00,263.2444923852831,264.7704104618092,260.13908992565206,263.4586486816406,1424300,0.0,0.0
2018-06-29 00:00:00-04:00,265.45751613229925,267.6884014550823,263.47648887636836,263.628173828125,1267800,0.0,0.0
2018-07-02 00:00:00-04:00,262.5038829522767,267.0816377500154,260.85302200965526,266.9210205078125,977900,0.0,0.0
2018-07-03 00:00:00-04:00,267.7062746714591,270.01746890822386,266.4748214507719,267.2243957519531,651000,0.0,0.0
2018-07-05 00:00:00-04:00,267.95609166928597,270.5260758691131,265.19872073103,266.9834289550781,986300,0.0,0.0
2018-07-06 00:00:00-04:00,266.2873938369988,269.05369703077065,264.32420389755134,266.9834289550781,1103500,0.0,0.0
2018-07-09 00:00:00-04:00,268.59865791566585,274.37219161863453,268.02753806311875,273.48876953125,1244400,0.0,0.0
2018-07-10 00:00:00-04:00,274.9432582374231,277.4418665072842,274.14014484916055,275.58575439453125,1525500,0.0,0.0
2018-07-11 00:00:00-04:00,274.69335401573926,276.0765192273259,272.9978866512816,273.5779113769531,896200,0.0,0.0
2018-07-12 00:00:00-04:00,276.0943577188217,280.61859961741146,275.5589398033548,279.5834655761719,1283300,0.0,0.0
2018-07-13 00:00:00-04:00,279.9136723407122,285.1071805695132,279.7708923939679,284.09881591796875,1662500,0.0,0.0
2018-07-16 00:00:00-04:00,285.0001501586288,288.5695677276867,283.3938959130558,284.7056579589844,1303400,0.0,0.0
2018-07-17 00:00:00-04:00,285.4551882665223,286.4278510430843,282.0909956197335,283.32244873046875,868200,0.0,0.0
2018-07-18 00:00:00-04:00,283.50992704512123,286.07097998074704,282.4301857767295,285.3481750488281,860400,0.0,0.0
2018-07-19 00:00:00-04:00,284.92862755229834,286.3206976442122,283.92919540758925,285.19635009765625,759900,0.0,0.0
2018-07-20 00:00:00-04:00,284.08089548594836,288.0964884031073,283.2688500948028,287.8287658691406,1563900,0.0,0.0
2018-07-23 00:00:00-04:00,287.8288153732719,288.67656269458155,282.6888740733699,284.0630798339844,1585300,0.0,0.0
2018-07-24 00:00:00-04:00,290.01512444590685,294.16456616455804,279.3068736971349,287.8467102050781,3253400,0.0,0.0
2018-07-25 00:00:00-04:00,288.2750487948574,289.9883810514171,282.58185117546435,289.44403076171875,2104600,0.0,0.0
2018-07-26 00:00:00-04:00,289.8634152322321,290.79147126512146,286.59742268478584,288.1768798828125,2011800,0.0,0.0
2018-07-27 00:00:00-04:00,289.47966103626743,290.1400215802431,287.1506299354807,289.2030334472656,1009900,0.0,0.0
2018-07-30 00:00:00-04:00,289.21200102602006,290.89853629939086,285.2142444151773,285.6514892578125,1270500,0.0,0.0
2018-07-31 00:00:00-04:00,286.784761198736,291.2911384507719,286.784761198736,290.9966735839844,986300,0.0,0.0
2018-08-01 00:00:00-04:00,290.54159374452877,290.9699335539556,287.84669392883353,289.95263671875,1392200,0.0,0.0
2018-08-02 00:00:00-04:00,287.8110359284044,288.3642912461226,285.7675369233712,287.3559265136719,820400,0.0,0.0
2018-08-03 00:00:00-04:00,287.89140029495326,287.89140029495326,284.7592273305724,286.0442199707031,945400,0.0,0.0
2018-08-06 00:00:00-04:00,284.31301600686174,284.31301600686174,279.91371544822897,282.8049621582031,1736700,0.0,0.0
2018-08-07 00:00:00-04:00,283.0904447823278,283.98279900467276,279.8244250606463,283.2421569824219,1088500,0.0,0.0
2018-08-08 00:00:00-04:00,283.32248314424265,283.5723412526765,280.38662994577635,281.36822509765625,922600,0.0,0.0
2018-08-09 00:00:00-04:00,280.90417758532453,282.43009559519714,279.01239109682973,281.7251281738281,1048200,0.0,0.0
2018-08-10 00:00:00-04:00,281.0022991121539,281.0022991121539,277.87015475631324,279.4139099121094,1081900,0.0,0.0
2018-08-13 00:00:00-04:00,278.8697173194143,281.32369222794136,278.414607803797,279.8780822753906,790300,0.0,0.0
2018-08-14 00:00:00-04:00,280.99341096960825,285.74071434423615,280.76139017653884,284.29510498046875,974500,0.0,0.0
2018-08-15 00:00:00-04:00,284.09874695711403,284.5806257563456,280.5918021700303,283.5008850097656,1321400,0.0,0.0
2018-08-16 00:00:00-04:00,285.5532891668493,291.4606684792911,285.3837397228078,290.782470703125,1195200,0.0,0.0
2018-08-17 00:00:00-04:00,290.78258885798266,292.17468676221284,289.765319012866,290.2204284667969,1397400,0.0,0.0
2018-08-20 00:00:00-04:00,290.24717844388204,290.88074239385605,288.95325377080815,289.3191223144531,877400,0.0,0.0
2018-08-21 00:00:00-04:00,289.47973022024087,290.3810167799633,288.34645006001466,289.4708251953125,1167600,0.0,0.0
2018-08-22 00:00:00-04:00,289.16738479887977,289.5867923870999,287.1595877295796,287.2666931152344,690600,0.0,0.0
2018-08-23 00:00:00-04:00,287.40946965470636,287.47194099339396,284.5450198901658,285.56231689453125,717700,0.0,0.0
2018-08-24 00:00:00-04:00,285.5533537087799,286.7937391605476,284.4111413832444,286.7044982910156,773200,0.0,0.0
2018-08-27 00:00:00-04:00,287.4005436081069,290.01513505915,287.33807227398864,289.4261779785156,737500,0.0,0.0
2018-08-28 00:00:00-04:00,289.71173787806396,290.01513505915,287.60576765950844,289.4261779785156,820000,0.0,0.0
2018-08-29 00:00:00-04:00,289.53327115511746,289.94377374420117,287.5165689370867,289.4083557128906,966000,0.0,0.0
2018-08-30 00:00:00-04:00,289.1227491212389,291.3447022750893,286.38321530210163,287.2041931152344,1409700,0.0,0.0
2018-08-31 00:00:00-04:00,286.04584789819006,288.13804942753944,284.6540611833812,287.70703125,1055500,2.0,0.0
2018-09-04 00:00:00-04:00,287.3388977438835,289.3592493686452,285.18386149135887,289.053955078125,947400,0.0,0.0
2018-09-05 00:00:00-04:00,288.1380458345772,288.83843323761374,286.89889256702725,288.5331115722656,892700,0.0,0.0
2018-09-06 00:00:00-04:00,288.73965710687145,295.9051803479319,288.506185496158,295.3394775390625,1326600,0.0,0.0
2018-09-07 00:00:00-04:00,294.5492630199529,297.1083801754472,293.52563259941627,294.99822998046875,1292000,0.0,0.0
2018-09-10 00:00:00-04:00,295.1688622249295,295.58190418746415,289.72738443893064,289.98779296875,1424000,0.0,0.0
2018-09-11 00:00:00-04:00,289.1706379270843,290.7958960775542,287.60821432288026,289.34124755859375,798200,0.0,0.0
2018-09-12 00:00:00-04:00,288.5781095625724,292.5828885880783,288.5781095625724,292.0800476074219,1326400,0.0,0.0
2018-09-13 00:00:00-04:00,293.37304336279107,297.9884105936697,293.2563075401288,297.4676208496094,1294800,0.0,0.0
2018-09-14 00:00:00-04:00,297.49452997365205,302.1548099176498,295.86927152411766,301.5262451171875,1312000,0.0,0.0
2018-09-17 00:00:00-04:00,302.1547962213745,305.0102198140525,301.70582921361614,304.7049255371094,1117300,0.0,0.0
2018-09-18 00:00:00-04:00,305.2975855084806,309.6525712529062,304.830669654466,308.1889343261719,1149100,0.0,0.0
2018-09-19 00:00:00-04:00,308.1889815535276,310.4787028346123,302.1638506595864,304.6690673828125,1771200,0.0,0.0
2018-09-20 00:00:00-04:00,305.17186299475367,305.56695618181215,295.4293001579342,299.1287841796875,2003900,0.0,0.0
2018-09-21 00:00:00-04:00,299.97283121862876,303.42089464273704,299.97283121862876,303.1964111328125,1875700,0.0,0.0
2018-09-24 00:00:00-04:00,302.4331733816732,304.6869966771201,300.17935008622635,303.12457275390625,1176800,0.0,0.0
2018-09-25 00:00:00-04:00,303.9327134279608,310.08353947137334,303.00784249420326,308.47625732421875,1360500,0.0,0.0
2018-09-26 00:00:00-04:00,307.9913841779248,309.66152838485885,307.443657551814,307.8836364746094,1159900,0.0,0.0
2018-09-27 00:00:00-04:00,309.0329908892268,311.39456186301953,307.4616062765421,310.7300720214844,1170000,0.0,0.0
2018-09-28 00:00:00-04:00,310.4337050750663,312.4809932450438,309.52678307865915,310.6492004394531,1827500,0.0,0.0
2018-10-01 00:00:00-04:00,311.66392107161215,312.7773505066674,309.6705064168304,312.4181823730469,809500,0.0,0.0
2018-10-02 00:00:00-04:00,313.03775222784407,314.16915785672603,311.0174006921386,313.44183349609375,960500,0.0,0.0
2018-10-03 00:00:00-04:00,314.27691943918063,315.4891358947149,311.7806638608889,311.97821044921875,1237500,0.0,0.0
2018-10-04 00:00:00-04:00,311.42152137021645,313.9716510096664,310.3170525259312,313.79205322265625,1203600,0.0,0.0
2018-10-05 00:00:00-04:00,312.750442900092,315.0850770916407,310.37092296367257,311.7716979980469,889000,0.0,0.0
2018-10-08 00:00:00-04:00,311.4843808090066,314.71692172676615,310.9276386349016,314.2140808105469,825100,0.0,0.0
2018-10-09 00:00:00-04:00,313.03774152365656,313.7920027828624,310.82883159292726,311.8614501953125,986100,0.0,0.0
2018-10-10 00:00:00-04:00,311.4484427132144,311.80761086648715,302.3793029785156,302.3793029785156,1792500,0.0,0.0
2018-10-11 00:00:00-04:00,300.5655257716298,303.5017607517729,291.83760421839673,292.96002197265625,1937900,0.0,0.0
2018-10-12 00:00:00-04:00,296.8479868037476,297.6381730789952,289.6735031777166,294.1811218261719,1294000,0.0,0.0
2018-10-15 00:00:00-04:00,294.4595115774429,299.89202911639075,294.4595115774429,297.4316711425781,1003600,0.0,0.0
2018-10-16 00:00:00-04:00,298.5361138330921,302.9629218135099,297.34187368728476,302.7204895019531,860300,0.0,0.0
2018-10-17 00:00:00-04:00,301.4544909156977,302.77445537423824,299.299454171879,299.37127685546875,1181700,0.0,0.0
2018-10-18 00:00:00-04:00,297.5304231136106,299.29935411084443,291.86446201847866,294.5223388671875,1323000,0.0,0.0
2018-10-19 00:00:00-04:00,293.80401115008766,296.35414038173286,292.7803532528231,294.6480712890625,1101200,0.0,0.0
2018-10-22 00:00:00-04:00,297.7728463101872,297.7728463101872,291.352624173388,293.4268493652344,1407700,0.0,0.0
2018-10-23 00:00:00-04:00,292.03510549607967,300.6013767365364,283.3790079658965,288.5511169433594,2995700,0.0,0.0
2018-10-24 00:00:00-04:00,294.62110814719966,294.62110814719966,278.7366810831872,279.37420654296875,2396800,0.0,0.0
2018-10-25 00:00:00-04:00,281.241895951397,284.2409921749088,274.2739468571638,275.1359558105469,2352500,0.0,0.0
2018-10-26 00:00:00-04:00,272.43320909049123,277.43470876261114,270.8708124758801,273.914794921875,1909600,0.0,0.0
2018-10-29 00:00:00-04:00,277.9105889401543,277.9105889401543,254.30389505336615,257.4107666015625,3262900,0.0,0.0
2018-10-30 00:00:00-04:00,256.4589542460067,262.6457335678253,254.76187298624225,261.3616943359375,2870000,0.0,0.0
2018-10-31 00:00:00-04:00,264.31592957186587,268.5721568228154,263.5706561539502,263.8580017089844,1980100,0.0,0.0
2018-11-01 00:00:00-04:00,265.5460570662375,270.6732530235257,264.89954342833204,268.85943603515625,1526900,0.0,0.0
2018-11-02 00:00:00-04:00,270.3140456262093,271.84950501728036,267.3598352399512,268.7336730957031,1597200,0.0,0.0
2018-11-05 00:00:00-05:00,271.176111119778,273.2413486870635,269.91002069012416,272.2626037597656,1650500,0.0,0.0
2018-11-06 00:00:00-05:00,273.0168068964539,277.2460955365256,273.0168068964539,275.2706298828125,1123200,0.0,0.0
2018-11-07 00:00:00-05:00,276.6175642974254,278.3236335306615,273.1156269444098,278.19793701171875,983000,0.0,0.0
2018-11-08 00:00:00-05:00,278.35955554474214,279.27543841089124,275.09106244888596,277.0665283203125,879000,0.0,0.0
2018-11-09 00:00:00-05:00,275.836389952599,282.09499198848613,275.791504206824,281.1611328125,1294300,0.0,0.0
2018-11-12 00:00:00-05:00,281.2329843486454,282.1578554191664,273.5107452437838,273.9776611328125,1117800,0.0,0.0
2018-11-13 00:00:00-05:00,273.6991993829067,277.3358203117626,271.3825422361476,274.5342712402344,1121000,0.0,0.0
2018-11-14 00:00:00-05:00,276.8061200035406,278.0722103036313,272.083005529733,272.4242248535156,1192800,0.0,0.0
2018-11-15 00:00:00-05:00,271.32877399544503,276.56371802949644,269.14677318618084,274.3009338378906,1233100,0.0,0.0
2018-11-16 00:00:00-05:00,272.8282864224087,274.09437675817486,269.2634870438082,270.49365234375,1319500,0.0,0.0
2018-11-19 00:00:00-05:00,270.35903386077615,270.35903386077615,263.2922953365774,264.5224609375,1558900,0.0,0.0
2018-11-20 00:00:00-05:00,261.62210775302583,265.1150851098388,259.1079028350261,263.866943359375,1281100,0.0,0.0
2018-11-21 00:00:00-05:00,264.8905773389697,267.44969517686746,264.1991779004063,264.2530517578125,1355600,0.0,0.0
2018-11-23 00:00:00-05:00,263.1485067444345,267.53042856425196,262.1338370522102,265.2317199707031,434300,0.0,0.0
2018-11-26 00:00:00-05:00,266.7224018846907,268.347660712949,263.0229170954447,265.14202880859375,1375900,0.0,0.0
2018-11-27 00:00:00-05:00,263.9028288953685,265.48320169454416,260.04172319157016,265.1509704589844,1477400,0.0,0.0
2018-11-28 00:00:00-05:00,267.44970631285486,269.8561633864504,263.9387803108929,269.3263854980469,1282700,0.0,0.0
2018-11-29 00:00:00-05:00,270.27814427057774,273.8519315913793,269.6316306698993,271.55322265625,2788500,0.0,0.0
2018-11-30 00:00:00-05:00,272.0326457490434,274.5471941218156,269.43669441067146,271.7431945800781,3666200,2.2,0.0
2018-12-03 00:00:00-05:00,275.8224662340169,276.17521229522424,267.645652986578,268.45068359375,1764700,0.0,0.0
2018-12-04 00:00:00-05:00,267.4828277259259,267.4828277259259,258.7180866093314,259.35125732421875,2208100,0.0,0.0
2018-12-06 00:00:00-05:00,255.887104871277,259.4961359091751,250.7313896227742,259.0076904296875,2793700,0.0,0.0
2018-12-07 00:00:00-05:00,258.1483459472656,262.62570225767735,257.9764860417859,258.1483459472656,1407200,0.0,0.0
2018-12-10 00:00:00-05:00,262.2457177928153,270.3863431843203,261.57638631599093,269.9069519042969,2417900,0.0,0.0
2018-12-11 00:00:00-05:00,273.77834799974687,274.2939277121447,262.60759224903865,264.2538146972656,1764500,0.0,0.0
2018-12-12 00:00:00-05:00,267.72714978418287,268.45980407942693,264.1272009269549,264.5704040527344,1121500,0.0,0.0
2018-12-13 00:00:00-05:00,265.2667854351697,267.07581326189904,263.21354878911853,264.32611083984375,1125300,0.0,0.0
2018-12-14 00:00:00-05:00,262.30903920654725,263.4306276444935,259.2517777123266,260.2286682128906,1881600,0.0,0.0
2018-12-17 00:00:00-05:00,258.871969833141,259.4056298878918,251.31021692058263,252.5675048828125,1649100,0.0,0.0
2018-12-18 00:00:00-05:00,254.66592300098307,256.7372679310404,251.5001237853963,252.7845458984375,1707900,0.0,0.0
2018-12-19 00:00:00-05:00,253.03783437362603,256.71015962756263,245.59367295503222,247.80068969726562,1716900,0.0,0.0
2018-12-20 00:00:00-05:00,246.01876948884947,247.6740456708846,236.44902291297575,239.9585418701172,2327700,0.0,0.0
2018-12-21 00:00:00-05:00,235.8791744632364,237.56158496156885,230.9224412999391,232.05307006835938,3738600,0.0,0.0
2018-12-24 00:00:00-05:00,228.86918400981992,230.31641197918714,221.6149776214524,221.804931640625,1515400,0.0,0.0
2018-12-26 00:00:00-05:00,222.7908737185082,227.83806423295664,218.1507118032367,227.59384155273438,1797600,0.0,0.0
2018-12-27 00:00:00-05:00,225.45011816912395,234.98370361328125,224.50037569330954,234.98370361328125,2201400,0.0,0.0
2018-12-28 00:00:00-05:00,237.8962387518875,239.54243327239757,235.3002879581378,236.31333923339844,1983800,0.0,0.0
2018-12-31 00:00:00-05:00,237.1183488027771,239.79570261792006,235.03797756328493,236.83795166015625,1184900,0.0,0.0
2019-01-02 00:00:00-05:00,233.69024839357374,239.9675784227474,232.2701822427851,239.4520263671875,1064700,0.0,0.0
2019-01-03 00:00:00-05:00,237.27213966391113,238.79171669072036,232.80383790845752,233.43698120117188,1165600,0.0,0.0
2019-01-04 00:00:00-05:00,236.91034233392284,240.139436652898,235.48119461531365,239.732421875,1443800,0.0,0.0
2019-01-07 00:00:00-05:00,240.600769883584,244.21882657356272,238.6650963047261,242.48214721679688,1465200,0.0,0.0
2019-01-08 00:00:00-05:00,245.24092345740706,245.80171780823468,242.23792988453167,244.10122680664062,1791400,0.0,0.0
2019-01-09 00:00:00-05:00,244.33640602660242,246.22683724334374,243.43189189781245,244.70726013183594,1235900,0.0,0.0
2019-01-10 00:00:00-05:00,243.8750797239644,251.16546093742994,243.76654245187572,251.00265502929688,1842500,0.0,0.0
2019-01-11 00:00:00-05:00,249.45593391982516,251.23782767633392,246.41675240253903,251.210693359375,1157800,0.0,0.0
2019-01-14 00:00:00-05:00,250.25186936188882,252.82971185801063,248.2257394837692,251.01165771484375,1388600,0.0,0.0
2019-01-15 00:00:00-05:00,251.66295026171198,251.75337958248144,247.39364290615356,249.6458740234375,1193500,0.0,0.0
2019-01-16 00:00:00-05:00,249.10315311959377,249.36546991179682,244.78863122422254,246.38058471679688,1324900,0.0,0.0
2019-01-17 00:00:00-05:00,245.2771379051505,253.25493250041885,244.97863274879688,252.17855834960938,1242000,0.0,0.0
2019-01-18 00:00:00-05:00,254.33126279291736,258.12117900241464,253.01067996302504,255.85989379882812,2073500,0.0,0.0
2019-01-22 00:00:00-05:00,254.52122352837512,257.4427862636631,251.4549076280848,252.89308166503906,1885100,0.0,0.0
2019-01-23 00:00:00-05:00,255.17240964525936,258.44677323451555,253.71615547850305,256.4387512207031,1631000,0.0,0.0
2019-01-24 00:00:00-05:00,257.41562124144195,260.717091632114,255.60659334479155,258.0126037597656,1017500,0.0,0.0
2019-01-25 00:00:00-05:00,260.6538191335932,261.6758967964214,258.8086027907332,259.6317138671875,1050400,0.0,0.0
2019-01-28 00:00:00-05:00,257.7865558971958,260.87095273808,255.8780441190455,260.38250732421875,1166400,0.0,0.0
2019-01-29 00:00:00-05:00,254.2679436827202,264.89598428588675,254.16846038211085,264.163330078125,2037300,0.0,0.0
2019-01-30 00:00:00-05:00,265.8819014121083,265.9180620975427,259.38746991166363,263.8196105957031,1781800,0.0,0.0
2019-01-31 00:00:00-05:00,262.46286321992125,264.86884638597866,260.31011528900547,262.0286865234375,1311100,0.0,0.0
2019-02-01 00:00:00-05:00,263.0778545659241,264.64264583499397,261.58541225811996,262.8336181640625,1358900,0.0,0.0
2019-02-04 00:00:00-05:00,263.12311741118674,270.5039549729261,262.4085436212839,270.24163818359375,1328900,0.0,0.0
2019-02-05 00:00:00-05:00,271.3542290326674,274.0496909783472,268.84873492188774,270.86578369140625,1454800,0.0,0.0
2019-02-06 00:00:00-05:00,271.3451955495459,273.7783408619007,270.4587893340587,271.2004699707031,1114300,0.0,0.0
2019-02-07 00:00:00-05:00,270.2597562632673,271.6798223195855,267.8627995910855,271.4718017578125,1150100,0.0,0.0
2019-02-08 00:00:00-05:00,270.64873779787195,272.82862031433865,268.64071518627566,272.7110290527344,1021600,0.0,0.0
2019-02-11 00:00:00-05:00,272.9642263431446,273.8416060032684,270.26876475964843,271.390380859375,1077900,0.0,0.0
2019-02-12 00:00:00-05:00,272.683874407267,275.2617451846054,272.1321064370755,275.07177734375,840600,0.0,0.0
2019-02-13 00:00:00-05:00,275.876809418525,276.73610888273623,274.6828441430674,275.3522033691406,958500,0.0,0.0
2019-02-14 00:00:00-05:00,274.39333717075743,274.9722393454111,272.1772945671252,272.2586975097656,888200,0.0,0.0
2019-02-15 00:00:00-05:00,274.9813235354891,277.98428918487997,274.9813235354891,277.89385986328125,847700,0.0,0.0
2019-02-19 00:00:00-05:00,276.7541856983958,277.3149800348002,274.75521722726984,276.03961181640625,929500,0.0,0.0
2019-02-20 00:00:00-05:00,275.8767877667432,277.8667297363281,275.23459051438647,277.8667297363281,870600,0.0,0.0
2019-02-21 00:00:00-05:00,277.7400628596661,277.83957375217454,274.32100109024424,275.4335632324219,1045000,0.0,0.0
2019-02-22 00:00:00-05:00,276.6999279082877,278.0114568682336,274.88184562727247,277.8034362792969,581800,0.0,0.0
2019-02-25 00:00:00-05:00,279.3953742317625,279.8566576533735,276.3742728397673,276.7541809082031,1088000,0.0,0.0
2019-02-26 00:00:00-05:00,276.4194971817586,278.66267434308446,275.8858372085858,276.6727600097656,871600,0.0,0.0
2019-02-27 00:00:00-05:00,275.8948952104663,278.53608866556743,275.0717840241776,278.21044921875,1121300,0.0,0.0
2019-02-28 00:00:00-05:00,280.0871661153545,284.01370460274825,278.8845994104495,281.88189697265625,1839100,2.2,0.0
2019-03-01 00:00:00-05:00,283.84063470932205,283.84063470932205,279.1761634191725,281.93658447265625,1424900,0.0,0.0
2019-03-04 00:00:00-05:00,284.0410189616559,284.0410189616559,276.47947877525985,277.5818176269531,1070900,0.0,0.0
2019-03-05 00:00:00-05:00,278.78439820588716,279.88673711269803,277.15364614205225,278.556640625,907600,0.0,0.0
2019-03-06 00:00:00-05:00,279.21263039343825,280.9162529357779,276.3337707519531,276.3337707519531,879200,0.0,0.0
2019-03-07 00:00:00-05:00,275.95110276507654,276.2244285667054,270.9586739636437,276.05133056640625,1255500,0.0,0.0
2019-03-08 00:00:00-05:00,273.8283950879733,274.84874461710984,272.1885237997701,274.1745910644531,1054100,0.0,0.0
2019-03-11 00:00:00-04:00,272.962903086855,277.481605739976,272.0609919567352,277.317626953125,1294400,0.0,0.0
2019-03-12 00:00:00-04:00,277.49984317811146,278.14666692562975,274.0288198562687,275.05828857421875,1248800,0.0,0.0
2019-03-13 00:00:00-04:00,276.09683328460727,277.4633786989252,274.329432324561,276.4521484375,1133400,0.0,0.0
2019-03-14 00:00:00-04:00,276.4248222064349,277.3722736881598,271.7785621773422,271.95166015625,1178400,0.0,0.0
2019-03-15 00:00:00-04:00,272.27052023483077,272.60762482231627,267.63337903548074,269.8016357421875,4516500,0.0,0.0
2019-03-18 00:00:00-04:00,269.546516277191,271.81497270844955,267.17783206092065,271.1590576171875,1793600,0.0,0.0
2019-03-19 00:00:00-04:00,272.8352883161146,275.25863157593125,269.1547191438247,270.2115173339844,1504000,0.0,0.0
2019-03-20 00:00:00-04:00,270.4939799287601,272.13382316724324,268.80856849883094,269.646728515625,1321800,0.0,0.0
2019-03-21 00:00:00-04:00,269.09103219903415,273.37288599950676,268.7539554152089,272.4071960449219,1145700,0.0,0.0
2019-03-22 00:00:00-04:00,271.1682178008561,271.851490663349,267.733642887605,267.8520812988281,942800,0.0,0.0
2019-03-25 00:00:00-04:00,268.2164465743436,269.50100269405283,266.5037050813979,267.9522399902344,779700,0.0,0.0
2019-03-26 00:00:00-04:00,269.7469506428251,271.1226152541124,266.6494532699849,268.6810607910156,882300,0.0,0.0
2019-03-27 00:00:00-04:00,269.3188296690867,271.38688668004727,266.79528521444786,267.79742431640625,835600,0.0,0.0
2019-03-28 00:00:00-04:00,268.7812736729811,269.61031459885595,267.52404738544436,269.3005676269531,567100,0.0,0.0
2019-03-29 00:00:00-04:00,271.0315205116737,273.84660086741826,270.339128570897,273.4548645019531,1212000,0.0,0.0
2019-04-01 00:00:00-04:00,275.64131485863794,278.87546117963836,274.9853719554919,277.2174072265625,1153900,0.0,0.0
2019-04-02 00:00:00-04:00,277.7457837735168,279.4858548616504,275.9237233003846,276.1332702636719,872600,0.0,0.0
2019-04-03 00:00:00-04:00,276.59788906941134,277.31761077296187,269.792519590202,270.82196044921875,1178300,0.0,0.0
2019-04-04 00:00:00-04:00,271.63281912783276,275.1767128186355,271.38685093620256,273.00848388671875,789500,0.0,0.0
2019-04-05 00:00:00-04:00,273.22711047893733,275.73244389443624,273.0448932913798,275.6595458984375,705200,0.0,0.0
2019-04-08 00:00:00-04:00,275.12202181908316,278.647704508911,273.9194829948148,278.46551513671875,1121400,0.0,0.0
2019-04-09 00:00:00-04:00,277.2811650802284,277.481592855664,274.39321463694904,275.7506408691406,867100,0.0,0.0
2019-04-10 00:00:00-04:00,275.340704010366,275.45002320052976,270.87663319412604,272.50738525390625,1226200,0.0,0.0
2019-04-11 00:00:00-04:00,273.51865453965684,278.62040230527344,273.3091075483247,278.4017639160156,829500,0.0,0.0
2019-04-12 00:00:00-04:00,279.68635528293055,282.2190188864242,278.80265461179556,282.1461486816406,891800,0.0,0.0
2019-04-15 00:00:00-04:00,282.38289779607834,282.4193467867968,280.1782204002024,281.2441101074219,864800,0.0,0.0
2019-04-16 00:00:00-04:00,281.7087979226632,282.99335401590207,280.68844840808913,282.47406005859375,833900,0.0,0.0
2019-04-17 00:00:00-04:00,283.5308207877088,284.63315954826015,282.2189350716662,282.8748779296875,1041400,0.0,0.0
2019-04-18 00:00:00-04:00,283.3577467099345,286.58280168392355,281.9365416981639,286.3003845214844,1107100,0.0,0.0
2019-04-22 00:00:00-04:00,286.29127626703223,288.12245609554446,285.3984565501457,287.21142578125,1319000,0.0,0.0
2019-04-23 00:00:00-04:00,297.4696377655046,307.3087828187794,295.6475769559102,303.4642333984375,3425800,0.0,0.0
2019-04-24 00:00:00-04:00,304.19302215456156,305.90576362632504,298.6721805693731,300.74932861328125,2089900,0.0,0.0
2019-04-25 00:00:00-04:00,300.86776094863484,304.49367160422156,299.2370089032463,299.61053466796875,1506500,0.0,0.0
2019-04-26 00:00:00-04:00,300.27561768040914,301.323297052985,297.97980333787194,299.11859130859375,873200,0.0,0.0
2019-04-29 00:00:00-04:00,299.18237075388106,301.6877042948814,298.0982423792166,299.35546875,969100,0.0,0.0
2019-04-30 00:00:00-04:00,300.2026829686003,304.15655098312794,299.23699311171936,303.6737060546875,990000,0.0,0.0
2019-05-01 00:00:00-04:00,304.51181460633705,307.20845595025656,302.07935197686004,302.3253479003906,1104300,0.0,0.0
2019-05-02 00:00:00-04:00,302.47116792149484,303.099781030082,299.03656602045874,302.9631042480469,962300,0.0,0.0
2019-05-03 00:00:00-04:00,303.901507108732,305.7782553017754,301.7332781214148,304.3479309082031,806700,0.0,0.0
2019-05-06 00:00:00-04:00,301.0954651962622,306.5889758999998,300.79483747921273,305.8510437011719,812800,0.0,0.0
2019-05-07 00:00:00-04:00,304.9582835483157,304.9582835483157,299.5832101656654,301.4599304199219,1176400,0.0,0.0
2019-05-08 00:00:00-04:00,301.45994163783604,306.90791321892965,300.9588860590265,304.4481201171875,1083800,0.0,0.0
2019-05-09 00:00:00-04:00,304.2841571892748,310.0509674562247,302.40743676733274,309.1672668457031,1496500,0.0,0.0
2019-05-10 00:00:00-04:00,307.3907928667481,311.22622334389143,305.4411743243518,310.9802551269531,1204900,0.0,0.0
2019-05-13 00:00:00-04:00,305.4229683884585,309.5226055480352,303.5553670256289,305.53228759765625,1504000,0.0,0.0
2019-05-14 00:00:00-04:00,306.11527918889857,310.5884409940886,304.96737219215737,306.26104736328125,1171600,0.0,0.0
2019-05-15 00:00:00-04:00,305.45933365716843,305.841950784474,300.5761971662098,304.4207458496094,1127000,0.0,0.0
2019-05-16 00:00:00-04:00,306.0333340999485,309.43145958622534,305.0585249315377,309.1946105957031,1092100,0.0,0.0
2019-05-17 00:00:00-04:00,306.52522276348765,310.61576739333515,306.52522276348765,307.9190979003906,1268400,0.0,0.0
2019-05-20 00:00:00-04:00,307.235819515218,313.65859918536574,307.235819515218,311.5814514160156,1388200,0.0,0.0
2019-05-21 00:00:00-04:00,313.03004128011645,314.12326104470435,309.2948111956165,313.3489074707031,1097800,0.0,0.0
2019-05-22 00:00:00-04:00,312.7476005566035,312.7476005566035,309.64098388653406,310.93463134765625,1049300,0.0,0.0
2019-05-23 00:00:00-04:00,309.49525122844443,311.0622246418494,306.1790871991105,309.8141174316406,1461200,0.0,0.0
2019-05-24 00:00:00-04:00,310.3606849665014,311.2261470154729,307.263159899843,308.6388244628906,1293100,0.0,0.0
2019-05-28 00:00:00-04:00,308.8027840989741,310.9163808033324,307.1082812979793,307.8280029296875,3559400,0.0,0.0
2019-05-29 00:00:00-04:00,306.81678200022606,310.0782582271037,305.4502365561127,309.1490173339844,1184400,0.0,0.0
2019-05-30 00:00:00-04:00,309.7502772114558,312.92067241061477,309.5225196546827,311.535888671875,859100,0.0,0.0
2019-05-31 00:00:00-04:00,309.54617277902486,312.8012887280928,309.45447424845935,310.4172668457031,1024000,2.2,0.0
2019-06-03 00:00:00-04:00,309.99548958260897,316.13892796056854,309.83044900089396,315.9463806152344,1345100,0.0,0.0
2019-06-04 00:00:00-04:00,317.1474781694866,320.63179795843536,317.1474781694866,320.3292236328125,1573300,0.0,0.0
2019-06-05 00:00:00-04:00,320.9161022289235,323.547685051641,319.55906466596883,323.4010009765625,1750500,0.0,0.0
2019-06-06 00:00:00-04:00,324.0153269573753,324.9047495654577,321.0628132670625,323.2359313964844,1149800,0.0,0.0
2019-06-07 00:00:00-04:00,324.088722425642,326.56441512923976,323.12592972218795,325.7208557128906,1125800,0.0,0.0
2019-06-10 00:00:00-04:00,328.2332310446825,328.838407829823,321.59467088808515,322.39239501953125,1356200,0.0,0.0
2019-06-11 00:00:00-04:00,322.76828515478417,323.2634068191455,312.55367953300254,315.4603576660156,1684300,0.0,0.0
2019-06-12 00:00:00-04:00,315.6346200517895,317.385958578201,313.883281525378,316.80828857421875,1131900,0.0,0.0
2019-06-13 00:00:00-04:00,318.7062407141891,320.65930439774183,315.7904125585131,320.0816345214844,1203900,0.0,0.0
2019-06-14 00:00:00-04:00,320.0817703416248,323.1809968463502,319.4949499523854,321.0537414550781,1059400,0.0,0.0
2019-06-17 00:00:00-04:00,322.0438591856484,323.13500711953264,317.95436298629664,319.7240295410156,904200,0.0,0.0
2019-06-18 00:00:00-04:00,320.4576684568789,324.84976841134335,319.44906843548017,324.15289306640625,826400,0.0,0.0
2019-06-19 00:00:00-04:00,324.37293881594866,326.931151578779,323.8502823658147,326.1792907714844,816500,0.0,0.0
2019-06-20 00:00:00-04:00,328.04980327867946,333.1479282230188,327.99478975630956,332.6619567871094,1048800,0.0,0.0
2019-06-21 00:00:00-04:00,332.13939323490774,332.60700826643824,327.866498273524,329.5077819824219,1544700,0.0,0.0
2019-06-24 00:00:00-04:00,330.4980431267928,332.73535315522247,329.856181338363,330.0762634277344,1766700,0.0,0.0
2019-06-25 00:00:00-04:00,330.0945845179321,332.6619756489746,329.85617391916935,330.6080627441406,1168900,0.0,0.0
2019-06-26 00:00:00-04:00,331.5983506811262,331.92843182262686,327.3437849742481,329.6361083984375,977700,0.0,0.0
2019-06-27 00:00:00-04:00,330.0303796622985,330.571364629808,327.58219392767853,329.2601623535156,826500,0.0,0.0
2019-06-28 00:00:00-04:00,329.617814263731,333.53309300692155,327.9581741701152,333.3405456542969,1369600,0.0,0.0
2019-07-01 00:00:00-04:00,335.0551476226179,336.3021580716085,331.0573212193137,331.44244384765625,1003900,0.0,0.0
2019-07-02 00:00:00-04:00,331.5433401362197,337.0357666015625,331.07572514209215,337.0357666015625,1052800,0.0,0.0
2019-07-03 00:00:00-04:00,337.37499478511666,339.69482497294075,335.00015107366545,339.6123046875,742100,0.0,0.0
2019-07-05 00:00:00-04:00,339.15386674501383,340.0249329261043,336.2105310690204,339.1905517578125,716900,0.0,0.0
2019-07-08 00:00:00-04:00,337.9251426710734,339.1905096220115,336.3113380979973,338.511962890625,646600,0.0,0.0
2019-07-09 00:00:00-04:00,337.2007662121482,339.4930895718501,335.6878383912375,339.01629638671875,651000,0.0,0.0
2019-07-10 00:00:00-04:00,339.26386787918005,342.3539153878043,337.2832970763681,337.57672119140625,818700,0.0,0.0
2019-07-11 00:00:00-04:00,337.5767384006323,338.6953934115871,335.7887148398351,337.64093017578125,1358000,0.0,0.0
2019-07-12 00:00:00-04:00,338.53031966956104,338.81456552313017,336.35717365321597,338.7595520019531,1148700,0.0,0.0
2019-07-15 00:00:00-04:00,339.1171444416667,339.27303474206934,336.4213699379531,337.145751953125,1010700,0.0,0.0
2019-07-16 00:00:00-04:00,337.43004057288346,337.8151632575616,334.8259642698365,335.00018310546875,1027100,0.0,0.0
2019-07-17 00:00:00-04:00,335.0001285113225,335.11015555116643,328.12315869645664,328.691650390625,1867000,0.0,0.0
2019-07-18 00:00:00-04:00,328.5266441144009,328.6091644028953,323.4835323905565,326.6194152832031,1704900,0.0,0.0
2019-07-19 00:00:00-04:00,327.930539896576,329.2692485603109,326.2892289567676,327.3070068359375,1463300,0.0,0.0
2019-07-22 00:00:00-04:00,327.74722893889617,328.69166504962595,326.0233972845631,327.92144775390625,1144700,0.0,0.0
2019-07-23 00:00:00-04:00,332.8453447045006,332.8453447045006,321.6679740032373,328.0773010253906,2343900,0.0,0.0
2019-07-24 00:00:00-04:00,328.4441212630836,338.33776931128807,328.2607241906617,338.2552490234375,1900400,0.0,0.0
2019-07-25 00:00:00-04:00,338.1268435666208,341.74869736158513,336.6505729041086,339.5572509765625,1143300,0.0,0.0
2019-07-26 00:00:00-04:00,338.90627161033433,339.914899575124,337.2283030735438,338.76873779296875,791300,0.0,0.0
2019-07-29 00:00:00-04:00,338.7229189549365,339.36475279461627,337.38420976349386,338.91546630859375,659200,0.0,0.0
2019-07-30 00:00:00-04:00,338.0076820943566,339.87822586612833,334.98179834848116,335.58697509765625,699400,0.0,0.0
2019-07-31 00:00:00-04:00,335.5135961025704,338.08098689281985,329.44352874797556,332.08428955078125,1037100,0.0,0.0
2019-08-01 00:00:00-04:00,331.67166778050193,336.8248059734285,329.3518377689455,332.9278564453125,1220300,0.0,0.0
2019-08-02 00:00:00-04:00,333.8815010999893,334.0465416733312,329.6269353263041,331.8459167480469,836300,0.0,0.0
2019-08-05 00:00:00-04:00,326.93119738418704,331.10324333935563,324.56553162010437,328.655029296875,1464600,0.0,0.0
2019-08-06 00:00:00-04:00,331.2682590500865,336.41224763648165,329.03094903133734,336.3113708496094,1124900,0.0,0.0
2019-08-07 00:00:00-04:00,333.78065334526264,340.11663929813955,331.9467944176271,338.6220397949219,1243000,0.0,0.0
2019-08-08 00:00:00-04:00,339.2730692402171,346.9660926499255,339.2730692402171,345.8382873535156,1185800,0.0,0.0
2019-08-09 00:00:00-04:00,344.8571497337442,347.84632052190733,342.3172374105555,345.6915588378906,872000,0.0,0.0
2019-08-12 00:00:00-04:00,343.8484535925584,346.64507648879436,342.56475829563794,345.68231201171875,706100,0.0,0.0
2019-08-13 00:00:00-04:00,346.5901197716715,349.81772902708616,344.1052490415938,345.88409423828125,1054900,0.0,0.0
2019-08-14 00:00:00-04:00,344.76541930113143,344.76541930113143,336.843136660077,338.2919006347656,1469100,0.0,0.0
2019-08-15 00:00:00-04:00,338.48455906713053,343.4543298528753,336.6690563527669,342.4365234375,1066900,0.0,0.0
2019-08-16 00:00:00-04:00,344.85708131958836,346.91099379466107,342.35385450374935,345.68231201171875,821400,0.0,0.0
2019-08-19 00:00:00-04:00,348.20394544390376,349.97361249955844,347.07611218945004,348.8641357421875,799900,0.0,0.0
2019-08-20 00:00:00-04:00,348.8916190696372,352.19257033932485,347.9746897159719,350.03778076171875,920600,0.0,0.0
2019-08-21 00:00:00-04:00,352.1008893603133,352.35762847283996,347.7821597243433,351.1839599609375,791500,0.0,0.0
2019-08-22 00:00:00-04:00,351.18391569910625,354.53070198851935,349.09331805131865,353.8246765136719,742600,0.0,0.0
2019-08-23 00:00:00-04:00,353.27456626131533,354.7874942097195,343.49091702536174,345.58154296875,1392700,0.0,0.0
2019-08-26 00:00:00-04:00,348.4331384045001,348.946616580394,344.30695650234156,348.7265625,688100,0.0,0.0
2019-08-27 00:00:00-04:00,350.0377546919603,350.4595343281437,345.91157290777215,348.4239501953125,760300,0.0,0.0
2019-08-28 00:00:00-04:00,347.5528431693761,351.1838748760877,345.47139602830885,349.322509765625,820500,0.0,0.0
2019-08-29 00:00:00-04:00,352.58687676323245,353.7330385642705,349.16671987524717,352.49517822265625,1063500,0.0,0.0
2019-08-30 00:00:00-04:00,353.43582785339487,354.8099072584302,351.8311967015536,354.2289123535156,760700,2.2,0.0
2019-09-03 00:00:00-04:00,351.35161697195764,355.21566634501045,350.2449855177645,354.7637939453125,891700,0.0,0.0
2019-09-04 00:00:00-04:00,357.17992936476344,359.3840172238188,355.87961434162725,358.8122253417969,792200,0.0,0.0
2019-09-05 00:00:00-04:00,360.10339784674863,362.8238915982071,355.0312593699177,355.1880187988281,941500,0.0,0.0
2019-09-06 00:00:00-04:00,357.15230188880156,358.23129638961046,355.79665656395053,356.4883117675781,701100,0.0,0.0
2019-09-09 00:00:00-04:00,357.7701634343449,358.08371039025866,350.47550377739685,350.63226318359375,1146900,0.0,0.0
2019-09-10 00:00:00-04:00,347.9394823067096,351.6559753417969,341.640792819672,351.6559753417969,1297600,0.0,0.0
2019-09-11 00:00:00-04:00,351.5452920823232,355.7874214347528,350.4939626758975,351.8680419921875,1125300,0.0,0.0
2019-09-12 00:00:00-04:00,354.5793808777351,358.28667124344304,353.4542871470939,356.55291748046875,855100,0.0,0.0
2019-09-13 00:00:00-04:00,357.60418841751357,357.60418841751357,353.7586010937128,354.9205627441406,898600,0.0,0.0
2019-09-16 00:00:00-04:00,358.6462927607092,363.9028838608024,356.792675848517,362.1138000488281,1689900,0.0,0.0
2019-09-17 00:00:00-04:00,361.93854377780804,368.8458644645048,358.21282001535246,363.3310852050781,975800,0.0,0.0
2019-09-18 00:00:00-04:00,364.0688186524534,366.3282366894766,361.0900803990893,366.15301513671875,780300,0.0,0.0
2019-09-19 00:00:00-04:00,366.24526038844573,367.4994482588078,362.4549754091631,362.8238525390625,1044400,0.0,0.0
2019-09-20 00:00:00-04:00,363.8014687986544,364.6775767984779,357.86245284071197,358.0469055175781,2106700,0.0,0.0
2019-09-23 00:00:00-04:00,357.88087057262146,359.71605346248117,356.0733246229814,357.5119934082031,1132200,0.0,0.0
2019-09-24 00:00:00-04:00,359.66068299869755,362.41807256242765,357.08771792475187,358.895263671875,1162400,0.0,0.0
2019-09-25 00:00:00-04:00,360.19557638968274,360.4906893666877,357.5488469590655,360.0572509765625,1336400,0.0,0.0
2019-09-26 00:00:00-04:00,360.8134786302011,363.9397737814089,358.6739516957629,362.35357666015625,875400,0.0,0.0
2019-09-27 00:00:00-04:00,365.1386592498559,365.14789032622394,356.36846125555945,357.6964416503906,751800,0.0,0.0
2019-09-30 00:00:00-04:00,358.33272353642735,363.18354100860006,358.2036292004744,359.7160339355469,1293200,0.0,0.0
2019-10-01 00:00:00-04:00,360.9795045163016,361.9478388201785,354.0260835130501,354.302734375,1240000,0.0,0.0
2019-10-02 00:00:00-04:00,352.9654554191367,353.2605683778353,344.9699374580125,348.74176025390625,1759000,0.0,0.0
2019-10-03 00:00:00-04:00,349.3964986182515,351.53602522710844,345.20967171262123,350.4939270019531,849800,0.0,0.0
2019-10-04 00:00:00-04:00,350.6322604093921,355.2709597636402,349.9682703481459,355.0035400390625,762200,0.0,0.0
2019-10-07 00:00:00-04:00,355.0589157732072,356.5989856581456,352.91938884084396,353.9245910644531,850100,0.0,0.0
2019-10-08 00:00:00-04:00,351.4161701819413,355.7874220203286,349.78387404896023,352.3937072753906,1001300,0.0,0.0
2019-10-09 00:00:00-04:00,354.8928890966681,356.2761995252203,352.74415928080043,354.69000244140625,712000,0.0,0.0
2019-10-10 00:00:00-04:00,354.1182252475614,358.28661852654665,353.38970204606653,356.7834167480469,690200,0.0,0.0
2019-10-11 00:00:00-04:00,359.4670806510945,360.3339574976267,351.5914248541741,351.7943115234375,1327000,0.0,0.0
2019-10-14 00:00:00-04:00,352.9931680715005,355.3909119328993,351.7205460347082,352.8456115722656,622300,0.0,0.0
2019-10-15 00:00:00-04:00,353.84163887471277,355.69528412243204,352.34766789921883,352.9747619628906,835300,0.0,0.0
2019-10-16 00:00:00-04:00,352.6427324948758,354.4871464125305,350.650762086586,353.0577087402344,851300,0.0,0.0
2019-10-17 00:00:00-04:00,353.7124701537062,354.32113012780377,347.0172667256789,347.72735595703125,1004600,0.0,0.0
2019-10-18 00:00:00-04:00,347.41384151884495,348.32681749377565,339.37219490513445,343.5036926269531,1935600,0.0,0.0
2019-10-21 00:00:00-04:00,344.9146700670312,346.6484238355093,343.7342461609329,344.9515380859375,1160000,0.0,0.0
2019-10-22 00:00:00-04:00,334.76106764484945,348.133066214685,334.76106764484945,344.6102294921875,2567200,0.0,0.0
2019-10-23 00:00:00-04:00,344.7025482572532,345.8184109018491,340.04541393602324,344.06622314453125,1279700,0.0,0.0
2019-10-24 00:00:00-04:00,344.68408477460815,348.0962336642437,343.0609915077837,345.58782958984375,1126900,0.0,0.0
2019-10-25 00:00:00-04:00,345.2558508461022,345.7261854079755,340.7923724767018,341.8898010253906,1173500,0.0,0.0
2019-10-28 00:00:00-04:00,342.49838443698815,346.2425416565967,341.3271638319638,342.9133605957031,1321700,0.0,0.0
2019-10-29 00:00:00-04:00,342.738190088391,346.0581405699986,341.2534504825105,342.2309875488281,1298500,0.0,0.0
2019-10-30 00:00:00-04:00,344.18607425895726,349.5071981554192,342.5722121187099,349.1844482421875,1064900,0.0,0.0
2019-10-31 00:00:00-04:00,348.52050903187296,350.60467787698593,346.06743484314046,347.376953125,911800,0.0,0.0
2019-11-01 00:00:00-04:00,348.69559166061225,351.3146836789807,347.6166254896702,349.67315673828125,915600,0.0,0.0
2019-11-04 00:00:00-05:00,350.3741256635444,351.15800730244973,343.22702086466194,345.3481140136719,1117500,0.0,0.0
2019-11-05 00:00:00-05:00,344.9607512434639,346.5377173473341,342.42468197085765,344.564208984375,1364200,0.0,0.0
2019-11-06 00:00:00-05:00,345.3572210773552,350.37402840147695,344.93301382272153,350.24493408203125,1505800,0.0,0.0
2019-11-07 00:00:00-05:00,350.75222501754024,352.9655163025109,348.51126864688973,349.2859191894531,1157200,0.0,0.0
2019-11-08 00:00:00-05:00,348.22531803709774,353.0945691611353,348.22531803709774,352.1539001464844,783500,0.0,0.0
2019-11-11 00:00:00-05:00,349.9867204196505,353.5833214008214,349.80226779763404,351.71124267578125,580500,0.0,0.0
2019-11-12 00:00:00-05:00,351.8772831991932,357.35519475871837,351.8772831991932,356.24853515625,910700,0.0,0.0
2019-11-13 00:00:00-05:00,355.91659419157946,360.14029013377825,355.1327125636281,357.53045654296875,956100,0.0,0.0
2019-11-14 00:00:00-05:00,357.15232789592335,361.78179693097826,357.15232789592335,359.80828857421875,915600,0.0,0.0
2019-11-15 00:00:00-05:00,361.7541464238604,363.8014471839178,359.9189634152437,362.9345703125,1533600,0.0,0.0
2019-11-18 00:00:00-05:00,362.42731430400715,364.8988220593197,361.45900830945845,362.20599365234375,827700,0.0,0.0
2019-11-19 00:00:00-05:00,363.3495266538613,365.02795000350966,360.1494675141892,360.4076843261719,800300,0.0,0.0
2019-11-20 00:00:00-05:00,360.63823243995506,362.92531571138335,359.8912470933698,362.1506652832031,907700,0.0,0.0
2019-11-21 00:00:00-05:00,360.4537838157973,361.7356649455272,359.03360542007346,359.9004821777344,1416900,0.0,0.0
2019-11-22 00:00:00-05:00,359.8359066016698,360.94256612074605,357.6502807878389,360.3431091308594,758600,0.0,0.0
2019-11-25 00:00:00-05:00,361.1362436905354,362.51955410190607,357.3459585287482,359.64227294921875,801400,0.0,0.0
2019-11-26 00:00:00-05:00,360.21402951716476,365.1478421806957,359.6422657282418,361.9662170410156,1206600,0.0,0.0
2019-11-27 00:00:00-05:00,363.0082986110208,363.79218008758164,361.154653776633,363.5708312988281,770300,0.0,0.0
2019-11-29 00:00:00-05:00,363.71935690738144,363.9049393342055,361.9007680512973,362.8193359375,401500,2.4,0.0
2019-12-02 00:00:00-05:00,362.5224005355179,363.2832488120756,355.7769015036453,355.94390869140625,1283400,0.0,0.0
2019-12-03 00:00:00-05:00,353.91190099826537,356.89033740967426,352.71498784337547,354.08819580078125,1384300,0.0,0.0
2019-12-04 00:00:00-05:00,355.8603883787375,359.9615217973464,354.700569102829,356.8346252441406,1081100,0.0,0.0
2019-12-05 00:00:00-05:00,358.20786522072126,358.61612387539867,355.3779174841579,358.0965270996094,1203700,0.0,0.0
2019-12-06 00:00:00-05:00,359.23785659231197,360.8430286200685,357.3171887500398,358.9501953125,709600,0.0,0.0
2019-12-09 00:00:00-05:00,358.35631008669606,359.469747881765,355.5820315299167,355.68408203125,821600,0.0,0.0
2019-12-10 00:00:00-05:00,355.832556065452,358.86663311640586,355.6005922088252,356.7047424316406,862100,0.0,0.0
2019-12-11 00:00:00-05:00,357.69756157717677,358.7181799137109,356.32432532518203,358.3748779296875,578900,0.0,0.0
2019-12-12 00:00:00-05:00,358.15216372456706,359.81303272314017,355.7861439175127,356.34283447265625,736100,0.0,0.0
2019-12-13 00:00:00-05:00,356.29648332035543,359.80377569540417,356.29648332035543,358.5882873535156,658000,0.0,0.0
2019-12-16 00:00:00-05:00,359.9151361630983,360.33268245677505,356.3428868906599,358.1058349609375,847500,0.0,0.0
2019-12-17 00:00:00-05:00,357.22439722875254,360.00796396040516,357.22439722875254,358.9780578613281,730000,0.0,0.0
2019-12-18 00:00:00-05:00,359.45122391685766,359.6739284971733,352.26963123052934,353.1139831542969,1526000,0.0,0.0
2019-12-19 00:00:00-05:00,353.5036413160225,356.9274302158297,352.7984904238851,355.5078125,766300,0.0,0.0
2019-12-20 00:00:00-05:00,357.25217327579225,358.74603523481505,355.368627895042,358.5882873535156,1599600,0.0,0.0
2019-12-23 00:00:00-05:00,359.6924280409422,366.21525037536634,359.6274713670759,363.62652587890625,1050400,0.0,0.0
2019-12-24 00:00:00-05:00,364.0441110160482,364.0441110160482,361.42755171075,362.0213928222656,516300,0.0,0.0
2019-12-26 00:00:00-05:00,362.69862788362934,364.13682057538654,362.30894451799446,363.99761962890625,711600,0.0,0.0
2019-12-27 00:00:00-05:00,365.5657062702353,366.03892154168045,363.6636142020176,365.203857421875,728800,0.0,0.0
2019-12-30 00:00:00-05:00,365.25027283016584,365.35235164851287,362.6708359488008,363.62652587890625,776900,0.0,0.0
2019-12-31 00:00:00-05:00,363.48731208075367,363.7007289924817,359.1449560928089,361.2882995605469,775400,0.0,0.0
2020-01-02 00:00:00-05:00,364.51729931941827,370.5576477050781,362.74512022667074,370.5576477050781,1258400,0.0,0.0
2020-01-03 00:00:00-05:00,374.8721436728782,387.0734653289794,373.9257413203327,383.8908996582031,2990100,0.0,0.0
2020-01-06 00:00:00-05:00,387.83433614399166,387.83433614399166,378.27743521022205,383.306396484375,2477800,0.0,0.0
2020-01-07 00:00:00-05:00,381.5805089603143,386.0991599401335,378.8340650795924,384.5960388183594,1059900,0.0,0.0
2020-01-08 00:00:00-05:00,386.971370736186,388.01056425331296,380.1609155002506,381.37640380859375,1708100,0.0,0.0
2020-01-09 00:00:00-05:00,380.87537567751866,385.98786828244425,380.42073556683204,384.99505615234375,1064300,0.0,0.0
2020-01-10 00:00:00-05:00,385.0599684477892,385.6166873183632,382.72178317045604,383.974365234375,987800,0.0,0.0
2020-01-13 00:00:00-05:00,385.0043100536491,390.58998919545843,384.7445116823068,388.7899475097656,986800,0.0,0.0
2020-01-14 00:00:00-05:00,387.4631713247905,388.09410626323825,385.12498567977116,386.1177978515625,967200,0.0,0.0
2020-01-15 00:00:00-05:00,386.3775052227143,391.07245063859256,386.1177068789229,390.5806884765625,833000,0.0,0.0
2020-01-16 00:00:00-05:00,392.60350271088816,395.02519197712525,390.32098610663553,394.98809814453125,1085200,0.0,0.0
2020-01-17 00:00:00-05:00,395.8323733631685,396.6953003938306,393.87461208671306,394.950927734375,1195600,0.0,0.0
2020-01-21 00:00:00-05:00,393.80040687085966,396.9179874671167,392.49212734053395,395.40557861328125,1071400,0.0,0.0
2020-01-22 00:00:00-05:00,396.6581665725321,397.5860219329357,393.7446871492336,393.8003845214844,918700,0.0,0.0
2020-01-23 00:00:00-05:00,393.46637688933873,398.5695818257873,393.4107078280314,397.8458557128906,978400,0.0,0.0
2020-01-24 00:00:00-05:00,398.8851161672244,402.24394890354637,398.69027441997576,401.29754638671875,1086700,0.0,0.0
2020-01-27 00:00:00-05:00,395.1364612561764,403.1067635398328,395.1364612561764,401.18609619140625,1737900,0.0,0.0
2020-01-28 00:00:00-05:00,403.4036482555524,407.3191988480313,395.51687801653213,405.6305236816406,2063200,0.0,0.0
2020-01-29 00:00:00-05:00,406.1409164419245,406.39142723680743,399.9242731760306,402.54083251953125,1268500,0.0,0.0
2020-01-30 00:00:00-05:00,399.2933049953502,405.4728255980245,399.2933049953502,404.4521789550781,1210200,0.0,0.0
2020-01-31 00:00:00-05:00,403.5521216399069,404.14596265709815,395.35917133687735,397.2334289550781,1650100,0.0,0.0
2020-02-03 00:00:00-05:00,398.5324264865837,398.9778072558486,391.59208647323845,393.28076171875,1795800,0.0,0.0
2020-02-04 00:00:00-05:00,394.7653708262324,400.82426576671276,394.7653708262324,399.7015686035156,1216300,0.0,0.0
2020-02-05 00:00:00-05:00,402.0582805327184,404.47071006674616,398.0684856029308,403.7933654785156,1251800,0.0,0.0
2020-02-06 00:00:00-05:00,404.136729637697,408.12649686580113,403.5336292403187,407.30072021484375,833500,0.0,0.0
2020-02-07 00:00:00-05:00,406.5306076097374,409.37910237128716,405.74192480017604,407.4862976074219,883800,0.0,0.0
2020-02-10 00:00:00-05:00,407.32851225560813,409.666697621985,406.23364970185304,408.03369140625,870400,0.0,0.0
2020-02-11 00:00:00-05:00,409.51826046710835,410.60386378311193,405.9089175556859,408.1172180175781,744600,0.0,0.0
2020-02-12 00:00:00-05:00,407.33778885838115,407.96872370458317,403.24594334091785,405.1016540527344,1419200,0.0,0.0
2020-02-13 00:00:00-05:00,404.3594245723346,407.59765959421276,402.9676412913616,403.33880615234375,800200,0.0,0.0
2020-02-14 00:00:00-05:00,403.59853425953605,406.8367404014227,402.97685870999845,406.261474609375,948600,0.0,0.0
2020-02-18 00:00:00-05:00,405.4728125541704,407.28214192282013,402.698533950414,404.1274108886719,776100,0.0,0.0
2020-02-19 00:00:00-05:00,405.47285977472427,406.6512260842346,403.06042977421123,403.1346740722656,787200,0.0,0.0
2020-02-20 00:00:00-05:00,402.345962557322,403.6078323753162,393.559170329712,395.23858642578125,1190600,0.0,0.0
2020-02-21 00:00:00-05:00,394.44981714207404,397.7901016865605,392.1673011682979,396.93646240234375,1055500,0.0,0.0
2020-02-24 00:00:00-05:00,389.37453671688223,393.59629603414686,387.9363720854468,389.09619140625,1117800,0.0,0.0
2020-02-25 00:00:00-05:00,389.7920501992099,391.304458996818,368.85034750913513,371.4761657714844,1600100,0.0,0.0
2020-02-26 00:00:00-05:00,371.4297721117003,380.90316728681574,370.52975129145807,371.9772033691406,1678000,0.0,0.0
2020-02-27 00:00:00-05:00,365.1296027257979,370.22354751152864,356.6026103641387,356.8531494140625,1894100,0.0,0.0
2020-02-28 00:00:00-05:00,345.3315354117094,349.02893583955404,336.44289497100584,345.34088134765625,3363800,2.4,0.0
2020-03-02 00:00:00-05:00,346.7227520454551,357.69351350923284,336.65766309332895,356.0595703125,2859900,0.0,0.0
2020-03-03 00:00:00-05:00,359.31814728988405,370.57834898490154,351.6152714366715,352.3715515136719,2531400,0.0,0.0
2020-03-04 00:00:00-05:00,359.85966158849794,376.23642028624806,357.7775408606673,375.36810302734375,2025800,0.0,0.0
2020-03-05 00:00:00-05:00,367.7959247398982,371.4652871514,356.8718369493128,359.1873779296875,1967200,0.0,0.0
2020-03-06 00:00:00-05:00,347.41369351560013,359.42085752360606,344.02442367166606,357.1053161621094,2161000,0.0,0.0
2020-03-09 00:00:00-04:00,336.1067719051581,344.9674027339304,327.9743832193772,328.6839904785156,3086700,0.0,0.0
2020-03-10 00:00:00-04:00,338.9358568981379,343.28681773083025,327.3488617405064,342.8199768066406,2505600,0.0,0.0
2020-03-11 00:00:00-04:00,332.9229519237776,341.6248738089484,326.59258997162743,333.2590637207031,1950800,0.0,0.0
2020-03-12 00:00:00-04:00,300.6454919486833,316.91023886400586,289.51599411944073,290.72979736328125,3892600,0.0,0.0
2020-03-13 00:00:00-04:00,305.6220746723277,307.33072845483224,282.99898114620345,306.79852294921875,3877800,0.0,0.0
2020-03-16 00:00:00-04:00,275.4454980213701,290.89792159677194,266.0993333699338,268.8443603515625,2351500,0.0,0.0
2020-03-17 00:00:00-04:00,273.5687998023627,298.2833611153826,268.10675492667923,297.685791015625,2626200,0.0,0.0
2020-03-18 00:00:00-04:00,277.2288181906674,316.73289366678466,276.4071736310847,311.2988586425781,3589400,0.0,0.0
2020-03-19 00:00:00-04:00,311.29884230702964,311.943085007727,290.5710956187375,293.3628234863281,2836700,0.0,0.0
2020-03-20 00:00:00-04:00,293.3628819570342,294.8941055480622,269.0964685461646,271.9068603515625,3040100,0.0,0.0
2020-03-23 00:00:00-04:00,266.0993489436044,268.0227314319104,248.46208368225578,258.4431457519531,3172100,0.0,0.0
2020-03-24 00:00:00-04:00,268.87230645009816,275.42674138901293,261.6549370228371,269.7499694824219,3088400,0.0,0.0
2020-03-25 00:00:00-04:00,280.6834362412321,307.94695795528344,274.1383172835486,298.4700927734375,2950100,0.0,0.0
2020-03-26 00:00:00-04:00,304.38027449183176,328.7493757863918,302.5222567808651,327.09674072265625,2680900,0.0,0.0
2020-03-27 00:00:00-04:00,317.4424880087811,340.87790850761087,312.79277055931925,325.2760925292969,3562800,0.0,0.0
2020-03-30 00:00:00-04:00,328.1798099443152,332.83890154718614,319.5806084612207,325.71490478515625,1756300,0.0,0.0
2020-03-31 00:00:00-04:00,321.9428589285976,323.91294258657047,313.94119807614754,316.47149658203125,2169300,0.0,0.0
2020-04-01 00:00:00-04:00,303.28786970937443,318.37617216844086,300.6549084875951,316.0699768066406,2082300,0.0,0.0
2020-04-02 00:00:00-04:00,313.0168433394453,330.5233782018304,312.3632546404326,330.48602294921875,1896200,0.0,0.0
2020-04-03 00:00:00-04:00,328.6559853111626,332.2413199134941,326.4244721884628,327.2554626464844,2113200,0.0,0.0
2020-04-06 00:00:00-04:00,337.9087719191004,345.41558130856976,337.9087719191004,343.5482177734375,2525400,0.0,0.0
2020-04-07 00:00:00-04:00,355.26589926055345,356.5730479874754,330.57000603536665,331.71844482421875,2101500,0.0,0.0
2020-04-08 00:00:00-04:00,337.40456980055046,347.9364988121032,334.8089356725135,337.4419250488281,1447700,0.0,0.0
2020-04-09 00:00:00-04:00,345.21948691588045,351.3724463323126,339.41198519374825,346.39593505859375,1629400,0.0,0.0
2020-04-13 00:00:00-04:00,346.3493083440598,349.1876807729682,341.4567958668407,345.4062805175781,1237200,0.0,0.0
2020-04-14 00:00:00-04:00,353.20245983754654,360.94266064940416,349.7104708883421,354.8270568847656,1653400,0.0,0.0
2020-04-15 00:00:00-04:00,351.76460958319433,351.76460958319433,342.9973240177316,349.5517883300781,1251500,0.0,0.0
2020-04-16 00:00:00-04:00,348.832892584436,356.012908913745,347.7965193179465,352.8197326660156,1568400,0.0,0.0
2020-04-17 00:00:00-04:00,361.72705482145625,375.7602926614504,359.3087936220721,374.88262939453125,1768400,0.0,0.0
2020-04-20 00:00:00-04:00,367.9453204759623,373.4447200934814,357.79620361328125,357.79620361328125,1487200,0.0,0.0
2020-04-21 00:00:00-04:00,357.60950625541153,366.5074934389958,346.405323686682,348.6741638183594,2042000,0.0,0.0
2020-04-22 00:00:00-04:00,358.0576196918274,358.47778789382767,350.4387728839986,355.17254638671875,1188400,0.0,0.0
2020-04-23 00:00:00-04:00,357.36666411766225,359.3460647263495,351.24171455754555,351.74591064453125,1164400,0.0,0.0
2020-04-24 00:00:00-04:00,353.60394230637706,358.58979927430454,348.2446183490129,356.45166015625,1029200,0.0,0.0
2020-04-27 00:00:00-04:00,358.449816596725,358.571199801008,352.93175322624404,353.4639587402344,1457400,0.0,0.0
2020-04-28 00:00:00-04:00,356.53573277575714,362.10981448514576,355.1912571440255,359.2154235839844,1313900,0.0,0.0
2020-04-29 00:00:00-04:00,362.4179602638294,367.4131639971924,354.3322718016275,362.1845397949219,1500400,0.0,0.0
2020-04-30 00:00:00-04:00,357.6935041822753,365.48040699470016,355.20990716875684,363.25823974609375,1343300,0.0,0.0
2020-05-01 00:00:00-04:00,360.06504235659423,361.7176487899787,355.8167733142754,358.0389404296875,911600,0.0,0.0
2020-05-04 00:00:00-04:00,356.6851821809747,357.5721914655254,349.3184461251296,354.94854736328125,1077900,0.0,0.0
2020-05-05 00:00:00-04:00,357.0492507250109,366.7315261653923,356.2836248316045,364.4159851074219,1270900,0.0,0.0
2020-05-06 00:00:00-04:00,364.9668850213367,364.9668850213367,353.31452613770347,353.4732360839844,1089800,0.0,0.0
2020-05-07 00:00:00-04:00,357.6094957282721,358.6552148449099,351.0643768190576,351.5685729980469,1462000,0.0,0.0
2020-05-08 00:00:00-04:00,352.95974857336296,355.85416800675716,351.29779602031095,353.3052062988281,1130400,0.0,0.0
2020-05-11 00:00:00-04:00,350.13064750657225,354.3322152766511,349.32769489860226,351.5871887207031,1287800,0.0,0.0
2020-05-12 00:00:00-04:00,352.9317077575225,357.07725708052004,346.4239447048908,346.4986267089844,1447700,0.0,0.0
2020-05-13 00:00:00-04:00,346.6573751931647,347.7591128711392,338.0021552240998,340.0282287597656,1287400,0.0,0.0
2020-05-14 00:00:00-04:00,337.0497631565357,337.56330521120935,328.8987397792865,332.6521301269531,1776400,0.0,0.0
2020-05-15 00:00:00-04:00,329.15080060717156,337.53527232829043,328.9547354331467,336.4988708496094,1854500,0.0,0.0
2020-05-18 00:00:00-04:00,346.5920661613512,355.2566334546067,341.7462545965859,352.5022888183594,1879700,0.0,0.0
2020-05-19 00:00:00-04:00,352.9971067510237,357.0959552892716,346.6200437069634,346.8441467285156,1087100,0.0,0.0
2020-05-20 00:00:00-04:00,347.74044745847533,349.19698876849446,338.0954986303991,338.468994140625,1880500,0.0,0.0
2020-05-21 00:00:00-04:00,338.63706056937707,345.49028168857467,338.55303262507164,344.36053466796875,1179100,0.0,0.0
2020-05-22 00:00:00-04:00,345.3315782555276,345.61169992532166,341.37277606709137,344.52862548828125,752600,0.0,0.0
2020-05-26 00:00:00-04:00,351.95137662449974,351.95137662449974,345.9944820001175,347.5163879394531,1596100,0.0,0.0
2020-05-27 00:00:00-04:00,351.79263701546284,370.7837219238282,351.6058892529097,370.7837219238281,1986900,0.0,0.0
2020-05-28 00:00:00-04:00,374.83588306166206,377.45020916728123,371.754744555215,372.01617431640625,1487900,0.0,0.0
2020-05-29 00:00:00-04:00,372.01615520672635,372.20400597335833,361.4297769503367,364.8771667480469,1733800,2.4,0.0
2020-06-01 00:00:00-04:00,365.34685462584235,370.09991211759564,363.81572603731405,365.3656311035156,1090300,0.0,0.0
2020-06-02 00:00:00-04:00,365.0650653747909,369.3766319917227,363.51513163692135,366.1264953613281,1404700,0.0,0.0
2020-06-03 00:00:00-04:00,369.7711384466085,379.11758172972236,368.77544046599354,378.2064208984375,1382200,0.0,0.0
2020-06-04 00:00:00-04:00,377.40798344055844,380.3105402882492,374.796619668222,379.183349609375,1261700,0.0,0.0
2020-06-05 00:00:00-04:00,385.12935738264605,390.76539675897743,381.7947122182014,385.8338623046875,1702500,0.0,0.0
2020-06-08 00:00:00-04:00,389.82609804724325,392.28716424829395,386.7732430625359,389.1685485839844,1294600,0.0,0.0
2020-06-09 00:00:00-04:00,385.62720360944405,386.95167629332855,382.31133494685497,383.7767028808594,1188400,0.0,0.0
2020-06-10 00:00:00-04:00,381.84166038394693,384.28394979987513,378.97668522277115,379.2772521972656,1188200,0.0,0.0
2020-06-11 00:00:00-04:00,368.86936217225104,373.20910762418714,360.3025874619808,360.5937805175781,1698800,0.0,0.0
2020-06-12 00:00:00-04:00,369.4705775339628,370.5038572335316,353.63331941046744,358.70574951171875,1788100,0.0,0.0
2020-06-15 00:00:00-04:00,350.63677978515625,354.27202043590756,345.25435209829914,350.63677978515625,2271300,0.0,0.0
2020-06-16 00:00:00-04:00,363.1112539487132,368.0240122770586,356.55465068446256,359.5511474609375,2038600,0.0,0.0
2020-06-17 00:00:00-04:00,359.2975086614626,362.81063068402244,354.05600467772547,358.93115234375,1519000,0.0,0.0
2020-06-18 00:00:00-04:00,356.64858703232863,358.18911831751814,353.2575835565632,355.4368591308594,1562000,0.0,0.0
2020-06-19 00:00:00-04:00,360.08654579935,360.32138076911525,349.4344350107615,349.622314453125,4322200,0.0,0.0
2020-06-22 00:00:00-04:00,349.6786650441935,353.9808289847105,347.96905962108036,353.1542053222656,1370600,0.0,0.0
2020-06-23 00:00:00-04:00,355.30531374483104,355.8031627403696,348.53268115780105,349.15264892578125,1469300,0.0,0.0
2020-06-24 00:00:00-04:00,348.4011595018247,348.71115771872695,336.5842762976746,337.9932861328125,2302800,0.0,0.0
2020-06-25 00:00:00-04:00,336.1521632649662,341.27157719277443,331.8969546594208,340.8113098144531,1391600,0.0,0.0
2020-06-26 00:00:00-04:00,337.74903661685744,345.1322627978034,333.47505173497905,335.118896484375,2008600,0.0,0.0
2020-06-29 00:00:00-04:00,338.5286749101111,345.2073669433593,337.68324618041515,345.2073669433594,1073000,0.0,0.0
2020-06-30 00:00:00-04:00,343.1878142782137,344.9725542305422,340.4261528713901,342.7839050292969,1482100,0.0,0.0
2020-07-01 00:00:00-04:00,344.1177606805528,345.94948487308244,338.4535424745663,338.556884765625,1430100,0.0,0.0
2020-07-02 00:00:00-04:00,341.47820440626276,343.8641355811562,338.8104827512694,340.041015625,1396000,0.0,0.0
2020-07-06 00:00:00-04:00,344.24929127275766,344.85045389246295,338.95140056306485,340.5952453613281,1202300,0.0,0.0
2020-07-07 00:00:00-04:00,340.59519906996275,340.90519724296,331.3802783465806,331.8405456542969,1395900,0.0,0.0
2020-07-08 00:00:00-04:00,332.0567085560489,335.6261892889665,327.48212708703244,328.9850769042969,1965100,0.0,0.0
2020-07-09 00:00:00-04:00,326.89031418761306,328.28992158948466,318.6053286549955,319.3380126953125,1823800,0.0,0.0
2020-07-10 00:00:00-04:00,321.5642085415001,328.1395877022016,320.93486687500473,328.064453125,1514200,0.0,0.0
2020-07-13 00:00:00-04:00,332.1505926343836,335.3631190223931,327.453893158972,331.6433410644531,2031300,0.0,0.0
2020-07-14 00:00:00-04:00,327.95177388021966,334.3299004113851,327.82965509542555,334.0856628417969,1651900,0.0,0.0
2020-07-15 00:00:00-04:00,339.70285311347277,343.40382548792786,338.6883500939773,342.4457092285156,1617300,0.0,0.0
2020-07-16 00:00:00-04:00,340.3228766666901,343.7420880881739,337.2418425578195,343.68572998046875,955400,0.0,0.0
2020-07-17 00:00:00-04:00,344.0801997515278,346.6164289911858,340.8394942412752,346.1467590332031,1135500,0.0,0.0
2020-07-20 00:00:00-04:00,346.6163827790791,346.6163827790791,340.4449134740581,343.35687255859375,1444500,0.0,0.0
2020-07-21 00:00:00-04:00,355.0517310697353,355.91590778625846,348.1005923803769,352.3652038574219,1997300,0.0,0.0
2020-07-22 00:00:00-04:00,353.8587779765555,370.7293457125696,352.8349007742676,370.17510986328125,2280700,0.0,0.0
2020-07-23 00:00:00-04:00,369.88386834292936,370.24082209757165,362.31279091451796,364.10693359375,1442800,0.0,0.0
2020-07-24 00:00:00-04:00,364.46392788366074,369.6208954219681,360.340211434598,362.7825012207031,1305700,0.0,0.0
2020-07-27 00:00:00-04:00,361.3922244357433,362.5757731327299,357.0524503255363,358.912353515625,1047000,0.0,0.0
2020-07-28 00:00:00-04:00,358.82781214791544,366.5397840630431,358.82781214791544,363.20513916015625,1132100,0.0,0.0
2020-07-29 00:00:00-04:00,365.9292221220769,366.78402480790413,361.2982836370626,363.8063049316406,1209600,0.0,0.0
2020-07-30 00:00:00-04:00,359.49478723853593,362.43492589319743,357.757002583255,358.5648498535156,983300,0.0,0.0
2020-07-31 00:00:00-04:00,357.46580343057104,358.2360690628755,351.0125426162111,355.9816589355469,1101800,0.0,0.0
2020-08-03 00:00:00-04:00,353.98082960169353,355.45560006265436,348.90840008811375,354.2250671386719,923100,0.0,0.0
2020-08-04 00:00:00-04:00,356.08500389578535,357.73825151224776,353.46426586706735,355.0611267089844,900600,0.0,0.0
2020-08-05 00:00:00-04:00,356.9491270779009,361.5237073567265,355.324058889993,360.23681640625,1018500,0.0,0.0
2020-08-06 00:00:00-04:00,358.62112560247635,359.94559807883985,355.1549596607189,356.7048645019531,698500,0.0,0.0
2020-08-07 00:00:00-04:00,356.9585579849058,363.2051624713548,355.7843831315741,362.2282409667969,924900,0.0,0.0
2020-08-10 00:00:00-04:00,362.6039801492994,367.38521683028154,362.5476220482567,365.6474609375,856000,0.0,0.0
2020-08-11 00:00:00-04:00,367.76096903502594,375.2568830011208,367.5918660685954,368.18365478515625,1312800,0.0,0.0
2020-08-12 00:00:00-04:00,370.1186657876965,372.46701533916337,367.55428642397555,368.634521484375,878500,0.0,0.0
2020-08-13 00:00:00-04:00,366.6713137248292,370.14685394672387,363.5245195151308,365.6286315917969,1053600,0.0,0.0
2020-08-14 00:00:00-04:00,365.06508874514043,370.28781652829707,364.4826739014586,367.67645263671875,648600,0.0,0.0
2020-08-17 00:00:00-04:00,370.08113563992237,371.21772886628645,364.21026139947827,365.3656311035156,864100,0.0,0.0
2020-08-18 00:00:00-04:00,365.5629758241463,368.1367583594063,364.78330753810417,366.58685302734375,806100,0.0,0.0
2020-08-19 00:00:00-04:00,366.417705418289,368.19307163682515,365.25293308425233,366.3895263671875,717400,0.0,0.0
2020-08-20 00:00:00-04:00,364.72686544995685,365.59107070061197,360.3119568138274,364.35113525390625,1203700,0.0,0.0
2020-08-21 00:00:00-04:00,364.1914117657762,367.0845942912074,363.3929672333382,365.9385986328125,996000,0.0,0.0
2020-08-24 00:00:00-04:00,367.12217143844003,371.5746617050704,366.2485922805329,371.0768127441406,1006400,0.0,0.0
2020-08-25 00:00:00-04:00,371.7155396102506,377.97154599716686,368.59692465466316,370.888916015625,987400,0.0,0.0
2020-08-26 00:00:00-04:00,369.1605536844357,373.5378807380637,366.8685622028558,371.4525451660156,908600,0.0,0.0
2020-08-27 00:00:00-04:00,372.7676806240592,375.82053561148,370.92658225823226,371.0580749511719,700300,0.0,0.0
2020-08-28 00:00:00-04:00,371.51834076143837,371.9786081487851,367.96763701212785,371.5934753417969,728300,0.0,0.0
2020-08-31 00:00:00-04:00,370.6295570769848,373.3041028961436,367.1327729310339,368.824462890625,1030400,2.4,0.0
2020-09-01 00:00:00-04:00,366.5184679368855,367.81321421595715,363.85335333597897,365.5639343261719,908400,0.0,0.0
2020-09-02 00:00:00-04:00,363.99511060284806,376.9898732929763,363.01222593106877,376.2054748535156,1214500,0.0,0.0
2020-09-03 00:00:00-04:00,377.55689309430886,379.8061728167218,362.32231168469497,365.0724792480469,1500800,0.0,0.0
2020-09-04 00:00:00-04:00,367.17054933854496,370.04355228369496,358.73102026826507,363.8722229003906,933600,0.0,0.0
2020-09-08 00:00:00-04:00,362.8987939549057,364.1274069110112,357.578025096619,359.3453369140625,1071600,0.0,0.0
2020-09-09 00:00:00-04:00,361.670213051613,368.0305686703561,360.0824963485409,364.08013916015625,1218300,0.0,0.0
2020-09-10 00:00:00-04:00,364.81726560821124,367.18940934533975,357.5496480157582,358.28680419921875,716000,0.0,0.0
2020-09-11 00:00:00-04:00,360.5171718580652,369.05118399893183,359.8367178171403,368.0588684082031,933800,0.0,0.0
2020-09-14 00:00:00-04:00,371.7636091053107,374.8823693881763,370.1097302533142,372.12274169921875,991000,0.0,0.0
2020-09-15 00:00:00-04:00,373.9183200088099,374.24910149810177,365.6394958605181,370.98858642578125,955700,0.0,0.0
2020-09-16 00:00:00-04:00,369.6276930352568,377.65138688583716,369.45758672244443,373.8521728515625,1052200,0.0,0.0
2020-09-17 00:00:00-04:00,370.4687609111093,376.65897994591546,368.14388849729625,374.1923522949219,959500,0.0,0.0
2020-09-18 00:00:00-04:00,372.5006675546378,377.08427922324057,372.5006675546378,373.4363098144531,2636400,0.0,0.0
2020-09-21 00:00:00-04:00,367.16105565854656,368.45580174213376,356.5100876700781,358.75933837890625,1447400,0.0,0.0
2020-09-22 00:00:00-04:00,360.9046906647089,370.92247602900756,360.39434287385996,367.0854797363281,1286300,0.0,0.0
2020-09-23 00:00:00-04:00,367.85095100977634,372.76531566745416,361.0085995883439,362.18994140625,1223300,0.0,0.0
2020-09-24 00:00:00-04:00,362.1993946721382,363.37127650459746,354.4970519300945,357.9560241699219,1295100,0.0,0.0
2020-09-25 00:00:00-04:00,356.7179708426498,367.06650739769276,355.772897430791,365.45989990234375,1375400,0.0,0.0
2020-09-28 00:00:00-04:00,368.57867222163526,374.82559433518236,368.2478907218833,369.0606689453125,980000,0.0,0.0
2020-09-29 00:00:00-04:00,368.2100877824975,371.5556561870144,366.22545642316146,367.38787841796875,1113100,0.0,0.0
2020-09-30 00:00:00-04:00,368.0778527107333,368.35193215754055,359.6100004891117,362.22784423828125,1410300,0.0,0.0
2020-10-01 00:00:00-04:00,362.90818911683704,368.57862957178764,358.1828220710449,359.9690246582031,1103900,0.0,0.0
2020-10-02 00:00:00-04:00,355.34763201691624,362.4167921005658,353.72210446148256,359.6760559082031,1217200,0.0,0.0
2020-10-05 00:00:00-04:00,362.1899987323914,364.6944668558331,358.05057173265806,362.8704528808594,825000,0.0,0.0
2020-10-06 00:00:00-04:00,364.8267399100479,364.90233310355234,355.3665444827267,355.7823791503906,954900,0.0,0.0
2020-10-07 00:00:00-04:00,357.8048177497392,362.75699345125867,357.7670067357576,361.90643310546875,826500,0.0,0.0
2020-10-08 00:00:00-04:00,362.81372704777357,367.8131741611153,361.2827125241722,367.2461242675781,694900,0.0,0.0
2020-10-09 00:00:00-04:00,367.07600091046373,368.67317742978946,364.1273762105869,364.7322082519531,675000,0.0,0.0
2020-10-12 00:00:00-04:00,364.79838648865115,369.0606773838534,362.2088942179396,367.5580139160156,807400,0.0,0.0
2020-10-13 00:00:00-04:00,364.9307104072553,369.10791930092506,363.9667169384426,367.58636474609375,973300,0.0,0.0
2020-10-14 00:00:00-04:00,365.8757440260322,373.73873309775934,365.8757440260322,369.25909423828125,1090300,0.0,0.0
2020-10-15 00:00:00-04:00,366.0553045362864,367.51072579578835,362.17106631135573,364.9117736816406,792000,0.0,0.0
2020-10-16 00:00:00-04:00,367.1516222349653,368.3707752166916,364.88345143366195,365.27093505859375,952100,0.0,0.0
2020-10-19 00:00:00-04:00,365.9702636728886,368.2006521959821,360.70622604251787,362.6341552734375,1181000,0.0,0.0
2020-10-20 00:00:00-04:00,361.5756445253539,364.5998910747186,351.3782940159103,351.7657775878906,1779200,0.0,0.0
2020-10-21 00:00:00-04:00,351.7657740626367,354.4025370135965,344.9518026932339,346.9742736816406,1931200,0.0,0.0
2020-10-22 00:00:00-04:00,347.3144758087229,350.72617695172994,345.0935475420839,348.69427490234375,1255100,0.0,0.0
2020-10-23 00:00:00-04:00,350.94358762809674,355.52719984000936,348.74157907835746,353.76934814453125,1178800,0.0,0.0
2020-10-26 00:00:00-04:00,349.13852360799143,349.5543582879637,342.5891706604632,348.3068542480469,1387200,0.0,0.0
2020-10-27 00:00:00-04:00,346.842003431091,347.7681859212341,340.9919956708166,342.52301025390625,977400,0.0,0.0
2020-10-28 00:00:00-04:00,337.2684023966154,340.2264873036223,331.20104619086055,331.5885009765625,1679900,0.0,0.0
2020-10-29 00:00:00-04:00,330.7757442924146,336.66356292370773,329.15967658873706,333.08172607421875,1548000,0.0,0.0
2020-10-30 00:00:00-04:00,331.38055624143067,334.30082963424593,326.66462028615626,330.8985595703125,1309800,0.0,0.0
2020-11-02 00:00:00-05:00,336.5595597119449,340.1413962408477,331.4561687393321,333.06280517578125,1707700,0.0,0.0
2020-11-03 00:00:00-05:00,337.51409718186,346.0859205840159,336.6446168883774,343.4775085449219,1484600,0.0,0.0
2020-11-04 00:00:00-05:00,350.6883793557673,360.50767658934734,349.21406721837,351.718505859375,2146400,0.0,0.0
2020-11-05 00:00:00-05:00,353.9772550065042,355.8201598009789,343.7893642009165,344.6683044433594,1709300,0.0,0.0
2020-11-06 00:00:00-05:00,343.3451948501276,343.75159837909825,338.2890746417121,341.42669677734375,1401600,0.0,0.0
2020-11-09 00:00:00-05:00,358.7498973069821,360.5644222299925,343.7515858554255,343.9595031738281,1956900,0.0,0.0
2020-11-10 00:00:00-05:00,344.9518711949093,352.9282948525879,343.95009546532316,350.8869323730469,1708000,0.0,0.0
2020-11-11 00:00:00-05:00,352.38957577612007,352.82430154069834,345.5944945324278,348.99676513671875,1115200,0.0,0.0
2020-11-12 00:00:00-05:00,347.3145434433124,350.21592627917266,345.4338562332209,347.6831359863281,856100,0.0,0.0
2020-11-13 00:00:00-05:00,350.21591898210363,355.347661533926,348.94952386206785,354.534912109375,921000,0.0,0.0
2020-11-16 00:00:00-05:00,357.28503988363013,359.7800478704493,355.42324385813953,356.41558837890625,1306700,0.0,0.0
2020-11-17 00:00:00-05:00,355.02627389054885,359.58153456179593,354.6387903388767,355.2530822753906,1321100,0.0,0.0
2020-11-18 00:00:00-05:00,356.75579838005075,362.40734848453,355.5744564650024,356.82196044921875,1066800,0.0,0.0
2020-11-19 00:00:00-05:00,354.402579848427,357.00153210064883,351.7280344027008,355.7823791503906,1075400,0.0,0.0
2020-11-20 00:00:00-05:00,355.3193157511522,356.5195488173124,347.4279455737814,347.80596923828125,1117500,0.0,0.0
2020-11-23 00:00:00-05:00,351.1326328382424,353.9583935073785,349.5448873638751,350.48052978515625,929200,0.0,0.0
2020-11-24 00:00:00-05:00,354.66715970295706,357.69140625,352.5690955107672,357.69140625,959000,0.0,0.0
2020-11-25 00:00:00-05:00,356.3778010640824,360.97087376662347,355.56505161033516,357.55914306640625,854800,0.0,0.0
2020-11-27 00:00:00-05:00,358.003319151284,358.003319151284,352.9377386258787,353.7788391113281,612300,0.0,0.0
2020-11-30 00:00:00-05:00,352.8747889397666,354.4450611546483,345.8323357339081,347.3645324707031,1608400,2.6,0.0
2020-12-01 00:00:00-05:00,350.6668189731396,355.2539403947248,347.24075257853076,347.3549499511719,1299700,0.0,0.0
2020-12-02 00:00:00-05:00,347.3549452811673,348.3066287644818,342.6155801218292,343.90032958984375,2520000,0.0,0.0
2020-12-03 00:00:00-05:00,344.62367294424587,351.64710281101765,343.51971644348555,344.53802490234375,1758400,0.0,0.0
2020-12-04 00:00:00-05:00,345.57527119420024,349.9625467659398,344.61406166743757,348.8966369628906,1222600,0.0,0.0
2020-12-07 00:00:00-05:00,349.1726989220008,349.1726989220008,343.1200053072497,344.6331787109375,1390500,0.0,0.0
2020-12-08 00:00:00-05:00,343.5387372227352,345.6229265139365,341.5021204916492,341.873291015625,1783600,0.0,0.0
2020-12-09 00:00:00-05:00,342.463282981779,345.0708862472689,339.7034068845935,343.89080810546875,1522200,0.0,0.0
2020-12-10 00:00:00-05:00,342.14920859885166,346.6221322364287,338.0379583465012,338.2187805175781,1378700,0.0,0.0
2020-12-11 00:00:00-05:00,337.4193417300315,345.5752755320881,337.0767496427696,344.2333984375,1409800,0.0,0.0
2020-12-14 00:00:00-05:00,345.93694795893754,347.95451230701923,340.16974834392096,340.3791198730469,1370500,0.0,0.0
2020-12-15 00:00:00-05:00,341.39741331467,342.50136959809004,338.2758927709932,340.29345703125,1521000,0.0,0.0
2020-12-16 00:00:00-05:00,339.9889202611342,340.6075087091175,336.56285395443643,337.43841552734375,1986200,0.0,0.0
2020-12-17 00:00:00-05:00,338.7327226270466,340.3791456417753,334.87841582529234,335.5636291503906,1658100,0.0,0.0
2020-12-18 00:00:00-05:00,335.03070310191174,339.55120020765764,333.09878655317925,338.8279113769531,4342000,0.0,0.0
2020-12-21 00:00:00-05:00,336.0965231115921,336.8388350241375,329.85348214375546,332.4706115722656,2128700,0.0,0.0
2020-12-22 00:00:00-05:00,332.4706110236012,333.67923852035767,330.6053196387836,331.1097106933594,1820800,0.0,0.0
2020-12-23 00:00:00-05:00,333.04163606979455,337.8476258913003,332.51819274468187,334.6119079589844,1307500,0.0,0.0
2020-12-24 00:00:00-05:00,335.78248418095046,336.95306536814365,333.46990019356815,334.96405029296875,508800,0.0,0.0
2020-12-28 00:00:00-05:00,336.0489219843,340.5313718500483,334.7165709910825,337.0672302246094,1023400,0.0,0.0
2020-12-29 00:00:00-05:00,338.79932238730424,340.08410090721947,334.8022401126958,336.80078125,1055900,0.0,0.0
2020-12-30 00:00:00-05:00,335.94426147435854,339.3798248252478,335.94426147435854,337.0482177734375,840800,0.0,0.0
2020-12-31 00:00:00-05:00,336.7246569557016,338.8278693212599,335.21148370276444,337.82861328125,1318500,0.0,0.0
2021-01-04 00:00:00-05:00,337.8286556978868,337.8286556978868,324.59073330088717,327.9882507324219,1887200,0.0,0.0
2021-01-05 00:00:00-05:00,327.9882025436612,334.2217176074596,326.7129211456675,331.93768310546875,1479100,0.0,0.0
2021-01-06 00:00:00-05:00,326.4274495282328,334.9164793619731,326.218077990719,331.21441650390625,1897500,0.0,0.0
2021-01-07 00:00:00-05:00,327.721720861872,331.0431160742281,324.8476471057877,325.9991760253906,2048900,0.0,0.0
2021-01-08 00:00:00-05:00,325.36153843618797,326.87471161746635,318.82347786390204,319.8608093261719,3226300,0.0,0.0
2021-01-11 00:00:00-05:00,318.8139666725048,322.6207006029228,317.21514539206726,321.3644714355469,3196400,0.0,0.0
2021-01-12 00:00:00-05:00,320.26051853190654,326.77955626600533,319.4135353257392,325.3330078125,3002200,0.0,0.0
2021-01-13 00:00:00-05:00,324.91423312939855,330.42448814831073,322.7824716068522,328.7970886230469,1648100,0.0,0.0
2021-01-14 00:00:00-05:00,331.18580289671047,337.6477409186228,330.09137286241884,330.6528625488281,1965600,0.0,0.0
2021-01-15 00:00:00-05:00,330.31979282293094,333.565036751243,327.64556475188033,330.4910888671875,1853100,0.0,0.0
2021-01-19 00:00:00-05:00,333.7934858527138,334.0123835291937,324.98091574896284,324.99993896484375,2017200,0.0,0.0
2021-01-20 00:00:00-05:00,325.9896726405756,327.1697508810665,322.83007646556575,325.1617126464844,1780000,0.0,0.0
2021-01-21 00:00:00-05:00,325.16166750779223,327.00790651291254,322.5825846823161,323.25830078125,1661800,0.0,0.0
2021-01-22 00:00:00-05:00,322.3732577930245,325.32348243605276,320.9171832074404,323.45819091796875,1557600,0.0,0.0
2021-01-25 00:00:00-05:00,322.9633316336828,330.1295370025881,321.57388171370985,326.912841796875,1976600,0.0,0.0
2021-01-26 00:00:00-05:00,322.6207380918324,327.360132841433,314.7122497558594,314.7122497558594,3542400,0.0,0.0
2021-01-27 00:00:00-05:00,316.2253772521964,319.5086967890361,313.74149737542785,316.44427490234375,2666300,0.0,0.0
2021-01-28 00:00:00-05:00,316.09214892975456,318.5094039351391,311.37177819774496,312.0855407714844,1837800,0.0,0.0
2021-01-29 00:00:00-05:00,311.2956390317512,313.08480843088813,306.17557780662526,306.270751953125,2101100,0.0,0.0
2021-02-01 00:00:00-05:00,309.1829602738269,309.91574616106936,304.35791764408003,308.3740234375,1615500,0.0,0.0
2021-02-02 00:00:00-05:00,311.6097312792938,319.00433089547846,310.90549476082913,316.6251220703125,2065400,0.0,0.0
2021-02-03 00:00:00-05:00,315.6543619597043,317.2912586670124,312.4376672290463,316.330078125,2683100,0.0,0.0
2021-02-04 00:00:00-05:00,317.8527743783751,322.0687545087428,316.1302295044602,320.9362487792969,2174100,0.0,0.0
2021-02-05 00:00:00-05:00,323.18218281801285,324.9237798145907,320.24148441067365,320.7554016113281,1454700,0.0,0.0
2021-02-08 00:00:00-05:00,322.6302060149142,323.0965215976635,319.00429450246287,321.5167236328125,1549900,0.0,0.0
2021-02-09 00:00:00-05:00,322.18293082891483,327.86448231999395,320.30811322685156,325.79931640625,1677500,0.0,0.0
2021-02-10 00:00:00-05:00,326.63678794677963,327.131652874783,322.7634294170481,325.65655517578125,1728900,0.0,0.0
2021-02-11 00:00:00-05:00,324.31471317669684,327.95964832871374,321.69758346124803,322.75396728515625,1181600,0.0,0.0
2021-02-12 00:00:00-05:00,322.0496599600759,324.181450546605,320.29856597179787,321.41204833984375,1207300,0.0,0.0
2021-02-16 00:00:00-05:00,322.85863492248274,323.57239756416845,317.69100036701684,318.842529296875,1668400,0.0,0.0
2021-02-17 00:00:00-05:00,318.5284857129684,322.87765732597154,316.71076670487463,320.71734619140625,2010900,0.0,0.0
2021-02-18 00:00:00-05:00,320.6031365529591,323.17266453244054,319.0804371708173,321.5928955078125,1296200,0.0,0.0
2021-02-19 00:00:00-05:00,322.6872921087905,322.70631532097195,319.05185461015844,319.2136535644531,1849200,0.0,0.0
2021-02-22 00:00:00-05:00,317.6719420858999,326.9603823807103,317.11045230358894,324.0196838378906,1657200,0.0,0.0
2021-02-23 00:00:00-05:00,328.4545461018517,330.68148210906105,321.9830805784953,329.50140380859375,2400000,0.0,0.0
2021-02-24 00:00:00-05:00,330.50062782288705,333.37470139045547,327.9596202288316,329.786865234375,2068700,0.0,0.0
2021-02-25 00:00:00-05:00,329.09213019353996,332.2327030501988,324.21001842000226,325.18072509765625,1568000,0.0,0.0
2021-02-26 00:00:00-05:00,324.1354381668126,324.86427277743957,316.4635934764738,316.7033386230469,2024000,2.6,0.0
2021-03-01 00:00:00-05:00,320.2995183096774,323.8669272890266,319.167928232846,319.791259765625,1654500,0.0,0.0
2021-03-02 00:00:00-05:00,319.5994792099432,326.0630288639748,319.02411421721825,324.7012634277344,2076300,0.0,0.0
2021-03-03 00:00:00-05:00,325.6794244624793,332.1237759961368,324.7012746751966,326.9261169433594,4052300,0.0,0.0
2021-03-04 00:00:00-05:00,326.5137203472053,330.22497053125545,320.4433568510373,324.37518310546875,2196700,0.0,0.0
2021-03-05 00:00:00-05:00,324.5861958339315,327.17545540737893,321.38320383610227,326.4657897949219,1451300,0.0,0.0
2021-03-08 00:00:00-05:00,329.4098377424805,331.8648257494601,324.5573982235468,327.4439392089844,1599100,0.0,0.0
2021-03-09 00:00:00-05:00,327.40559326431537,328.7865277670351,323.4353992525543,323.6559753417969,1448800,0.0,0.0
2021-03-10 00:00:00-05:00,325.48761250474644,329.11255804161704,321.9202034632416,326.85894775390625,1760100,0.0,0.0
2021-03-11 00:00:00-05:00,327.01238947338067,329.53451317148966,324.57657051866596,325.79449462890625,1673500,0.0,0.0
2021-03-12 00:00:00-05:00,325.7081985750779,329.55369104025965,324.7300195923137,326.2356262207031,2151900,0.0,0.0
2021-03-15 00:00:00-04:00,330.25377088075294,332.4210765801038,328.54678644294864,332.20050048828125,2055800,0.0,0.0
2021-03-16 00:00:00-04:00,332.2963669044943,334.68421916039347,328.25903763066464,332.89093017578125,1687700,0.0,0.0
2021-03-17 00:00:00-04:00,333.5622178735883,340.96554946825955,332.8909489956349,336.6213684082031,2083000,0.0,0.0
2021-03-18 00:00:00-04:00,339.35443482337325,344.2740096154419,338.079003597834,343.74658203125,2272200,0.0,0.0
2021-03-19 00:00:00-04:00,344.68639039626186,344.68639039626186,335.73911426580077,340.5052490234375,5739100,0.0,0.0
2021-03-22 00:00:00-04:00,337.56117982529224,343.66988172085803,337.56117982529224,342.989013671875,2190900,0.0,0.0
2021-03-23 00:00:00-04:00,342.46156532627305,344.5137979615593,338.2037181715877,339.1051330566406,1474600,0.0,0.0
2021-03-24 00:00:00-04:00,340.4285237216589,347.8030870912217,340.4285237216589,341.5121765136719,1592300,0.0,0.0
2021-03-25 00:00:00-04:00,340.2175178716855,346.9495800367312,339.6900902775314,346.4029541015625,1598100,0.0,0.0
2021-03-26 00:00:00-04:00,347.4482692388324,350.2676746284376,344.99328117065136,349.74981689453125,2010500,0.0,0.0
2021-03-29 00:00:00-04:00,350.027915573084,358.8888868652865,350.027915573084,357.4983825683594,2245500,0.0,0.0
2021-03-30 00:00:00-04:00,357.93949686847685,358.7834044505149,353.4898129870996,355.3406677246094,1518600,0.0,0.0
2021-03-31 00:00:00-04:00,355.5420790944596,357.3257690714786,352.3103189582411,354.3433532714844,1375500,0.0,0.0
2021-04-01 00:00:00-04:00,353.85420459755045,357.6901265896109,353.23087312699306,355.8009338378906,1261600,0.0,0.0
2021-04-05 00:00:00-04:00,356.7983152300955,364.79620982212543,356.7983152300955,363.2138977050781,1489300,0.0,0.0
2021-04-06 00:00:00-04:00,361.0658120477287,364.5085490517083,360.8836033839003,363.4248962402344,1035700,0.0,0.0
2021-04-07 00:00:00-04:00,363.2042846096383,364.7961958365798,360.64382292666903,364.5948181152344,976900,0.0,0.0
2021-04-08 00:00:00-04:00,364.02903007724217,371.52826515537856,362.79193694803075,370.1856689453125,1863400,0.0,0.0
2021-04-09 00:00:00-04:00,371.01044706215583,374.25180641600605,367.92252812771613,370.3871154785156,1400900,0.0,0.0
2021-04-12 00:00:00-04:00,371.25017608610847,372.76535260502715,368.52667460798114,371.9406433105469,1067400,0.0,0.0
2021-04-13 00:00:00-04:00,370.70352942032474,372.2762716138174,368.57459136923393,371.23095703125,1124300,0.0,0.0
2021-04-14 00:00:00-04:00,371.5091265319809,375.19160899933206,371.1255400956302,372.72705078125,1078800,0.0,0.0
2021-04-15 00:00:00-04:00,372.7270344760361,375.92042726952565,371.7968220440497,374.60662841796875,1289400,0.0,0.0
2021-04-16 00:00:00-04:00,376.7067694764371,378.1644094649915,373.810629310048,375.7381896972656,1499500,0.0,0.0
2021-04-19 00:00:00-04:00,375.92041326220226,376.2944297617404,370.7610927037851,375.6614990234375,1317600,0.0,0.0
2021-04-20 00:00:00-04:00,372.084454896849,375.44088683535153,368.8430959422872,371.4419250488281,1370100,0.0,0.0
2021-04-21 00:00:00-04:00,371.6241347230828,374.85592378176335,369.1595769348328,371.3556213378906,1358500,0.0,0.0
2021-04-22 00:00:00-04:00,370.9048841999969,370.9048841999969,362.8782219514292,364.4989013671875,1670500,0.0,0.0
2021-04-23 00:00:00-04:00,363.0604447532962,363.0604447532962,358.00662776484876,361.81378173828125,1298000,0.0,0.0
2021-04-26 00:00:00-04:00,358.92726235403876,359.9150112139479,355.51329371595887,356.72161865234375,1518100,0.0,0.0
2021-04-27 00:00:00-04:00,356.2612579257025,358.88885514670545,354.95705848530366,357.91070556640625,1564900,0.0,0.0
2021-04-28 00:00:00-04:00,358.14087126892707,358.54365598052993,355.73384996723416,357.6422119140625,1110400,0.0,0.0
2021-04-29 00:00:00-04:00,359.6177387562163,366.3114341359413,359.46429834245504,364.748291015625,1385600,0.0,0.0
2021-04-30 00:00:00-04:00,363.31933692784025,366.33054973500805,362.1110414027311,364.9496154785156,1103700,0.0,0.0
2021-05-03 00:00:00-04:00,364.19203084882565,370.54050663665254,363.51116285664494,369.5047912597656,1347400,0.0,0.0
2021-05-04 00:00:00-04:00,371.36523935482114,374.14627725668157,368.76641010920565,371.5858154296875,1509600,0.0,0.0
2021-05-05 00:00:00-04:00,370.492563539581,371.58581547719007,366.05247865452105,370.5213317871094,1079300,0.0,0.0
2021-05-06 00:00:00-04:00,372.0748696160617,373.33113184725147,370.16650760768863,371.4515380859375,1079500,0.0,0.0
2021-05-07 00:00:00-04:00,371.1254994562048,376.49579677435736,370.06104501696007,374.3284912109375,1203700,0.0,0.0
2021-05-10 00:00:00-04:00,375.30662782043083,380.70569319826404,375.2395214214403,377.0136413574219,1578600,0.0,0.0
2021-05-11 00:00:00-04:00,374.99021555201347,375.613547143224,368.64176810885823,371.9118957519531,1353200,0.0,0.0
2021-05-12 00:00:00-04:00,372.0557467281751,374.33812549742373,364.6044771571886,365.0072326660156,1633700,0.0,0.0
2021-05-13 00:00:00-04:00,366.1196372979357,374.36687687425353,365.32369622252145,371.8639221191406,1105800,0.0,0.0
2021-05-14 00:00:00-04:00,374.16543267403307,376.01625800591154,372.6502271028514,374.7503967285156,799800,0.0,0.0
2021-05-17 00:00:00-04:00,373.64760536197383,375.94915288415314,372.774929528602,375.07647705078125,979100,0.0,0.0
2021-05-18 00:00:00-04:00,375.22031588860517,378.00138294532536,371.2021849718904,371.3364562988281,1171800,0.0,0.0
2021-05-19 00:00:00-04:00,369.2074841441816,369.9075504290123,365.7072112515514,369.725341796875,995000,0.0,0.0
2021-05-20 00:00:00-04:00,370.9241182595094,373.56131493646336,370.23365104982173,372.391357421875,1094700,0.0,0.0
2021-05-21 00:00:00-04:00,373.3311230011146,376.1025908871208,369.7445450458259,371.3364562988281,892500,0.0,0.0
2021-05-24 00:00:00-04:00,373.52291880321593,373.76266393723597,370.12811951107847,371.80633544921875,931400,0.0,0.0
2021-05-25 00:00:00-04:00,371.9885424268257,373.52291713083673,369.38011420973595,370.02264404296875,978500,0.0,0.0
2021-05-26 00:00:00-04:00,369.7541337815649,370.23362405150004,366.53194394940374,368.3731994628906,999500,0.0,0.0
2021-05-27 00:00:00-04:00,371.5090816241078,372.03653851787925,368.5170668101691,371.49951171875,3979300,0.0,0.0
2021-05-28 00:00:00-04:00,371.41258259185196,372.66766917413304,368.3423965001708,368.9989318847656,935500,2.6,0.0
2021-06-01 00:00:00-04:00,370.95887949642804,371.1519539084161,367.9659462072239,368.7286682128906,962200,0.0,0.0
2021-06-02 00:00:00-04:00,368.81551861398884,372.1849658152245,367.4831786136402,371.78912353515625,1007600,0.0,0.0
2021-06-03 00:00:00-04:00,370.50504000932284,374.15447862543584,369.8678327000321,373.9710388183594,1649700,0.0,0.0
2021-06-04 00:00:00-04:00,374.598661330698,381.8589134382832,374.2221176059453,380.48797607421875,1836100,0.0,0.0
2021-06-07 00:00:00-04:00,381.3955009366653,382.05200696542965,376.1530283487439,377.9874267578125,1087900,0.0,0.0
2021-06-08 00:00:00-04:00,377.98743434183166,379.09770797877167,373.7007875398679,375.1103515625,1065000,0.0,0.0
2021-06-09 00:00:00-04:00,375.82475179547805,375.82475179547805,371.81809710819823,373.4400634765625,1046100,0.0,0.0
2021-06-10 00:00:00-04:00,375.6992748397546,376.27852750993276,372.75460293662053,374.32830810546875,913700,0.0,0.0
2021-06-11 00:00:00-04:00,375.3516937741345,375.7089094085821,371.8663958666719,374.32830810546875,751000,0.0,0.0
2021-06-14 00:00:00-04:00,374.22209746286785,376.00820512402316,372.55186980090957,375.6702880859375,868400,0.0,0.0
2021-06-15 00:00:00-04:00,376.52952963313294,378.50871152913345,375.621994563603,376.33642578125,943900,0.0,0.0
2021-06-16 00:00:00-04:00,377.31157771039017,377.4950175440272,369.96443818661044,370.3506164550781,1524200,0.0,0.0
2021-06-17 00:00:00-04:00,371.0071142105045,372.204275655196,366.45980406359183,369.6747741699219,1246400,0.0,0.0
2021-06-18 00:00:00-04:00,367.03911840672964,368.90245003529026,365.9095166973058,366.09295654296875,2416200,0.0,0.0
2021-06-21 00:00:00-04:00,368.06248062942785,372.1270606827551,367.4638704292622,369.2886047363281,1186900,0.0,0.0
2021-06-22 00:00:00-04:00,368.36175201878547,370.6209257133876,366.5370178057347,369.269287109375,636200,0.0,0.0
2021-06-23 00:00:00-04:00,369.008570081353,369.2982258471577,364.2295593124295,364.297119140625,1024000,0.0,0.0
2021-06-24 00:00:00-04:00,366.4115024268712,366.8652699711522,363.8337397848903,364.683349609375,1032700,0.0,0.0
2021-06-25 00:00:00-04:00,363.8723689153738,370.1768238823053,363.8723689153738,368.8155212402344,1708100,0.0,0.0
2021-06-28 00:00:00-04:00,368.48730855431046,369.5106942898899,365.735740337001,366.94256591796875,778200,0.0,0.0
2021-06-29 00:00:00-04:00,366.7590513614654,367.26108009401617,360.3580450697752,360.5221862792969,1223900,0.0,0.0
2021-06-30 00:00:00-04:00,361.56489322719494,366.33426960975606,360.715283423474,365.28192138671875,1077600,0.0,0.0
2021-07-01 00:00:00-04:00,364.2778481096762,367.95624974474583,364.1909602124122,367.08734130859375,752800,0.0,0.0
2021-07-02 00:00:00-04:00,368.5645056934576,369.9547710189697,365.86122837358005,368.3134765625,778700,0.0,0.0
2021-07-06 00:00:00-04:00,366.8749306409546,367.20318362222247,360.77321419694647,365.59088134765625,1142700,0.0,0.0
2021-07-07 00:00:00-04:00,365.3398502235514,371.3160520758843,364.3743898850616,370.2347412109375,952900,0.0,0.0
2021-07-08 00:00:00-04:00,366.4211857923048,368.50658379965995,364.8764432538736,366.7977294921875,894500,0.0,0.0
2021-07-09 00:00:00-04:00,369.4817201086889,371.11335060025226,367.61835907763066,369.8775329589844,542900,0.0,0.0
2021-07-12 00:00:00-04:00,368.7093212698655,370.0802880033081,363.235177295456,365.9770812988281,1008200,0.0,0.0
2021-07-13 00:00:00-04:00,365.9094883709885,367.5411187896711,364.4999244492111,364.78955078125,709500,0.0,0.0
2021-07-14 00:00:00-04:00,364.7895686108892,365.3205895302655,362.25040294302875,363.8048095703125,698900,0.0,0.0
2021-07-15 00:00:00-04:00,362.16349853760386,365.57157255227816,362.04764800440455,365.1853942871094,713400,0.0,0.0
2021-07-16 00:00:00-04:00,365.54260150827116,366.6046138106843,362.31796739986186,364.1137390136719,890800,0.0,0.0
2021-07-19 00:00:00-04:00,362.1924584711209,363.80479028216126,354.8646176657551,359.1705627441406,1357600,0.0,0.0
2021-07-20 00:00:00-04:00,360.12639171723885,367.4928592524096,360.1167276849553,366.85565185546875,1268000,0.0,0.0
2021-07-21 00:00:00-04:00,366.8556194761503,371.4125933213127,366.2956359963639,367.73419189453125,922800,0.0,0.0
2021-07-22 00:00:00-04:00,367.59902708500374,368.3713835771251,364.779869908089,366.8073425292969,688400,0.0,0.0
2021-07-23 00:00:00-04:00,368.7769114373665,369.2886042725893,367.05839309798495,367.61834716796875,795900,0.0,0.0
2021-07-26 00:00:00-04:00,360.1167485416155,361.4297606136501,353.7447036666748,355.33770751953125,2720700,0.0,0.0
2021-07-27 00:00:00-04:00,355.53079328842955,362.5786424426184,355.53079328842955,361.7869873046875,1460600,0.0,0.0
2021-07-28 00:00:00-04:00,363.01310960051694,363.24481066768243,357.7899653123986,359.93328857421875,775200,0.0,0.0
2021-07-29 00:00:00-04:00,361.9028462593167,362.8779412535264,358.52373477129976,359.7305603027344,754800,0.0,0.0
2021-07-30 00:00:00-04:00,359.2188503781374,360.73463024480014,357.3265268210818,358.8326721191406,798600,0.0,0.0
2021-08-02 00:00:00-04:00,359.44088198607574,362.08626342049536,355.36663806857297,355.57904052734375,1176500,0.0,0.0
2021-08-03 00:00:00-04:00,356.62177227207366,357.1334651127158,353.35851136010507,356.6893615722656,872900,0.0,0.0
2021-08-04 00:00:00-04:00,351.90067818000637,352.7406240768874,347.1892263602206,349.1491394042969,1608100,0.0,0.0
2021-08-05 00:00:00-04:00,349.9214543502608,350.481408393699,347.44987819199423,348.31878662109375,912600,0.0,0.0
2021-08-06 00:00:00-04:00,349.7862564334768,350.9061939219932,348.10636493245744,349.5448913574219,704500,0.0,0.0
2021-08-09 00:00:00-04:00,348.2415712248195,349.90216425874064,347.3533347103215,348.56982421875,945100,0.0,0.0
2021-08-10 00:00:00-04:00,347.7491810185334,350.520047629945,347.66229311885826,349.7283630371094,842100,0.0,0.0
2021-08-11 00:00:00-04:00,349.93112176091523,351.76549056528404,348.53119244353496,350.7517395019531,900100,0.0,0.0
2021-08-12 00:00:00-04:00,349.81521541527405,351.71717337328914,346.4071417554664,347.3243408203125,1005400,0.0,0.0
2021-08-13 00:00:00-04:00,347.8071548578215,348.5988395612194,345.1618024421208,345.6155700683594,1222200,0.0,0.0
2021-08-16 00:00:00-04:00,345.61557460559493,348.0581885924735,343.2791471355941,347.8071594238281,1625700,0.0,0.0
2021-08-17 00:00:00-04:00,346.6485623280421,350.0083752964581,346.2817121068802,349.1105041503906,1571000,0.0,0.0
2021-08-18 00:00:00-04:00,347.0830017777388,348.04846214429716,344.2445459429762,344.2831726074219,961000,0.0,0.0
2021-08-19 00:00:00-04:00,342.96053579315577,347.46921972040906,341.3578678659869,341.8019714355469,1345700,0.0,0.0
2021-08-20 00:00:00-04:00,342.48740498348786,346.41683579227407,341.35783284105844,344.83349609375,904300,0.0,0.0
2021-08-23 00:00:00-04:00,345.57691182444756,346.6678868344643,344.09975853161006,345.0072937011719,827800,0.0,0.0
2021-08-24 00:00:00-04:00,346.57134864352446,348.03883796185255,345.5576269279745,346.6003112792969,822600,0.0,0.0
2021-08-25 00:00:00-04:00,347.2664829636389,348.1933167761367,345.6251883596078,346.35894775390625,953500,0.0,0.0
2021-08-26 00:00:00-04:00,346.6968416159412,349.4773723308912,344.90106991940524,349.1297912597656,1172400,0.0,0.0
2021-08-27 00:00:00-04:00,350.7421157053161,351.74617330397837,348.7049789476102,349.48699951171875,1203900,0.0,0.0
2021-08-30 00:00:00-04:00,349.7379952036699,351.38892407410316,349.25526505155995,349.5448913574219,986000,0.0,0.0
2021-08-31 00:00:00-04:00,349.49631282019436,350.90636826957666,348.23214768922696,349.8852844238281,1083900,2.6,0.0
2021-09-01 00:00:00-04:00,348.42664072343933,349.603319220503,346.71515962371274,346.83184814453125,1116000,0.0,0.0
2021-09-02 00:00:00-04:00,346.97768134203704,348.8544908155152,345.72322048922723,348.1835021972656,2071500,0.0,0.0
2021-09-03 00:00:00-04:00,348.18350041627343,348.3974392452968,345.8302029736466,346.19000244140625,893200,0.0,0.0
2021-09-07 00:00:00-04:00,344.9452717613917,344.9452717613917,339.4509701337245,339.577392578125,2033500,0.0,0.0
2021-09-08 00:00:00-04:00,340.7346235748823,343.83669223334726,339.83022821697466,341.7751159667969,1215300,0.0,0.0
2021-09-09 00:00:00-04:00,340.85132786589577,342.0085385047252,338.27432773681466,339.3148498535156,1098900,0.0,0.0
2021-09-10 00:00:00-04:00,339.8108054484052,340.4331541247505,336.29056320969056,336.3489074707031,1222600,0.0,0.0
2021-09-13 00:00:00-04:00,338.3229755693745,339.65521902223173,333.3051612652788,336.7670593261719,1489200,0.0,0.0
2021-09-14 00:00:00-04:00,338.4104664818454,338.70218777195294,333.0425870074449,334.851318359375,1325600,0.0,0.0
2021-09-15 00:00:00-04:00,335.29863941992573,337.36994964164666,334.43317979478894,335.56121826171875,1149700,0.0,0.0
2021-09-16 00:00:00-04:00,335.9599371053944,336.4072530003889,331.3602666673339,332.089599609375,1451400,0.0,0.0
2021-09-17 00:00:00-04:00,330.5823073351795,333.36348257422776,329.8043344288279,331.58392333984375,2108000,0.0,0.0
2021-09-20 00:00:00-04:00,329.3667074595599,331.26295495148213,326.63414291723063,329.13330078125,1709800,0.0,0.0
2021-09-21 00:00:00-04:00,329.40564089888466,330.69900791936345,325.86596049487366,326.7897644042969,1317000,0.0,0.0
2021-09-22 00:00:00-04:00,328.822192917415,333.74275665224377,328.70547472163753,332.3132629394531,1335900,0.0,0.0
2021-09-23 00:00:00-04:00,330.9129204922471,335.27918380921005,330.73785804793494,334.7151794433594,1366200,0.0,0.0
2021-09-24 00:00:00-04:00,339.35371757981267,343.21432069277176,337.9339579265977,339.8885498046875,1693000,0.0,0.0
2021-09-27 00:00:00-04:00,342.43638870176926,347.3958285537247,341.63897762908897,343.62274169921875,1866000,0.0,0.0
2021-09-28 00:00:00-04:00,343.6227547408293,345.5190321749922,340.2775751005231,342.44610595703125,1140100,0.0,0.0
2021-09-29 00:00:00-04:00,338.53687737220196,342.86423463638846,335.4639512892711,340.6373596191406,1547700,0.0,0.0
2021-09-30 00:00:00-04:00,341.8432001696095,342.591971282866,335.3958924173522,335.59039306640625,1054300,0.0,0.0
2021-10-01 00:00:00-04:00,337.73948489105385,340.0441721609277,333.32458132322836,338.2159729003906,960400,0.0,0.0
2021-10-04 00:00:00-04:00,338.10900749435206,340.61789959125525,334.228965995937,336.4558410644531,1127400,0.0,0.0
2021-10-05 00:00:00-04:00,336.4655816128235,340.79296873832334,335.3181049597726,338.1673583984375,889400,0.0,0.0
2021-10-06 00:00:00-04:00,337.4671861025754,340.49150189021634,334.715183080906,340.3456115722656,995700,0.0,0.0
2021-10-07 00:00:00-04:00,340.5207137015136,344.71194478477423,340.5207137015136,342.0863342285156,1042600,0.0,0.0
2021-10-08 00:00:00-04:00,342.3780198624456,345.3731635587112,341.1332929134685,344.00201416015625,768500,0.0,0.0
2021-10-11 00:00:00-04:00,345.1203139198085,349.42823302158797,344.36180890938994,347.240234375,996800,0.0,0.0
2021-10-12 00:00:00-04:00,347.1429859361582,350.4492888020503,346.19971429698086,348.2515563964844,840200,0.0,0.0
2021-10-13 00:00:00-04:00,349.7102462372166,352.4039346458371,343.7102844106028,351.7912902832031,1102100,0.0,0.0
2021-10-14 00:00:00-04:00,352.0441029226826,354.12514695343674,350.42984261162115,352.0927429199219,973300,0.0,0.0
2021-10-15 00:00:00-04:00,354.0668178808691,356.1478323242293,353.4930795605822,355.544921875,952700,0.0,0.0
2021-10-18 00:00:00-04:00,354.2904661435072,357.7426597273921,351.90799644079107,354.9420166015625,1014600,0.0,0.0
2021-10-19 00:00:00-04:00,356.4006814334009,360.95171166191864,353.62921044463604,360.8447570800781,1051300,0.0,0.0
2021-10-20 00:00:00-04:00,361.5351587134314,362.3033976332525,359.60970928487984,360.903076171875,955200,0.0,0.0
2021-10-21 00:00:00-04:00,361.38932728160773,362.97441556922087,357.02306371574355,362.85772705078125,803600,0.0,0.0
2021-10-22 00:00:00-04:00,363.62591539440774,366.63076327753834,361.99221687716545,364.2774658203125,1092000,0.0,0.0
2021-10-25 00:00:00-04:00,365.5513375539738,367.6809917635013,364.2871428594047,365.9597473144531,1350300,0.0,0.0
2021-10-26 00:00:00-04:00,338.73133500256273,341.52227363039185,317.01667805716187,322.7638244628906,9439700,0.0,0.0
2021-10-27 00:00:00-04:00,323.82378851375694,327.1592636574384,321.4315850522108,321.820556640625,2822900,0.0,0.0
2021-10-28 00:00:00-04:00,320.9064675271765,325.6325303496121,316.18040470474097,322.2581787109375,2874600,0.0,0.0
2021-10-29 00:00:00-04:00,320.90645984163405,325.1463006420319,319.7784214519042,323.16253662109375,1821500,0.0,0.0
2021-11-01 00:00:00-04:00,321.36350569198845,324.990731771234,320.97453410499173,321.8108215332031,1865000,0.0,0.0
2021-11-02 00:00:00-04:00,322.3165213137904,322.8902596158364,316.3457019159503,317.3181457519531,2745000,0.0,0.0
2021-11-03 00:00:00-04:00,316.5304964404449,323.9210761789893,315.2955033437583,322.21929931640625,1902600,0.0,0.0
2021-11-04 00:00:00-04:00,322.1706674042451,326.48832089814806,322.1706674042451,326.25494384765625,1847900,0.0,0.0
2021-11-05 00:00:00-04:00,327.6649689894572,331.13657099943794,327.0814967408165,330.5239562988281,2145300,0.0,0.0
2021-11-08 00:00:00-05:00,332.21601679064156,333.56769838990476,328.2776011601978,332.36187744140625,1733000,0.0,0.0
2021-11-09 00:00:00-05:00,331.97288531711865,332.575795754143,327.81082683802094,328.8513488769531,1769200,0.0,0.0
2021-11-10 00:00:00-05:00,329.43477288412186,331.31161195778543,328.1997799512991,328.3262023925781,1268700,0.0,0.0
2021-11-11 00:00:00-05:00,327.8497406287089,327.9177891453796,324.11553005187926,326.6341857910156,1216500,0.0,0.0
2021-11-12 00:00:00-05:00,326.37158778401414,331.0101637652552,325.7978494955165,329.716796875,1097400,0.0,0.0
2021-11-15 00:00:00-05:00,330.1933007142136,332.23543875505663,330.07661219930225,331.52557373046875,1068600,0.0,0.0
2021-11-16 00:00:00-05:00,332.46885636461883,334.1706331750248,330.39754612712056,330.99072265625,1307500,0.0,0.0
2021-11-17 00:00:00-05:00,330.1252566160642,334.083080624052,330.1252566160642,332.5660705566406,1751000,0.0,0.0
2021-11-18 00:00:00-05:00,333.2759427344103,333.6551803873068,330.83509928222867,332.653564453125,1431300,0.0,0.0
2021-11-19 00:00:00-05:00,331.48668378617816,333.5482601208798,329.9988457954448,332.03125,1426500,0.0,0.0
2021-11-22 00:00:00-05:00,332.3132512994412,338.011758080055,332.07014033419387,335.47369384765625,1229400,0.0,0.0
2021-11-23 00:00:00-05:00,335.47371139665495,338.4979977177521,335.17225615810935,335.6681823730469,1212700,0.0,0.0
2021-11-24 00:00:00-05:00,335.35697058853617,337.43801466439055,333.5968496008726,334.11224365234375,1134500,0.0,0.0
2021-11-26 00:00:00-05:00,329.9404950457707,333.7719263383518,328.7638165741982,333.2759704589844,1079900,0.0,0.0
2021-11-29 00:00:00-05:00,334.5206851541731,335.10415740081476,329.85296653430225,331.8270263671875,1492300,0.0,0.0
2021-11-30 00:00:00-05:00,330.6210148226768,331.7583561166519,326.5323611412076,326.81671142578125,2763200,2.8,0.0
2021-12-01 00:00:00-05:00,328.4639359311155,329.39541279291876,321.7966202452586,322.0123291015625,2248300,0.0,0.0
2021-12-02 00:00:00-05:00,323.5614576088375,327.3951742275284,321.92402736973423,324.08111572265625,1804100,0.0,0.0
2021-12-03 00:00:00-05:00,324.8851542197223,327.8560357726561,323.8948503946909,327.2971496582031,1603200,0.0,0.0
2021-12-06 00:00:00-05:00,330.67003069801285,335.72935929505235,330.67003069801285,333.3271484375,1946900,0.0,0.0
2021-12-07 00:00:00-05:00,333.3663747715366,335.4351929111585,332.1897755975966,332.5525817871094,1540700,0.0,0.0
2021-12-08 00:00:00-05:00,333.08202735227235,335.69994707184924,332.40548730975786,334.42529296875,1376900,0.0,0.0
2021-12-09 00:00:00-05:00,333.3075540482812,338.3766672620243,331.6701236581291,336.8961486816406,1591500,0.0,0.0
2021-12-10 00:00:00-05:00,339.0924455139708,340.46512466933285,337.87664825095885,338.15118408203125,1180700,0.0,0.0
2021-12-13 00:00:00-05:00,337.6805182096364,340.0336866098321,334.8469196143369,338.8080749511719,1740700,0.0,0.0
2021-12-14 00:00:00-05:00,337.04322302129304,341.60249263554886,337.04322302129304,338.8963623046875,1786000,0.0,0.0
2021-12-15 00:00:00-05:00,338.65124068863287,338.89636303317525,333.3663885776614,337.7001647949219,1208900,0.0,0.0
2021-12-16 00:00:00-05:00,338.9257613805065,341.1710604122791,336.9647827117487,338.1119384765625,1185900,0.0,0.0
2021-12-17 00:00:00-05:00,338.8080923525819,340.38669580953746,336.22943042493307,337.4256286621094,2749500,0.0,0.0
2021-12-20 00:00:00-05:00,334.34686967822506,334.53316504923794,326.91477354145087,330.83673095703125,2315400,0.0,0.0
2021-12-21 00:00:00-05:00,332.1603592325119,336.68043059898565,332.0427053005707,334.121337890625,2352400,0.0,0.0
2021-12-22 00:00:00-05:00,334.5037497125951,337.63151312796765,334.3762813097491,336.44512939453125,1311400,0.0,0.0
2021-12-23 00:00:00-05:00,337.07264409117624,341.5240743368776,337.07264409117624,340.2494201660156,1061200,0.0,0.0
2021-12-27 00:00:00-05:00,340.3278518980186,343.96545892845523,340.2297969807392,343.44580078125,965900,0.0,0.0
2021-12-28 00:00:00-05:00,343.2301058511062,348.24042208231856,342.6908486674405,346.8481140136719,827500,0.0,0.0
2021-12-29 00:00:00-05:00,346.5441477038625,348.5639533095771,345.8087807137579,347.3579406738281,771700,0.0,0.0
2021-12-30 00:00:00-05:00,348.07370446799695,350.84847604490733,346.61278497363065,346.681396484375,778500,0.0,0.0
2021-12-31 00:00:00-05:00,346.2794215363813,350.0935093790778,344.7008181934208,348.4757080078125,887200,0.0,0.0
2022-01-03 00:00:00-05:00,347.7599612883276,349.63269956878344,346.14215981822355,347.4461975097656,1205700,0.0,0.0
2022-01-04 00:00:00-05:00,348.5933846913615,356.44711412403143,348.27962091148794,354.9273376464844,1361100,0.0,0.0
2022-01-05 00:00:00-05:00,355.91762963962776,356.89811897747796,350.8877145489106,351.1524658203125,1682200,0.0,0.0
2022-01-06 00:00:00-05:00,352.976176512308,354.19197376742545,350.57396556440136,351.01519775390625,1368800,0.0,0.0
2022-01-07 00:00:00-05:00,352.0741180705065,355.9078351877721,351.16227011634095,353.11346435546875,1634600,0.0,0.0
2022-01-10 00:00:00-05:00,355.91762791086865,362.251580624411,354.3586534619182,356.1627502441406,2389900,0.0,0.0
2022-01-11 00:00:00-05:00,356.9079624963618,357.9178653996618,354.22140114491157,357.0354309082031,1128000,0.0,0.0
2022-01-12 00:00:00-05:00,356.2902280802717,359.01598730155297,352.43691208051143,354.25079345703125,1477100,0.0,0.0
2022-01-13 00:00:00-05:00,354.9959623245702,360.1925437739443,353.0938106418575,358.0550842285156,1244000,0.0,0.0
2022-01-14 00:00:00-05:00,358.0551017456832,365.71272134851444,356.86871798356935,365.3499450683594,2165000,0.0,0.0
2022-01-18 00:00:00-05:00,363.22227465668783,369.99742941622014,361.66327033173775,369.1934509277344,2471600,0.0,0.0
2022-01-19 00:00:00-05:00,368.17373530947725,374.0076586634045,366.87948224105253,369.968017578125,3336700,0.0,0.0
2022-01-20 00:00:00-05:00,369.6542988839735,373.71350922757944,366.71283083822766,367.81097412109375,2109100,0.0,0.0
2022-01-21 00:00:00-05:00,366.703030431582,369.74255351317447,362.46730910196266,363.9576721191406,2795400,0.0,0.0
2022-01-24 00:00:00-05:00,362.33980273082835,367.23246460232156,358.2119512256997,366.0460510253906,3022300,0.0,0.0
2022-01-25 00:00:00-05:00,370.4778908224132,380.42985130908244,363.5458242370868,379.6160583496094,3182400,0.0,0.0
2022-01-26 00:00:00-05:00,380.42988289062407,385.9500429376395,376.2137904872472,383.6066589355469,3640500,0.0,0.0
2022-01-27 00:00:00-05:00,381.79277928919515,387.88161004449086,377.23347967179126,381.4888000488281,2566200,0.0,0.0
2022-01-28 00:00:00-05:00,381.50843054383705,385.6558815449932,377.27270916540533,385.4794006347656,2145100,0.0,0.0
2022-01-31 00:00:00-05:00,382.88107685099817,383.3615070394335,377.17462186616444,381.5378112792969,2363400,0.0,0.0
2022-02-01 00:00:00-05:00,382.60652970477145,382.8908799754141,378.67475809975764,379.45916748046875,1951100,0.0,0.0
2022-02-02 00:00:00-05:00,378.57673267575774,380.77304919067035,377.49821831677747,379.7827453613281,1620600,0.0,0.0
2022-02-03 00:00:00-05:00,380.6063472485855,384.51852008721846,378.85129286274145,382.0967102050781,1649000,0.0,0.0
2022-02-04 00:00:00-05:00,380.429879526383,385.1754445360012,377.80217516870505,381.7339172363281,1645800,0.0,0.0
2022-02-07 00:00:00-05:00,384.3518178820688,387.8619565224864,380.7239953872772,384.6851806640625,1243000,0.0,0.0
2022-02-08 00:00:00-05:00,387.9599965759718,389.09736774739923,382.9791241293908,388.31298828125,1311400,0.0,0.0
2022-02-09 00:00:00-05:00,387.78354657504127,389.8621792558623,386.0088632057273,386.84228515625,1541900,0.0,0.0
2022-02-10 00:00:00-05:00,385.37154318841914,387.9404205024478,376.4392696344905,377.9100036621094,2301100,0.0,0.0
2022-02-11 00:00:00-05:00,379.214075498729,391.0681883032936,377.83158190664165,388.4600830078125,3276400,0.0,0.0
2022-02-14 00:00:00-05:00,386.29322315380114,387.8031552802544,376.30203381101865,379.41998291015625,2799800,0.0,0.0
2022-02-15 00:00:00-05:00,374.45868497770715,379.74350692617327,370.93873186081873,374.76263427734375,2418600,0.0,0.0
2022-02-16 00:00:00-05:00,375.3803485148701,381.1260016649103,374.546926594299,379.351318359375,1776800,0.0,0.0
2022-02-17 00:00:00-05:00,378.5865237921198,384.04785637535633,378.2433465526303,381.184814453125,1248800,0.0,0.0
2022-02-18 00:00:00-05:00,381.5476561851607,383.44977807635286,378.18455483134755,378.919921875,1459900,0.0,0.0
2022-02-22 00:00:00-05:00,383.63606693468694,385.74414302839335,377.55705076376927,378.6650085449219,1680900,0.0,0.0
2022-02-23 00:00:00-05:00,381.5770376406283,382.66536641124253,376.99813940075217,381.3122863769531,1839500,0.0,0.0
2022-02-24 00:00:00-05:00,390.46029328496803,391.19566031378235,379.86120557009656,387.98944091796875,4140900,0.0,0.0
2022-02-25 00:00:00-05:00,387.5187924044622,406.36379773306015,387.508977936483,401.50054931640625,3376300,0.0,0.0
2022-02-28 00:00:00-05:00,408.5297328522109,428.3633784512596,408.2236908992752,428.2646484375,5808600,2.8,0.0
2022-03-01 00:00:00-05:00,429.449330833522,452.67908308704534,429.449330833522,450.7835693359375,5719300,0.0,0.0
2022-03-02 00:00:00-05:00,439.6870092230042,445.79802633323607,423.80232357785934,444.2579345703125,5003400,0.0,0.0
2022-03-03 00:00:00-05:00,439.045293940673,450.08262789713916,431.85818925644287,442.1057434082031,4603500,0.0,0.0
2022-03-04 00:00:00-05:00,444.30730584624735,456.7564166771839,437.41639061227926,452.303955078125,3320300,0.0,0.0
2022-03-07 00:00:00-05:00,457.10195615711706,473.86527039238416,457.0920741170934,460.2018737792969,5210100,0.0,0.0
2022-03-08 00:00:00-05:00,457.86212031953,462.02827390905037,442.63886778177255,443.2608337402344,4133700,0.0,0.0
2022-03-09 00:00:00-05:00,431.9174304732489,449.9246755335652,426.9121172482041,442.9942626953125,3477300,0.0,0.0
2022-03-10 00:00:00-05:00,444.87992439148115,451.12913975032296,436.5969671050241,438.6899108886719,3049600,0.0,0.0
2022-03-11 00:00:00-05:00,436.36002678351167,442.964663988294,433.0132691301436,433.43780517578125,2649100,0.0,0.0
2022-03-14 00:00:00-04:00,443.70509545161434,444.04075339647346,433.60562060179484,438.7787780761719,2475700,0.0,0.0
2022-03-15 00:00:00-04:00,439.0749223116906,444.67258550514475,434.6619589868713,442.9449157714844,1778700,0.0,0.0
2022-03-16 00:00:00-04:00,429.49870408317565,431.31525200198206,406.11098857046255,415.9636535644531,5815500,0.0,0.0
2022-03-17 00:00:00-04:00,421.61064850016487,426.270421803585,419.37947679513735,423.1211242675781,2947700,0.0,0.0
2022-03-18 00:00:00-04:00,429.1235693427033,431.9075628903292,416.3190669701635,420.74188232421875,5215700,0.0,0.0
2022-03-21 00:00:00-04:00,426.12236588090997,442.2143643138168,426.12236588090997,434.38555908203125,3245200,0.0,0.0
2022-03-22 00:00:00-04:00,433.8425797751973,438.17654720630287,428.6496883359626,434.968017578125,2113800,0.0,0.0
2022-03-23 00:00:00-04:00,438.33452310192655,441.78986281106336,436.70558326468205,439.5685729980469,1715100,0.0,0.0
2022-03-24 00:00:00-04:00,439.61789855631304,445.7387977528021,437.57433493910776,443.99139404296875,1375400,0.0,0.0
2022-03-25 00:00:00-04:00,444.28756076289164,451.69185984242,444.25794477170035,447.8712463378906,1646300,0.0,0.0
2022-03-28 00:00:00-04:00,443.586650127853,444.7120879751864,437.6533285403155,439.3020324707031,1676200,0.0,0.0
2022-03-29 00:00:00-04:00,427.7216699799805,432.5295232848109,423.84182455518135,431.5718994140625,2451100,0.0,0.0
2022-03-30 00:00:00-04:00,433.71423822545125,441.35546537743244,433.7043561854793,440.2596435546875,1719500,0.0,0.0
2022-03-31 00:00:00-04:00,436.3205215909831,443.14235266243566,435.3727797580096,435.7676696777344,1660700,0.0,0.0
2022-04-01 00:00:00-04:00,436.577214074022,443.26081711038825,433.22060456043505,440.28924560546875,1174200,0.0,0.0
2022-04-04 00:00:00-04:00,441.7701144743521,442.2834683682811,433.94127929087017,438.3443908691406,1166300,0.0,0.0
2022-04-05 00:00:00-04:00,439.3217648254949,449.0065860398212,437.7224409740533,441.5331726074219,2240200,0.0,0.0
2022-04-06 00:00:00-04:00,440.684161214339,451.72149631182515,440.684161214339,448.7795104980469,1941400,0.0,0.0
2022-04-07 00:00:00-04:00,447.2196575260564,461.4359055144958,445.0378658667285,459.5700378417969,2032700,0.0,0.0
2022-04-08 00:00:00-04:00,461.75185040099535,465.5724640196995,453.7453190904174,455.6309509277344,1710700,0.0,0.0
2022-04-11 00:00:00-04:00,457.8719889343499,468.3959695913086,456.2923991126066,458.32611083984375,1911200,0.0,0.0
2022-04-12 00:00:00-04:00,460.2512650963362,465.7205525886723,455.49276142697096,461.5840148925781,1502300,0.0,0.0
2022-04-13 00:00:00-04:00,464.9899963042504,468.55391790782033,460.30060674491875,463.2030944824219,1212400,0.0,0.0
2022-04-14 00:00:00-04:00,465.88836583957055,467.6851496151131,460.09327268322613,461.6925964355469,1965200,0.0,0.0
2022-04-18 00:00:00-04:00,461.0410148831298,465.9475981952569,453.2516779217628,461.47540283203125,1638900,0.0,0.0
2022-04-19 00:00:00-04:00,456.5885332033373,469.43253286014607,452.580341957624,454.0315856933594,2044000,0.0,0.0
2022-04-20 00:00:00-04:00,454.01187346965435,455.47296918632264,447.00246440973115,448.07855224609375,1636200,0.0,0.0
2022-04-21 00:00:00-04:00,449.19414717104195,450.1320371120078,433.25022907181375,433.9314270019531,1937600,0.0,0.0
2022-04-22 00:00:00-04:00,435.26421507370816,445.1464660105534,432.79611531746406,440.1016845703125,1451700,0.0,0.0
2022-04-25 00:00:00-04:00,437.34725990207147,439.1440436859287,427.7414051759142,437.2386779785156,1499800,0.0,0.0
2022-04-26 00:00:00-04:00,441.3357476527173,446.5483732887341,437.52498584841373,440.3978576660156,1440400,0.0,0.0
2022-04-27 00:00:00-04:00,440.5360823763858,446.2324458948756,433.6648708092609,439.3020324707031,1017500,0.0,0.0
2022-04-28 00:00:00-04:00,443.27071781979674,443.27071781979674,431.93719285211563,436.07373046875,1348800,0.0,0.0
2022-04-29 00:00:00-04:00,438.75903063004785,439.3316466557047,424.8883217985129,426.6061096191406,1479500,0.0,0.0
2022-05-02 00:00:00-04:00,424.1182533712401,431.9075602640816,420.7122637749481,425.31280517578125,1397100,0.0,0.0
2022-05-03 00:00:00-04:00,428.8372821361341,432.01619589008067,425.46090834652017,429.2222900390625,1332000,0.0,0.0
2022-05-04 00:00:00-04:00,431.45345596263587,440.29911710600607,429.3407782253102,440.05230712890625,1172600,0.0,0.0
2022-05-05 00:00:00-04:00,440.05227839093715,441.76021416707147,433.0132534832317,437.4953308105469,1183800,0.0,0.0
2022-05-06 00:00:00-04:00,435.89603176428795,443.8433009066051,434.29670794707994,443.6952209472656,1409800,0.0,0.0
2022-05-09 00:00:00-04:00,441.3258536803248,443.05352351467496,431.54230260299585,433.2403564453125,1354500,0.0,0.0
2022-05-10 00:00:00-04:00,434.3263037170755,440.8025947481384,431.9174360634055,433.5266418457031,978500,0.0,0.0
2022-05-11 00:00:00-04:00,431.9174420905036,439.31185905807865,431.04866618647725,434.7903137207031,1018200,0.0,0.0
2022-05-12 00:00:00-04:00,433.65500978883097,435.688721580427,422.88421882287753,429.0445861816406,1390200,0.0,0.0
2022-05-13 00:00:00-04:00,429.80473535739054,432.12475507760934,423.52590424548254,429.6171875,1114700,0.0,0.0
2022-05-16 00:00:00-04:00,429.44934723557674,434.7508205637018,426.6455895954421,431.966796875,1004700,0.0,0.0
2022-05-17 00:00:00-04:00,434.1979543894504,436.5772060344055,425.7570657548822,435.3727722167969,798100,0.0,0.0
2022-05-18 00:00:00-04:00,435.37277539369563,436.42912926770174,427.573586576676,428.7878723144531,986900,0.0,0.0
2022-05-19 00:00:00-04:00,425.3523012111099,427.4649788523343,413.9398107993973,420.18902587890625,1539800,0.0,0.0
2022-05-20 00:00:00-04:00,422.53864177312926,422.53864177312926,411.96531176651587,418.7377624511719,1632500,0.0,0.0
2022-05-23 00:00:00-04:00,421.9858187436663,430.0910497614969,421.9858187436663,427.5044860839844,1038200,0.0,0.0
2022-05-24 00:00:00-04:00,427.47489109357184,437.653332395038,427.47489109357184,437.1300964355469,1034100,0.0,0.0
2022-05-25 00:00:00-04:00,437.82115418813174,442.9054335602862,435.6689483456391,441.829345703125,1032200,0.0,0.0
2022-05-26 00:00:00-04:00,444.25795191412163,448.2661434700265,442.0563961062725,442.2735900878906,1143100,0.0,0.0
2022-05-27 00:00:00-04:00,445.3834070089089,445.70918290785545,438.78862181550187,444.810791015625,1265800,0.0,0.0
2022-05-31 00:00:00-04:00,440.08216108089545,442.06898799322454,435.5223969550889,437.211181640625,2539100,2.8,0.0
2022-06-01 00:00:00-04:00,440.1119678102924,440.92657413057583,433.6150352365784,436.4065246582031,1199000,0.0,0.0
2022-06-02 00:00:00-04:00,438.85033283577417,439.62519410963085,427.6048853708204,438.20458984375,1210000,0.0,0.0
2022-06-03 00:00:00-04:00,437.1019158467913,443.63856297629917,436.26745219089065,439.7742004394531,928000,0.0,0.0
2022-06-06 00:00:00-04:00,440.8967745972203,443.062408691078,438.65165044828944,440.4894714355469,690000,0.0,0.0
2022-06-07 00:00:00-04:00,439.0887551248867,453.6621441150434,438.4927009776921,453.2945556640625,1126000,0.0,0.0
2022-06-08 00:00:00-04:00,449.02288952548713,451.6455156445823,439.99276469934614,440.4894714355469,1151600,0.0,0.0
2022-06-09 00:00:00-04:00,440.49940918123673,440.62852746494224,429.6513208733054,429.869873046875,995100,0.0,0.0
2022-06-10 00:00:00-04:00,428.16119933889814,431.48914047828066,422.94577869729903,427.3565368652344,1165700,0.0,0.0
2022-06-13 00:00:00-04:00,421.6046618815588,425.53857065272456,418.7436262965027,421.13775634765625,1483000,0.0,0.0
2022-06-14 00:00:00-04:00,421.2172519512635,421.3662579073293,408.40219403128856,413.42889404296875,1497800,0.0,0.0
2022-06-15 00:00:00-04:00,414.80973022787055,416.24024806420465,406.17696466250186,411.3725280761719,1241700,0.0,0.0
2022-06-16 00:00:00-04:00,407.7266764451691,410.17049536871826,400.36547911672477,402.12384033203125,1580300,0.0,0.0
2022-06-17 00:00:00-04:00,400.9118641724769,402.7297974053304,392.06054689633925,401.3489685058594,3757100,0.0,0.0
2022-06-21 00:00:00-04:00,409.2863511993789,417.73036572655053,406.3160546140655,416.20050048828125,1474400,0.0,0.0
2022-06-22 00:00:00-04:00,411.33276382244685,417.650889023706,409.07772624251714,412.713623046875,1073300,0.0,0.0
2022-06-23 00:00:00-04:00,412.6341497919117,413.5282158550826,404.4980910155672,407.9154357910156,988700,0.0,0.0
2022-06-24 00:00:00-04:00,413.10103318913303,416.7170725921136,407.97501630078864,416.27996826171875,1768000,0.0,0.0
2022-06-27 00:00:00-04:00,416.2799780911671,420.4026378207375,414.72031170800193,416.48858642578125,779000,0.0,0.0
2022-06-28 00:00:00-04:00,420.21389013715174,424.7438530523115,416.587937101174,417.93896484375,953300,0.0,0.0
2022-06-29 00:00:00-04:00,420.2734986224523,421.61461286525565,413.68716249031155,416.1309814453125,733800,0.0,0.0
2022-06-30 00:00:00-04:00,415.4057848098579,427.4856963755537,414.13421676697277,427.1280517578125,1269500,0.0,0.0
2022-07-01 00:00:00-04:00,426.9094797283106,432.09509907012733,421.6841456770376,430.6645812988281,1296900,0.0,0.0
2022-07-05 00:00:00-04:00,421.99209562126794,422.9656213713021,404.5278707017302,412.5149230957031,1712800,0.0,0.0
2022-07-06 00:00:00-04:00,414.15406184107115,425.04186478018823,412.5447369003937,423.0848693847656,1044900,0.0,0.0
2022-07-07 00:00:00-04:00,421.6841660868763,425.18097063231573,416.78661457614646,419.40924072265625,1177100,0.0,0.0
2022-07-08 00:00:00-04:00,422.7371782187173,424.1577522105735,417.2038578925058,417.58135986328125,682000,0.0,0.0
2022-07-11 00:00:00-04:00,415.1474768537019,420.2138915384014,412.64408586063075,416.3097839355469,602600,0.0,0.0
2022-07-12 00:00:00-04:00,416.70713059425265,417.1243775720411,409.8823852152059,411.2632141113281,680500,0.0,0.0
2022-07-13 00:00:00-04:00,406.4153574707863,415.01832149037637,405.0444723909091,405.31268310546875,1155500,0.0,0.0
2022-07-14 00:00:00-04:00,400.5343754598958,402.70000952724365,394.9017078010372,397.67333984375,1160700,0.0,0.0
2022-07-15 00:00:00-04:00,401.05092266135125,401.05092266135125,395.18978955599266,395.75604248046875,1223200,0.0,0.0
2022-07-18 00:00:00-04:00,397.3355754948107,397.3653766853992,384.48080313371224,384.7291564941406,2759700,0.0,0.0
2022-07-19 00:00:00-04:00,376.3248893144934,387.99749731816945,371.20881612513284,387.8087463378906,3023800,0.0,0.0
2022-07-20 00:00:00-04:00,388.0868890512859,394.8619758299475,383.12976580267747,392.6168518066406,1560300,0.0,0.0
2022-07-21 00:00:00-04:00,391.7228066768076,392.94468584202133,387.0736389142482,392.5970153808594,941000,0.0,0.0
2022-07-22 00:00:00-04:00,397.31572053894797,399.3224047893596,390.8684466480293,392.1400146484375,769400,0.0,0.0
2022-07-25 00:00:00-04:00,391.77245922936396,401.0708249287865,391.0373429742831,397.16668701171875,1038300,0.0,0.0
2022-07-26 00:00:00-04:00,397.54417902268295,400.32575481579534,393.9579710934086,394.1963806152344,992400,0.0,0.0
2022-07-27 00:00:00-04:00,395.1699484504716,396.6203236123611,391.4049029512092,395.9150085449219,838600,0.0,0.0
2022-07-28 00:00:00-04:00,396.520986300602,404.0907922023316,393.5308323273329,403.40533447265625,1014600,0.0,0.0
2022-07-29 00:00:00-04:00,403.81261799191134,411.42216855142334,399.35220136454086,411.08441162109375,1493500,0.0,0.0
2022-08-01 00:00:00-04:00,415.4852435932127,425.67767558507126,413.8958062806929,416.5184020996094,1721900,0.0,0.0
2022-08-02 00:00:00-04:00,422.21065281880203,429.98906665912966,416.33957579236505,425.955810546875,2453900,0.0,0.0
2022-08-03 00:00:00-04:00,424.45575350269314,428.91620050462853,416.87603435162924,426.4723815917969,1330500,0.0,0.0
2022-08-04 00:00:00-04:00,427.87311307757057,431.7871646286908,424.07829661041666,425.31011962890625,1126400,0.0,0.0
2022-08-05 00:00:00-04:00,422.4590210050669,425.0220144126207,416.76675092077994,423.6014404296875,932500,0.0,0.0
2022-08-08 00:00:00-04:00,424.6842462663377,426.5419245514009,418.90257276048885,421.0682067871094,814800,0.0,0.0
2022-08-09 00:00:00-04:00,424.137888159388,429.03540923296316,422.8961213364791,425.7273254394531,747400,0.0,0.0
2022-08-10 00:00:00-04:00,427.2373269668314,429.4029609979112,423.5318839082217,427.1578369140625,1409300,0.0,0.0
2022-08-11 00:00:00-04:00,426.4127755846772,429.64136926695153,424.38623399358164,426.0253601074219,949300,0.0,0.0
2022-08-12 00:00:00-04:00,426.075028042666,431.42954115799535,424.37629951027304,431.3798522949219,978000,0.0,0.0
2022-08-15 00:00:00-04:00,429.83011990556156,437.0721123711673,427.0286867290297,435.1250305175781,884900,0.0,0.0
2022-08-16 00:00:00-04:00,434.04221440711586,442.068981678984,434.04221440711586,437.2608642578125,851100,0.0,0.0
2022-08-17 00:00:00-04:00,433.2573982359133,442.55573326341016,432.13483622449473,438.6814270019531,996500,0.0,0.0
2022-08-18 00:00:00-04:00,438.9993432934537,441.65174023955126,433.9925309943915,436.4562072753906,866500,0.0,0.0
2022-08-19 00:00:00-04:00,435.5919351650689,438.0158663788746,433.16800395126313,437.1317138671875,1013600,0.0,0.0
2022-08-22 00:00:00-04:00,435.62174001337763,438.7311289507702,428.99565898764405,429.482421875,1086700,0.0,0.0
2022-08-23 00:00:00-04:00,430.078491444753,431.8666539021244,427.4658091366935,430.2672424316406,915200,0.0,0.0
2022-08-24 00:00:00-04:00,431.1314870687422,432.58189251215896,428.1015882178171,430.85333251953125,740200,0.0,0.0
2022-08-25 00:00:00-04:00,430.8533337196791,435.9495495074284,429.5817657316626,435.7508850097656,727600,0.0,0.0
2022-08-26 00:00:00-04:00,437.49927597762934,439.8636048320444,428.1015932580332,428.29034423828125,876200,0.0,0.0
2022-08-29 00:00:00-04:00,424.84319977763715,431.04209000597757,423.67097918230377,426.8498840332031,868100,0.0,0.0
2022-08-30 00:00:00-04:00,426.6114641535492,427.5353313638966,421.217236525502,422.3099670410156,976100,0.0,0.0
2022-08-31 00:00:00-04:00,422.3599853515625,424.739990234375,420.0199890136719,420.1099853515625,909300,2.8,0.0
2022-09-01 00:00:00-04:00,418.239990234375,423.5799865722656,417.79998779296875,422.6099853515625,948800,0.0,0.0
2022-09-02 00:00:00-04:00,424.989990234375,425.69000244140625,417.54998779296875,418.57000732421875,869800,0.0,0.0
2022-09-06 00:00:00-04:00,419.010009765625,423.2699890136719,415.7799987792969,417.7799987792969,962500,0.0,0.0
2022-09-07 00:00:00-04:00,415.3500061035156,420.8999938964844,412.260009765625,420.1400146484375,1255700,0.0,0.0
2022-09-08 00:00:00-04:00,419.57000732421875,421.07000732421875,414.7699890136719,419.6499938964844,1112600,0.0,0.0
2022-09-09 00:00:00-04:00,420.69000244140625,423.6199951171875,419.0199890136719,421.5299987792969,1284600,0.0,0.0
2022-09-12 00:00:00-04:00,421.0,421.489990234375,417.5,418.6400146484375,1349700,0.0,0.0
2022-09-13 00:00:00-04:00,417.32000732421875,420.79998779296875,407.3599853515625,409.3299865722656,1621200,0.0,0.0
2022-09-14 00:00:00-04:00,410.19000244140625,418.3999938964844,408.29998779296875,416.6300048828125,1004100,0.0,0.0
2022-09-15 00:00:00-04:00,414.8299865722656,414.8299865722656,410.7300109863281,413.5899963378906,1189200,0.0,0.0
2022-09-16 00:00:00-04:00,411.25,415.7699890136719,410.010009765625,414.2900085449219,2023300,0.0,0.0
2022-09-19 00:00:00-04:00,414.0,417.6400146484375,412.7300109863281,416.5199890136719,695500,0.0,0.0
2022-09-20 00:00:00-04:00,416.0,421.4100036621094,412.3399963378906,420.5799865722656,1112100,0.0,0.0
2022-09-21 00:00:00-04:00,427.989990234375,433.7900085449219,420.0299987792969,420.20001220703125,2106400,0.0,0.0
2022-09-22 00:00:00-04:00,419.8299865722656,424.7200012207031,413.0,422.0799865722656,1409900,0.0,0.0
2022-09-23 00:00:00-04:00,419.7799987792969,420.010009765625,407.5799865722656,413.07000732421875,1874300,0.0,0.0
2022-09-26 00:00:00-04:00,411.69000244140625,412.2099914550781,406.510009765625,407.6499938964844,1208300,0.0,0.0
2022-09-27 00:00:00-04:00,409.20001220703125,410.32000732421875,398.3699951171875,399.739990234375,1051900,0.0,0.0
2022-09-28 00:00:00-04:00,397.20001220703125,402.0899963378906,391.1000061035156,400.0,1161500,0.0,0.0
2022-09-29 00:00:00-04:00,398.9800109863281,399.4100036621094,385.8900146484375,389.7900085449219,1127700,0.0,0.0
2022-09-30 00:00:00-04:00,381.6300048828125,389.8999938964844,381.54998779296875,386.2900085449219,1343200,0.0,0.0
2022-10-03 00:00:00-04:00,389.739990234375,402.8299865722656,389.0799865722656,399.739990234375,1273800,0.0,0.0
2022-10-04 00:00:00-04:00,403.1099853515625,407.8399963378906,399.8299865722656,406.1099853515625,1060000,0.0,0.0
2022-10-05 00:00:00-04:00,406.1099853515625,407.6600036621094,400.7799987792969,402.510009765625,828400,0.0,0.0
2022-10-06 00:00:00-04:00,401.6199951171875,403.6000061035156,398.0799865722656,399.6099853515625,746700,0.0,0.0
2022-10-07 00:00:00-04:00,398.55999755859375,404.6700134277344,396.010009765625,403.9599914550781,1124000,0.0,0.0
2022-10-10 00:00:00-04:00,407.5899963378906,418.6300048828125,406.1499938964844,409.989990234375,1112500,0.0,0.0
2022-10-11 00:00:00-04:00,405.6600036621094,416.1600036621094,405.6600036621094,411.05999755859375,1013600,0.0,0.0
2022-10-12 00:00:00-04:00,406.92999267578125,408.8999938964844,397.1400146484375,397.4200134277344,921700,0.0,0.0
2022-10-13 00:00:00-04:00,393.0,407.04998779296875,391.2200012207031,405.9599914550781,1012700,0.0,0.0
2022-10-14 00:00:00-04:00,404.3299865722656,405.3800048828125,388.1000061035156,389.4100036621094,1369100,0.0,0.0
2022-10-17 00:00:00-04:00,393.0,400.6099853515625,392.1499938964844,397.30999755859375,1617200,0.0,0.0
2022-10-18 00:00:00-04:00,403.1499938964844,435.510009765625,401.5400085449219,431.8399963378906,4588500,0.0,0.0
2022-10-19 00:00:00-04:00,433.9700012207031,447.57000732421875,430.3500061035156,439.9599914550781,2623700,0.0,0.0
2022-10-20 00:00:00-04:00,439.6199951171875,445.30999755859375,437.95001220703125,444.3399963378906,1781300,0.0,0.0
2022-10-21 00:00:00-04:00,443.7200012207031,454.69000244140625,440.1499938964844,454.6099853515625,1619900,0.0,0.0
2022-10-24 00:00:00-04:00,459.0799865722656,466.17999267578125,455.55999755859375,457.4599914550781,2013600,0.0,0.0
2022-10-25 00:00:00-04:00,454.04998779296875,463.5400085449219,452.19000244140625,460.1499938964844,1537000,0.0,0.0
2022-10-26 00:00:00-04:00,462.1700134277344,470.6400146484375,460.4599914550781,462.55999755859375,1554600,0.0,0.0
2022-10-27 00:00:00-04:00,464.5799865722656,474.17999267578125,464.3999938964844,471.92999267578125,1513700,0.0,0.0
2022-10-28 00:00:00-04:00,474.0,491.1400146484375,472.29998779296875,484.8699951171875,2045300,0.0,0.0
2022-10-31 00:00:00-04:00,480.45001220703125,488.2300109863281,479.42999267578125,486.67999267578125,1288200,0.0,0.0
2022-11-01 00:00:00-04:00,486.0299987792969,491.1600036621094,483.8699951171875,485.6300048828125,1229700,0.0,0.0
